Thana,District,Accident_Severity,Month,Year,Time,Junction_Type,Traffic_Control,Movement,Divider,Weather,Light,Road_Geometry,Surface_Condition,Surface_Type,Surface_Quality,Road_Class,Road_Feature,Location_Type,Vehicle_Type,Vehicle_Movement,Vehicle_Loading,Vehicle_Defect,Vehicle_Driver_Age,Vehicle_Alcohol,Vehicle_Seat_Belt
2,42,G,2,2002,3,1,1,2,1,1,1,1,1,1,1,5,1,1,9,6,?,?, ?,?,2
18,42,G,1,2002,1,2,4,2,1,1,2,1,1,1,1,5,1,1,14,6,?,?, ?,?,2
18,42,F,4,2002,2,1,1,2,2,1,1,1,1,1,1,5,1,1,5,6,?,?, ?,2,2
18,42,F,4,2002,1,1,2,2,1,1,3,1,1,1,1,5,1,1,14,6,?,?, ?,2,2
1,42,G,1,2002,4,1,4,2,1,1,3,1,1,1,1,5,1,1,5,6,?,?, ?,2,2
1,42,M,2,2002,2,2,5,2,1,1,2,1,1,1,1,5,1,1,9,5,?,?, ?,2,2
19,42,F,4,2002,4,1,1,2,1,1,4,1,1,1,1,5,1,1,14,6,?,?, ?,1,?
4,42,S,5,2002,2,1,1,2,1,1,2,1,1,1,1,5,1,1,5,6,1,1, ?,2,2
4,42,G,5,2002,4,1,1,1,1,1,3,1,1,1,1,5,1,1,9,6,?,?,35,?,2
9,42,M,5,2002,3,7,4,2,1,1,1,1,1,1,1,5,1,1, ?, ?,?,?, ?,1,2
16,42,M,5,2002,2,1,1,1,1,1,1,1,1,1,1,5,1,1,8,6,?,?, ?,1,2
16,42,G,5,2002,4,1,?,2,1,1,3,1,1,1,1,5,1,1,14,6,1,1, ?,1,2
16,42,M,5,2002,4,1,1,2,1,1,1,1,1,1,1,5,1,1,8,6,?,?, ?,1,2
16,42,M,5,2002,4,?,?,2,1,1,3,1,1,1,1,5,1,1,12,6,1,1, ?,2,2
10,42,G,6,2002,1,2,6,2,1,1,3,1,1,1,1,5,1,1,9,6,1,1, ?,2,2
12,42,G,1,2002,2,1,2,2,1,1,1,1,1,1,1,5,1,1,8,6,?,?, ?,2,2
12,42,F,2,2002,3,1,1,2,1,1,1,1,1,1,1,5,1,1,8,6,?,?, ?,?,2
12,42,M,2,2002,3,1,1,2,1,1,1,1,1,1,1,5,1,1,19,6,1,1, ?,2,2
14,42,F,1,2002,3,3,1,2,1,1,1,1,1,1,1,5,1,1,19,6,?,?, ?,2,2
14,42,G,2,2002,1,1,1,2,1,1,3,1,1,1,1,5,1,1,10,6,?,?, ?,2,2
14,42,G,2,2002,4,3,1,2,1,1,3,1,1,1,1,5,1,1,14,6,1,1,25,2,2
14,42,F,3,2002,2,1,1,2,1,1,1,1,1,1,1,5,1,1,8,6,1,1, ?,?,2
8,42,G,4,2002,3,1,4,2,1,1,1,1,1,1,1,5,1,1,8,6,?,?, ?,2,2
8,42,F,5,2002,2,1,1,2,1,1,1,1,1,1,1,5,1,1,9,6,?,?, ?,2,2
8,42,G,5,2002,3,1,1,2,1,1,1,1,1,1,1,5,1,1,10,6,?,?, ?,2,2
8,42,G,6,2002,4,3,1,2,1,1,3,1,1,1,1,5,1,1,10,6,?,1, ?,2,2
11,42,M,7,2002,?,2,6,2,1,1,1,1,1,1,1,5,1,1,10,5,1,1, ?,1,2
11,42,G,7,2002,2,4,2,2,1,2,1,1,1,1,1,5,1,1,8,6,1,1, ?,1,2
11,42,G,7,2002,4,1,1,1,2,1,3,1,1,1,1,5,1,1,8,6,?,?, ?,2,2
11,42,S,8,2002,1,1,1,1,1,1,2,1,1,1,1,5,1,1,8,2,1,1,35,2,2
11,42,G,10,2002,2,7,8,1,1,1,1,1,1,1,1,5,1,1,8,5,1,1, ?,2,2
11,42,F,10,2002,4,1,1,2,2,1,3,1,1,1,1,5,1,1,14,6,1,1,35,2,2
5,42,G,9,2002,3,3,4,2,1,1,1,1,1,1,1,5,1,1,14,6,1,1, ?,2,2
7,42,G,4,2002,2,7,8,2,2,1,1,1,1,1,1,5,1,1,14,6,?,?, ?,?,?
7,42,G,5,2002,2,1,1,2,2,2,1,1,2,1,1,5,1,1,7,5,?,?,30,2,2
8,42,M,7,2002,4,3,1,2,2,1,3,1,1,1,1,5,1,1,8,6,1,1, ?,2,2
8,42,G,8,2002,3,2,4,2,1,1,1,1,1,1,1,5,1,1,9,6,1,1, ?,2,2
8,42,G,8,2002,1,3,4,2,1,1,3,1,1,1,1,5,1,1,10,6,1,1, ?,2,2
8,42,G,10,2002,2,3,4,2,1,1,1,1,1,1,1,5,1,1,8,6,1,1, ?,1,2
8,42,M,11,2002,4,4,6,2,1,1,3,1,1,1,1,5,1,1,19,6,?,?, ?,2,2
1,42,M,4,2002,2,5,6,2,1,1,1,1,1,1,1,5,1,1,8,6,1,1, ?,2,2
1,42,G,7,2002,2,1,1,2,1,1,1,1,1,1,1,5,1,1,5,6,1,1, ?,2,2
1,42,G,7,2002,3,3,4,2,1,1,1,1,1,1,1,5,1,1,8,6,1,?, ?,2,2
1,42,G,8,2002,3,3,6,2,1,1,3,1,1,1,1,5,1,1,8,6,1,1,35,2,2
1,42,G,9,2002,2,1,1,2,1,1,1,1,1,1,1,5,1,1,10,6,1,1, ?,2,2
1,42,F,10,2002,3,2,6,2,1,1,1,1,1,1,1,5,1,1,9,6,1,1, ?,2,2
1,42,M,10,2002,1,6,?,2,1,1,3,1,1,1,1,5,1,1,9,6,1,1, ?,2,2
18,42,M,8,2002,2,1,1,1,1,1,1,1,1,1,1,5,1,1,11,6,1,1, ?,?,2
18,42,F,8,2002,4,1,1,1,1,1,3,1,1,1,1,5,1,1,13,6,1,1, ?,2,2
3,42,G,7,2002,3,1,1,2,1,1,1,1,1,1,1,5,1,1,7,6,1,1,30,2,2
4,42,F,6,2002,1,1,1,2,2,1,3,1,1,1,1,5,1,1,14,6,?,?, ?,2,2
4,42,F,10,2002,3,1,1,2,1,1,1,1,1,1,1,5,1,1,9,6,?,?, ?,2,2
4,42,F,10,2002,3,1,1,2,2,1,1,1,1,1,1,5,1,1,9,6,?,?, ?,2,2
21,42,G,1,2002,3,1,1,2,1,1,1,1,1,1,1,5,1,1,10,6,1,1, ?,2,2
21,42,G,2,2002,3,1,4,2,1,1,1,1,1,1,1,5,1,1,10,6,1,1, ?,2,2
21,42,F,2,2002,2,1,1,2,2,1,1,1,1,1,1,5,1,1,9,6,1,1, ?,2,2
21,42,F,3,2002,3,1,1,2,1,1,1,1,1,1,1,5,1,1,14,6,1,1, ?,2,2
6,42,F,1,2002,4,3,1,2,2,1,1,1,1,1,1,5,1,1,8,6,1,1, ?,2,2
6,42,G,1,2002,1,5,1,2,1,1,3,1,1,1,1,5,1,1,9,6,?,?, ?,1,2
6,42,F,1,2002,4,7,1,2,1,1,2,1,1,1,1,5,1,1,14,6,?,?, ?,?,2
6,42,G,3,2002,3,2,6,2,1,1,1,1,1,1,1,5,1,1,9,6,1,1, ?,1,2
6,42,F,6,2002,1,7,2,1,1,1,1,1,1,1,1,5,1,1,7,6,?,?, ?,2,2
6,42,F,7,2002,1,1,1,2,1,1,1,1,1,1,1,5,1,1,8,6,1,1, ?,1,2
6,42,F,10,2002,3,1,1,1,1,1,1,1,1,1,1,5,1,1,8,6,1,1, ?,2,2
11,42,G,12,2002,3,7,1,1,1,1,1,1,1,1,1,5,1,1,8,6,?,?,25,2,2
11,42,G,12,2002,3,1,1,1,1,1,1,1,1,1,1,5,1,1,10,6,1,1, ?,2,2
15,42,G,5,2002,2,1,1,2,1,1,1,1,1,1,1,5,1,1,9,6,?,?, ?,2,2
2,42,M,3,2002,3,1,1,2,2,1,1,1,1,1,1,5,1,1,9,5,1,1, ?,2,2
2,42,M,3,2002,2,1,1,1,2,1,1,1,1,1,1,5,1,1,9,6,1,1, ?,2,2
2,42,S,3,2002,2,5,6,2,1,1,1,1,1,1,1,5,1,1,9,6,2,7, ?,2,2
2,42,M,3,2002,3,5,4,2,2,1,1,1,1,1,1,5,1,1,12,6,1,1, ?,2,2
2,42,M,3,2002,3,7,1,1,2,1,1,1,1,1,1,5,1,1,9,6,1,1, ?,2,2
2,42,M,4,2002,3,5,6,2,1,1,1,1,1,1,1,5,1,1,9,5,1,1, ?,2,2
2,42,F,5,2002,3,5,8,1,2,1,1,2,1,1,1,5,1,1,9,6,1,1, ?,2,2
2,42,G,7,2002,2,2,1,2,1,1,1,1,1,1,1,5,1,1,8,6,?,?, ?,?,2
2,42,G,9,2002,2,3,4,2,1,1,1,1,1,1,1,5,1,1,8,6,?,?, ?,2,2
2,42,G,10,2002,2,3,6,2,1,1,1,1,1,1,1,5,1,1,8,6,1,1, ?,2,2
9,42,G,7,2002,3,1,1,2,1,1,1,1,1,1,1,5,1,1,8,6,?,?,36,2,2
9,42,G,9,2002,4,3,6,2,2,1,3,1,1,1,1,5,1,1,14,6,1,1, ?,2,2
9,42,F,9,2002,4,7,6,2,1,1,3,1,1,1,1,5,1,1,8,6,?,?, ?,2,2
9,42,G,10,2002,3,3,6,2,1,1,1,1,1,1,1,5,1,1,19,6,?,?, ?,2,2
9,42,G,10,2002,2,1,1,2,1,1,1,1,1,1,1,5,1,1,9,6,?,?, ?,2,2
9,42,G,11,2002,3,3,6,2,1,1,1,1,1,1,1,5,1,1,9,6,2,1, ?,2,2
9,42,G,12,2002,2,3,6,2,1,1,1,1,1,1,1,5,1,1,13,6,?,?, ?,2,2
9,42,F,12,2002,4,3,6,2,1,1,2,1,1,1,1,5,1,1,8,6,2,1, ?,2,2
9,42,G,12,2002,1,1,1,2,1,1,2,1,1,1,1,5,1,1,8,6,1,1, ?,2,2
21,42,M,11,2002,3,1,1,2,2,1,1,1,1,1,1,5,1,1,14,6,1,1, ?,2,2
4,42,M,11,2002,3,1,2,1,1,1,1,1,1,1,1,5,1,1,8,5,?,?, ?,2,2
3,42,G,12,2002,1,2,1,2,2,1,1,1,1,1,1,5,1,1,14,6,?,?, ?,2,2
15,42,F,12,2002,2,3,1,2,2,1,1,1,1,1,1,5,1,1,8,6,1,1, ?,2,2
7,42,F,12,2002,2,1,1,1,2,1,2,1,1,1,1,5,1,1,14,6,?,?, ?,?,2
1,42,G,11,2002,2,1,1,2,1,1,1,1,1,1,1,5,1,1,12,6,1,1, ?,2,2
1,42,M,11,2002,4,5,6,2,1,1,3,1,1,1,1,5,1,1,10,6,1,1, ?,2,2
1,42,G,12,2002,4,1,1,2,1,1,2,1,1,1,1,5,1,1,9,6,1,1, ?,2,2
9,42,G,9,2002,4,1,1,2,1,1,3,1,1,1,1,5,1,1,10,6,1,1, ?,2,2
9,42,G,9,2002,2,1,1,2,1,1,1,1,1,1,1,5,1,1,10,6,?,?, ?,2,2
9,42,F,10,2002,2,1,1,2,1,1,1,1,1,1,1,5,1,1,9,6,?,?, ?,2,2
9,42,M,10,2002,2,1,1,2,1,1,1,1,1,1,1,5,1,1,8,6,?,?, ?,2,2
9,42,G,10,2002,2,3,4,2,1,1,1,1,1,1,1,5,1,1,8,6,1,1, ?,2,2
9,42,G,2,2002,1,1,1,2,1,1,2,1,1,1,1,5,1,1,9,6,1,1, ?,2,2
9,42,F,2,2002,1,3,6,2,1,1,3,1,1,1,1,5,1,1,14,6,1,1, ?,2,2
9,42,F,3,2002,4,5,6,2,1,1,3,1,1,1,1,5,1,1,8,6,1,1, ?,2,2
9,42,F,3,2002,2,3,4,2,1,1,1,1,1,1,1,5,1,1,10,6,?,?, ?,2,2
9,42,F,4,2002,1,1,1,2,1,1,3,1,1,1,1,5,1,1,14,6,1,1, ?,2,2
9,42,F,12,2002,2,1,1,2,1,1,1,1,1,1,1,5,1,1,8,6,1,1,25,2,2
9,42,G,12,2002,3,1,1,2,1,1,1,1,1,1,1,5,1,1,8,6,1,1, ?,2,2
9,42,G,12,2002,4,1,1,2,1,1,3,1,1,1,1,5,1,1,8,6,1,1, ?,2,2
16,42,M,7,2002,1,1,1,2,1,1,3,1,1,1,1,5,1,1,12,6,?,1, ?,2,2
16,42,G,7,2002,1,1,1,2,1,1,2,1,1,1,1,5,1,1,10,6,?,?, ?,2,2
16,42,F,9,2002,1,1,1,2,1,1,3,1,1,1,1,5,1,1,14,6,?,?, ?,?,2
16,42,G,9,2002,2,3,6,2,1,1,1,1,1,1,1,5,1,1,10,6,1,1, ?,2,2
16,42,F,10,2002,4,1,1,2,1,1,3,1,1,1,1,5,1,1,14,6,?,?, ?,2,2
16,42,M,10,2002,2,1,1,2,1,1,1,1,1,1,1,5,1,1,9,6,1,1, ?,2,2
16,42,F,10,2002,1,1,1,2,1,1,3,1,1,1,1,5,2,1,14,6,1,1, ?,2,2
22,42,F,12,2002,4,1,1,2,1,1,3,1,1,1,1,5,1,1,14,6,1,1, ?,2,2
22,42,G,12,2002,2,1,1,2,1,1,2,1,1,1,1,5,1,1,14,5,1,1, ?,2,2
12,42,M,9,2002,2,1,1,2,2,1,1,1,1,1,1,5,1,1,10,6,1,1, ?,2,2
12,42,F,10,2002,2,5,6,2,1,1,1,1,1,1,1,5,1,1,10,6,1,1, ?,2,2
12,42,G,10,2002,2,3,6,2,1,1,1,1,1,1,1,5,1,1,8,6,1,1, ?,2,2
17,42,F,2,2002,2,1,1,2,1,1,1,1,1,1,1,5,1,1,12,5,1,1, ?,2,2
17,42,F,4,2002,4,1,1,2,1,1,3,1,1,1,1,5,1,1,14,6,1,1, ?,2,2
17,42,G,8,2002,2,3,4,2,1,1,1,1,1,1,1,5,1,1,8,6,1,1, ?,2,2
17,42,G,9,2002,2,1,4,2,1,1,1,1,1,1,1,5,1,1,12,6,1,1, ?,2,2
17,42,F,10,2002,3,1,1,2,1,1,1,1,1,1,1,5,1,1,8,6,1,1, ?,2,2
17,42,G,11,2002,2,1,1,2,1,1,2,1,1,1,1,5,1,1,8,6,1,1, ?,2,2
14,42,G,4,2002,3,3,4,2,1,1,1,1,1,1,1,5,1,1,15,6,?,?, ?,2,2
14,42,G,4,2002,4,1,4,2,1,1,1,1,1,1,1,5,1,1,7,6,1,1, ?,2,2
14,42,F,4,2002,3,3,4,2,1,1,1,1,1,1,1,5,1,1,14,3,1,1, ?,2,2
14,42,F,4,2002,2,3,4,2,1,1,1,1,1,1,1,5,1,1,9,6,1,1, ?,2,2
14,42,G,5,2002,3,1,1,2,1,1,1,1,1,1,1,5,1,1,10,6,1,1, ?,2,2
14,42,G,9,2002,4,6,1,2,2,1,3,1,1,1,1,5,1,1,14,6,1,1, ?,2,2
14,42,F,10,2002,4,1,4,2,1,1,3,1,1,1,1,5,1,1,8,6,?,?, ?,2,2
14,42,F,10,2002,4,3,4,2,1,1,3,1,1,1,1,5,1,1,9,6,?,?,55,2,2
14,42,F,12,2002,2,1,1,2,2,1,2,1,1,1,1,2,1,2,8,6,?,?, ?,2,2
1,64,S,1,2002,3,1,1,2,2,1,1,1,1,1,1,5,1,1,5,6,1,1, ?,2,2
1,61,G,1,2002,2,1,1,2,2,1,1,1,1,1,1,2,1,2,9,1,1,1,30,1,2
1,57,F,1,2002,2,1,1,2,2,4,2,1,1,1,1,2,1,2,6,6,1,1,22,2,2
1,61,G,3,2002,3,1,1,2,2,1,1,1,1,1,1,1,1,2,9,1,1,1,40,1,2
1,63,G,3,2002,4,1,1,2,2,1,1,1,1,1,1,4,1,2,11,6,1,1, ?,2,2
5,65,F,3,2002,3,1,1,2,2,1,1,1,1,1,1,2,1,2,11,6,1,1,25,2,2
7,65,M,3,2002,2,1,2,2,2,1,1,1,1,1,1,1,1,2,14,6,1,1,35,2,2
1,57,G,3,2002,3,1,1,2,2,1,1,1,1,1,1,2,1,2,6,6,2,1, ?,2,2
6,57,G,3,2002,2,1,1,2,2,1,1,1,1,1,1,2,1,2,12,6,1,1,35,2,2
1,61,F,4,2002,3,1,1,2,2,1,1,1,1,1,1,1,1,2,14,1,1,1,35,1,2
1,61,F,4,2002,3,1,1,2,2,1,1,1,1,1,1,1,1,2,7,1,1,1,40,1,2
4,63,S,2,2002,2,1,1,2,2,4,2,2,1,1,1,1,1,2,8,6,1,1,39,2,2
6,63,F,1,2002,4,1,1,2,2,1,4,1,1,1,1,2,1,2,9,6,1,1,34,2,2
6,63,F,4,2002,4,1,1,2,2,1,2,1,1,1,1,2,1,2,7,6,1,1, ?,2,2
11,64,F,3,2002,2,1,1,2,2,1,1,1,1,1,1,5,1,1,12,6,1,1,42,2,2
5,65,F,4,2002,3,1,1,2,2,1,1,1,1,1,1,1,1,2,9,6,1,1,40,2,2
1,58,F,1,2002,3,1,1,2,2,1,1,1,1,1,1,2,1,2,14,6,1,1,45,2,2
1,58,G,1,2002,4,1,1,2,2,1,2,1,1,1,1,2,1,1,7,6,1,1,30,2,2
1,58,F,2,2002,4,1,1,2,2,1,4,1,1,1,1,2,1,2,9,6,1,1,40,2,2
1,58,F,3,2002,4,1,1,2,2,1,4,1,1,1,1,1,1,2,4,6,1,1,23,2,2
1,58,F,4,2002,2,1,1,2,2,1,1,1,1,1,1,2,1,2,17,6,1,1,45,2,2
1,58,F,5,2002,2,1,1,2,2,2,1,1,2,1,1,2,1,2,9,6,1,1, ?,2,2
3,58,M,4,2002,2,1,1,2,2,1,1,1,1,1,1,2,1,2,9,6,1,1, ?,2,2
5,58,F,1,2002,2,1,1,2,2,1,1,1,1,1,1,1,1,2,14,6,1,1, ?,1,2
6,58,F,5,2002,1,1,2,2,1,1,4,1,1,1,1,1,1,1,14,6,1,1,30,2,2
7,58,G,1,2002,3,1,1,2,2,1,2,1,1,1,1,1,1,2,9,6,1,1,45,2,2
7,58,M,5,2002,2,1,1,2,2,1,1,2,1,1,1,1,1,2,11,2,1,1, ?,2,2
8,58,S,1,2002,3,1,1,2,2,1,1,1,1,1,1,2,1,2,15,6,1,1, ?,2,2
8,58,F,5,2002,4,1,1,2,2,1,4,1,1,1,1,2,1,2,7,6,1,1, ?,1,2
10,58,F,4,2002,3,1,1,2,2,1,1,1,1,1,1,2,1,2,9,6,1,1,40,2,2
12,58,G,4,2002,3,1,1,2,2,1,1,1,1,1,1,2,1,2,4,6,1,1,40,2,2
7,59,G,5,2002,3,1,1,2,2,1,1,1,1,1,1,2,1,2,10,6,1,1, ?,2,2
14,63,S,2,2002,3,1,1,2,2,1,1,1,1,1,1,1,1,2,13,6,1,1, ?,2,2
1,61,G,8,2002,2,1,1,2,2,1,1,1,1,1,1,1,1,2,9,1,1,1,35,1,2
4,62,S,3,2002,3,1,8,2,2,1,1,1,1,1,1,2,1,2,4,6,1,1,35,2,1
4,62,F,8,2002,3,1,1,2,2,1,1,1,1,1,1,2,1,2,14,5,1,1, ?,1,2
4,62,F,10,2002,3,1,8,2,2,1,1,1,1,1,1,2,1,2,12,5,1,1,28,2,2
1,61,F,10,2002,3,1,1,2,2,1,1,1,1,1,1,1,1,2,9,6,1,1, ?,2,2
1,62,G,10,2002,2,1,8,2,2,1,1,1,1,1,1,4,1,2,14,5,1,1,40,1,2
11,63,F,8,2002,4,1,1,2,2,1,3,1,1,1,1,2,1,2, ?, ?,?,?, ?,?,?
1,65,F,10,2002,3,1,1,2,2,1,1,3,1,1,1,1,1,2,9,6,1,1,35,1,2
7,65,F,10,2002,3,1,1,2,2,1,1,1,1,1,1,1,1,2,11,6,1,1, ?,1,2
5,64,F,6,2002,4,1,1,2,2,1,3,1,1,1,1,5,1,1,12,6,1,1,41,2,2
6,64,G,1,2002,4,2,6,2,2,1,3,1,1,1,1,5,1,1,14,6,1,1,42,2,2
6,64,G,2,2002,4,1,6,2,2,1,3,1,1,1,1,5,1,1,9,6,1,1, ?,2,2
6,64,G,3,2002,4,1,1,2,2,1,3,1,1,1,1,5,1,1,7,6,1,1, ?,2,2
6,64,S,6,2002,3,1,8,2,2,1,1,1,1,1,1,5,1,1,7,5,1,1,28,2,2
6,64,F,10,2002,4,1,1,2,2,1,2,1,1,1,1,5,1,1,14,6,1,1,42,2,2
7,64,F,9,2002,4,1,1,2,2,2,3,1,2,1,1,5,1,1,6,6,1,1, ?,2,2
11,64,F,7,2002,1,3,1,2,2,1,1,1,1,1,1,5,1,1,10,6,1,1, ?,2,2
2,64,F,2,2002,3,1,1,2,2,1,1,1,1,1,1,5,1,1,14,6,1,1,35,1,2
2,64,G,5,2002,3,1,1,2,2,1,1,1,1,1,1,5,1,1,8,6,1,1, ?,2,2
2,64,S,6,2002,1,1,1,2,2,1,3,1,1,1,1,5,1,1,8,6,1,1, ?,2,2
2,64,G,8,2002,1,1,1,2,2,1,3,1,1,1,1,5,1,1,10,6,1,1, ?,1,2
2,64,G,10,2002,4,2,4,2,2,1,3,1,1,1,1,5,1,1,14,6,1,1, ?,2,2
4,64,F,7,2002,2,3,6,2,2,1,1,1,1,1,1,5,1,1,14,2,1,1,35,1,2
4,64,F,9,2002,1,2,6,2,1,1,3,1,1,1,1,5,1,1,14,6,1,1,30,2,2
4,64,G,12,2002,4,3,1,2,2,1,1,1,1,1,1,5,1,1,9,6,1,1,35,1,2
8,64,F,1,2002,4,2,1,2,2,1,2,1,1,1,1,5,1,1,9,6,1,1, ?,2,2
9,64,G,7,2002,3,1,1,2,2,1,1,1,1,1,1,5,1,1,14,6,1,1, ?,2,2
9,64,F,12,2002,2,1,1,2,2,1,1,1,1,1,1,5,1,1,9,6,1,1,30,2,2
4,44,G,3,2002,3,1,1,1,1,1,1,1,1,1,2,1,1,?,14,6,1,1, ?,2,2
11,47,F,8,2002,2,1,1,2,2,1,4,1,1,1,1,3,1,2,14,6,1,1, ?,2,2
7,51,G,7,2002,4,1,1,2,2,1,4,1,1,1,1,3,1,2,6,6,1,1, ?,2,2
12,51,F,7,2002,4,1,1,2,2,1,4,1,1,1,1,3,1,2,6,6,1,1, ?,2,2
5,41,F,1,2002,3,1,1,2,2,1,1,1,1,1,1,1,1,2,14,6,1,1, ?,2,2
5,41,F,1,2002,3,1,1,2,2,1,1,1,1,1,1,1,1,2,8,6,1,1, ?,2,2
5,41,F,6,2002,3,1,1,2,2,1,1,1,1,1,1,1,1,2,9,6,1,1, ?,2,2
5,41,F,9,2002,4,1,1,2,2,1,3,1,1,1,1,2,1,2,19,6,1,1, ?,2,2
1,47,G,8,2002,3,1,1,2,2,1,1,1,1,1,1,1,1,2,8,6,1,1, ?,2,2
2,47,F,10,2002,3,1,1,2,2,1,1,1,1,1,1,1,1,2,9,6,1,1,37,2,2
2,47,F,12,2002,3,1,1,2,2,1,1,1,1,1,1,1,1,2,8,6,1,1,32,2,2
6,47,F,12,2002,4,1,1,2,2,1,2,1,1,1,1,3,1,2,14,6,1,1, ?,2,2
11,47,G,9,2002,3,1,1,2,2,1,1,1,1,1,1,3,1,2,7,6,1,1, ?,2,2
12,47,F,8,2002,3,1,1,2,2,1,1,1,1,1,1,1,1,2,14,6,1,1, ?,2,2
12,47,S,11,2002,2,1,1,2,2,1,2,1,1,1,1,1,1,2,9,6,1,1, ?,2,2
1,50,F,11,2002,3,1,1,2,2,1,1,1,1,1,1,1,1,2,9,6,1,1,55,2,2
2,50,F,12,2002,3,1,1,2,2,1,1,1,1,1,1,1,1,2,9,6,1,1,38,2,2
7,50,F,8,2002,3,1,1,2,2,1,1,1,1,1,1,3,1,2,7,6,1,1, ?,2,2
13,50,F,9,2002,4,1,1,2,1,1,2,1,1,1,1,2,1,2,9,6,1,1, ?,2,2
13,50,F,12,2002,3,1,1,2,2,1,1,1,1,1,1,1,1,2,9,6,1,1, ?,2,2
6,52,G,10,2002,3,1,1,2,2,1,1,1,1,1,1,3,1,2,14,6,1,1,28,2,2
1,40,G,11,2002,2,1,1,2,2,1,1,1,1,1,1,1,1,2,9,6,1,1, ?,2,2
1,40,F,11,2002,3,1,1,2,2,1,1,1,1,1,1,1,1,2,14,6,1,1, ?,2,2
5,40,G,12,2002,2,1,1,2,2,1,1,1,1,1,1,1,1,2,9,6,1,1, ?,2,2
3,51,G,11,2002,3,1,1,2,2,1,1,1,1,1,1,2,1,2,8,6,1,1,35,2,2
4,51,G,12,2002,3,1,1,2,2,1,1,1,1,1,1,2,1,2,8,6,1,1, ?,2,2
12,51,F,12,2002,2,1,1,2,2,1,1,1,1,1,1,3,1,2,14,6,1,1, ?,2,2
1,45,F,9,2002,2,1,1,2,2,1,1,1,1,1,1,1,1,2,9,6,1,1, ?,2,2
1,45,F,10,2002,4,1,1,2,2,1,4,1,1,1,1,1,1,2,9,6,1,1, ?,2,2
4,45,G,7,2002,4,1,1,2,2,1,4,1,1,1,1,3,1,2,9,6,1,1, ?,2,2
4,45,F,9,2002,3,1,1,2,2,1,2,1,1,1,1,3,1,2,14,6,1,1,32,2,2
4,45,F,10,2002,2,1,1,2,2,1,1,1,1,1,1,3,1,2,14,6,1,1,30,2,2
6,45,F,11,2002,2,1,1,2,2,4,2,1,1,1,1,3,1,2,8,6,1,1, ?,2,2
6,45,F,12,2002,4,1,1,2,2,1,4,1,1,1,1,1,1,2,9,6,1,1, ?,2,2
4,44,F,9,2002,3,1,1,2,2,1,1,1,1,1,1,3,1,2,9,6,1,1, ?,2,2
5,44,G,9,2002,3,1,1,2,2,1,1,1,1,1,1,1,1,2,12,6,1,1, ?,2,2
7,44,F,8,2002,3,1,1,2,2,1,1,1,1,1,1,1,1,2,14,6,1,1,22,2,2
2,43,S,9,2002,4,1,1,2,2,1,1,1,1,1,1,1,1,2,9,6,1,1, ?,2,2
2,43,G,12,2002,4,1,1,2,2,1,4,1,1,1,1,1,1,2,14,6,1,1, ?,2,2
4,43,G,9,2002,2,1,1,2,2,1,1,1,1,1,1,1,1,2,12,6,1,1, ?,2,2
6,43,G,11,2002,2,1,1,2,2,1,1,1,1,1,1,3,1,2,6,6,1,1, ?,2,2
1,38,G,8,2002,1,1,1,2,2,1,1,1,1,1,1,1,1,2,9,6,1,1, ?,2,2
1,38,F,9,2002,1,1,1,2,2,1,4,1,1,1,1,1,1,2,14,6,1,1, ?,2,2
1,38,F,10,2002,2,1,1,2,2,1,1,1,1,1,1,1,1,1,9,6,1,1, ?,2,2
1,38,S,11,2002,3,1,1,2,2,1,1,1,1,1,1,1,1,2,14,6,1,1, ?,2,2
1,38,M,11,2002,3,1,1,2,2,1,1,1,1,1,1,1,1,2,14,6,1,1, ?,2,2
1,38,F,11,2002,3,1,1,2,2,1,1,1,1,1,1,1,1,2,9,6,1,1, ?,2,2
3,38,F,7,2002,3,1,1,2,2,1,1,1,1,1,1,1,1,2,9,6,1,1, ?,2,2
6,38,S,12,2002,1,1,1,2,2,1,4,1,1,1,1,1,1,2,10,6,1,1, ?,2,2
7,38,F,8,2002,4,1,1,2,2,1,2,1,1,1,1,1,1,2,14,6,1,1, ?,2,2
1,38,G,7,2002,3,1,1,2,2,1,1,1,1,1,1,1,1,2,9,6,1,1, ?,2,2
1,38,G,7,2002,4,1,1,2,2,1,4,1,1,1,1,1,1,2,14,6,1,1, ?,2,2
3,37,G,8,2002,2,1,1,2,2,1,1,1,1,1,1,3,1,2,14,6,1,1, ?,2,2
6,37,G,12,2002,2,1,1,2,2,1,1,1,1,1,1,3,1,2,14,6,1,1, ?,2,2
1,41,G,10,2002,2,1,1,2,2,1,1,1,1,1,1,1,1,2,14,6,1,1, ?,2,2
3,41,F,10,2002,4,1,1,2,2,1,4,1,1,1,1,1,1,2,14,6,1,1, ?,2,2
3,41,F,10,2002,2,1,1,2,2,1,1,1,1,1,1,1,1,2,9,6,1,1, ?,2,2
3,41,F,11,2002,2,1,1,2,2,1,1,1,1,1,1,1,1,2,8,6,1,1, ?,2,2
3,41,F,11,2002,2,1,1,2,2,1,1,1,1,1,1,1,2,2,10,6,1,1, ?,2,2
5,41,F,12,2002,4,1,1,2,2,1,3,1,1,1,1,1,1,2,10,6,1,1, ?,2,2