Thana,District,Accident_Severity,Month,Year,Time,Junction_Type,Traffic_Control,Movement,Divider,Weather,Light,Road_Geometry,Surface_Condition,Surface_Type,Surface_Quality,Road_Class,Road_Feature,Location_Type,Vehicle_Type,Vehicle_Movement,Vehicle_Loading,Vehicle_Defect,Vehicle_Driver_Age,Vehicle_Alcohol,Vehicle_Seat_Belt
13,42,G,6,2002,2,1,1,2,1,1,1,1,1,1,1,5,1,1,8,6,?,?, ?,2,2
13,42,G,10,2002,3,1,1,2,1,1,1,1,1,1,1,5,1,1,9,6,?,?,28,2,2
13,42,F,10,2002,4,1,1,2,1,1,3,1,1,1,1,5,1,1,14,6,?,?, ?,2,2
13,42,M,12,2002,2,1,1,2,1,1,1,1,1,1,1,5,1,1,9,6,?,?,22,2,2
10,42,M,12,2002,4,4,1,2,1,1,3,1,1,1,1,5,1,1,14,6,1,1, ?,2,2
10,42,M,12,2002,3,7,6,2,1,1,1,1,1,1,1,5,1,1,8,6,1,1, ?,2,2
2,42,M,4,2002,3,3,4,2,1,1,1,1,1,1,1,5,1,1,8,6,1,1,25,2,2
2,42,F,4,2002,1,5,1,2,1,1,3,1,1,1,1,5,1,1,7,6,1,1,28,2,2
2,42,M,4,2002,3,5,4,2,2,1,1,1,1,1,1,5,1,1,9,6,1,1, ?,2,2
2,42,M,4,2002,3,3,8,2,1,1,1,1,1,1,1,5,1,1,9,6,?,1, ?,2,2
2,42,F,6,2002,2,2,1,2,1,1,1,1,1,1,1,5,1,1,8,6,1,1, ?,1,2
2,42,M,6,2002,4,7,8,1,1,1,3,1,1,1,1,5,1,1,14,6,1,1, ?,2,2
2,42,M,12,2002,3,5,4,2,1,1,1,1,1,1,1,5,1,1,8,6,1,1, ?,2,2
9,42,M,7,2002,2,7,4,2,2,1,1,1,1,1,1,5,1,1,9,6,1,1, ?,2,2
9,42,F,7,2002,3,1,1,2,1,1,1,1,1,1,1,5,1,1,10,6,1,1, ?,2,2
9,42,M,7,2002,3,3,6,2,1,1,1,1,1,1,1,5,1,1,19,6,1,1, ?,2,2
9,42,G,8,2002,3,7,6,2,1,1,1,1,1,1,1,5,1,1,9,6,?,?, ?,2,2
9,42,M,8,2002,4,5,6,2,1,1,3,1,1,1,1,5,1,1,19,6,?,?, ?,2,2
9,42,M,8,2002,2,5,2,1,1,1,1,1,1,1,1,5,1,1,8,6,?,?, ?,2,2
9,42,M,3,2002,3,7,1,2,1,1,1,1,1,1,1,5,1,1,19,6,?,?, ?,2,2
9,42,M,8,2002,3,1,1,2,1,1,1,1,1,1,1,5,1,1,5,6,1,1,32,2,2
9,42,M,9,2002,4,5,6,2,2,1,3,1,1,1,1,5,1,1,14,6,?,?, ?,2,2
9,42,M,10,2002,3,3,6,2,1,1,1,1,1,1,1,5,1,1,8,6,1,7, ?,2,2
9,42,M,11,2002,1,7,6,2,2,1,3,1,1,1,1,5,1,1,11,6,?,?, ?,2,2
8,42,M,12,2002,3,3,4,2,2,1,1,1,1,1,1,5,1,1,5,6,1,1, ?,2,2
1,42,M,11,2002,3,1,1,1,1,1,1,1,1,1,1,5,1,1,8,6,?,?, ?,2,2
1,42,F,11,2002,2,1,1,2,1,1,1,1,1,1,1,5,1,1,8,6,1,7, ?,2,2
1,42,M,11,2002,2,2,6,2,1,1,1,1,1,1,1,5,1,1,8,6,1,1, ?,2,2
1,42,M,11,2002,2,1,1,2,1,1,1,1,1,1,1,5,1,1,10,6,1,1, ?,2,2
1,42,M,12,2002,4,5,4,2,1,1,3,1,1,1,1,5,1,1,7,6,1,7, ?,2,2
1,42,M,12,2002,3,1,1,2,1,1,1,1,1,1,1,5,1,1,8,6,?,1, ?,2,2
9,42,M,8,2002,2,5,2,1,1,1,1,1,1,1,1,5,1,1,8,6,1,1, ?,2,2
9,42,S,8,2002,4,3,6,2,1,1,3,1,1,1,1,5,1,1,14,6,1,1, ?,2,2
9,42,F,9,2002,4,3,1,2,1,1,3,1,1,1,1,5,1,1,8,6,?,?, ?,2,2
9,42,M,9,2002,2,1,1,2,1,1,1,1,1,1,1,5,1,1,8,6,1,1, ?,2,2
9,42,S,10,2002,4,1,1,2,1,1,3,1,1,1,1,5,1,1,10,6,1,1, ?,?,2
9,42,S,10,2002,4,1,1,2,1,1,3,1,1,1,1,5,1,1,14,6,?,?,30,2,2
9,42,M,10,2002,3,1,1,2,1,1,1,1,1,1,1,5,1,1,14,6,1,1, ?,2,2
9,42,M,1,2002,3,3,6,2,1,1,1,1,1,1,1,5,1,1,10,6,1,1, ?,2,2
9,42,M,2,2002,1,5,6,2,1,1,3,1,1,1,1,5,1,1,14,6,?,?, ?,2,2
9,42,M,3,2002,3,5,6,2,1,1,1,1,1,1,1,5,1,1,9,6,1,1, ?,2,2
9,42,M,3,2002,2,1,1,2,1,1,1,1,1,1,1,5,1,1,8,6,1,1, ?,2,2
9,42,M,4,2002,2,?,3,2,2,1,1,1,1,1,1,5,1,1,8,6,1,1, ?,2,2
9,42,G,6,2002,1,2,6,2,1,1,2,1,1,1,1,5,1,1,8,6,?,?, ?,2,2
9,42,G,6,2002,3,1,1,2,1,1,1,1,1,1,1,5,1,1,7,6,?,?, ?,2,2
9,42,M,11,2002,2,1,1,2,1,1,1,1,1,1,1,5,1,1,8,6,1,1, ?,2,2
9,42,M,11,2002,4,5,6,2,1,1,3,1,1,1,1,5,1,1,14,6,1,1, ?,2,2
9,42,M,11,2002,3,5,6,2,1,1,1,1,1,1,1,5,1,1,8,6,1,1, ?,2,2
9,42,M,11,2002,4,2,6,2,1,1,3,1,1,1,1,5,1,1,14,6,?,?, ?,2,2
9,42,M,11,2002,3,2,6,1,1,1,1,1,1,1,1,5,1,1,19,6,1,1, ?,2,2
9,42,F,12,2002,2,2,6,2,1,1,1,1,1,1,1,5,1,1,8,6,1,1, ?,2,2
9,42,M,12,2002,3,1,1,2,1,1,1,1,1,1,1,5,1,1,10,6,1,1, ?,2,2
9,42,M,12,2002,4,1,1,2,1,1,3,1,1,1,1,5,1,1,12,6,1,1, ?,2,2
9,42,M,12,2002,2,2,6,2,1,1,1,1,1,1,1,5,1,1,9,6,1,1, ?,2,2
9,42,S,12,2002,3,3,6,2,1,1,1,1,1,1,1,5,1,1,5,6,1,1, ?,2,2
9,42,M,12,2002,2,6,1,2,1,1,1,1,1,1,1,5,1,1,9,6,1,1, ?,2,2
12,42,G,6,2002,2,3,4,2,1,1,1,1,1,1,1,5,1,1,9,6,1,1, ?,2,2
12,42,M,6,2002,4,3,6,2,1,1,3,1,1,1,1,5,1,1,9,6,1,1, ?,2,2
16,42,G,9,2002,1,1,1,2,2,1,3,1,1,1,1,5,1,1,10,6,1,1, ?,2,2
16,42,M,10,2002,4,1,1,2,1,1,3,1,1,1,1,5,1,1,12,6,1,1, ?,2,2
22,42,G,5,2002,3,1,1,1,2,1,1,1,1,1,1,5,1,1,9,6,1,1, ?,2,2
22,42,M,5,2002,2,5,4,1,1,1,1,1,1,1,1,5,1,1,9,6,1,1, ?,?,?
22,42,G,11,2002,4,1,1,2,1,1,3,1,1,1,1,5,1,1,9,6,1,1,28,2,2
12,42,M,7,2002,3,3,4,2,1,1,1,1,1,1,1,5,1,1,9,6,1,1, ?,2,2
12,42,M,7,2002,2,7,8,1,1,1,1,1,1,1,1,5,1,1,9,6,1,1, ?,?,2
12,42,F,7,2002,4,1,1,2,1,1,3,1,1,1,1,5,1,1,10,6,?,?, ?,2,2
12,42,M,7,2002,4,1,1,2,1,1,3,1,1,1,1,5,1,1,19,6,?,?, ?,2,2
12,42,M,9,2002,2,1,1,2,1,1,1,1,1,1,1,5,1,1,4,6,1,1, ?,2,2
12,42,M,9,2002,3,3,4,2,1,1,1,1,1,1,1,5,1,1,9,6,1,1, ?,2,2
12,42,M,10,2002,3,5,6,2,1,1,1,1,1,1,1,5,1,1,12,6,1,1, ?,2,2
12,42,M,10,2002,2,1,4,2,1,1,1,1,1,1,1,5,1,1,14,6,1,1, ?,2,2
12,42,F,10,2002,2,3,1,2,1,1,1,1,1,1,1,5,1,1,9,6,1,1, ?,2,2
12,42,G,10,2002,2,1,1,2,1,1,1,1,1,1,1,5,1,1,9,6,1,1, ?,2,2
12,42,M,10,2002,3,3,6,2,1,1,1,1,1,1,1,5,1,1,9,6,1,1, ?,2,2
12,42,M,10,2002,4,3,1,2,1,1,3,1,1,1,1,5,1,1,14,6,1,1, ?,2,2
12,42,M,11,2002,2,1,1,2,1,1,1,1,1,1,1,5,1,1,8,6,1,1, ?,2,2
12,42,G,12,2002,3,1,1,2,1,1,1,1,1,1,1,5,1,1,8,6,1,1, ?,2,2
12,42,M,12,2002,1,1,2,1,1,1,3,1,1,1,1,5,1,1,11,6,1,1, ?,2,2
12,42,G,12,2002,2,1,1,2,1,1,2,1,1,1,1,5,1,1,14,6,1,1, ?,2,2
17,42,G,3,2002,3,1,1,2,1,1,1,1,1,1,1,5,1,1,5,6,1,1, ?,2,2
17,42,F,5,2002,3,1,1,2,1,1,1,1,1,1,1,5,1,1,12,6,1,1, ?,2,2
17,42,G,5,2002,4,1,1,2,1,1,2,1,1,1,1,5,1,1,9,6,1,1, ?,?,2
14,42,M,5,2002,1,2,4,2,1,1,3,1,1,1,1,5,1,1,7,6,1,1, ?,2,2
14,42,M,6,2002,1,3,4,2,1,1,3,1,1,1,1,5,1,1,12,6,1,1, ?,2,2
14,42,G,7,2002,3,3,4,2,1,1,1,1,1,1,1,5,1,1,9,6,1,1, ?,2,2
14,42,M,7,2002,2,3,3,2,1,1,1,1,1,1,1,5,1,1,12,6,1,1, ?,2,2
7,13,M,1,2002,2,3,1,2,2,1,1,1,1,1,1,2,1,2,14,2,1,7,30,2,2
1,9,F,1,2002,3,1,1,2,2,1,1,1,1,1,1,1,1,2,9,6,1,1,52,2,2
8,13,M,5,2002,2,1,1,2,2,2,1,1,2,1,1,1,1,2,14,10,1,1,45,2,2
5,13,S,7,2002,3,1,1,2,2,1,1,1,1,1,1,2,1,2,14,6,1,1,40,2,2
5,5,S,2,2002,2,3,1,2,1,1,2,1,1,1,1,1,1,2,14,2,1,1, ?,2,2
1,22,F,1,2002,2,1,1,2,2,2,4,1,2,1,1,1,1,2,14,10,1,7,35,2,2
1,24,F,3,2002,?,1,1,2,2,1,1,1,1,1,1,1,1,2,14,6,1,1,25,2,2
2,24,F,5,2002,2,1,1,2,2,1,1,1,1,1,1,1,1,2,8,6,2,1, ?,2,2
4,28,M,7,2002,2,6,1,1,2,1,1,3,1,1,1,1,5,1,14,5,1,1, ?,2,2
3,28,F,8,2002,2,3,5,2,2,1,2,2,2,1,1,5,1,1,14,1,1,1,30,1,2
1,22,F,8,2002,4,7,8,2,2,1,4,1,1,1,1,1,1,2,14,6,1,5, ?,1,2
1,21,F,8,2002,4,1,2,2,2,1,1,1,1,1,1,1,1,2,14,10,1,7, ?,2,2
2,18,F,10,2002,4,1,1,2,2,1,2,1,1,1,2,2,1,2,8,6,1,1, ?,2,2
1,18,F,9,2002,3,2,1,2,2,1,1,1,1,1,2,2,1,1,4,4,2,1,24,2,2
1,34,F,8,2002,2,1,1,2,2,1,1,1,1,1,1,1,1,2,9,6,1,1,30,2,2
1,21,S,12,2002,3,3,1,2,2,1,1,1,1,1,1,1,1,1,14,6,1,1,35,2,2
3,29,F,1,2002,2,1,1,2,2,1,1,1,1,1,1,2,1,2,8,6,1,1,33,2,2
1,24,G,3,2002,4,1,1,1,2,1,3,1,1,1,1,1,1,2,11,6,1,1, ?,1,2
2,28,G,4,2002,3,2,4,2,1,1,1,1,1,1,1,1,1,1,14,7,1,1,30,2,2
1,24,M,4,2002,3,7,1,2,2,1,1,1,1,1,1,1,1,2,9,6,1,1,35,1,2
7,24,G,4,2002,3,1,1,1,2,1,1,1,1,1,1,4,1,2,9,11,1,1, ?,2,2
3,21,F,5,2002,4,1,1,2,2,1,4,1,1,1,1,3,1,2,9,6,1,1,33,1,2
1,24,M,6,2002,4,1,1,2,2,1,4,1,1,1,1,1,1,2,14,6,1,1, ?,1,2
5,24,F,6,2002,2,1,1,2,2,1,1,1,1,1,1,1,1,2,8,6,1,1, ?,2,2
6,21,G,8,2002,3,4,1,1,2,1,1,2,1,1,1,4,1,2,5,2,2,1,35,2,2
2,24,G,10,2002,3,1,1,2,2,1,1,2,1,1,1,1,1,2,9,1,1,1,40,2,2
1,29,F,6,2002,3,1,1,2,2,1,4,1,1,1,1,1,1,2,7,6,2,1, ?,2,2
1,29,S,8,2002,2,1,1,2,1,1,1,1,1,1,2,1,2,2,8,6,2,1,38,2,2
1,29,F,9,2002,3,7,1,1,2,1,1,4,1,1,1,2,1,2,9,1,2,7,35,2,2
1,34,G,5,2002,4,1,1,2,2,1,2,1,1,1,1,1,1,2,14,11,1,1, ?,2,2
6,34,G,6,2002,3,1,1,2,2,1,1,1,1,1,1,1,1,2,9,5,1,1,40,1,2
4,28,S,10,2002,2,3,1,2,2,1,1,1,1,1,1,1,1,1,7,9,1,1,29,2,1
5,28,M,10,2002,2,2,5,2,1,1,1,1,1,1,1,5,1,1,14,1,1,1,20,2,2
7,28,F,9,2002,2,1,1,2,2,1,1,1,1,1,1,2,1,2,6,6,1,1, ?,2,2
1,21,G,5,2002,3,1,1,2,2,1,1,1,1,1,1,2,1,2,8,6,1,1, ?,1,2
1,24,M,3,2002,1,4,4,2,1,1,3,2,1,1,1,1,1,1,14,2,1,1, ?,1,2
3,54,F,11,2002,3,1,1,2,2,1,1,1,1,1,1,3,1,2,6,6,?,1,25,2,2
4,54,G,12,2002,3,1,1,2,2,1,1,1,1,1,1,3,1,2,7,6,1,?,55,1,2
1,54,F,9,2002,3,1,1,2,2,2,1,1,2,1,1,1,1,2,14,6,1,?, ?,2,2
8,63,F,2,2002,2,4,1,2,2,1,1,1,1,1,1,1,1,2,14,5,1,1,28,2,2
7,63,F,1,2002,3,3,1,2,2,1,1,2,1,1,1,1,1,2,14,6,1,1,34,1,2
7,63,S,4,2002,3,1,1,2,2,1,1,1,1,1,1,1,1,2,7,6,1,1,30,2,2
9,63,F,1,2002,3,1,1,2,2,1,1,1,1,1,1,1,1,2,10,6,1,1,34,2,2
11,63,F,1,2002,3,1,1,2,2,1,1,1,1,1,1,2,1,2,14,6,1,3,50,1,2
1,58,F,5,2002,2,1,1,2,2,1,1,1,1,1,1,1,1,2,9,6,1,1, ?,2,2
1,58,F,5,2002,2,1,1,2,2,1,1,1,1,1,1,1,1,2,14,6,1,1,32,2,2
1,58,F,5,2002,3,1,1,2,2,1,1,1,1,1,1,1,1,2,9,6,1,1,50,2,2
6,58,F,2,2002,3,1,1,2,2,1,1,1,1,1,1,1,1,1,9,6,1,1, ?,1,2
11,63,F,1,2002,3,1,8,2,2,1,1,1,1,1,1,2,1,2,14,6,1,3, ?,2,2
4,62,S,1,2002,2,1,1,2,2,1,1,1,1,1,1,2,1,2,4,6,1,1, ?,2,2
3,61,F,9,2002,4,3,1,2,2,1,4,1,1,1,1,2,1,2,9,6,1,1,45,2,2
6,64,G,1,2002,4,1,1,2,2,1,3,1,1,1,1,5,1,1,12,6,1,1,38,2,2
6,64,G,8,2002,1,2,6,2,2,1,2,1,1,1,1,5,1,1,14,6,1,1,47,2,2
6,64,F,12,2002,1,1,1,2,2,1,3,1,1,1,1,5,1,1,14,6,1,1,45,2,2
7,64,S,8,2002,3,2,4,2,2,1,1,1,1,1,1,5,1,1,9,6,1,1,25,2,2
7,64,G,10,2002,2,2,6,2,2,1,3,1,1,1,1,5,1,1,12,6,1,1, ?,2,2
7,59,F,11,2002,2,1,2,2,2,1,1,1,1,1,1,2,1,2,9,5,1,1,36,2,2
4,54,F,3,2002,2,1,1,2,2,1,1,1,1,1,1,4,1,2,6,6,1,?, ?,2,2
3,64,F,1,2002,2,1,1,2,2,4,2,1,2,1,1,5,1,1,14,6,1,1, ?,2,2
1,65,F,1,2002,2,1,1,2,2,1,1,1,1,1,1,1,1,2,14,6,1,1,39,2,2
1,61,G,1,2002,3,1,1,2,2,1,1,1,2,1,1,1,1,2,6,1,1,1,35,1,2
1,61,G,3,2002,1,3,1,2,2,1,4,2,1,1,1,1,1,2,14,1,1,1,35,1,2
8,63,F,1,2002,3,2,1,2,2,1,1,1,1,1,1,1,1,2,14,6,1,1,28,2,2
8,63,F,2,2002,3,1,1,2,2,2,1,1,2,1,1,1,1,2,14,6,1,1,27,1,2
8,63,F,3,2002,2,3,1,2,2,1,1,1,1,1,1,1,1,2,14,6,1,1, ?,1,2
11,63,F,2,2002,4,1,1,2,2,1,3,3,1,1,1,2,1,1,7,8,1,1,40,2,2
3,57,G,3,2002,3,1,1,2,2,1,1,3,1,1,1,2,1,2,7,6,1,1,32,2,2
1,61,F,4,2002,1,1,1,2,2,1,4,1,1,1,1,1,1,2,14,1,1,1,32,1,2
6,63,G,1,2002,1,4,1,2,2,1,1,1,1,1,1,2,1,2,11,6,1,1, ?,2,2
11,63,F,1,2002,3,1,1,2,2,1,1,3,1,1,1,2,2,2,14,6,1,1, ?,1,2
11,63,G,2,2002,2,1,1,2,2,1,1,1,1,1,1,2,1,2,13,6,1,1, ?,1,2
11,64,F,2,2002,2,1,1,2,2,1,1,1,1,1,1,5,1,1,5,6,2,1,30,2,2
8,64,G,3,2002,4,1,1,2,2,1,3,1,1,1,1,5,1,1,9,6,1,1, ?,1,2
8,64,F,3,2002,3,3,1,2,2,1,1,1,1,1,1,5,1,1,14,6,1,1, ?,1,2
8,64,G,5,2002,2,1,1,2,2,1,1,1,1,1,1,5,1,1,14,6,1,1, ?,1,2
1,65,F,5,2002,3,1,2,2,2,1,1,1,1,1,1,1,1,1,6,5,1,1, ?,2,2
1,58,F,1,2002,2,1,1,2,2,4,2,1,1,1,1,1,1,2,15,4,1,1,38,2,2
1,58,F,2,2002,2,1,1,2,2,1,2,1,1,1,1,1,1,2,14,6,1,1, ?,2,2
1,58,F,5,2002,1,1,1,2,2,2,3,1,2,1,1,1,1,2,14,6,1,1,40,2,2
1,58,F,5,2002,1,1,1,2,2,1,2,2,1,1,1,1,1,2,14,6,1,1,40,2,2
5,58,F,1,2002,3,2,1,2,2,1,1,1,1,1,1,1,1,2,9,6,1,1, ?,2,2
5,58,F,2,2002,2,1,1,2,2,1,1,1,1,1,1,1,1,2,9,6,1,1, ?,1,2
5,58,G,5,2002,3,3,1,2,2,1,1,1,1,1,1,1,1,2,14,6,1,1, ?,1,2
5,58,F,5,2002,2,1,1,2,2,1,1,1,1,1,1,1,1,2,14,6,1,1,39,1,2
6,58,F,1,2002,3,1,1,2,2,1,1,1,1,1,1,1,1,2,14,6,1,1,26,1,2
6,58,F,3,2002,2,1,1,2,2,1,1,2,1,1,1,1,1,2,8,6,1,1,38,2,2
7,58,F,1,2002,2,1,1,2,2,1,1,1,1,1,1,1,1,2,15,4,1,1,38,2,2
7,58,F,5,2002,2,1,1,2,2,1,1,2,1,1,1,1,1,2,7,6,1,1,35,2,2
14,63,G,3,2002,1,1,1,2,2,1,2,1,1,1,1,1,1,2,15,6,1,1, ?,2,2
14,63,G,3,2002,2,1,1,2,2,1,2,1,1,1,1,1,1,2,14,6,1,1, ?,2,2
14,63,F,4,2002,2,1,1,2,2,1,1,1,1,1,1,1,1,2,12,6,1,1, ?,2,2
2,61,F,4,2002,1,1,1,2,2,1,4,1,1,1,1,1,1,2,14,6,1,1,30,2,2
2,61,S,5,2002,2,1,1,2,2,1,2,1,1,1,1,1,1,2,14,6,1,6, ?,2,2
14,63,S,2,2002,2,1,1,2,2,1,1,1,1,1,1,1,1,2,9,6,1,1, ?,2,2
1,61,S,7,2002,3,1,1,2,2,1,1,1,1,1,1,1,1,2,14,6,1,1,32,2,2
2,65,F,7,2002,3,1,1,2,2,2,1,1,2,1,1,1,1,2,9,6,1,1, ?,2,2
4,59,G,8,2002,3,1,8,2,2,1,1,1,1,1,1,2,1,2,12,6,1,1, ?,2,2
5,59,F,8,2002,4,1,1,2,2,1,4,2,1,1,1,4,1,2,6,6,1,2, ?,2,2
2,61,G,8,2002,3,1,1,2,2,1,1,1,1,1,1,1,1,2,14,6,1,1, ?,2,2
1,63,S,8,2002,3,3,8,2,2,1,1,2,1,1,1,4,1,2,9,2,1,2, ?,2,2
11,63,F,1,2002,3,1,8,2,2,1,1,1,1,1,1,2,1,2,14,6,1,1, ?,1,2
7,60,F,10,2002,2,1,8,2,2,1,1,1,1,1,1,2,1,2,9,6,1,1,30,2,2
4,62,F,1,2002,2,1,1,2,2,1,1,1,1,1,1,2,1,2,1,6,1,1,16,2,2
7,59,G,10,2002,3,1,2,2,2,1,1,2,1,1,1,2,1,2,9,2,1,6,27,2,2
1,61,F,9,2002,2,1,1,2,2,1,2,1,1,1,1,1,1,2,14,6,1,1,35,1,2
14,63,S,7,2002,3,1,8,2,2,1,1,1,1,1,1,1,1,2,14,6,1,1,30,2,2
14,63,F,8,2002,2,1,1,2,2,2,1,1,2,1,1,1,1,2,14,6,1,1, ?,2,2
7,65,F,9,2002,3,1,1,2,2,1,1,2,1,1,1,4,1,2,14,6,2,1, ?,1,2
5,64,G,1,2002,3,1,1,2,2,1,2,1,1,1,1,5,1,1,14,6,1,1,39,2,2
5,64,G,1,2002,2,1,1,2,2,1,1,1,1,1,1,5,1,1,15,6,1,1,48,2,2
5,64,G,1,2002,3,1,1,2,2,1,1,1,1,1,1,5,1,1,12,6,1,1,38,2,2
5,64,G,7,2002,2,1,1,2,2,1,1,1,1,1,1,5,1,1,12,6,1,1,37,2,2
5,64,G,12,2002,2,1,1,2,2,1,1,1,1,1,1,5,1,1,14,6,1,1,46,2,2
11,64,F,10,2002,3,1,1,2,2,1,1,1,1,1,1,5,1,1,5,6,1,1,30,2,2
12,64,F,11,2002,3,1,1,2,2,1,1,1,1,1,1,5,1,1,12,6,1,1,32,2,2
12,64,S,12,2002,2,1,1,2,2,4,1,1,2,1,1,5,1,1,8,6,1,1, ?,2,2
1,67,F,9,2002,2,1,1,2,2,1,2,1,1,1,2,2,1,1,14,6,1,1,32,2,2
5,67,F,10,2002,2,1,1,2,2,1,1,1,1,1,2,4,1,2,11,6,1,1,30,2,2
2,64,F,4,2002,2,1,1,2,2,1,1,1,1,1,1,5,1,1,14,6,1,1,37,1,2
2,64,F,4,2002,3,1,1,2,2,1,1,1,1,1,1,5,1,1,14,6,1,1, ?,2,2
2,64,F,7,2002,3,1,1,2,2,1,1,1,1,1,1,5,2,1,15,6,1,1, ?,2,2
2,64,G,7,2002,4,2,6,2,2,1,1,1,1,1,1,5,1,1,14,6,1,1, ?,2,2
2,64,S,8,2002,2,1,1,2,2,1,1,1,1,1,1,5,1,1,14,6,1,1, ?,2,2
2,64,M,11,2002,3,3,1,2,2,1,1,1,1,1,1,5,1,1,14,6,1,1, ?,2,2
8,64,S,3,2002,4,1,1,2,2,1,2,1,1,1,1,5,1,1,12,6,1,1,42,2,2
8,64,G,7,2002,2,1,1,2,2,1,1,1,1,1,1,5,1,1,7,6,1,1,34,2,2
1,56,S,3,2002,2,3,1,2,2,1,1,1,1,1,1,2,1,1,14,6,1,?,27,2,2
12,54,M,4,2002,4,1,1,2,2,1,4,1,1,1,1,3,1,2,10,6,1,1,22,2,2
5,41,G,5,2002,3,1,1,2,2,1,1,1,1,1,1,1,1,2,4,6,1,1, ?,2,2
3,41,F,11,2002,3,1,1,2,2,1,1,1,1,1,1,1,1,2,9,6,1,1, ?,2,2
12,47,S,2,2002,3,1,1,2,2,1,1,1,1,1,1,1,2,2,14,6,1,1, ?,2,2
4,35,F,5,2002,2,1,1,2,2,1,1,1,1,1,1,2,1,2,9,6,1,1, ?,2,2
5,55,G,2,2002,3,7,8,2,2,1,1,1,1,1,1,3,1,2,4,11,1,7,45,2,1
22,42,G,1,2002,2,5,4,2,1,1,1,1,1,1,1,5,1,1,8,6,1,1, ?,2,2
15,42,M,1,2002,2,1,2,2,1,1,1,1,1,1,1,5,1,1,8,6,1,1,40,1,2
18,42,M,1,2002,1,3,1,2,1,1,3,1,1,1,1,5,1,1,14,6,1,1, ?,1,2
1,42,M,1,2002,3,4,6,1,1,1,1,1,1,1,1,5,1,1,5,6,1,1, ?,2,2
12,42,M,4,2002,3,3,1,2,1,1,1,1,1,1,1,5,1,1,9,6,1,1, ?,2,2
8,42,G,1,2002,1,3,1,2,1,1,3,1,1,1,1,5,1,1,14,6,?,?, ?,?,2
8,42,M,9,2002,2,2,4,2,1,1,1,1,1,1,1,5,1,1,8,6,1,1, ?,2,2
1,42,M,4,2002,3,3,6,2,1,1,1,1,1,1,1,5,1,1,5,6,1,1, ?,2,2
1,42,M,7,2002,3,5,6,2,1,1,1,1,1,1,1,5,1,1,9,6,?,?, ?,2,2
1,42,G,8,2002,4,2,6,1,1,1,3,1,1,1,1,5,1,1,9,6,1,1, ?,2,2
1,42,M,9,2002,1,5,6,2,1,1,2,1,1,1,1,5,1,1,14,6,1,1, ?,2,2
1,42,M,10,2002,2,5,6,2,1,1,1,1,1,1,1,5,1,1,9,6,1,1, ?,2,2
1,42,M,10,2002,4,5,6,2,1,1,3,1,1,1,1,5,1,1,14,6,1,1, ?,2,2
13,42,M,8,2002,2,6,8,1,1,1,1,1,1,1,1,5,1,1,10,6,1,1, ?,2,2
13,42,G,8,2002,2,1,1,2,1,1,2,1,1,1,1,5,1,1,9,6,?,?, ?,2,2
15,42,G,11,2002,3,1,1,1,1,1,1,1,1,1,1,5,1,1,9,3,1,1,40,2,2
2,42,G,12,2002,2,2,6,2,1,1,1,1,1,1,1,5,1,1,8,6,1,1, ?,2,2
9,42,M,7,2002,4,3,6,2,1,1,3,1,1,1,1,5,1,1,10,6,?,?, ?,2,2
9,42,G,7,2002,4,2,6,2,2,1,3,1,1,1,1,5,1,1,14,6,?,?, ?,2,2
9,42,M,7,2002,3,5,4,2,1,1,1,1,1,1,1,5,1,1,9,6,?,?, ?,2,2
9,42,M,8,2002,1,3,6,2,1,1,2,1,1,1,1,5,1,1,14, ?,?,?,25,2,2
9,42,M,8,2002,1,5,6,2,1,1,3,1,1,1,1,5,1,1,14,6,?,?, ?,2,2
9,42,M,10,2002,4,1,1,2,1,1,3,1,1,1,1,5,1,1,14,6,?,7, ?,2,2
15,42,M,10,2002,2,7,8,2,1,1,1,1,1,1,1,5,1,1,8,7,1,1, ?,2,2
1,42,M,11,2002,2,2,4,2,2,1,1,1,1,1,1,5,1,1,9,6,1,1, ?,2,2
9,42,M,8,2002,4,5,4,2,1,1,3,1,1,1,1,5,1,1,10,6,?,?, ?,2,2
9,42,G,10,2002,2,5,4,2,1,1,1,1,1,1,1,5,1,1,8,6,1,1, ?,2,2
9,42,F,2,2002,2,2,6,2,1,1,1,1,1,1,1,5,1,1,8,6,?,1, ?,2,2
9,42,F,3,2002,3,2,6,2,1,1,1,1,1,1,1,5,1,1,9,6,1,1,42,2,2
9,42,M,12,2002,2,5,5,2,1,1,1,1,1,1,1,5,1,1,14,6,1,1, ?,2,2
12,42,F,7,2002,1,3,4,2,1,1,3,1,1,1,1,5,1,1,14,6,1,1, ?,2,2
12,42,M,10,2002,4,6,6,2,1,1,3,1,1,1,1,5,1,1,19,6,1,1, ?,2,2
17,42,G,6,2002,3,3,4,2,1,1,1,1,1,1,1,5,1,1,7,6,1,1, ?,2,2
17,42,F,12,2002,2,1,1,2,1,1,1,1,1,1,1,5,1,1,8,6,1,1, ?,2,2
14,42,G,4,2002,2,3,4,2,1,1,2,1,1,1,1,5,1,1,14,6,1,1, ?,2,2
14,42,M,7,2002,3,1,4,2,1,1,1,1,1,1,1,5,1,1,16,6,1,1, ?,2,2
14,42,M,7,2002,3,3,1,2,1,1,1,1,1,1,1,5,1,1,10,6,1,1, ?,2,2