Thana,District,Accident_Severity,Month,Year,Time,Junction_Type,Traffic_Control,Movement,Divider,Weather,Light,Road_Geometry,Surface_Condition,Surface_Type,Surface_Quality,Road_Class,Road_Feature,Location_Type,Vehicle_Type,Vehicle_Movement,Vehicle_Loading,Vehicle_Defect,Vehicle_Driver_Age,Vehicle_Alcohol,Vehicle_Seat_Belt
6,34,F,11,2003,2,3,1,2,2,1,1,1,1,1,1,1,1,2,6,6,1,1, ?,2,2
6,34,F,8,2003,1,1,1,2,2,1,3,1,1,1,1,1,1,2,9,6,1,1, ?,2,2
3,34,S,1,2003,4,1,1,2,2,1,2,1,1,1,1,1,1,2,9,6,1,1, ?,2,2
3,34,F,7,2003,3,1,1,2,2,1,1,1,1,1,1,1,1,2,9,6,1,1, ?,2,2
1,40,M,1,2003,2,1,1,2,2,1,1,1,1,1,1,1,1,2,14,6,1,1, ?,2,2
1,40,G,1,2003,3,1,1,2,2,1,1,1,1,1,1,1,1,2,14,6,1,1, ?,2,2
1,40,G,1,2003,3,1,1,2,2,1,1,1,1,1,1,1,1,1,8,6,1,1, ?,2,2
1,40,F,1,2003,2,1,1,2,2,1,1,1,1,1,1,1,1,2,14,6,1,1,38,2,2
6,38,F,1,2003,3,1,1,2,2,1,1,1,1,1,1,1,1,2,9,6,1,1,48,2,2
1,35,G,2,2003,3,1,1,2,2,1,1,1,1,1,1,2,1,2,14,6,1,1,35,2,2
1,35,G,2,2003,2,1,1,2,2,1,1,1,1,1,1,2,1,2,9,6,1,1,35,2,2
1,38,F,3,2003,1,1,1,2,2,1,4,1,1,1,1,1,1,2,9,6,1,1, ?,2,2
6,38,F,3,2003,1,1,1,2,2,1,4,1,1,1,1,1,1,2,8,6,1,1, ?,2,2
1,38,F,4,2003,2,1,1,2,2,1,1,1,1,1,1,1,1,2,9,6,1,1, ?,2,2
1,38,F,4,2003,1,1,1,2,2,1,4,1,1,1,1,1,1,2,9,6,1,1, ?,2,2
4,36,F,5,2003,3,1,1,2,2,1,1,1,1,1,1,1,1,2,9,6,1,1,50,2,2
6,40,F,4,2003,1,1,1,2,2,1,2,2,1,1,1,1,1,2,14,6,1,1, ?,2,2
6,40,M,4,2003,2,1,1,2,2,1,1,1,1,1,1,1,1,2,14,6,1,1, ?,2,2
1,40,G,5,2003,2,1,1,2,1,1,1,1,1,1,1,1,1,2,14,6,1,1,35,2,2
6,40,M,5,2003,2,1,1,2,2,1,1,1,1,1,1,1,1,2,11,10,1,1, ?,2,2
3,36,F,6,2003,3,1,1,2,2,1,1,1,1,1,1,1,1,2,14,6,1,1,42,2,2
1,40,F,6,2003,3,1,1,2,2,1,1,1,1,1,1,1,1,2,9,6,1,1, ?,2,2
3,40,G,6,2003,1,1,1,2,2,1,4,1,1,1,1,1,1,2,14,6,1,1, ?,2,2
1,38,F,7,2003,2,1,1,2,2,1,1,1,1,1,1,1,1,2,14,6,1,1,40,2,2
1,38,F,7,2003,3,1,1,2,2,2,1,2,2,1,1,1,1,2,9,6,1,1,29,2,2
1,38,F,7,2003,1,1,1,2,2,2,2,1,2,1,1,1,1,2,14,6,1,1,40,2,2
4,35,G,9,2003,3,1,1,2,2,1,1,1,1,1,1,1,1,2,14,6,1,1, ?,2,2
7,40,F,10,2003,2,1,1,2,2,1,1,1,1,1,1,3,1,2,8,6,1,1, ?,2,2
6,40,F,11,2003,1,1,1,2,2,1,4,1,1,1,1,1,1,2,9,6,1,1, ?,2,2
1,35,G,11,2003,2,1,1,2,2,1,1,1,1,1,1,2,1,2,12,6,1,1,25,2,2
1,35,F,11,2003,3,1,1,2,2,1,1,1,1,1,1,1,1,2,8,6,1,1,35,2,2
1,38,F,9,2003,3,1,1,2,2,2,1,1,2,1,1,1,1,2,9,6,1,1,44,2,2
1,38,F,11,2003,2,1,1,2,2,1,1,1,1,1,1,1,1,2,14,6,1,1, ?,2,2
3,39,G,10,2003,4,1,1,2,2,1,3,1,1,1,1,1,1,2,14,6,1,1,35,2,2
3,39,F,10,2003,3,1,1,2,2,1,1,1,1,1,1,1,1,2,9,6,1,1, ?,2,2
1,38,G,12,2003,3,1,1,2,2,1,1,1,1,1,1,1,1,2,10,6,1,1, ?,2,2
6,40,G,12,2003,3,1,1,2,2,1,1,1,1,1,1,1,1,2,10,6,1,1, ?,2,2
6,40,G,12,2003,3,1,1,2,2,1,1,1,1,1,1,1,1,2,8,6,1,1, ?,2,2
1,36,G,10,2003,1,1,1,2,2,1,4,1,1,1,1,1,1,2,10,6,1,1, ?,2,2
3,36,F,11,2003,2,1,1,2,2,1,1,1,1,1,1,1,1,2,7,6,1,1,38,2,2
1,35,G,10,2003,3,1,1,2,2,1,1,1,1,1,1,1,1,2,14,6,1,1,40,2,2
1,35,G,10,2003,4,1,1,2,2,1,4,1,1,1,1,2,1,2,10,6,1,1,22,2,2
1,35,G,10,2003,2,1,1,2,2,1,1,1,1,1,1,2,1,2,9,6,1,1, ?,2,2
2,35,G,10,2003,4,1,1,2,2,1,4,1,1,1,1,3,1,2,14,6,1,1, ?,2,2
5,28,S,6,2003,3,1,8,1,1,1,1,1,1,1,1,5,1,1,6,6,2,7, ?,2,2
1,54,F,1,2003,3,1,1,2,2,1,1,2,1,1,1,4,1,1,7,1,1,1,27,2,2
1,53,G,3,2003,3,7,?,1,2,1,1,1,1,1,1,4,1,2,5,6,1,1, ?,2,2
6,55,F,5,2003,1,1,1,2,2,1,4,1,1,1,1,3,1,2,9,6,1,1,40,2,2
12,54,G,5,2003,4,7,1,2,2,1,4,2,1,1,2,3,1,2,14,6,1,1,38,2,2
12,54,S,10,2003,2,1,1,2,2,1,1,1,1,1,2,2,1,2,9,5,?,1, ?,2,2
1,55,G,10,2003,3,7,1,2,2,1,2,2,1,1,1,1,1,2,14,4,1,1, ?,?,?
9,56,S,10,2003,2,3,1,2,2,1,1,4,1,1,1,3,1,2,9,1,1,?,44,2,2
3,56,F,11,2003,4,1,8,2,2,1,2,1,?,?,?,3,1,2,14,11,2,?,44,?,?
1,55,F,12,2003,4,1,1,2,2,1,4,1,1,1,1,1,1,2,9,6,1,1, ?,2,2
1,54,M,12,2003,4,1,1,2,2,1,4,1,1,1,1,3,3,2,14,6,1,1,34,2,2
1,58,M,3,2003,4,1,?,2,2,1,2,1,1,1,1,1,1,2,14,4,?,?, ?,?,?
1,58,F,1,2003,3,1,2,2,2,1,1,1,1,1,1,1,1,2,9,6,1,1,45,2,2
1,58,F,1,2003,2,1,1,2,2,1,1,1,1,1,1,2,1,1,9,6,1,1,40,1,2
1,58,G,1,2003,2,?,2,2,2,1,1,1,1,1,1,2,1,1,9,5,?,6,35,2,2
1,58,G,1,2003,4,6,1,2,1,1,2,1,1,1,1,1,5,2,14,11,1,1,42,2,2
14,63,F,3,2003,1,1,1,1,2,1,4,1,1,1,1,1,1,2,14,6,1,?,35,2,2
13,63,F,3,2003,2,7,8,1,2,1,1,1,1,1,1,1,1,2,9,11,1,7, ?,?,?
6,63,F,3,2003,3,7,8,2,2,1,1,1,1,1,1,1,1,1,9,11,1,1,45,2,2
1,60,F,3,2003,2,1,?,2,2,1,1,1,1,1,1,1,1,2,14,11,1,1,35,2,2
1,60,F,3,2003,3,7,1,2,2,1,1,1,1,1,1,2,1,2,14, ?,2,4, ?,1,2
6,58,F,2,2003,3,4,1,2,2,1,1,1,1,1,1,1,1,1,14,11,1,1,38,2,2
1,58,S,3,2003,3,7,1,2,1,1,1,1,1,1,1,1,1,2,11,6,1,1, ?,?,?
1,58,S,3,2003,3,1,?,?,?,1,1,2,1,1,1,1,1,1,9, ?,?,?, ?,?,?
7,58,F,3,2003,2,1,1,2,2,1,1,1,1,1,1,1,1,2,9, ?,1,1,36,2,2
5,58,F,3,2003,4,7,1,2,2,1,2,1,1,1,1,1,1,2,7,6,1,1,35,2,2
6,58,F,3,2003,3,1,1,2,2,1,1,1,1,1,1,1,1,1,9,6,1,1, ?,2,2
7,58,F,4,2003,3,1,1,2,2,1,1,1,1,1,1,1,2,2,14,6,1,1,31,1,2
8,63,F,4,2003,1,1,1,1,1,1,2,1,1,1,1,1,1,2,14,6,1,?,35,2,2
11,63,F,4,2003,3,1,1,2,?,1,1,1,1,1,2,1,1,2,9,6,1,3,35,2,2
6,60,F,4,2003,2,1,6,2,2,1,1,1,1,1,1,5,1,1,9,6,1,1,42,2,2
7,65,F,4,2003,2,?,2,2,2,1,1,1,1,1,1,2,4,2,14, ?,1,1, ?,?,2
1,61,F,4,2003,3,1,1,2,2,1,1,1,1,1,1,1,1,2,9,5,?,?, ?,?,?
5,46,F,1,2003,2,1,1,2,2,1,1,1,1,1,1,1,1,2,9,6,1,1, ?,2,2
1,50,G,2,2003,3,1,1,2,2,1,1,1,1,1,1,1,1,2,14,6,1,1,30,2,2
3,44,F,1,2003,3,1,1,2,2,1,1,1,1,1,1,1,1,2,8,6,1,1, ?,2,2
12,47,G,1,2003,2,1,1,2,1,4,2,1,1,1,1,1,1,2,14,6,1,1,35,2,2
3,43,F,2,2003,2,1,1,2,2,1,1,1,1,1,1,1,1,2,8,6,1,1, ?,2,2
2,43,G,1,2003,3,1,1,2,2,1,1,1,1,1,1,1,1,2,9,6,1,1, ?,2,2
1,48,F,1,2003,3,1,1,2,2,1,1,1,1,1,1,3,1,2,12,6,1,1, ?,2,2
1,48,G,2,2003,3,1,1,2,2,2,1,1,2,1,1,1,1,1,14,6,1,1,30,2,2
6,45,G,1,2003,4,1,1,2,2,1,2,1,1,1,1,1,1,2,9,6,1,1, ?,2,2
1,52,F,1,2003,4,1,1,2,2,1,4,2,1,1,1,3,1,2,14,6,1,1, ?,2,2
3,41,G,2,2003,3,1,1,2,2,1,1,1,1,1,1,1,1,2,9,6,1,1,26,2,2
4,41,F,2,2003,3,1,1,2,2,1,1,1,1,1,1,3,1,2,9,6,1,1, ?,2,2
5,41,F,3,2003,4,1,1,2,2,2,4,1,2,1,1,1,1,1,13,6,1,1,50,2,2
1,50,G,3,2003,3,1,1,2,2,2,1,1,1,1,1,1,1,2,12,6,1,1, ?,2,2
2,50,F,3,2003,2,1,1,2,2,1,1,1,1,1,1,1,1,2,14,6,1,1, ?,2,2
7,50,S,3,2003,2,1,1,2,2,1,1,1,1,1,1,2,1,2,14,6,1,1, ?,2,2
3,45,G,3,2003,3,1,1,2,2,1,1,1,1,1,1,3,1,2,8,6,1,1,45,2,2
2,47,G,3,2003,3,1,1,2,2,1,1,1,1,1,1,1,1,2,7,6,1,1, ?,2,2
4,47,F,3,2003,2,1,1,2,2,1,2,1,1,1,1,1,1,2,14,6,1,1, ?,2,2
8,47,F,4,2003,4,1,1,2,2,1,1,1,1,1,1,1,1,2,14,6,1,1, ?,2,2
9,47,S,3,2003,2,1,1,2,2,1,1,1,1,1,1,1,1,2,14,6,1,1, ?,2,2
1,50,G,4,2003,3,1,1,2,2,1,1,1,1,1,1,1,1,1,12,6,1,1, ?,2,2
1,50,G,4,2003,2,1,1,2,2,1,1,1,1,1,1,1,1,2,9,6,1,1, ?,2,2
1,50,G,4,2003,3,1,1,2,2,1,1,1,1,1,1,1,1,2,8,6,1,1, ?,2,2
5,50,F,4,2003,3,1,1,2,2,1,1,1,1,1,1,2,1,2,9,6,1,1, ?,2,2
12,50,F,4,2003,3,1,1,2,2,1,1,1,1,1,1,1,1,2,14,6,1,1, ?,2,2
3,44,F,3,2003,3,1,1,2,2,1,1,1,1,1,1,1,1,2,9,6,1,1,33,2,2
4,44,M,3,2003,3,1,1,2,2,1,1,1,1,1,1,1,1,2,15,6,1,1,40,2,2
7,44,M,3,2003,1,1,1,2,2,2,4,1,2,1,1,1,1,2,14,6,1,1,50,2,2
3,44,F,4,2003,3,1,1,2,2,1,1,1,1,1,1,1,1,2,11,6,1,1,35,2,2
1,48,G,4,2003,2,1,1,2,2,1,2,1,1,1,1,1,1,1,9,6,1,1,31,2,2
1,48,F,4,2003,3,1,1,2,2,1,1,1,1,1,1,1,1,2,8,6,1,1,38,2,2
2,43,F,4,2003,4,1,1,2,2,1,4,1,1,1,1,1,2,2,9,6,1,1,40,2,2
6,45,F,4,2003,1,1,1,2,2,4,2,1,1,1,3,1,1,2,8,6,1,1, ?,2,2
1,45,F,5,2003,3,1,1,2,2,1,1,1,1,1,1,1,1,2,14,6,1,1,40,2,2
6,45,G,5,2003,4,1,1,2,2,1,4,1,1,1,1,1,1,2,12,6,1,1, ?,2,2
1,43,F,5,2003,3,1,1,2,2,1,1,3,1,1,1,3,1,2,9,6,1,1, ?,2,2
2,43,F,5,2003,4,1,1,2,2,1,4,1,1,1,1,1,1,2,7,6,1,1, ?,2,2
2,47,F,5,2003,3,1,1,2,2,1,1,1,1,1,1,1,1,2,9,6,1,1, ?,2,2
9,47,F,5,2003,2,1,1,2,2,1,1,1,1,1,1,1,1,2,14,6,1,1,35,2,2
2,43,G,6,2003,4,1,1,2,2,2,4,1,2,1,1,1,1,2,14,6,1,1, ?,2,2
2,43,F,6,2003,1,1,1,2,2,1,2,1,1,1,1,1,1,2,14,6,1,1, ?,2,2
6,45,F,6,2003,2,1,1,2,2,1,1,1,1,1,1,1,1,2,10,6,1,1,35,2,2
2,50,G,5,2003,1,1,1,2,2,1,4,1,1,1,1,1,1,2,14,6,1,1, ?,2,2
4,41,G,3,2003,3,1,1,2,2,1,1,1,1,1,1,3,1,2,8,6,1,1, ?,2,2
4,44,G,5,2003,3,1,1,2,2,1,1,1,1,1,1,1,1,2,6,6,1,1, ?,2,2
5,44,F,5,2003,1,1,1,2,2,1,2,1,1,1,1,1,1,2,14,6,1,1,42,2,2
7,44,F,5,2003,1,1,1,2,2,1,2,1,1,1,1,1,1,2,14,6,1,1, ?,2,2
3,41,G,5,2003,3,1,1,2,2,1,1,1,1,1,1,1,1,2,9,6,1,1, ?,2,2
5,41,G,5,2003,2,1,1,2,2,1,2,1,1,1,1,1,1,2,9,6,1,1, ?,2,2
5,41,F,6,2003,1,1,1,2,2,1,4,1,1,1,1,1,1,2,14,6,1,1, ?,2,2
1,51,G,5,2003,2,1,1,2,2,1,1,1,1,1,1,1,1,2,6,6,1,1,25,2,2
1,46,F,4,2003,1,1,1,2,2,1,4,1,1,1,1,1,1,2,14,6,1,1, ?,2,2
1,50,G,6,2003,4,1,1,2,2,1,4,1,1,1,1,1,1,2,14,6,1,1,35,2,2
2,50,F,6,2003,3,1,1,2,2,1,1,1,1,1,1,1,1,1,11,6,1,1, ?,2,2
10,50,G,6,2003,4,1,1,2,2,1,3,1,1,1,1,1,1,2,14,6,1,1, ?,2,2
13,50,F,6,2003,4,1,1,2,2,1,4,1,1,1,1,1,1,2,14,6,1,1, ?,2,2
1,47,G,6,2003,3,1,1,2,2,1,1,1,1,1,1,1,1,2,9,5,1,1,43,2,2
1,47,F,6,2003,2,1,1,2,2,1,1,1,1,1,1,1,1,2,9,6,1,1,35,2,2
2,47,F,6,2003,3,1,1,2,2,1,1,1,1,1,1,1,1,2,10,6,1,1, ?,2,2
5,47,G,6,2003,3,1,1,2,2,2,1,1,2,1,1,3,1,2,11,6,1,1,35,2,2
2,45,G,7,2003,1,1,1,2,2,1,4,1,1,1,1,1,1,2,14,6,1,1, ?,2,2
10,50,G,7,2003,3,1,1,2,2,1,1,1,1,1,1,1,1,2,9,6,1,1, ?,2,2
12,50,F,7,2003,2,1,1,2,2,1,1,1,1,1,1,1,1,2,9,6,1,1, ?,2,2
1,47,G,7,2003,4,1,1,2,2,1,4,1,1,1,1,1,1,2,14,6,1,1,25,2,2
1,47,G,7,2003,2,1,1,2,2,1,1,1,1,1,1,1,1,2,9,6,1,1, ?,2,2
9,47,F,7,2003,3,1,1,2,2,1,1,1,1,1,1,1,1,2,9,6,1,1, ?,2,2
9,47,G,7,2003,4,1,1,2,2,1,4,1,1,1,1,1,1,2,14,6,1,1,40,2,2
13,47,S,7,2003,3,1,1,2,2,1,1,1,1,1,1,1,1,2,9,6,1,1,45,2,2
4,44,G,7,2003,3,1,1,2,2,1,1,1,1,1,1,3,1,2,14,6,1,1, ?,2,2
4,44,F,7,2003,2,1,1,2,2,1,1,1,1,1,1,3,1,2,14,6,1,1, ?,2,2
5,44,F,7,2003,4,1,1,2,2,1,4,1,1,1,1,1,1,2,7,6,1,1, ?,2,2
5,44,F,7,2003,4,1,1,2,2,1,3,1,1,1,1,1,1,2,9,6,1,1, ?,2,2
7,44,G,7,2003,1,1,1,2,2,1,4,1,1,1,1,1,1,2,8,6,1,1, ?,2,2
7,44,F,7,2003,2,1,1,2,2,1,1,1,1,1,1,1,1,2,8,6,1,1,35,2,2
7,44,F,7,2003,4,1,1,2,2,1,2,1,1,1,1,1,1,2,8,6,1,1, ?,2,2
7,44,F,7,2003,4,1,1,2,2,1,4,1,1,1,1,1,1,2,9,6,1,1, ?,2,2
9,47,F,8,2003,2,1,1,2,2,1,1,1,1,1,1,1,1,2,14,6,1,1, ?,2,2
9,47,G,8,2003,1,1,1,2,2,1,1,1,1,1,1,1,1,2,9,6,1,1, ?,2,2
2,43,M,9,2003,4,1,1,2,2,1,3,3,1,1,1,1,2,2,10,6,1,1, ?,2,2
8,47,G,9,2003,2,1,1,2,2,1,1,1,1,1,1,1,1,2,6,6,1,1, ?,2,2
2,50,F,8,2003,1,1,1,2,2,1,2,1,1,1,1,1,1,2,7,6,1,1,22,2,2
12,50,F,9,2003,2,1,1,2,2,1,1,1,1,1,1,1,1,2,9,6,1,1, ?,2,2
2,50,F,10,2003,3,1,1,2,2,1,1,1,1,1,1,1,1,2,9,6,1,1, ?,2,2
11,50,F,10,2003,4,1,1,2,2,1,4,1,1,1,1,3,1,2,14,6,1,1, ?,2,2
12,50,F,11,2003,3,1,1,2,2,1,1,1,1,1,1,1,1,2,9,6,1,1, ?,2,2
13,50,F,11,2003,2,1,1,2,2,1,2,1,1,1,1,2,1,2,12,6,1,1, ?,2,2
1,47,F,10,2003,1,1,1,2,2,2,4,2,2,1,1,1,1,2,9,6,1,1, ?,2,2
2,47,F,10,2003,1,1,1,2,2,1,4,1,1,1,1,1,1,2,14,6,1,1, ?,2,2
12,47,G,10,2003,3,1,1,2,2,1,1,1,1,1,1,1,1,2,9,6,1,1,35,2,2
2,43,M,10,2003,1,1,1,2,2,1,2,1,1,1,3,1,1,2,14,6,1,1,30,2,2
2,43,F,10,2003,1,1,1,2,2,1,2,1,1,1,1,1,1,2,13,6,1,1, ?,2,2
2,43,F,11,2003,3,1,1,2,2,1,1,1,1,1,1,1,1,2,9,6,1,1, ?,2,2
2,43,S,11,2003,4,1,1,2,2,1,4,1,1,1,1,1,1,2,9,6,1,1,30,2,2
2,43,F,11,2003,3,1,1,2,2,1,2,1,1,1,1,1,1,2,9,6,1,1, ?,2,2
5,44,F,8,2003,4,1,1,2,2,1,4,1,1,1,1,1,1,2,7,6,1,1,25,2,2
5,44,F,8,2003,2,1,1,2,2,2,1,1,2,1,1,1,1,2,9,6,1,1, ?,2,2
4,51,F,12,2003,3,1,1,2,2,1,2,1,1,1,1,1,1,2,16,6,1,1, ?,2,2
2,50,F,12,2003,3,1,1,2,2,1,1,1,1,1,1,1,1,2,9,6,1,1, ?,2,2
2,50,F,12,2003,4,1,1,2,2,4,4,1,1,1,1,1,1,2,14,6,1,1, ?,2,2
11,50,G,12,2003,2,1,1,2,2,1,1,1,1,1,1,2,1,2,9,6,1,1,35,2,2
13,50,F,12,2003,3,1,1,2,2,1,1,1,1,1,1,3,1,2,8,6,1,1, ?,2,2
5,41,F,9,2003,3,1,1,2,2,1,1,1,1,1,1,1,1,2,9,6,1,1, ?,2,2
5,41,M,11,2003,1,1,1,2,2,1,1,1,1,1,1,1,1,2,9,6,1,1, ?,2,2
5,41,G,11,2003,2,1,1,2,2,1,1,1,1,1,1,1,1,2,10,6,1,1, ?,2,2
2,43,F,12,2003,2,1,1,2,2,1,1,1,1,1,1,1,1,2,9,6,1,1, ?,2,2
2,43,S,12,2003,4,1,1,2,2,1,4,1,1,1,1,1,1,2,9,6,1,1,32,2,2
1,46,G,4,2003,3,1,1,2,2,1,1,1,1,1,1,1,1,2,8,6,1,1, ?,2,2
1,46,F,7,2003,2,1,1,2,2,1,1,1,1,1,1,1,1,2,14,6,1,1, ?,2,2
3,44,F,10,2003,2,1,1,2,2,1,1,1,1,1,1,1,1,2,14,6,1,1, ?,2,2
4,44,G,10,2003,4,1,1,2,2,1,2,1,1,1,1,2,1,2,9,6,1,1,42,2,2
5,44,F,10,2003,1,1,1,2,2,1,4,1,1,1,1,1,1,2,7,6,1,1,35,2,2
7,44,S,10,2003,2,1,1,2,2,1,1,1,1,1,1,1,1,2,10,6,1,1,23,2,2
7,44,F,10,2003,3,1,1,1,2,1,1,1,1,1,1,1,1,2,9,6,1,1, ?,2,2
7,44,F,10,2003,1,1,1,2,2,1,4,1,1,1,1,1,1,2,9,6,1,1, ?,2,2
5,44,F,11,2003,2,1,1,2,2,1,2,1,1,1,1,1,1,2,8,6,1,1, ?,2,2
5,44,F,11,2003,4,1,1,2,2,1,4,1,1,1,3,1,1,2,14,6,1,1, ?,2,2
3,44,S,12,2003,4,1,1,2,2,1,4,1,1,1,1,1,1,2,9,6,1,1, ?,2,2
4,44,G,12,2003,3,1,1,2,2,1,1,1,1,1,1,2,1,2,14,6,1,1, ?,2,2
9,42,M,2,2003,3,3,4,2,1,1,1,1,1,1,1,5,1,1,12,6,1,1, ?,2,2
9,42,M,2,2003,3,3,4,2,1,1,1,1,1,1,1,5,1,1,9,6,1,1, ?,2,2
11,42,S,1,2003,1,1,3,1,1,1,3,1,1,1,1,5,1,1,14,6,1,1,26,2,2
10,42,G,1,2003,2,3,4,2,1,1,1,1,1,1,1,5,1,1,8,6,?,?, ?,2,2
10,42,G,2,2003,4,7,8,2,2,1,2,1,1,1,1,5,1,1,12,6,?,?,38,2,2
10,42,G,2,2003,2,7,6,2,1,1,1,1,1,1,1,5,1,1,8,6,1,1, ?,2,2
6,42,M,3,2003,4,1,1,2,2,1,3,1,1,1,1,5,1,1,14,6,1,1, ?,2,2
21,42,F,1,2003,3,1,1,2,2,1,1,1,1,1,1,5,1,1,4,6,1,1,17,2,2
10,42,G,3,2003,4,1,6,2,1,1,3,1,1,1,1,5,1,1,10,6,1,1, ?,2,2
10,42,G,3,2003,3,7,8,2,1,1,1,1,1,1,1,5,1,1,10,6,?,?, ?,2,2
9,42,M,3,2003,4,1,1,2,2,1,3,1,1,1,1,5,1,1,19,6,1,1, ?,2,2
9,42,M,3,2003,3,1,4,2,1,1,1,1,1,1,1,5,1,1,12,6,1,1, ?,2,2
9,42,G,3,2003,4,1,1,2,1,1,3,1,1,1,1,5,1,1,10,6,?,?, ?,2,2
9,42,M,3,2003,2,5,5,2,1,1,1,1,1,1,1,5,1,1,9,6,2,7, ?,2,2
9,42,M,3,2003,2,7,6,2,1,1,1,1,1,1,1,5,1,1,9,6,1,1, ?,2,2
11,42,G,3,2003,1,3,4,2,1,1,3,1,1,1,1,5,1,1,7,6,1,1,35,2,2
11,42,F,3,2003,2,1,1,1,1,1,2,1,1,1,1,5,1,1,14,6,?,?, ?,2,2
3,42,M,4,2003,4,3,4,2,2,1,3,1,1,1,1,5,1,1,7,6,1,1,32,2,2
10,42,F,4,2003,4,7,8,2,1,1,3,1,1,1,1,5,1,1,8,6,1,1, ?,2,2
21,42,G,4,2003,1,1,1,2,1,1,2,1,1,1,1,5,1,1,14,6,?,?, ?,2,2
6,42,M,4,2003,2,2,4,2,1,1,1,1,1,1,1,5,1,1,9,6,?,?, ?,2,2
6,42,F,4,2003,1,1,?,2,1,1,3,1,1,1,1,5,1,1,13,6,1,1, ?,1,2
9,42,G,1,2003,4,2,4,2,2,1,3,1,1,1,1,5,1,1,9,6,?,1, ?,2,2
9,42,G,1,2003,3,2,4,2,2,1,1,1,1,1,1,5,1,1,9,6,1,1, ?,2,2
9,42,M,1,2003,4,3,4,2,1,1,3,1,1,1,1,5,1,1,9,6,1,1, ?,2,2
9,42,G,1,2003,4,2,4,2,1,1,3,1,1,1,1,5,1,1,10,6,?,1, ?,2,2
9,42,M,1,2003,4,3,4,2,1,1,3,1,1,1,1,5,1,1,14,6,1,1, ?,2,2
9,42,G,1,2003,2,3,4,2,2,1,1,1,1,1,1,5,1,1,9,6,1,1, ?,2,2
9,42,M,1,2003,3,5,4,2,1,1,1,1,1,1,1,5,1,1,8,6,?,?, ?,2,2
8,42,G,1,2003,2,1,1,2,1,1,1,1,1,1,1,5,1,1,10,6,1,7, ?,2,2
1,42,G,1,2003,1,1,1,2,1,1,3,1,1,1,1,5,1,1,14,6,2,1, ?,2,2
1,42,M,1,2003,3,1,1,2,1,1,1,1,1,1,1,5,1,1,8,6,1,1, ?,2,2
1,42,G,3,2003,3,3,1,2,1,1,1,1,1,1,1,5,1,1,10,6,1,1, ?,2,2
1,42,G,1,2003,4,2,4,1,1,1,2,1,1,1,1,5,1,1,10,6,1,1, ?,2,2
1,42,G,1,2003,3,1,1,2,2,1,1,1,1,1,1,5,1,1,11,6,?,?, ?,2,2
1,42,M,1,2003,4,3,4,2,1,1,3,1,1,1,1,5,1,1,14,6,2,7, ?,2,2
1,42,G,1,2003,3,2,4,2,1,1,1,1,1,1,1,5,1,1,10,6,1,1, ?,2,2
1,42,S,3,2003,4,5,4,2,1,1,3,1,1,1,1,5,1,1,14,6,1,1, ?,2,2
1,42,M,3,2003,3,5,4,2,1,1,1,1,1,1,1,5,1,1,8,6,1,1, ?,2,2
1,42,M,3,2003,3,1,1,2,1,1,1,1,1,1,1,5,1,1,9,6,1,1, ?,2,2
11,42,G,4,2003,2,7,1,2,1,1,1,1,1,1,1,5,1,1,14,6,1,1, ?,?,2
6,42,M,5,2003,3,1,1,2,2,1,1,1,1,1,1,5,1,1,8,6,?,?, ?,2,2
5,42,M,2,2003,4,7,1,2,2,1,3,1,1,1,1,5,1,1,10,6,1,1,40,2,2
5,42,S,2,2003,2,7,1,2,2,1,1,1,1,1,1,5,1,1,13,6,1,1,50,2,2
21,42,G,5,2003,4,1,1,2,2,1,3,1,1,1,1,5,1,1,14,6,1,1, ?,2,2
21,42,G,5,2003,3,7,4,2,2,1,1,1,1,1,1,5,1,1,8,6,1,1, ?,2,2
2,42,F,1,2003,4,2,4,2,1,1,3,1,1,1,1,5,1,1,9,6,1,1, ?,2,2
10,42,G,5,2003,1,7,4,2,1,1,3,1,1,1,1,5,1,1,5,6,1,1, ?,2,2
12,42,F,1,2003,1,1,1,2,1,1,2,1,1,1,1,5,1,1,14,6,1,1, ?,1,2
12,42,S,2,2003,4,3,1,2,1,1,3,1,1,1,1,5,1,1,11,6,1,1, ?,2,2
22,42,G,4,2003,2,7,4,2,1,1,1,1,1,1,1,5,1,1,8,6,1,1, ?,2,2
22,42,F,4,2003,4,1,1,2,1,1,3,1,1,1,1,5,1,1,8,6,1,1, ?,2,2
22,42,M,5,2003,3,3,4,2,1,1,1,1,1,1,1,5,1,1,9,5,?,?, ?,2,2
22,42,M,5,2003,2,1,4,2,1,1,2,1,1,1,1,5,1,1,10,6,1,1, ?,2,2
15,42,M,4,2003,4,7,2,2,1,1,3,1,1,1,1,5,1,1,8,6,?,?,35,2,2
15,42,M,4,2003,4,1,1,1,1,1,2,1,1,1,1,5,1,1,9,6,1,1,40,2,2
12,42,F,7,2003,2,1,2,2,1,2,1,1,2,1,1,5,1,1,8,6,1,1, ?,2,2
12,42,S,7,2003,1,3,6,2,1,1,3,1,1,1,1,5,1,1,14,6,1,1, ?,2,2
9,42,G,5,2003,3,3,4,2,1,1,1,1,1,1,1,5,1,1,10,6,1,1, ?,2,2
9,42,G,5,2003,3,5,4,2,1,1,1,1,1,1,1,5,1,1,8,6,2,1, ?,2,2