Thana,District,Accident_Severity,Month,Year,Time,Junction_Type,Traffic_Control,Movement,Divider,Weather,Light,Road_Geometry,Surface_Condition,Surface_Type,Surface_Quality,Road_Class,Road_Feature,Location_Type,Vehicle_Type,Vehicle_Movement,Vehicle_Loading,Vehicle_Defect,Vehicle_Driver_Age,Vehicle_Alcohol,Vehicle_Seat_Belt
2,58,F,10,2003,4,7,1,2,2,2,2,1,2,1,1,1,1,2,9, ?,?,?, ?,?,?
10,58,G,10,2003,3,7,8,2,?,1,1,2,1,1,1,5,1,1,10,2,?,1,32,2,1
13,63,F,10,2003,2,1,1,2,?,1,1,2,1,1,1,2,1,2,7, ?,?,?, ?,?,?
5,63,F,10,2003,4,?,1,2,?,1,2,1,1,1,1,2,?,2,11,6,?,?, ?,?,?
14,63,M,10,2003,2,?,1,1,?,1,1,1,1,1,1,1,1,2,9,9,?,?, ?,?,?
1,61,F,11,2003,3,1,1,2,2,1,2,1,1,1,1,2,1,2,14,6,1,1,28,2,2
1,61,S,11,2003,1,1,1,2,2,1,3,1,1,1,1,3,1,2,14, ?,1,1,40,2,2
1,61,G,11,2003,2,1,1,2,2,1,1,1,1,1,1,1,2,?,7,6,1,1,33,2,2
3,61,S,11,2003,3,?,1,2,2,1,1,1,1,1,1,1,1,2,9,4,?,?,50,?,?
2,61,F,11,2003,3,3,1,2,?,1,1,1,1,1,1,1,1,1,8,6,1,1,28,2,2
1,58,F,11,2003,2,1,2,2,2,1,1,1,1,1,1,1,1,2,9,6,1,1, ?,2,2
1,58,M,11,2003,1,1,2,2,2,1,3,1,1,1,1,1,1,2,14,6,1,1,42,2,2
5,58,F,11,2003,2,?,1,2,2,1,1,1,1,1,1,1,1,2,14,6,1,1, ?,1,2
7,58,G,11,2003,1,3,1,2,2,1,4,2,1,1,1,1,1,2,14,9,1,1,38,2,2
6,58,F,11,2003,3,1,1,2,2,1,1,1,1,1,1,1,1,2,14,6,1,1,35,1,2
7,58,F,10,2003,2,7,?,2,2,1,1,1,2,1,1,1,1,2,8,1,1,1,28,?,?
8,63,F,11,2003,3,2,1,2,2,1,?,1,1,1,1,1,1,2,12,5,?,1,40,1,2
13,63,F,11,2003,2,7,1,1,2,1,2,1,1,1,1,1,1,2,12, ?,?,?, ?,?,?
2,63,F,11,2003,3,1,1,2,2,1,1,1,1,1,2,4,1,2,8,6,2,6, ?,1,2
14,63,F,11,2003,3,1,1,2,2,1,1,1,1,1,1,1,1,2,9,2,1,2,45,1,2
14,63,F,11,2003,3,1,1,2,?,1,1,1,1,1,1,1,1,2,5, ?,?,?,40,?,?
9,63,G,11,2003,4,1,1,2,?,1,2,1,1,1,1,4,1,2,5,5,1,?, ?,2,2
9,63,M,11,2003,2,7,1,2,2,1,1,2,1,1,1,2,1,2,10,4,1,?,26,2,2
14,63,F,6,2003,1,?,1,1,1,4,1,1,1,1,1,1,1,2,14,6,1,1, ?,?,?
8,63,F,6,2003,3,?,8,2,2,2,1,1,2,1,1,1,1,2,14,6,1,7, ?,1,2
9,63,S,6,2003,3,?,1,2,2,1,1,1,1,1,1,1,1,2,19,6,1,1, ?,?,?
9,63,F,6,2003,4,1,1,2,2,1,4,1,1,1,1,1,1,2,19,6,1,1,50,2,2
6,58,F,7,2003,2,1,1,2,2,2,1,2,2,1,1,1,1,2,9,6,1,7, ?,1,2
7,63,G,7,2003,3,1,1,2,2,2,1,1,2,1,1,1,1,2,16,6,1,3, ?,?,?
5,58,F,8,2003,3,?,1,2,?,1,1,1,1,1,1,1,1,2,9,6,1,1, ?,2,2
2,60,G,8,2003,3,1,1,2,2,1,1,1,1,1,1,2,1,2,9,11,1,1,40,2,2
5,58,G,10,2003,4,7,1,2,2,1,3,1,1,1,1,1,1,2,9,6,1,1,41,1,2
1,60,G,10,2003,3,1,1,2,2,1,1,1,1,1,1,2,1,2,9,6,1,?, ?,2,2
4,62,G,11,2003,3,1,1,2,2,1,1,1,1,1,1,3,1,1,12,6,1,1,28,2,2
1,61,F,11,2003,3,?,1,2,2,1,1,?,1,1,1,2,1,2,9,1,?,?, ?,?,?
2,61,F,11,2003,3,1,1,2,2,1,1,1,1,1,1,1,1,1,9, ?,1,1,24,2,2
2,58,G,11,2003,3,?,1,2,2,2,1,1,2,1,1,1,1,2,9,6,1,1,35,?,?
1,61,S,1,2003,1,7,1,2,2,1,4,1,1,1,1,1,1,2,14,6,?,7,35,2,2
7,58,M,1,2003,2,1,1,2,2,4,2,1,1,1,1,1,1,2,14,6,1,1, ?,?,?
8,63,F,4,2003,1,7,8,2,2,2,4,1,2,1,1,1,1,2,9,6,1,1,38,2,2
7,58,F,5,2003,4,1,1,2,2,1,4,1,1,1,1,1,1,2,9,6,1,1, ?,2,2
6,58,F,5,2003,1,1,1,2,2,1,2,2,1,1,1,1,1,2,14,6,1,1, ?,1,2
6,58,F,5,2003,1,1,1,2,2,1,4,1,1,1,1,1,1,2,9,6,1,1, ?,1,1
10,58,F,5,2003,2,1,1,2,?,1,1,2,1,1,1,2,1,2,9,1,1,?, ?,2,2
10,58,G,5,2003,2,7,8,1,2,1,1,1,1,1,1,5,1,1,14,11,1,?, ?,2,2
6,60,G,5,2003,3,1,1,2,2,1,1,1,1,1,1,5,1,1,8,6,1,1,50,2,2
1,57,G,5,2003,2,1,1,2,2,1,1,1,1,1,1,2,1,1,14,1,1,?, ?,2,2
2,65,G,5,2003,2,1,1,2,2,1,1,1,1,1,1,1,1,2,9,6,1,1,40,2,2
6,58,G,1,2003,3,2,4,2,2,1,1,1,1,1,1,1,1,1,8,11,1,1, ?,2,2
9,42,F,11,2003,3,3,6,2,1,1,1,1,1,1,1,5,1,1,7,6,1,1, ?,2,2
7,64,S,2,2003,4,1,2,2,1,1,3,1,1,1,1,5,1,1,13,6,1,1, ?,2,2
6,64,F,5,2003,1,1,6,2,2,1,1,1,1,1,1,5,1,1,9,6,1,1, ?,1,2
1,64,M,1,2003,4,1,6,2,2,1,3,1,1,1,1,5,1,1,14,6,1,1, ?,2,2
10,64,G,4,2003,1,1,1,2,2,1,4,1,1,1,1,5,1,1,6,6,1,1, ?,2,2
14,42,G,3,2003,3,1,1,2,2,1,1,1,1,1,1,2,1,2,14,6,1,1, ?,2,2
14,42,F,5,2003,3,3,1,2,1,1,1,1,1,1,1,5,1,1,8,6,1,1, ?,2,2
21,42,G,3,2003,3,1,1,2,2,1,1,1,1,1,1,5,1,1,9,6,?,?, ?,2,2
9,42,F,7,2003,3,1,4,2,1,1,1,1,1,1,1,5,1,1,9,7,1,1, ?,2,2
14,63,F,10,2003,2,3,1,1,2,1,1,1,1,1,1,1,1,1,5,9,2,?, ?,2,?
1,62,F,7,2003,3,1,1,2,?,1,1,1,1,1,1,2,1,2,9,6,?,1,40,?,2
4,68,G,7,2003,2,1,1,2,2,2,1,4,1,1,1,2,1,2,10,4,1,1,30,2,2
5,55,M,12,2003,2,3,1,2,2,1,1,1,1,1,1,2,1,2,11,6,1,1,30,2,2
4,62,S,1,2003,3,1,8,2,2,1,1,1,1,1,1,2,1,2,11,11,1,6, ?,2,2
10,63,G,2,2003,3,1,1,2,2,1,1,1,1,1,1,2,1,2,9,6,1,1,37,2,2
7,58,S,4,2003,3,1,1,2,2,1,1,1,1,1,1,1,1,2,9,6,1,1, ?,?,?
1,28,F,5,2003,3,1,1,1,2,1,1,1,1,1,1,2,1,1,4,6,1,1,55,2,1
1,32,F,5,2004,3,3,1,2,2,1,1,2,1,1,1,1,1,2,9,3,1,7, ?,2,2
9,29,F,2,2004,2,1,1,1,2,1,1,3,1,1,2,2,1,2,9,11,1,3,30,2,2
3,29,F,2,2004,4,7,1,2,2,1,2,1,1,1,1,1,1,2,14,6,1,7, ?,1,2
4,30,F,1,2004,3,1,1,2,2,1,1,1,1,1,1,2,1,2,8,6,1,1,34,2,2
1,30,G,1,2004,3,3,1,2,2,1,1,1,1,1,3,1,1,1,9,5,1,1, ?,2,2
6,30,S,3,2004,3,7,1,2,2,1,1,3,1,2,3,2,1,2,6,11,1,7,30,2,2
7,30,F,6,2004,3,2,1,2,2,1,1,1,1,1,1,2,1,2,9,6,1,6,25,2,2
1,34,F,3,2004,2,1,1,2,2,1,1,1,1,1,1,2,1,1,9,5,1,1, ?,2,2
10,34,G,6,2004,3,1,1,2,2,1,1,1,1,1,1,4,1,2,9,6,1,1, ?,2,2
6,34,F,3,2004,2,1,1,2,2,1,1,1,1,1,1,1,1,2,9,5,1,1, ?,2,2
6,34,F,7,2004,1,1,1,2,2,1,2,1,1,1,1,1,1,2,14,6,1,7, ?,2,2
6,34,F,8,2004,2,1,1,2,2,1,1,1,1,1,1,1,1,2,9,6,1,7, ?,2,2
4,33,F,5,2004,2,7,1,2,2,1,1,2,1,1,1,4,1,2,9,1,1,1, ?,2,2
2,33,F,2,2004,4,3,1,2,2,1,4,1,1,1,1,1,1,2,5,6,2,1, ?,1,2
5,33,F,3,2004,2,1,1,2,2,1,1,1,1,1,1,2,1,2,14,5,1,1, ?,1,2
5,33,S,10,2004,4,1,1,2,2,1,4,1,1,1,1,2,1,2,9,5,1,1, ?,2,2
6,13,G,3,2004,2,1,1,2,2,1,1,1,1,1,1,2,1,2,9,5,1,1, ?,2,2
5,13,F,4,2004,4,1,1,2,1,1,4,1,1,1,1,2,1,2,19,6,1,7,19,2,2
3,13,F,1,2004,2,7,1,2,2,1,1,1,1,1,1,3,1,2,8,6,2,6, ?,2,2
2,13,F,1,2004,3,1,1,2,2,1,1,1,1,1,1,4,1,2,16,11,1,1, ?,2,2
9,13,F,2,2004,2,1,1,1,2,1,1,1,1,1,1,4,1,2,14,6,1,1, ?,2,1
5,13,F,2,2004,3,1,1,2,2,1,1,4,1,1,1,2,3,2,19,5,2,7, ?,2,2
5,13,G,4,2004,4,1,1,2,1,1,4,1,1,1,1,2,1,2,19,6,1,1,19,2,2
8,13,F,6,2004,3,1,1,2,2,2,1,1,2,1,1,1,1,2,8,1,1,1, ?,2,2
6,9,F,5,2004,3,1,1,2,2,1,1,1,1,1,1,2,1,2,9,6,1,1, ?,2,2
8,13,F,5,2004,2,7,8,2,2,1,1,4,1,1,2,4,1,2,14,6,1,1, ?,2,2
11,9,F,2,2004,3,1,1,2,2,1,1,1,1,1,1,1,1,2,8,6,1,1,22,2,2
7,13,M,7,2004,2,1,1,2,2,1,1,1,1,1,1,2,1,2,14,6,1,3, ?,2,2
8,13,F,7,2004,1,1,1,2,2,1,4,1,1,1,3,1,1,1,14,6,1,1, ?,2,2
5,13,F,7,2004,2,1,1,2,1,1,1,1,1,1,1,2,1,2,9,5,1,1, ?,2,2
4,9,F,5,2004,2,7,1,2,2,1,1,1,1,1,1,2,1,2,7,6,1,7,30,1,2
7,13,F,8,2004,2,1,1,2,2,1,1,1,1,1,1,2,1,2,8,6,1,1,35,2,2
4,13,F,8,2004,2,1,1,1,2,1,1,1,1,1,1,3,1,2,14,6,1,1, ?,2,2
3,13,F,8,2004,2,3,1,2,2,2,1,1,2,1,1,3,1,2,8,1,1,1, ?,2,2
5,13,F,8,2004,1,1,1,2,2,1,1,4,1,1,1,1,1,2,9,6,1,1, ?,2,2
7,9,G,5,2004,3,3,1,2,2,1,1,1,1,1,1,1,1,2,4,11,1,1,28,2,2
1,13,G,9,2004,4,3,1,2,2,1,4,1,1,1,1,3,1,1,10,6,1,1, ?,2,1
8,13,F,9,2004,3,1,1,2,2,1,1,1,1,1,1,1,1,1,8,6,1,1, ?,1,2
5,13,F,9,2004,4,3,1,2,2,1,2,1,1,1,1,1,1,2,9,2,1,1,40,2,2
10,9,F,10,2004,3,1,1,2,2,1,1,1,1,1,2,1,1,1,9,6,1,1, ?,2,2
1,9,G,5,2004,2,1,1,2,2,1,1,1,1,1,1,1,1,1,14,6,1,1, ?,2,2
2,6,F,10,2004,3,1,1,1,2,1,1,1,1,1,1,1,1,2,17,6,2,1, ?,1,2
2,6,F,10,2004,3,1,1,1,2,1,1,1,1,1,1,3,1,2,14,11,2,6, ?,1,2
8,13,F,11,2004,2,1,1,2,2,1,1,1,1,1,1,1,1,2,8,5,1,7, ?,1,2
8,13,F,10,2004,3,7,1,2,2,1,1,1,1,1,1,1,1,1,8,6,1,1, ?,1,1
7,9,F,2,2004,3,3,1,2,2,1,1,1,1,1,1,1,2,2,9,11,1,1, ?,2,2
7,13,G,10,2004,4,1,1,2,2,1,2,1,1,1,1,2,1,2,14,6,1,3,32,2,2
6,9,F,11,2004,2,1,8,2,2,1,1,1,1,1,1,2,1,2,13,2,1,2,35,2,2
5,6,F,3,2004,2,3,1,2,2,1,1,1,1,1,1,1,1,2,19,6,1,1,30,2,2
1,9,F,3,2004,3,1,1,2,2,1,4,1,1,1,1,1,1,1,9,6,1,1,42,1,2
8,13,F,12,2004,1,7,1,2,2,1,1,1,1,1,1,1,2,?,9,2,2,1, ?,2,2
6,13,F,12,2004,3,1,8,2,2,1,4,1,1,1,1,1,1,2,9,7,1,1,35,1,2
6,13,G,12,2004,3,1,1,2,2,1,1,1,1,1,1,2,1,2,7,1,1,1,26,2,2
8,13,F,11,2004,2,1,1,2,2,1,1,3,1,3,1,4,1,2,9,6,1,1, ?,2,2
2,9,F,12,2004,4,1,1,2,2,1,1,1,1,1,1,3,1,2,8,6,1,1, ?,1,2
11,9,G,11,2004,4,1,1,2,2,1,4,1,1,1,1,1,1,2,14,5,1,1, ?,2,2
5,43,F,5,2004,2,1,1,2,2,1,1,1,1,1,1,1,1,?,9,6,1,1, ?,2,2
2,43,F,8,2004,3,1,1,2,2,1,1,1,1,1,1,1,1,2,9,6,1,1, ?,2,2
2,43,F,8,2004,4,1,1,2,2,1,4,1,1,1,1,1,1,2,8,6,1,1, ?,2,2
8,51,G,10,2004,3,7,1,2,2,1,1,1,1,1,1,3,1,2,9,6,1,1, ?,2,2
9,51,G,10,2004,3,1,1,2,2,1,1,1,2,1,1,2,1,2,14,6,1,1, ?,2,2
6,40,F,4,2004,4,7,1,2,2,1,4,1,1,1,1,1,1,2,12,6,1,1, ?,2,2
3,40,S,11,2004,2,1,4,2,1,1,1,1,1,1,1,1,1,2,14,6,1,1, ?,2,2
6,40,G,10,2004,3,1,8,2,2,1,1,1,1,1,1,1,1,2,14,6,1,1, ?,2,2
6,40,F,12,2004,1,1,1,2,2,1,1,1,1,1,1,1,1,2,9,6,1,1, ?,2,2
6,40,F,8,2004,2,1,1,2,2,1,1,1,1,1,1,1,1,2,14,6,1,1, ?,2,2
1,40,G,1,2004,3,1,1,2,2,1,1,1,1,1,1,1,1,2,14,6,1,1, ?,2,2
5,40,G,1,2004,2,1,1,2,2,1,1,1,1,1,1,1,1,2,8,6,1,1, ?,2,2
1,35,F,2,2004,3,1,1,2,2,1,1,1,1,1,1,2,1,2,9,6,1,1, ?,2,2
1,35,F,2,2004,2,1,1,2,2,1,1,1,1,1,1,2,1,2,9,6,1,1, ?,2,2
1,35,F,2,2004,2,1,1,2,2,1,1,1,1,1,1,3,1,2,14,6,1,1, ?,2,2
11,50,F,1,2004,3,1,1,2,2,1,1,1,1,1,1,2,1,2,9,6,1,1, ?,2,2
1,41,F,1,2004,3,1,1,2,2,1,1,1,1,1,1,1,1,2,8,6,1,1, ?,2,2
1,41,F,1,2004,3,1,1,2,2,1,1,1,1,1,1,1,1,2,9,6,1,1, ?,2,2
5,41,G,1,2004,4,1,1,2,2,1,2,1,1,1,1,1,1,2,9,6,1,1, ?,2,2
5,41,F,2,2004,3,1,1,2,2,1,1,1,1,1,1,2,1,2,14,6,1,1, ?,2,2
5,41,F,2,2004,2,1,1,2,2,1,3,1,1,1,1,1,1,2,7,6,1,1, ?,2,2
5,41,F,2,2004,2,1,1,2,2,1,2,1,1,1,1,2,1,2,7,6,1,1, ?,2,2
1,39,G,1,2004,2,1,1,2,2,1,1,1,1,1,1,1,1,2,9,6,1,1, ?,2,2
1,39,F,2,2004,3,1,1,2,2,1,1,1,1,1,1,1,1,2,9,6,1,1, ?,2,2
1,43,G,1,2004,3,1,1,2,2,1,1,1,1,1,1,3,1,2,7,6,1,1, ?,2,2
2,43,M,2,2004,3,1,1,2,2,1,1,1,1,1,1,1,1,2,15,6,1,1, ?,2,2
2,43,F,2,2004,3,1,1,2,2,1,1,1,1,1,1,1,1,2,9,6,1,1, ?,2,2
4,43,G,2,2004,4,1,1,2,2,1,4,1,1,1,1,1,1,2,10,6,1,1, ?,2,2
3,51,F,1,2004,2,1,1,2,2,1,1,1,1,1,1,3,1,2,17,6,1,1, ?,2,2
9,51,F,2,2004,2,1,1,2,2,1,2,1,1,1,1,2,1,2,9,6,1,1, ?,2,2
1,38,S,1,2004,3,1,1,2,2,1,1,1,1,1,1,1,1,2,9,6,1,1, ?,2,2
6,38,F,1,2004,2,1,1,2,2,1,1,2,1,1,1,3,1,2,14,6,1,1, ?,2,2
3,38,F,2,2004,2,1,1,2,2,1,1,1,1,1,1,1,1,2,9,6,1,1, ?,2,2
3,38,F,2,2004,2,1,1,2,2,1,1,1,1,1,1,1,1,2,9,6,1,1, ?,2,2
6,38,F,4,2004,2,1,1,2,2,1,1,1,1,1,1,1,1,2,14,6,1,1,45,2,2
4,51,M,3,2004,2,1,1,2,2,1,2,1,1,1,1,2,1,2,14,6,1,1,45,2,2
8,51,G,3,2004,2,1,1,2,2,1,1,1,1,1,1,2,1,2,14,6,1,1, ?,2,2
1,51,F,4,2004,2,1,1,2,2,1,1,1,1,1,1,3,1,2,17,6,1,1, ?,2,2
9,51,G,4,2004,2,1,1,2,2,1,1,1,1,1,1,2,1,2,13,6,1,1, ?,2,2
12,51,F,3,2004,2,1,1,2,2,1,1,1,1,1,1,3,1,2,9,6,1,1, ?,2,2
1,41,G,3,2004,1,1,1,2,2,1,4,1,1,1,1,1,1,2,14,6,1,1, ?,2,2
2,41,G,3,2004,2,1,1,2,2,1,1,1,1,1,1,3,1,2,9,6,1,1, ?,2,2
5,41,G,3,2004,3,1,1,2,2,1,1,1,1,1,1,1,1,2,8,6,1,1, ?,2,2
5,41,G,3,2004,2,1,1,2,2,1,1,1,1,1,1,2,1,2,9,6,1,1, ?,2,2
7,50,G,4,2004,2,1,1,2,2,1,1,1,1,1,1,2,1,2,9,6,1,1, ?,2,2
12,50,F,4,2004,4,1,1,2,2,1,2,1,1,1,1,3,1,2,14,6,1,1, ?,2,2
2,50,G,5,2004,2,1,1,2,2,1,1,1,1,1,1,1,1,2,8,6,1,1,36,2,2
5,50,F,4,2004,2,1,1,2,2,1,1,1,1,1,1,2,1,2,14,6,1,1, ?,2,2
1,50,F,6,2004,3,1,1,2,2,1,1,1,1,1,1,1,1,2,14,6,1,1, ?,2,2
1,50,G,6,2004,2,1,1,2,2,1,1,1,1,1,1,1,1,2,7,6,1,1, ?,2,2
1,50,G,6,2004,3,1,1,2,2,1,1,1,1,1,1,3,1,2,14,6,1,1, ?,2,2
7,50,F,6,2004,3,1,1,2,2,1,1,1,1,1,1,2,1,2,9,6,1,1, ?,2,2
11,50,G,6,2004,3,1,1,2,2,1,1,1,1,1,1,2,1,2,19,6,1,1, ?,2,2
12,50,G,6,2004,3,1,1,2,2,1,1,1,1,1,1,1,1,2,8,6,1,1, ?,2,2
8,51,G,6,2004,1,1,4,2,1,1,1,1,1,1,1,2,1,2,9,6,1,1, ?,2,2
12,51,F,6,2004,3,1,1,2,2,1,1,1,1,1,1,3,1,2,14,6,1,1,34,2,2
1,50,F,7,2004,3,1,1,2,2,1,1,1,1,1,1,1,1,2,9,6,1,1, ?,2,2
1,50,F,8,2004,4,1,1,2,2,1,4,1,1,1,1,1,1,2,9,6,1,1, ?,2,2
2,50,G,8,2004,1,1,1,2,2,1,2,1,1,1,1,1,1,2,6,6,1,1, ?,2,2
8,50,F,9,2004,3,1,1,2,2,1,1,1,1,1,1,2,1,2,9,6,1,1, ?,2,2
1,49,F,1,2004,3,1,1,2,2,1,1,1,1,1,1,3,1,2,14,6,1,1, ?,2,2
20,49,F,1,2004,4,1,1,2,2,1,3,1,1,1,1,2,1,2,14,6,1,1,35,2,2
1,49,F,3,2004,4,1,1,2,2,1,4,1,1,1,1,1,1,2,14,6,1,1, ?,2,2
1,49,F,3,2004,2,1,1,2,2,1,1,1,1,1,1,3,1,2,14,6,1,1, ?,2,2
1,35,G,3,2004,2,1,1,2,2,1,1,1,1,1,1,2,1,2,9,6,1,1, ?,2,2
4,35,G,4,2004,3,1,1,2,2,1,1,1,1,1,1,3,1,2,9,6,1,1, ?,2,2
3,44,S,1,2004,4,1,1,2,2,1,4,1,1,1,1,1,1,2,14,6,1,1, ?,2,2
4,44,F,1,2004,4,1,1,2,2,1,3,1,1,1,1,2,1,2,19,6,1,1, ?,2,2
5,44,G,1,2004,1,1,1,2,2,4,4,1,2,1,1,1,1,2,14,6,1,1, ?,2,2
6,44,S,1,2004,1,1,1,2,2,1,1,1,1,1,1,1,1,2,9,6,1,1, ?,2,2
7,44,M,1,2004,2,1,1,2,2,1,1,1,1,1,1,1,1,2,9,6,1,1, ?,2,2
7,44,F,1,2004,2,1,1,2,2,1,2,1,1,1,1,1,1,2,14,6,1,1, ?,2,2
4,44,F,3,2004,1,1,2,2,1,2,1,1,1,1,1,3,1,2,14,6,1,1, ?,2,2
5,44,F,3,2004,4,1,1,2,2,1,2,1,1,1,1,1,1,2,5,6,1,1, ?,2,2
7,44,G,3,2004,3,1,1,2,2,1,1,1,1,1,1,1,1,2,9,6,1,1, ?,2,2
3,49,F,3,2004,3,1,1,2,2,1,1,1,1,1,1,3,1,2,16,6,1,1,30,2,2
4,44,G,4,2004,3,1,1,2,2,1,1,1,1,1,1,2,1,2,13,6,1,1, ?,2,2
5,44,G,3,2004,3,1,1,2,2,1,1,1,1,1,1,3,1,2,7,6,1,1, ?,2,2
2,50,F,11,2004,2,1,1,2,2,1,1,1,1,1,1,1,1,2,9,6,1,1, ?,2,2
9,50,G,11,2004,3,1,1,2,2,1,2,1,1,1,1,2,1,2,9,6,1,1, ?,2,2
11,50,F,11,2004,4,1,1,2,2,1,4,1,1,1,1,2,1,2,9,6,1,1, ?,2,2
5,41,S,4,2004,3,1,1,2,2,2,1,1,2,1,1,1,1,2,16,6,1,1,28,2,2
5,41,F,5,2004,2,1,1,2,2,1,1,1,1,1,1,1,1,2,8,6,1,1, ?,2,2
5,41,F,5,2004,1,1,1,2,2,1,4,1,1,1,1,1,2,2,8,5,1,1, ?,2,2
1,41,S,7,2004,2,1,1,2,2,1,1,1,1,1,1,1,1,2,14,6,1,1, ?,2,2
3,41,F,8,2004,3,1,1,2,2,1,1,1,1,1,1,1,1,2,9,6,1,1, ?,2,2
2,41,F,9,2004,2,1,1,2,2,1,1,1,1,1,1,3,1,2,9,6,1,1, ?,2,2
5,41,F,10,2004,3,1,1,2,2,1,1,1,1,1,1,1,1,2,14,10,1,1, ?,2,2
3,44,F,2,2004,2,1,1,2,2,1,1,1,1,1,1,2,1,2,14,6,1,1, ?,2,2
1,46,F,3,2004,1,1,1,2,2,1,1,1,1,1,1,1,2,?,12,6,1,1, ?,2,2
1,46,S,4,2004,3,1,1,2,2,1,1,1,1,1,1,1,1,2,14,6,1,1,38,2,2
1,52,F,3,2004,3,1,1,2,2,1,1,1,1,1,1,3,1,2,8,6,1,1, ?,2,2
1,52,F,7,2004,2,1,1,2,1,1,1,1,1,1,1,1,1,2,8,6,1,1, ?,2,2
3,52,F,12,2004,2,7,1,2,2,1,1,1,1,1,1,4,1,2,9,6,1,1,25,2,2
1,35,F,6,2004,3,1,1,2,2,1,1,1,1,1,1,2,1,2,9,6,1,1, ?,2,2
5,43,F,11,2004,3,2,1,2,2,1,1,1,1,1,1,1,1,2,9,6,1,1, ?,2,2
1,39,F,3,2004,1,1,2,2,1,1,1,1,1,1,1,1,1,2,9,6,1,1, ?,2,2
1,39,F,7,2004,2,1,1,2,2,1,1,2,1,1,1,3,1,2,8,6,1,1, ?,2,2
1,39,G,9,2004,2,1,1,2,2,2,1,2,2,1,1,1,1,2,9,6,1,1,23,2,2
1,39,F,11,2004,2,1,1,2,2,1,1,1,1,1,1,3,1,2,14,6,1,1, ?,2,2
1,39,S,11,2004,3,1,1,2,2,1,1,1,1,1,1,1,1,2,14,6,1,1, ?,2,2
3,39,F,12,2004,3,1,1,2,2,1,1,1,1,1,1,1,1,2,9,6,1,1,35,2,2
1,35,F,7,2004,3,1,1,2,2,1,1,1,1,1,1,1,1,2,8,6,1,1,27,2,2
8,35,F,8,2004,1,1,1,2,2,1,1,1,1,1,1,1,1,2,14,6,1,1, ?,2,2
1,35,F,11,2004,2,1,1,2,2,1,1,2,1,1,1,1,2,2,9,6,1,1, ?,2,2
1,35,F,11,2004,1,1,1,2,2,1,1,1,1,1,1,3,1,2,14,6,1,1,43,2,2
1,35,F,12,2004,3,7,1,2,2,1,1,1,1,1,1,1,1,2,9,6,1,1, ?,2,2
1,35,F,12,2004,1,1,2,2,1,1,1,1,1,1,1,3,1,2,14,6,1,1, ?,2,2
6,44,S,5,2004,4,1,1,2,2,1,2,1,1,1,1,3,1,2,9,6,1,1, ?,2,2
2,44,F,5,2004,4,1,1,2,1,2,1,1,1,1,1,1,1,2,9,6,1,1, ?,2,2
1,38,S,6,2004,3,1,1,2,2,1,1,1,1,1,1,1,1,2,12,6,1,1, ?,2,2
1,38,F,7,2004,2,1,1,2,2,1,1,1,1,1,1,1,1,1,14,6,1,1, ?,2,2
4,38,F,7,2004,3,1,1,2,2,1,1,1,1,1,1,1,1,2,9,6,1,1,44,2,2
6,38,F,8,2004,2,1,1,2,2,1,1,1,1,1,1,1,1,2,6,6,1,1, ?,2,2
3,38,F,10,2004,3,1,1,2,2,1,1,1,1,1,1,1,1,2,9,6,1,1, ?,2,2
6,38,F,11,2004,2,1,1,2,2,1,1,1,1,1,1,1,1,1,14,6,1,1, ?,2,2
6,38,F,11,2004,3,1,1,2,2,1,1,1,1,1,1,1,1,2,14,6,1,1, ?,2,2
7,38,F,12,2004,2,1,1,2,2,1,1,1,1,1,1,1,1,2,9,6,1,1, ?,2,2
11,50,G,12,2004,3,1,1,2,2,1,1,1,1,1,1,2,1,2,9,6,1,1, ?,2,2
3,49,G,10,2004,4,1,1,2,2,1,4,1,1,1,1,3,1,2,14,6,1,1, ?,2,2
9,51,G,10,2004,3,1,1,2,2,1,1,1,1,1,1,2,1,2,14,6,1,1, ?,2,2
1,51,G,12,2004,2,1,1,2,2,1,1,1,1,1,1,2,1,2,16,6,1,1, ?,2,2
4,44,F,8,2004,3,1,1,2,2,1,1,1,1,1,1,3,1,2,9,6,1,1, ?,2,2
4,44,F,9,2004,1,1,1,2,2,1,4,1,1,1,1,3,1,2,14,6,1,1, ?,2,2
7,44,S,7,2004,3,1,1,2,1,1,1,1,1,1,1,1,1,2,9,6,1,1, ?,2,2
7,44,F,9,2004,2,1,1,2,2,1,1,1,1,1,1,1,1,2,9,6,1,1, ?,2,2
6,44,F,8,2004,4,1,1,1,1,1,3,1,1,1,1,1,1,2,9,6,1,1, ?,2,2
6,44,S,9,2004,2,1,1,1,1,1,4,1,1,1,1,1,1,2,19,6,1,1, ?,2,2
6,44,G,10,2004,2,1,1,1,1,1,1,1,1,1,1,1,1,2,9,6,1,1, ?,2,2
6,44,F,11,2004,2,1,1,2,1,1,1,1,1,1,1,1,1,2,14,6,1,1, ?,2,2
2,44,G,10,2004,1,1,1,2,2,1,4,1,1,1,1,1,1,2,10,6,1,1, ?,2,2
5,44,G,8,2004,2,1,1,2,2,1,1,1,1,1,1,1,1,2,10,6,1,1, ?,2,2
7,37,G,1,2004,3,1,1,2,2,1,1,1,1,1,1,1,1,2,14,6,1,1, ?,2,2
4,36,F,6,2004,3,1,1,2,2,1,1,1,1,1,1,1,1,2,9,6,1,1, ?,2,2
4,36,F,6,2004,2,1,1,2,2,1,1,1,1,1,1,1,1,2,9,6,1,1, ?,2,2