Thana,District,Accident_Severity,Month,Year,Time,Junction_Type,Traffic_Control,Movement,Divider,Weather,Light,Road_Geometry,Surface_Condition,Surface_Type,Surface_Quality,Road_Class,Road_Feature,Location_Type,Vehicle_Type,Vehicle_Movement,Vehicle_Loading,Vehicle_Defect,Vehicle_Driver_Age,Vehicle_Alcohol,Vehicle_Seat_Belt
2,47,F,1,2004,3,1,1,2,2,1,3,1,1,1,1,1,1,2,14,6,1,1, ?,2,2
9,47,F,1,2004,2,1,1,2,2,1,1,1,1,1,1,1,1,2,14,6,1,1, ?,2,2
9,47,F,1,2004,2,1,1,2,2,1,1,1,1,1,1,1,1,2,8,6,1,1,50,2,2
12,47,F,1,2004,3,1,1,2,2,1,1,1,1,1,1,1,1,2,9,6,1,1, ?,2,2
6,45,F,1,2004,1,1,1,2,2,1,4,1,1,1,1,1,1,2,14,6,1,1, ?,2,2
6,45,G,1,2004,2,1,1,2,2,1,1,1,1,1,1,1,1,2,9,6,1,1, ?,2,2
1,45,G,2,2004,3,1,1,2,2,1,1,1,1,1,1,1,1,2,13,6,1,1, ?,2,2
6,45,G,2,2004,1,1,1,2,2,1,4,1,1,1,1,1,1,2,14,6,1,1, ?,2,2
7,47,F,3,2004,3,1,1,2,2,1,1,1,1,1,1,1,1,2,8,6,1,1, ?,2,2
5,47,F,5,2004,3,1,1,2,2,1,1,1,1,1,1,3,1,2,8,6,1,1, ?,2,2
9,47,F,5,2004,3,1,1,2,2,1,1,1,1,1,1,1,1,2,9,6,1,1, ?,2,2
2,45,F,3,2004,1,1,1,2,2,4,4,1,1,1,1,1,1,2,9,6,1,1, ?,2,2
5,45,G,4,2004,2,1,1,2,2,1,1,1,1,1,1,1,1,2,11,6,1,1, ?,2,2
6,45,F,4,2004,2,1,1,2,2,1,1,1,1,1,1,1,1,2,17,6,1,1, ?,2,2
6,45,F,5,2004,3,1,1,2,2,1,1,1,1,1,1,3,1,2,14,6,1,1, ?,2,2
6,45,F,5,2004,1,1,1,2,2,1,2,1,1,1,1,1,1,2,13,6,1,1,40,2,2
6,45,G,5,2004,3,1,1,2,2,1,1,1,1,1,1,3,1,2,13,1,1,1, ?,2,2
1,45,G,8,2004,1,1,1,2,2,1,4,1,1,1,3,1,1,2,8,6,1,1, ?,2,2
6,45,F,8,2004,2,1,1,2,2,1,1,1,1,1,1,1,1,2,14,6,1,1, ?,2,2
6,45,G,9,2004,2,1,1,2,2,1,1,1,1,1,1,1,1,2,14,6,1,1, ?,2,2
6,45,F,9,2004,1,1,1,2,2,1,2,1,2,1,1,1,1,2,9,6,1,1, ?,2,2
6,45,S,11,2004,1,1,1,2,2,1,1,1,1,1,1,1,1,2,14,6,1,1, ?,2,2
1,42,F,1,2004,1,2,8,1,1,1,3,1,1,1,1,5,1,1,15,6,1,1, ?,1,2
9,42,G,3,2004,4,1,1,2,1,1,3,1,1,1,1,5,1,1,10,6,1,1, ?,2,2
9,42,G,2,2004,4,3,1,2,1,1,3,1,1,1,1,5,1,1,14,6,1,1, ?,2,2
9,42,M,5,2004,3,1,1,2,1,1,1,1,1,1,1,5,1,1,8,6,1,1, ?,2,2
1,42,F,5,2004,4,1,1,2,2,1,3,1,1,1,1,5,1,1,9,6,1,1, ?,2,2
21,42,G,3,2004,2,1,1,2,1,1,1,1,1,1,1,5,1,1,14,6,1,1,30,2,2
21,42,G,3,2004,2,1,1,2,2,1,1,1,1,1,1,5,1,1,9,6,1,2,25,2,2
18,42,G,4,2004,1,3,4,1,1,1,2,1,1,1,1,5,1,1,10,6,1,1, ?,2,2
6,42,G,4,2004,1,1,1,2,1,1,3,1,1,1,1,5,1,1,14,6,1,1, ?,2,2
2,42,G,2,2004,4,3,4,1,1,1,3,1,1,1,1,5,1,1,14,6,1,1, ?,2,2
2,42,G,5,2004,4,1,1,2,1,1,3,1,1,1,1,5,1,1,9,6,1,1, ?,2,2
2,42,G,8,2004,4,3,4,2,1,1,3,1,1,1,1,5,1,1,19,6,1,1, ?,2,2
9,42,M,10,2004,2,1,1,2,1,1,1,1,1,1,1,5,1,1,9,6,1,1, ?,2,2
12,42,M,12,2004,4,5,6,2,1,1,3,1,1,1,1,5,1,1,10,6,1,1, ?,2,2
8,42,G,12,2004,2,1,1,2,1,1,2,1,1,1,1,5,1,1,8,6,1,1, ?,2,2
21,42,F,12,2004,3,1,1,2,1,1,1,1,1,1,1,5,1,1,14,1,1,1, ?,2,2
21,42,F,12,2004,1,1,1,2,1,1,3,1,1,1,1,5,1,1,14,6,1,1, ?,2,2
1,2,F,3,2004,2,1,1,2,2,1,1,2,1,1,1,3,1,2,5,6,2,1,32,2,2
1,2,F,3,2004,4,7,8,1,2,1,2,2,1,1,2,3,1,2,4,6,1,7, ?,2,2
10,3,F,2,2004,2,1,8,2,2,4,2,1,1,1,1,1,2,2,14,6,1,7,50,2,2
3,8,F,2,2004,1,1,1,2,2,4,4,1,1,1,1,1,1,2,9,4,1,1, ?,2,2
3,3,F,6,2004,4,1,2,2,2,1,4,1,1,1,1,3,1,1,9,6,1,1,28,2,2
10,3,F,5,2004,2,1,1,2,2,2,1,2,1,1,1,1,1,2,9,5,1,1,38,2,2
5,8,G,7,2004,2,1,1,2,2,2,1,1,2,1,1,3,2,2,9,4,1,1,45,2,2
7,17,S,3,2004,4,1,2,1,1,1,4,2,1,1,1,1,2,?,14,2,1,1,35,2,2
1,17,F,11,2004,3,1,1,2,2,1,1,1,1,1,1,1,1,2,14,6,1,1, ?,2,2
1,2,F,7,2004,3,1,1,2,2,2,1,1,2,1,1,1,1,2,8,11,1,1, ?,2,2
12,9,S,2,2004,4,1,1,2,2,1,2,1,1,1,1,1,1,1,14,5,1,1, ?,2,2
6,9,F,5,2004,2,3,5,1,2,1,1,1,1,1,1,2,1,1,8,7,1,1, ?,2,2
10,9,F,8,2004,1,7,1,1,2,2,4,2,2,1,1,1,1,2,14,2,1,1,40,2,2
6,3,F,3,2004,4,2,1,1,2,1,1,1,1,1,2,3,1,1,14,6,1,7,41,2,2
7,3,F,1,2004,2,1,1,1,2,1,1,2,1,1,1,2,1,2,17,5,1,1, ?,2,1
6,42,F,10,2004,2,1,1,2,2,1,1,1,1,1,1,5,1,1,9,5,1,1, ?,2,2
5,24,F,2,2004,2,1,1,2,2,1,1,1,1,1,1,1,1,1,8,6,2,5,46,2,2
1,42,G,1,2004,1,2,2,1,1,1,3,1,1,1,1,5,1,1,14,6,1,1, ?,1,2
1,42,S,1,2004,4,1,1,2,2,1,3,1,1,1,1,5,1,1,8,6,1,1,28,1,2
1,42,S,3,2004,2,5,4,1,1,1,1,1,1,1,1,5,1,1,8,6,1,1, ?,2,2
9,42,M,1,2004,3,1,4,2,1,1,1,1,1,1,1,5,1,1,14,6,1,1, ?,2,2
9,42,M,1,2004,2,7,4,2,1,1,1,1,1,1,1,5,1,1,8,6,1,1, ?,2,2
9,42,M,1,2004,2,7,6,2,1,1,1,1,1,1,1,5,1,1,19,6,1,1, ?,2,2
10,42,M,2,2004,2,3,6,2,1,1,1,1,1,1,1,5,1,1,7,6,1,1, ?,2,2
11,42,G,1,2004,2,3,?,1,1,1,1,1,1,1,1,5,1,1,8,6,1,1,22,2,2
9,42,G,3,2004,3,1,1,2,1,1,1,1,1,1,1,5,1,1,8,6,1,1, ?,2,2
9,42,M,3,2004,4,3,6,2,1,1,3,1,1,1,1,5,1,1,10,6,?,?, ?,2,2
9,42,G,3,2004,1,1,1,2,1,1,3,1,1,1,1,5,1,1,14,6,1,1, ?,2,2
9,42,G,4,2004,3,1,1,2,1,1,1,1,1,1,1,5,1,1,7,6,1,1, ?,2,2
9,42,M,5,2004,4,7,6,2,1,1,3,1,1,1,1,5,1,1,14,6,1,1, ?,2,2
9,42,G,5,2004,2,3,6,2,1,1,1,1,1,1,1,5,1,1,8,6,1,1, ?,2,2
9,42,M,5,2004,3,3,6,2,1,1,1,1,1,1,1,5,1,1,8,6,1,1, ?,2,2
9,42,G,6,2004,4,5,6,2,1,1,3,1,1,1,1,5,1,1,12,6,?,?, ?,?,?
1,42,F,4,2004,3,3,4,2,1,1,1,1,1,1,1,5,1,1,10,6,1,1, ?,2,2
1,42,G,4,2004,3,1,1,2,1,1,1,1,1,1,1,5,1,1,9,6,1,1, ?,2,2
1,42,G,4,2004,1,7,8,2,1,1,3,1,1,1,1,5,1,1,10,6,?,?, ?,2,2
1,42,G,4,2004,4,3,6,2,1,1,3,1,1,1,1,5,1,1,9,6,1,1, ?,2,2
1,42,M,5,2004,2,1,4,2,1,1,1,1,1,1,1,5,1,1,9,6,?,?, ?,2,2
1,42,M,5,2004,3,1,1,2,1,1,1,1,1,1,1,5,1,1,10,6,?,?, ?,2,2
1,42,F,6,2004,1,5,6,2,1,1,3,1,1,1,1,5,1,1,14,6,1,1, ?,2,2
1,42,M,6,2004,2,3,6,2,1,1,1,1,1,1,1,5,1,1,9,6,1,1, ?,2,2
1,42,M,6,2004,2,3,6,2,1,1,1,1,1,1,1,5,1,1,9,6,1,1, ?,2,2
1,42,M,7,2004,3,5,1,2,2,1,1,2,1,1,1,5,1,1,10,6,1,1, ?,2,2
13,42,M,7,2004,2,1,8,1,1,1,1,1,1,1,1,5,1,1,9,6,1,1,42,2,2
11,42,S,6,2004,1,3,1,1,1,1,3,1,1,1,1,5,1,1,14,6,1,1, ?,2,2
10,42,S,6,2004,4,7,6,2,1,1,3,1,1,1,1,5,1,1,10,6,1,1, ?,2,2
9,42,M,7,2004,2,3,6,2,1,1,1,1,1,1,1,5,1,1,9,6,1,1, ?,2,2
9,42,M,8,2004,2,7,6,2,1,1,1,1,1,1,1,5,1,1,10,6,1,1, ?,2,2
9,42,M,8,2004,2,1,1,2,1,1,1,1,1,1,1,5,1,1,14,6,1,1, ?,2,2
9,42,M,8,2004,3,3,6,2,1,1,1,1,1,1,1,5,1,1,8,6,1,1, ?,2,2
9,42,M,8,2004,2,5,2,1,1,1,1,1,1,1,1,5,1,1,9,6,1,1, ?,2,2
9,42,S,9,2004,2,1,1,2,1,1,1,1,1,1,1,5,1,1,9,6,1,1,28,2,2
9,42,S,9,2004,4,2,6,2,1,1,3,1,1,1,1,5,1,1,8,6,1,1, ?,2,2
21,42,M,1,2004,2,1,1,2,1,1,3,1,1,1,1,5,1,1,14,6,1,1, ?,1,2
2,42,G,6,2004,4,1,1,2,1,1,3,1,1,1,1,5,1,1,14,6,1,1,28,2,2
9,42,G,10,2004,4,5,6,2,1,1,3,1,1,1,1,5,1,1,9,6,1,1, ?,2,2
9,42,G,10,2004,1,5,4,2,1,1,3,1,1,1,1,5,1,1,9,6,1,1, ?,2,2
9,42,M,10,2004,3,1,1,2,1,1,1,1,1,1,1,5,1,1,9,6,1,1, ?,2,2
9,42,G,10,2004,2,1,1,2,1,1,1,1,1,1,1,5,1,1,8,6,1,1, ?,2,2
12,42,G,3,2004,1,1,1,2,1,1,3,1,1,1,1,5,1,1,9,6,1,1, ?,2,2
12,42,G,5,2004,1,3,1,2,1,1,1,1,1,1,1,5,1,1,7,6,?,?, ?,2,2
12,42,G,6,2004,1,3,6,2,1,1,3,1,1,1,1,5,1,1,19,6,?,?, ?,?,?
12,42,G,6,2004,1,1,1,1,1,1,2,1,1,1,1,5,1,1,19,6,?,?, ?,2,2
12,42,M,6,2004,2,1,1,2,1,1,1,1,1,1,1,5,1,1,7,6,?,?, ?,2,2
12,42,M,6,2004,3,3,6,2,1,1,1,1,1,1,1,5,1,1,12,6,1,1, ?,2,2
12,42,M,6,2004,3,5,6,2,1,1,3,1,1,1,1,5,1,1,10,6,1,1, ?,2,2
12,42,G,8,2004,2,1,1,2,1,1,1,1,1,1,1,5,1,1,9,6,?,?, ?,2,2
12,42,M,9,2004,4,3,6,2,1,1,3,1,1,1,1,5,1,1,11,6,1,1, ?,2,2
12,42,G,12,2004,3,3,6,2,1,1,1,1,1,1,1,5,1,1,9,6,1,1, ?,2,2
17,42,S,1,2004,2,1,1,2,1,1,1,1,1,1,1,5,1,1,10,6,1,1, ?,2,2
17,42,M,7,2004,3,3,6,2,1,1,1,1,1,1,1,5,1,1,8,6,1,1, ?,2,2
17,42,G,7,2004,4,1,1,2,1,1,1,1,1,1,1,5,1,1,8,6,1,1, ?,2,2
17,42,G,10,2004,2,1,4,2,1,1,1,1,1,1,1,5,1,1,9,6,1,1, ?,2,2
17,42,M,3,2004,3,1,1,2,1,1,1,1,1,1,1,5,1,1,8,6,1,1, ?,2,2
14,42,S,10,2004,3,2,6,2,1,1,1,1,1,1,1,5,1,1,7,6,1,1, ?,2,2
16,42,G,3,2004,1,1,1,2,1,1,3,1,1,1,1,5,1,1,14,6,1,1, ?,?,?
8,42,G,5,2004,4,2,6,2,1,1,3,1,1,1,1,5,1,1,8,6,1,1,25,2,2
8,42,M,7,2004,2,1,1,2,1,1,1,1,1,1,1,5,1,1,14,6,1,1, ?,2,2
8,42,M,8,2004,2,3,1,2,1,1,1,1,1,1,1,5,1,1,11,6,?,?, ?,2,2
8,42,M,11,2004,2,3,6,2,1,1,1,1,1,1,1,5,1,1,8,6,1,1, ?,2,2
1,42,G,8,2004,3,1,1,2,1,1,1,1,1,1,1,5,1,1,8,6,?,?, ?,2,2
1,42,M,8,2004,2,2,6,2,1,1,1,1,1,1,1,5,1,1,9,6,1,1,35,2,2
1,42,M,7,2004,2,3,1,2,1,1,1,1,1,1,1,5,1,1,9,6,1,1, ?,2,2
1,42,M,8,2004,3,1,1,2,1,1,1,1,1,1,1,5,1,1,8,6,?,?, ?,2,2
1,42,M,8,2004,2,2,6,2,1,1,1,1,1,1,1,5,1,1,8,6,1,1, ?,2,2
1,42,M,9,2004,3,1,1,2,1,1,1,1,1,1,1,5,1,1,8,6,1,1, ?,2,2
1,42,M,9,2004,2,1,1,2,1,1,1,1,1,1,1,5,1,1,10,6,1,1, ?,2,2
1,42,M,9,2004,3,2,6,2,1,1,1,1,1,1,1,5,1,1,9,6,1,1, ?,2,2
1,42,M,10,2004,4,1,1,2,1,1,3,1,1,1,1,5,1,1,8,6,1,1, ?,2,2
1,42,M,10,2004,2,3,6,2,1,1,1,1,1,1,1,5,1,1,10,6,1,1, ?,2,2
1,42,G,12,2004,2,3,6,2,1,1,1,1,1,1,1,5,1,1,8,6,1,1, ?,2,2
1,42,M,12,2004,3,3,4,2,1,1,1,1,1,1,1,5,1,1,8,6,1,1, ?,2,2
9,42,M,12,2004,3,1,4,2,1,1,1,1,1,1,1,5,1,1,8,6,1,1, ?,2,2
9,42,M,12,2004,2,1,4,2,1,1,1,1,1,1,1,5,1,1,7,6,1,1, ?,2,2
17,42,M,12,2004,2,5,6,2,1,1,1,1,1,1,1,5,1,1,9,5,1,1, ?,2,2
6,42,F,11,2004,3,1,1,2,2,1,1,1,1,1,1,5,1,1,8,6,1,1, ?,2,2
6,42,G,1,2004,3,3,6,2,1,1,1,1,1,1,1,5,1,1,9,6,1,1, ?,2,2
6,42,G,1,2004,2,1,1,2,1,1,1,1,1,1,1,5,1,1,9,6,1,1, ?,2,2
22,42,F,1,2004,1,5,1,2,1,1,3,1,1,1,1,5,1,1,14,6,1,1,28,2,2
22,42,F,2,2004,3,1,1,2,1,1,1,1,1,1,1,5,1,1,8,6,1,1,36,2,2
22,42,G,6,2004,4,7,2,1,1,1,3,1,1,1,1,5,1,1,10,6,1,1, ?,2,2
6,42,G,1,2004,2,3,6,2,1,1,1,1,1,1,1,5,1,1,8,6,1,1, ?,?,?
6,42,M,1,2004,1,1,1,2,1,1,3,1,1,1,1,5,1,1,14,6,?,?, ?,2,2
8,42,G,12,2004,4,2,4,2,1,1,3,1,1,1,1,5,1,1,10,6,1,1, ?,2,2
1,42,F,9,2004,2,1,1,2,2,1,1,1,1,1,1,5,1,1,8,5,1,1, ?,2,2
1,42,M,10,2004,2,3,6,2,1,1,1,1,1,1,1,5,1,1,8,6,1,1, ?,2,2
9,42,F,11,2004,3,5,4,2,1,1,1,1,1,1,1,5,1,1,9,6,?,?, ?,2,2
9,42,M,11,2004,3,3,4,2,1,1,1,1,1,1,1,5,1,1,9,6,1,1, ?,2,2
9,42,F,12,2004,4,1,1,2,1,1,3,1,1,1,1,5,1,1,14,6,1,1, ?,2,2
9,42,G,12,2004,2,5,3,1,1,1,1,1,1,1,1,5,1,1,8,6,1,1, ?,2,2
2,42,M,11,2004,3,1,1,2,1,1,1,1,1,1,1,5,1,1,8,6,1,1, ?,2,2
17,42,M,12,2004,4,3,4,2,1,1,2,1,1,1,1,5,1,1,10,6,1,1, ?,2,2
6,42,G,8,2004,4,5,4,2,2,1,3,1,1,1,1,5,1,1,8,6,1,1, ?,2,2
12,9,F,3,2004,3,7,1,2,2,1,1,1,1,1,1,1,1,2,8,4,1,1, ?,2,2
2,43,F,8,2004,2,1,1,1,1,1,2,1,1,1,1,1,1,2,14,6,1,1, ?,2,2
2,43,F,9,2004,1,1,1,1,1,1,2,1,1,1,1,1,1,2,14,6,1,1, ?,2,2
5,40,G,11,2004,4,7,1,2,2,1,4,3,1,1,1,1,1,2,9,6,1,1, ?,2,2
1,40,F,1,2004,2,1,1,2,2,1,1,1,1,1,1,1,1,2,9,6,1,1,38,2,2
1,41,G,1,2004,3,1,1,2,2,1,1,1,1,1,1,1,1,1,9,6,1,1,48,2,2
4,41,S,1,2004,3,1,1,2,2,1,1,1,1,1,1,3,1,2,11,6,1,1, ?,2,2
5,41,G,2,2004,2,1,1,2,2,1,1,1,1,1,1,1,1,1,8,6,1,1,25,2,2
1,38,F,1,2004,2,1,1,2,2,1,1,1,1,1,1,1,1,2,14,6,1,1, ?,2,2
1,41,G,3,2004,4,1,1,2,2,1,1,1,1,1,1,1,1,2,9,6,1,1, ?,2,2
5,41,G,3,2004,4,1,1,2,2,1,3,1,1,1,1,1,1,2,9,6,1,1, ?,2,2
6,44,S,1,2004,3,1,1,2,2,1,1,1,1,1,1,1,1,2,9,6,1,1, ?,2,2
1,41,F,5,2004,4,1,1,2,2,1,4,1,1,1,1,1,1,2,14,6,1,1, ?,2,2
1,41,G,9,2004,1,1,1,2,2,1,1,1,1,1,1,1,1,2,14,6,1,1, ?,2,2
1,35,F,10,2004,3,1,1,2,2,1,1,1,1,1,1,1,1,2,9,9,1,1, ?,2,2
3,44,F,4,2004,1,1,1,2,2,1,4,1,1,1,3,1,1,2,14,4,1,1,38,2,2
7,44,S,5,2004,1,1,1,2,2,1,4,3,1,1,1,1,2,?,9,6,1,1, ?,2,2
1,38,F,7,2004,2,1,1,2,2,2,1,1,1,1,1,1,1,2,14,6,1,1, ?,2,2
7,38,G,8,2004,3,1,1,2,2,1,1,1,1,1,1,1,1,2,9,6,1,1, ?,2,2
1,38,F,8,2004,4,1,1,2,2,1,4,1,1,1,1,1,1,2,14,10,1,6,37,2,2
1,38,S,11,2004,1,1,1,2,2,1,4,1,1,1,1,1,1,2,9,6,1,1, ?,2,2
1,38,F,11,2004,2,1,1,2,2,4,1,1,2,1,1,1,1,2,14,6,1,1, ?,2,2
1,49,F,11,2004,2,1,1,2,2,1,1,1,1,1,1,2,1,2,9,6,1,1, ?,2,2
3,44,S,12,2004,4,1,1,2,2,1,4,1,1,1,1,1,1,2,7,6,1,1, ?,2,2
7,44,S,10,2004,3,1,1,2,2,1,4,1,1,1,1,1,1,2,14,6,1,1, ?,2,2
6,44,F,8,2004,4,1,1,2,1,4,1,1,1,1,1,1,1,2,14,6,1,1, ?,2,2
6,44,G,11,2004,1,1,1,1,1,1,4,1,1,1,1,1,1,1,14,10,1,1, ?,2,2
2,44,F,12,2004,1,1,1,2,1,1,1,1,1,1,1,1,1,2,14,6,1,1, ?,2,2
3,36,F,9,2004,1,1,1,2,2,1,4,1,1,1,1,1,1,2,14,6,1,1, ?,2,2
3,36,F,10,2004,3,1,1,2,2,1,1,1,1,1,1,1,1,2, ?,6,1,1, ?,2,2
6,37,F,7,2004,2,1,1,2,2,1,1,1,1,1,1,5,1,2,9,6,1,1, ?,2,2
1,46,G,12,2004,3,1,1,2,2,1,1,1,1,1,1,1,1,2,19,6,1,1, ?,2,2
5,40,G,2,2004,3,1,1,2,2,1,1,1,1,1,1,3,1,2,7,6,1,1, ?,2,2
6,40,G,6,2004,3,3,1,2,2,1,1,2,1,1,1,1,1,2,9,6,1,1, ?,2,2
9,47,F,3,2004,3,1,1,2,2,1,1,1,1,1,1,1,1,2,9,6,1,1,36,2,2
5,47,F,4,2004,3,1,1,2,2,1,1,1,1,1,1,3,1,2,8,6,1,1, ?,2,2
5,47,M,4,2004,3,1,1,2,2,1,1,1,1,1,1,3,1,2,9,6,1,1, ?,2,2
5,45,F,10,2004,2,1,1,2,2,1,1,1,1,1,1,1,1,2,8,6,1,1, ?,2,2
1,45,G,11,2004,3,1,1,2,2,1,1,1,1,1,1,1,1,2,10,6,1,1, ?,2,2
9,42,M,1,2004,3,1,1,2,1,1,1,1,1,1,1,5,1,1,10,5,?,?, ?,2,2
9,42,G,6,2004,2,7,8,2,1,1,1,1,1,1,1,5,1,1,8,6,?,?, ?,?,?
9,42,M,10,2004,3,1,1,1,1,1,1,1,1,1,1,5,1,1,10,6,1,1, ?,2,2
12,42,M,11,2004,2,1,1,2,1,1,1,1,1,1,1,5,1,1,8,6,1,1, ?,2,2
14,42,G,1,2004,3,1,1,2,1,1,1,1,1,1,1,5,1,1,8,6,?,?, ?,2,2
9,42,G,9,2004,2,1,1,2,1,1,1,1,1,1,1,5,1,1,8,6,1,1, ?,2,2
6,45,G,12,2004,1,1,1,2,2,4,3,1,1,1,1,1,2,2,12,6,1,1, ?,2,2
9,47,F,4,2004,3,1,1,2,2,1,1,1,1,1,1,1,1,2,9,6,1,1, ?,2,2
5,64,F,9,2004,3,7,8,2,2,1,1,1,1,1,1,1,1,1,14,6,1,1,32,2,2
12,64,F,9,2004,1,1,1,1,2,1,4,1,1,1,1,1,1,2,8,5,2,7,30,1,2
2,64,F,9,2004,3,5,8,2,2,1,1,1,1,2,1,5,1,1,14,7,1,?,30,2,2
5,64,F,9,2004,3,7,8,2,2,1,1,1,1,1,1,1,1,1,14,6,1,1,32,2,2
12,64,F,9,2004,1,1,1,1,2,1,4,1,1,1,1,1,1,2,8,5,2,7,30,1,2
2,64,F,9,2004,3,5,8,2,2,1,1,1,1,2,1,5,1,1,14,7,1,?,30,2,2
3,44,G,8,2004,3,1,1,2,2,1,1,1,1,1,1,1,1,2,14,6,1,1, ?,2,2
5,41,F,10,2004,1,1,1,2,2,1,1,1,1,1,1,1,1,2,14,6,1,1, ?,2,2
7,44,G,2,2004,2,1,1,2,2,1,2,1,1,1,1,1,1,2,9,6,1,1, ?,2,2
7,44,S,2,2004,2,1,1,2,2,1,2,1,1,1,1,1,1,2,9,5,1,1, ?,2,2
5,43,S,10,2004,2,1,1,1,2,2,1,1,1,1,1,1,1,2,9,6,1,1, ?,2,2
2,43,G,12,2004,3,1,1,2,2,1,1,1,1,1,1,1,1,2,9,6,1,1, ?,2,2
4,35,F,5,2004,3,1,1,2,2,1,1,1,1,1,1,1,1,2,9,6,1,1, ?,2,2
12,50,F,1,2004,3,1,1,2,2,1,1,1,1,1,1,1,1,2,9,6,1,1, ?,2,2
2,43,G,4,2004,1,1,1,2,2,1,2,1,1,1,1,1,1,2,9,6,1,1, ?,2,2
8,13,F,4,2004,3,1,1,2,2,1,1,2,1,1,1,1,1,2,7,6,1,1,28,1,2
1,66,F,12,2004,2,4,1,2,2,1,1,4,1,1,1,2,1,2,8,2,1,1,40,2,2
3,56,M,1,2005,2,1,1,?,?,1,2,2,1,1,1,3,1,2,14,3,?,?, ?,2,2
3,56,G,1,2005,2,1,8,?,?,1,1,1,1,1,1,1,2,2,14,5,?,?, ?,2,2
1,54,F,1,2005,3,1,1,1,1,1,1,1,1,1,1,4,1,1,5,6,1,1, ?,?,?
13,54,G,1,2005,2,?,?,2,2,1,1,1,1,1,1,1,1,2,9,3,1,1,45,2,2
1,55,G,2,2005,4,1,1,2,2,1,4,2,1,1,1,2,1,2,14,1,1,1,40,2,2
2,55,F,2,2005,3,7,8,2,2,1,1,1,1,1,1,4,?,2,11,4,1,1,39,2,2
1,54,G,2,2005,2,1,1,2,2,1,1,1,1,1,1,5,1,1,7,5,?,?, ?,1,?
3,56,G,3,2005,2,1,8,1,2,1,4,1,1,1,1,3,1,2,12,11,1,1, ?,2,2
3,56,F,4,2005,2,1,1,?,?,1,1,1,1,1,1,1,1,1,14,6,?,?, ?,?,?
8,56,G,4,2005,4,1,?,2,2,1,2,1,1,1,1,3,1,2,8,6,?,?, ?,?,?
3,53,F,4,2005,2,1,1,2,2,1,4,1,1,1,1,4,1,2,12,6,1,?, ?,?,?
1,53,S,5,2005,3,7,1,2,2,1,2,1,1,1,1,1,1,?,4,6,?,?,28,2,2
3,56,G,5,2005,1,1,8,2,2,1,4,1,1,1,1,1,1,2,14,7,1,1, ?,1,2
1,55,M,6,2005,4,7,1,2,2,1,1,1,1,1,1,1,1,2,4,6,?,?,23,2,2
1,54,F,4,2005,3,1,1,2,2,1,1,1,1,1,1,1,1,2,13,6,1,1,35,2,2
1,54,F,4,2005,3,1,1,2,2,1,1,1,1,1,1,5,1,1,13,5,1,1, ?,2,2
5,54,F,3,2005,4,7,1,2,2,1,2,2,1,1,1,3,1,2,13,6,1,7, ?,1,2
6,55,F,5,2005,2,7,1,2,2,2,1,2,2,1,1,3,1,2,9,1,?,?,35,?,?
1,54,F,7,2005,3,?,1,2,2,1,1,1,1,1,1,1,1,2,14, ?,1,?, ?,2,2
5,56,G,2,2005,3,7,1,2,2,1,1,1,1,1,2,4,1,2,9,5,1,3, ?,1,2
3,56,G,8,2005,3,?,?,2,2,?,?,?,?,?,?,?,?,?,13, ?,?,?, ?,?,?
1,55,F,8,2005,2,1,1,2,2,1,1,2,1,1,1,2,1,2,10,6,1,1,35,2,2
4,54,F,9,2005,3,1,1,2,2,1,1,1,1,1,1,4,1,2,7,6,1,1, ?,2,2
13,54,F,10,2005,3,?,1,2,2,1,4,1,1,1,1,3,1,2,5,6,?,?, ?,?,?
13,54,F,10,2005,4,?,1,2,2,1,4,1,1,1,1,1,1,2,13,6,?,?, ?,?,?
1,53,G,10,2005,3,1,1,2,2,1,2,1,1,1,1,1,1,2,8,5,1,1, ?,2,2
1,53,F,10,2005,4,7,1,2,2,1,3,1,1,1,1,2,1,1,6,6,?,?, ?,2,2
3,53,F,10,2005,3,1,8,2,2,1,1,1,1,1,1,4,1,2,9,6,1,1,22,2,2
3,56,F,11,2005,2,7,8,2,2,1,1,1,1,1,1,2,1,2,6,6,2,7, ?,2,2
3,56,F,11,2005,3,1,2,2,2,1,1,1,1,1,1,3,1,2,9,6,?,?, ?,?,?
4,56,F,11,2005,4,7,1,2,2,1,4,1,1,1,1,4,1,2,9,6,1,?,36,2,2
2,55,G,11,2005,3,1,1,2,2,1,1,1,1,1,1,4,1,2,8,6,1,1,40,2,2
1,54,G,8,2005,2,4,1,2,2,1,1,1,1,1,1,1,1,1,10,6,1,?, ?,?,?
8,54,F,9,2005,2,7,8,2,2,1,1,1,1,1,1,2,1,2,4,6,2,7, ?,2,2
1,54,F,10,2005,3,7,1,2,2,1,2,1,1,1,1,5,1,1,14,6,?,?, ?,?,?
8,54,F,11,2005,2,7,8,2,2,1,1,2,1,1,1,1,1,2,7,2,2,1, ?,2,2
7,56,F,12,2005,3,?,6,2,2,1,1,2,1,3,3,4,1,2,14,6,1,?, ?,2,1
3,56,F,12,2005,3,2,?,?,?,1,1,1,?,1,1,1,?,2,10,6,?,?,33,1,?
1,54,G,12,2005,3,7,1,2,2,1,3,1,1,1,1,2,1,1,13,6,1,?, ?,?,?
5,30,F,4,2005,3,1,1,2,2,1,1,1,1,1,1,2,1,2,14,5,1,1, ?,2,2