Thana,District,Accident_Severity,Month,Year,Time,Junction_Type,Traffic_Control,Movement,Divider,Weather,Light,Road_Geometry,Surface_Condition,Surface_Type,Surface_Quality,Road_Class,Road_Feature,Location_Type,Vehicle_Type,Vehicle_Movement,Vehicle_Loading,Vehicle_Defect,Vehicle_Driver_Age,Vehicle_Alcohol,Vehicle_Seat_Belt
1,34,G,7,2005,2,3,1,2,2,1,1,1,1,1,1,5,1,1,14,6,1,1,48,2,2
6,34,F,2,2005,3,4,4,2,2,1,1,1,1,1,1,1,1,1,14,4,1,1, ?,2,2
6,34,F,4,2005,2,1,1,2,2,1,1,1,1,1,1,1,1,2,14,4,1,1, ?,1,2
5,34,F,5,2005,4,7,2,2,2,1,3,1,1,1,1,2,1,2,14,6,1,1, ?,1,2
2,30,G,9,2005,3,7,1,2,2,1,1,1,1,1,1,4,1,2,9,11,1,1,30,2,2
2,30,S,11,2005,3,1,1,2,2,1,1,1,1,1,1,2,1,2,8,6,1,1,42,2,2
1,30,F,11,2005,3,1,1,2,2,1,1,1,1,1,1,1,1,2,9,6,1,1,30,2,2
1,30,F,5,2005,2,1,1,2,2,1,1,1,1,1,1,1,1,2,14,11,1,1, ?,1,2
1,31,F,7,2005,4,1,1,2,2,1,2,1,1,1,1,2,1,2,9,1,1,1, ?,2,2
2,31,F,7,2005,3,1,1,2,2,1,1,1,1,1,1,4,1,2,9,6,1,1,38,2,2
4,31,F,3,2005,4,7,1,2,2,1,2,1,1,1,1,4,1,2,13,9,1,1,30,2,2
2,27,F,7,2005,4,1,1,2,2,1,2,1,1,1,1,1,1,2,8,6,1,1,35,2,2
4,32,F,8,2005,3,1,1,2,2,1,2,1,1,1,1,1,1,2,8,6,1,1,45,2,2
10,34,F,11,2005,2,1,1,2,2,1,1,1,1,1,1,1,1,1,8,6,1,1,52,2,2
15,42,F,1,2005,4,3,1,1,1,1,3,1,1,1,1,5,1,1,9,6,1,1, ?,2,2
5,42,F,2,2005,4,1,1,2,2,1,3,1,1,1,1,5,2,1,9,6,1,1, ?,2,2
11,42,F,1,2005,2,1,1,1,1,1,2,1,1,1,1,5,1,1,10,6,1,1, ?,2,2
6,42,F,1,2005,1,1,1,2,2,1,3,1,1,1,1,5,1,1,14,6,1,1, ?,?,2
6,42,F,1,2005,4,1,1,2,1,1,3,1,1,1,1,5,1,1,9,6,1,1, ?,2,2
6,42,F,4,2005,3,1,1,2,2,1,1,1,1,1,1,5,1,1,14,6,?,?, ?,2,2
2,42,F,2,2005,3,2,6,2,1,1,1,1,1,1,1,5,1,1,8,6,1,1, ?,2,2
2,42,M,3,2005,3,5,6,2,1,1,1,1,1,1,1,5,1,1,8,6,1,1, ?,2,2
8,42,F,2,2005,2,5,2,2,1,1,1,1,1,1,1,5,1,1,9,6,1,1, ?,2,2
1,42,F,2,2005,2,3,6,2,1,1,1,1,1,1,1,5,1,1,15,6,1,1, ?,2,2
1,42,G,2,2005,3,1,1,2,1,1,1,1,1,1,1,5,1,1,10,6,1,1, ?,2,2
1,42,G,2,2005,1,1,1,2,1,1,3,1,1,1,1,5,1,1,9,6,1,1, ?,2,2
9,42,F,1,2005,1,1,1,2,1,1,3,1,1,1,1,5,1,1,10,6,1,1, ?,2,2
9,42,G,1,2005,1,1,4,2,1,1,3,1,1,1,1,5,1,1,14,6,1,1,35,2,2
9,42,G,4,2005,4,1,1,2,1,1,2,1,1,1,1,5,1,1,15,6,1,1, ?,2,2
9,42,F,4,2005,4,1,1,2,1,1,3,1,1,1,1,5,1,1,9,6,?,?, ?,2,2
9,42,G,4,2005,3,1,1,2,1,1,1,1,1,1,1,5,1,1,10,6,1,1, ?,2,2
17,42,F,1,2005,2,1,1,2,1,1,1,1,1,1,1,5,1,1,8,6,1,1,23,2,2
14,42,G,1,2005,2,1,1,2,1,1,1,1,1,1,1,5,1,1,9,6,?,?, ?,?,?
16,42,F,2,2005,1,1,1,2,1,1,3,1,1,1,1,5,1,1,10,6,1,1,30,2,2
12,42,F,1,2005,4,1,1,2,1,1,3,1,1,1,1,5,1,1,8,6,?,?, ?,2,2
12,42,F,1,2005,4,1,1,2,1,1,3,1,1,1,1,5,1,1,12,6,1,1, ?,2,2
12,42,G,2,2005,2,1,1,2,1,1,1,1,1,1,1,5,1,1,8,6,1,1, ?,2,2
12,42,M,2,2005,3,5,1,2,1,1,1,1,1,1,1,5,1,1,8,6,1,1, ?,2,2
9,42,G,6,2005,1,3,6,2,1,1,3,1,1,1,1,5,1,1,8,6,1,1, ?,2,2
9,42,F,7,2005,2,1,1,2,1,1,1,1,1,1,1,5,1,1,9,6,1,1, ?,?,?
9,42,F,7,2005,1,1,4,2,1,1,2,1,1,1,1,5,1,1,14,6,1,1, ?,2,2
21,42,G,1,2005,2,1,1,1,2,1,1,1,1,1,1,5,1,1,9,6,1,1, ?,2,2
21,42,G,1,2005,2,1,1,2,1,1,1,1,1,1,1,5,1,1,9,6,1,1, ?,2,2
21,42,F,3,2005,4,1,1,2,2,1,3,1,1,1,1,5,1,1,14,6,?,?, ?,2,2
21,42,F,4,2005,3,1,1,2,1,1,1,1,1,1,1,5,1,1,14,6,1,1, ?,2,2
11,42,G,4,2005,1,1,1,2,1,1,3,1,1,1,1,5,1,1,14,6,1,1,40,2,2
11,42,G,6,2005,4,1,1,2,1,1,1,1,1,1,1,5,1,1,10,6,1,1, ?,2,2
2,42,F,6,2005,2,1,1,2,1,1,2,1,1,1,1,5,1,1,8,6,1,1, ?,2,2
12,42,F,4,2005,1,1,1,2,1,1,2,1,1,1,1,5,1,1,7,6,1,1, ?,2,2
12,42,F,5,2005,2,1,1,2,1,1,1,1,1,1,1,5,1,1,10,6,?,?, ?,?,2
14,42,G,4,2005,3,1,1,2,1,1,1,1,1,1,1,5,1,1,10,6,1,1, ?,2,2
3,42,M,2,2005,1,1,1,1,2,1,3,1,1,1,1,5,1,1,14,6,1,1, ?,2,2
3,42,F,2,2005,4,3,8,2,2,1,3,1,1,1,1,5,1,1,13,6,1,1, ?,2,2
3,42,S,2,2005,3,1,1,2,2,1,1,1,1,1,1,5,1,1,10,6,1,1,27,2,2
3,42,G,4,2005,1,3,4,2,1,1,3,1,1,1,1,5,1,1,13,6,1,1, ?,2,2
3,42,F,5,2005,4,3,4,1,1,1,3,1,1,1,1,5,1,1,13,6,1,1, ?,2,2
3,42,G,6,2005,1,3,1,2,1,1,4,1,1,1,1,5,1,1,14,6,1,1, ?,2,2
22,42,F,1,2005,4,5,6,1,1,1,3,1,1,1,1,5,1,1,8,6,1,1, ?,2,2
8,42,G,5,2005,2,3,4,2,1,1,2,1,1,1,1,5,1,1,8,6,1,1, ?,2,2
8,42,F,10,2005,4,1,1,2,1,1,3,1,1,1,1,5,1,1,19,6,1,1, ?,2,2
1,42,G,6,2005,2,1,1,2,1,1,1,1,1,1,1,5,1,1,9,6,1,1, ?,2,2
1,42,G,6,2005,4,1,1,2,1,1,3,1,1,1,1,5,1,1,9,6,1,1, ?,2,2
1,42,G,6,2005,2,3,4,2,1,1,1,1,1,1,1,5,1,1,8,6,1,1, ?,2,2
1,42,M,9,2005,2,1,1,2,1,1,1,1,1,1,1,5,1,1,9,6,1,1, ?,2,2
1,42,G,10,2005,1,3,6,2,1,1,3,1,1,1,1,5,1,1,14,6,1,1, ?,2,2
1,42,G,11,2005,2,1,1,2,1,1,1,1,1,1,1,5,1,1,5,6,1,1, ?,2,2
1,42,M,11,2005,3,1,1,2,1,1,1,1,1,1,1,5,1,1,12,6,1,1,22,2,2
1,42,G,12,2005,4,5,6,2,1,1,3,1,1,1,1,5,1,1,10,6,1,1, ?,2,2
10,42,G,2,2005,4,1,8,2,2,1,3,1,1,1,1,5,1,1,14,6,1,1,22,2,2
10,42,G,3,2005,1,1,4,1,1,1,3,1,1,1,1,5,1,1,10,6,1,1, ?,2,2
10,42,F,3,2005,3,1,1,2,2,1,1,1,1,1,1,5,1,1,9,6,1,1, ?,2,2
2,42,F,8,2005,1,3,5,1,1,3,1,1,1,1,1,5,1,1,14,6,1,1, ?,2,2
2,42,G,9,2005,2,1,1,1,1,1,1,1,1,1,1,5,1,1,8,6,1,1, ?,2,2
2,42,F,9,2005,2,1,1,1,1,1,1,1,1,1,1,5,1,1,8,6,1,1, ?,2,2
2,42,F,10,2005,2,1,1,1,1,1,1,1,1,1,1,5,1,1,9,6,1,1, ?,2,2
10,42,G,7,2005,1,3,5,1,1,1,3,1,1,1,1,5,1,1,14,6,1,1, ?,2,2
10,42,G,7,2005,4,3,6,1,1,1,3,1,1,1,1,5,1,1,8,6,1,1,26,1,2
10,42,F,8,2005,1,3,5,1,1,1,3,1,1,1,1,5,1,1,14,6,1,1, ?,2,2
4,42,F,5,2005,4,2,4,2,1,1,3,1,1,1,1,5,1,1,14,6,1,1, ?,2,2
4,42,F,5,2005,3,1,1,2,2,1,1,1,1,1,1,5,1,1,9,6,1,1, ?,2,2
6,42,F,7,2005,1,1,1,2,2,1,3,1,1,1,1,5,1,1,8,6,1,?, ?,?,2
4,26,F,2,2005,2,1,1,2,2,1,1,1,1,1,1,3,1,2,2,6,1,7,40,2,2
1,26,F,11,2005,2,1,1,1,2,1,1,1,1,1,1,1,1,2,7,6,1,1,35,1,2
9,26,F,11,2005,4,1,8,1,2,1,4,1,1,1,1,3,1,2,14,5,1,7,30,1,2
1,24,F,8,2005,3,1,1,2,2,1,1,1,1,1,1,1,1,2,7,6,1,1,35,1,2
1,24,F,8,2005,3,7,1,2,2,1,1,1,1,1,1,1,1,2,14,6,1,1, ?,1,2
5,24,F,7,2005,3,1,1,1,2,1,1,2,2,1,1,2,1,1,14,6,1,1,40,1,2
1,24,F,1,2005,3,3,1,1,2,1,1,1,1,1,1,1,1,2,14,5,1,1,28,2,2
1,24,F,10,2005,2,3,1,1,2,1,1,1,1,1,1,1,1,2,9,5,1,1,30,1,2
1,21,F,1,2005,4,1,1,2,2,1,1,1,1,1,1,1,1,1,14,6,1,1,36,1,2
1,21,F,2,2005,4,1,1,1,2,1,2,1,1,1,1,1,1,2,9,11,1,7, ?,1,2
6,21,F,3,2005,3,1,1,2,2,1,1,1,1,1,1,1,1,2,9,6,1,1,35,2,2
1,21,F,11,2005,2,1,1,2,2,1,1,1,1,1,1,1,1,1,14,11,2,6,38,1,2
1,21,F,8,2005,2,1,1,1,2,1,1,1,1,1,1,1,?,?,14,4,1,1,40,1,2
1,21,F,1,2005,2,1,1,2,2,1,1,1,1,1,1,1,1,2,6,6,1,7,40,2,2
3,21,F,7,2005,2,1,1,2,2,1,1,1,1,1,1,1,1,2,14,6,1,1, ?,1,2
5,21,F,7,2005,2,1,1,1,2,1,2,1,1,1,1,4,1,2,17,6,1,1, ?,1,2
5,21,F,5,2005,2,1,3,1,2,1,1,1,1,1,1,4,1,2,16,6,1,7, ?,1,2
4,21,F,6,2005,4,1,1,2,2,1,2,1,1,1,1,4,4,2,14,6,2,1,30,1,2
3,21,F,12,2005,1,7,1,2,2,1,1,4,1,1,1,4,1,2,9,2,1,1,35,1,2
1,22,G,8,2005,3,1,1,2,2,1,1,1,1,1,1,1,1,2,10,6,1,1, ?,1,2
1,22,G,8,2005,4,1,1,2,2,1,4,1,1,1,1,1,1,2,9,6,1,1, ?,2,2
1,22,F,6,2005,3,7,1,2,2,2,1,1,2,1,1,3,1,2,6,6,1,7, ?,2,2
3,22,F,6,2005,3,1,1,2,2,1,1,1,1,1,1,1,1,2,19,6,1,1,50,2,2
1,22,F,11,2005,4,1,1,2,2,1,2,1,1,1,1,1,1,2,9,6,1,1, ?,1,2
3,19,F,1,2005,?,1,1,2,2,1,1,1,1,1,1,3,1,2,9,2,1,7, ?,2,2
1,19,F,4,2005,3,1,1,2,2,1,1,1,1,1,1,4,1,2,14,6,1,1,40,2,2
2,19,F,4,2005,2,1,1,2,2,1,1,1,1,1,1,2,1,2,9,6,1,7, ?,2,2
3,23,F,9,2005,2,7,8,1,2,1,1,1,1,1,1,4,1,2,9,1,1,7,25,2,2
1,23,F,2,2005,3,7,1,2,2,1,1,1,1,1,2,3,1,2,9,6,1,1, ?,2,2
1,18,F,6,2005,3,1,1,2,2,1,1,1,1,1,1,1,1,2,8,6,1,1, ?,2,2
1,14,F,7,2005,2,2,1,1,1,1,1,1,1,1,1,5,1,1,9,6,1,1,27,1,2
1,14,F,7,2005,3,1,1,1,2,1,1,1,1,1,1,5,1,1,6,6,1,1,25,2,2
2,14,G,8,2005,2,1,1,1,2,1,1,1,1,1,1,5,1,2,9,6,1,1, ?,2,2
3,14,F,10,2005,4,1,1,1,1,1,1,1,1,1,1,2,1,1,14,2,1,1,35,2,2
2,14,F,11,2005,2,1,1,2,2,1,1,1,1,1,1,1,1,1,9,6,2,1,35,2,2
1,14,G,12,2005,2,1,8,2,2,1,1,1,1,1,1,5,1,1,9,6,1,1, ?,1,2
4,14,F,12,2005,2,1,1,2,1,1,1,1,1,1,3,5,1,1,14,1,1,1, ?,2,2
3,14,F,1,2005,3,1,1,2,2,1,1,1,1,1,1,2,1,1,19,6,1,7, ?,2,2
1,14,F,3,2005,1,5,4,1,1,1,3,1,1,1,1,5,1,1,9,6,1,1, ?,2,2
3,14,F,4,2005,3,4,1,2,2,1,1,1,1,1,1,5,1,2,14,6,1,1, ?,1,2
2,14,F,4,2005,2,1,2,2,2,1,1,2,1,1,1,1,1,1,14,6,1,1,39,2,2
1,14,G,5,2005,2,2,1,1,2,1,1,1,1,1,1,5,1,1,9,6,1,1, ?,1,2
3,14,F,4,2005,3,1,4,2,1,1,1,1,1,1,1,5,1,1,14,6,1,1,30,2,2
1,12,F,6,2005,1,1,1,2,2,1,1,1,1,1,1,2,1,1,8,6,1,1, ?,2,2
5,12,F,2,2005,1,1,1,2,2,1,4,1,1,1,1,3,1,2,9,6,1,1,35,2,2
5,15,F,4,2005,1,2,1,2,2,1,1,1,1,1,1,1,1,2,14,7,1,1, ?,2,2
7,15,F,6,2005,4,1,1,2,2,1,1,1,1,1,3,2,1,2,14,6,1,1,40,2,2
6,15,F,6,2005,3,1,1,2,2,1,1,1,1,1,1,1,1,2,13,11,2,2, ?,2,2
1,4,F,3,2005,3,1,1,2,2,1,1,1,1,1,1,4,1,2,17,11,1,1,40,2,2
6,4,F,5,2005,1,1,1,2,2,1,4,1,1,1,1,1,2,?,14,1,1,1, ?,2,2
4,4,G,1,2005,4,1,1,2,2,1,1,1,1,1,1,3,1,2,9,6,1,1, ?,2,2
5,3,F,2,2005,1,1,1,2,2,1,1,1,1,3,2,4,1,2,17,6,1,1, ?,2,2
1,16,F,3,2005,2,7,8,2,2,1,1,1,1,1,1,2,1,2,14,6,1,1, ?,2,2
1,16,F,6,2005,4,7,8,2,2,1,4,1,1,1,1,2,1,2,14,4,1,1, ?,2,2
10,7,F,5,2005,2,1,1,2,2,1,1,1,1,3,2,2,1,2,8,6,1,1,39,2,2
10,7,G,5,2005,1,1,1,2,2,1,2,1,1,1,1,2,1,2,8,6,1,1,27,2,2
10,7,G,2,2005,1,1,1,2,2,1,1,1,1,1,1,2,1,2,4,11,1,1,40,2,2
1,9,F,5,2005,1,1,1,1,1,1,1,1,1,1,1,5,1,2,13,6,1,1,28,2,2
10,9,F,4,2005,2,1,1,2,2,1,1,1,1,1,1,1,1,2,9,5,1,1, ?,2,2
6,9,F,6,2005,4,1,1,2,1,1,4,1,1,1,1,2,1,2,14,6,1,1, ?,2,2
1,9,F,6,2005,2,1,1,2,2,1,2,1,1,1,1,3,2,1,14,6,1,1,30,2,2
6,9,F,4,2005,3,1,1,2,2,1,1,1,1,1,1,3,1,2,13,6,1,1,35,2,2
11,9,F,5,2005,4,1,1,1,1,1,1,1,1,1,1,4,1,2,9,6,1,1, ?,2,2
11,9,M,1,2005,?,1,1,2,2,1,1,1,1,1,1,3,1,2,8,6,1,1, ?,1,2
5,16,F,6,2005,4,1,8,2,2,1,1,1,1,1,1,2,1,2,8,6,1,1,28,1,2
11,16,G,1,2005,3,7,3,2,2,4,1,1,1,1,1,1,1,2,14,5,1,1, ?,2,2
11,16,F,3,2005,2,7,8,2,2,1,1,1,1,1,1,1,1,1,9,6,1,7, ?,2,2
3,13,F,3,2005,3,1,1,2,2,1,1,1,1,1,1,2,1,2,14,6,1,1, ?,2,2
3,13,F,4,2005,2,1,1,2,2,1,1,1,1,1,1,2,1,2,14,6,1,1, ?,2,2
3,13,F,3,2005,2,1,1,1,2,1,1,1,1,1,1,2,1,2,14,6,1,1, ?,2,2
4,2,F,5,2005,1,1,1,2,2,1,1,1,1,1,1,2,1,2,17,6,1,1,29,2,2
2,6,F,2,2005,1,1,1,2,2,1,2,1,1,1,1,2,1,2,8,4,1,1, ?,2,2
1,6,F,4,2005,1,1,1,2,2,1,1,1,1,1,1,1,1,2,14,6,1,1,45,2,2
5,2,F,2,2005,4,1,1,2,2,1,3,1,1,1,1,2,1,1,8,6,1,1,28,2,2
1,2,F,6,2005,1,1,1,2,2,1,2,1,1,1,1,1,1,2,14,6,1,1, ?,2,2
1,2,G,5,2005,3,1,1,2,2,1,1,1,1,1,1,1,1,2,14,6,1,1,55,2,2
3,10,G,5,2005,1,1,1,2,2,1,2,1,1,1,1,2,1,2,7,6,1,1,32,2,2
1,10,F,5,2005,3,1,1,2,2,1,1,1,1,1,1,2,1,2,14,4,1,1,35,2,2
8,13,G,1,2005,4,1,1,2,2,1,3,1,1,1,1,1,1,2,13,6,1,1, ?,2,2
8,13,G,3,2005,2,7,1,2,2,1,2,1,2,1,1,1,1,1,14,11,1,1, ?,1,2
8,13,G,6,2005,3,1,1,2,2,1,2,1,1,1,1,2,1,2,16,5,1,1, ?,2,1
8,13,F,10,2005,1,1,1,2,1,1,1,1,1,1,1,1,1,2,14,6,1,1,30,1,2
5,13,F,1,2005,1,3,1,2,1,1,1,4,1,1,1,3,1,2,14,2,1,1, ?,2,2
5,13,G,3,2005,2,1,1,2,2,1,4,1,1,1,1,2,1,2,4,6,1,1,18,2,2
6,13,G,1,2005,3,1,1,1,2,1,1,2,1,1,1,4,1,2,14,6,1,1, ?,1,2
6,13,F,6,2005,1,1,1,2,2,1,1,1,1,1,1,5,1,2,9,6,1,1,40,2,2
6,13,F,6,2005,2,1,1,2,2,1,1,1,1,1,1,2,1,2,9,6,1,1, ?,1,2
6,13,F,7,2005,3,1,3,2,2,1,1,1,1,1,1,2,1,2,14,6,1,3,35,2,2
6,13,G,8,2005,4,1,8,1,2,1,1,1,1,1,1,1,1,2,14,6,1,3,40,2,2
6,13,G,8,2005,1,1,1,2,2,1,1,1,1,1,1,1,1,2,7,6,1,1,28,2,2
7,13,G,1,2005,3,1,1,2,2,1,1,2,1,1,1,2,1,2,11,3,1,1, ?,2,2
9,13,F,11,2005,1,1,1,2,1,4,1,1,1,1,1,4,1,2,9,4,1,1, ?,2,2
3,13,G,7,2005,3,1,1,2,2,1,1,2,1,1,2,1,2,?,7,1,1,1, ?,2,2
3,13,F,9,2005,3,3,1,2,2,1,1,1,1,1,1,2,1,2,9,6,1,1, ?,2,2
3,13,F,9,2005,3,7,1,2,2,4,1,1,2,1,1,2,1,2,10,6,1,1, ?,2,2
3,1,S,2,2005,?,1,1,2,2,1,1,1,1,1,1,2,1,1,9,5,1,1, ?,2,2
7,3,F,12,2005,4,1,1,2,2,1,2,2,1,1,1,2,1,2,14,6,1,1,40,2,2
5,3,F,12,2005,1,2,1,2,2,4,4,1,1,1,1,1,1,1,14,4,1,1, ?,1,2
2,3,F,12,2005,3,1,1,2,2,1,1,1,1,1,1,2,1,2,14,6,1,1,30,2,2
1,3,F,11,2005,3,1,1,2,2,1,1,1,1,1,1,2,1,2,8,1,1,1,32,2,2
2,3,F,11,2005,3,1,1,2,2,1,1,3,1,1,1,2,1,2,9,6,1,1,34,2,2
6,3,F,11,2005,2,3,1,2,2,4,4,1,1,2,3,2,1,2,1,6,1,1, ?,2,2
2,3,F,8,2005,3,1,1,2,2,1,1,1,1,1,1,2,1,2,17,6,1,1,32,2,2
7,3,F,7,2005,1,1,1,2,2,1,2,1,1,1,1,3,1,1,9,4,1,1, ?,1,2
1,8,F,6,2005,3,1,1,1,2,1,1,1,1,1,1,2,1,1,14,6,1,1,36,2,2
7,8,G,1,2005,3,1,1,2,2,1,1,1,1,1,1,2,1,2,9,6,1,1, ?,2,2
4,8,F,1,2005,3,3,1,2,2,1,1,1,1,1,1,2,1,2,9,6,1,1,37,2,2
4,8,G,1,2005,2,1,1,2,2,1,1,1,1,1,1,2,1,1,14,6,1,1, ?,2,2
4,8,F,4,2005,3,1,1,2,2,1,1,1,1,1,1,2,1,2,9,6,1,1,39,2,2
6,16,G,7,2005,1,1,1,2,2,1,1,1,1,1,1,2,1,1,14,6,1,1,48,1,2
11,16,F,7,2005,1,1,1,1,2,1,2,1,2,1,1,2,1,2,14,6,1,1, ?,2,2
1,17,F,2,2005,3,7,8,2,2,1,1,1,1,1,1,1,1,2,9,6,1,1,38,2,2
1,17,F,6,2005,2,1,4,2,1,1,1,1,1,1,1,1,1,2,8,6,1,7,35,2,2
6,17,G,2,2005,2,1,1,2,2,1,1,1,1,1,1,2,1,2,14,6,1,1,45,2,2
8,17,G,1,2005,3,1,1,2,2,1,1,1,1,1,1,1,1,2,9,4,1,1,40,2,2
3,8,G,10,2005,3,1,1,2,2,1,1,1,1,1,1,1,1,2,14,6,1,1, ?,2,2
7,8,F,11,2005,2,1,1,2,2,1,1,1,1,1,1,2,1,2,9,6,1,1, ?,2,2
1,16,F,9,2005,1,1,1,2,2,1,2,1,1,1,1,2,1,1,14,6,2,3,40,2,2
11,16,F,10,2005,1,1,1,2,2,1,4,1,1,1,1,2,1,2,14,5,2,1, ?,1,2
6,16,F,9,2005,1,1,1,2,2,1,2,1,1,1,1,2,1,2,9,6,1,1, ?,2,2
1,2,G,12,2005,1,1,1,2,2,1,2,1,1,1,1,3,1,2,5,6,1,1, ?,2,2
1,2,F,12,2005,4,2,1,2,2,1,3,1,1,1,1,2,1,2,9,6,1,1, ?,1,2
10,7,F,7,2005,3,1,1,2,2,1,1,1,2,1,1,4,1,2,8,6,1,1,28,2,2
11,16,F,8,2005,1,1,1,2,2,1,4,1,1,1,1,2,1,2,13,6,1,1, ?,2,2
1,10,F,5,2005,3,1,1,2,2,1,1,1,1,1,1,2,1,2,14,5,1,1, ?,2,2
1,10,F,8,2005,1,7,8,2,2,1,1,4,1,1,1,2,1,2,14,1,1,1,40,2,2
5,10,F,2,2005,1,1,8,2,2,1,1,1,1,1,1,2,1,2,4,5,1,1,34,2,2
4,10,F,7,2005,1,4,1,2,2,1,1,1,1,1,1,2,1,2,9,6,1,1, ?,2,2
3,10,F,4,2005,3,1,1,2,2,1,1,1,1,1,1,2,1,2,14,5,1,1, ?,2,2
1,9,F,11,2005,3,1,1,2,2,1,1,1,1,1,1,2,1,2,10,6,1,1, ?,2,2
12,9,F,12,2005,1,1,1,2,2,1,3,1,1,1,1,1,1,2,14,6,1,1, ?,2,2
1,9,F,9,2005,1,1,1,2,2,1,1,1,1,1,1,1,1,2,9,6,1,1,35,2,2
11,9,F,7,2005,1,2,1,2,1,1,4,1,2,1,1,2,1,2,14,6,1,1,45,2,2
1,12,F,10,2005,?,1,1,2,2,1,1,1,1,1,1,1,1,2,8,4,1,1, ?,1,2
1,15,F,7,2005,3,1,1,2,2,1,1,1,1,1,1,1,1,2,9,6,1,1, ?,1,2
3,12,F,3,2005,2,1,1,2,2,1,1,1,1,1,1,2,1,2,14,6,1,1,35,2,2
1,3,F,6,2005,1,7,2,2,1,1,1,1,1,1,1,2,1,2,14,6,1,1,42,2,2
1,3,G,6,2005,2,7,1,2,2,1,1,1,1,1,1,5,1,1,9,6,1,7,42,1,2
1,3,F,6,2005,2,3,1,2,2,1,1,1,1,1,1,2,1,1,9,6,1,7, ?,1,2
1,10,G,11,2005,1,3,1,2,2,1,1,1,1,1,1,2,1,1,13,4,1,1,25,2,2
5,10,F,9,2005,3,1,1,2,2,1,1,1,1,1,1,3,1,2,14,6,1,1,45,2,2
3,17,F,11,2005,1,7,1,2,2,1,2,1,1,1,1,1,1,2,14,6,1,1, ?,1,2
10,17,F,12,2005,1,1,1,2,2,1,1,1,1,1,1,1,1,2,14,6,1,1, ?,2,2
7,17,F,11,2005,?,7,1,2,2,1,1,1,1,1,1,1,1,2,9,6,1,1,35,2,2
1,15,F,11,2005,2,1,1,2,2,1,2,1,1,3,2,4,1,2,16,6,1,7, ?,2,2
3,15,G,11,2005,4,7,1,2,2,1,2,1,1,1,1,1,1,2,7,1,1,1, ?,2,2
5,15,F,10,2005,4,1,1,2,2,1,2,1,1,1,1,2,1,2,9,5,1,1, ?,2,2
5,15,F,10,2005,3,1,1,2,2,1,1,2,2,1,1,3,1,2,14,6,1,1, ?,2,2
1,1,F,11,2005,3,1,1,2,2,1,1,1,1,1,1,2,1,2,9,6,1,1,38,2,2
3,1,F,8,2005,?,3,1,2,2,1,2,1,1,1,1,2,1,2,8,6,1,1,34,2,2
3,1,F,9,2005,2,3,1,2,2,1,1,1,1,1,1,1,1,2,8,6,1,1,48,2,2
11,16,F,11,2005,2,1,1,2,2,1,1,1,1,1,1,1,1,2,10,5,2,3, ?,2,2
2,6,F,6,2005,4,2,1,2,2,1,1,1,1,1,1,4,1,2,5,6,1,1,25,2,2
1,4,F,12,2005,3,1,1,2,2,1,1,1,1,1,1,3,1,2,14,6,1,1, ?,2,2
1,4,F,8,2005,3,1,1,2,2,1,1,1,1,1,1,3,1,2,8,6,1,1, ?,2,2
2,4,G,7,2005,3,1,1,1,2,1,1,1,1,1,1,3,1,2,7,5,1,1,30,2,2
1,4,G,12,2005,2,2,1,2,2,1,2,1,1,1,1,3,1,2,12,5,1,1, ?,2,2
4,4,F,11,2005,1,1,1,1,2,1,1,1,1,1,1,3,1,2,17,6,1,1, ?,2,2
6,4,F,10,2005,2,1,1,2,2,1,1,1,1,1,1,2,1,2,8,6,1,1, ?,2,2
1,5,F,1,2005,2,7,8,2,2,1,1,1,1,1,1,2,1,2,9,6,1,1, ?,2,2
1,5,F,2,2005,3,1,1,2,2,1,1,1,1,1,1,2,1,1,14,6,1,1, ?,2,2
1,15,F,4,2005,1,2,1,1,2,1,1,1,1,1,1,1,1,2,14,7,1,1, ?,1,2
1,15,F,6,2005,2,1,1,2,2,1,1,1,1,1,1,1,1,2,9,6,1,1, ?,2,2
1,5,G,3,2005,4,1,1,2,2,1,1,1,1,1,1,1,1,2,9,6,1,1, ?,2,2
1,5,F,7,2005,3,1,1,1,2,1,1,1,1,1,1,2,1,2,14,6,1,1, ?,2,2
2,5,F,3,2005,1,1,1,2,2,1,1,1,1,1,1,2,1,2,13,6,1,1,45,2,2
2,5,F,12,2005,3,2,8,2,2,1,1,1,1,1,1,2,1,2,8,2,1,1,45,2,2
3,5,G,5,2005,1,1,2,2,1,1,1,1,1,1,1,1,1,2,9,6,1,1, ?,2,2
3,5,F,11,2005,2,1,1,1,2,1,1,1,1,1,1,2,1,2,13,6,1,1, ?,2,2
3,5,F,11,2005,1,1,1,2,2,1,4,1,1,1,1,2,1,2,9,6,1,1, ?,2,2
8,5,F,4,2005,1,2,3,2,2,1,3,1,1,1,1,1,1,1,12,6,1,1, ?,2,2
8,5,F,5,2005,4,1,1,2,2,1,1,1,1,1,1,1,1,2,9,6,1,1,23,1,2
8,5,F,10,2005,1,1,1,2,2,1,1,1,1,1,1,1,1,2,9,1,1,1, ?,1,2
8,5,F,11,2005,1,7,1,2,2,1,3,1,1,1,1,1,1,2,9,6,1,7, ?,1,2
8,5,F,11,2005,3,7,1,2,2,1,1,1,1,1,1,1,1,1,14,6,2,1, ?,1,2
5,5,S,1,2005,2,1,1,2,2,1,1,1,1,1,1,1,1,2,14,6,1,1, ?,2,2
5,5,F,1,2005,2,1,1,2,2,1,1,1,1,1,1,1,1,2,9,6,1,1,35,2,2