Thana,District,Accident_Severity,Month,Year,Time,Junction_Type,Traffic_Control,Movement,Divider,Weather,Light,Road_Geometry,Surface_Condition,Surface_Type,Surface_Quality,Road_Class,Road_Feature,Location_Type,Vehicle_Type,Vehicle_Movement,Vehicle_Loading,Vehicle_Defect,Vehicle_Driver_Age,Vehicle_Alcohol,Vehicle_Seat_Belt
5,5,F,4,2005,1,7,8,2,2,1,1,1,1,1,1,1,1,2,14,6,1,1, ?,2,2
5,5,F,5,2005,3,1,1,2,2,1,1,1,1,1,1,1,1,2,9,6,1,1,45,2,2
5,5,F,5,2005,2,7,1,1,2,1,1,1,1,1,1,1,1,2,9,4,1,1, ?,1,2
5,5,G,6,2005,2,1,1,2,2,1,1,1,1,1,1,1,1,2,13,6,1,1, ?,2,2
5,5,G,8,2005,3,1,1,2,2,1,1,1,1,1,1,1,1,2,14,6,1,7, ?,2,2
9,5,M,10,2005,3,1,8,2,2,1,2,1,2,1,1,1,4,2,9,6,1,1, ?,2,2
5,5,F,11,2005,2,7,8,2,2,1,1,1,1,1,1,1,1,2,8,6,1,1,40,2,2
5,5,F,12,2005,1,7,8,2,2,1,4,1,1,1,1,1,1,2,14,6,1,1, ?,2,2
7,5,F,1,2005,1,7,1,2,2,1,2,1,1,1,1,3,1,2,14,1,1,1, ?,2,2
7,5,F,2,2005,1,7,1,2,2,1,1,1,1,1,1,2,1,2,14,1,1,1, ?,2,2
4,5,G,4,2005,2,1,1,2,2,1,1,1,1,1,1,1,1,2,8,6,1,1, ?,2,2
6,5,F,1,2005,3,1,1,2,2,1,1,2,1,1,1,1,1,2,9,6,1,1, ?,2,2
6,5,G,5,2005,1,1,1,2,1,1,1,1,1,1,1,1,1,2,13,6,1,1, ?,2,2
6,5,G,5,2005,4,1,4,2,1,4,1,1,1,1,1,1,2,?,14,6,1,1, ?,2,2
6,5,G,9,2005,1,1,1,2,2,4,4,1,1,1,1,1,1,2,9,6,1,1, ?,1,2
1,11,F,7,2005,3,2,1,2,2,1,1,1,1,1,1,5,1,1,14,11,1,1, ?,2,2
1,11,F,11,2005,2,1,1,2,2,1,1,1,1,1,1,1,1,1,14,6,1,1, ?,2,2
5,11,F,5,2005,1,1,1,2,2,1,1,2,1,1,1,4,1,2,8,6,1,1, ?,2,2
5,11,F,12,2005,2,1,1,2,2,1,1,1,1,1,1,2,1,2,9,6,1,1,45,2,2
6,11,G,5,2005,2,1,1,2,2,1,1,1,1,1,1,2,1,2,4,8,1,1,30,2,2
6,11,F,9,2005,1,1,2,2,1,2,1,1,1,1,1,3,1,2,14,5,1,1, ?,2,2
6,11,F,10,2005,1,1,1,2,2,1,1,1,1,1,1,3,1,2,14,11,1,1, ?,2,2
6,11,F,11,2005,2,1,8,2,2,1,1,1,1,1,1,2,1,1,9,6,1,1,26,2,2
3,11,F,4,2005,4,3,1,1,2,1,2,1,1,1,1,2,1,2,16,11,1,1, ?,2,2
4,11,G,10,2005,3,1,4,2,2,1,1,1,1,1,1,3,1,2,14,6,1,1, ?,1,2
10,11,F,8,2005,1,1,1,2,2,1,1,1,1,1,1,2,1,2,8,11,1,1, ?,2,2
11,11,F,9,2005,3,1,1,2,2,1,2,1,1,1,1,2,1,2,13,6,1,3,40,2,2
6,4,F,10,2005,2,1,1,2,2,1,1,1,1,1,1,2,1,2,8,6,1,1,33,2,2
7,15,G,2,2005,3,3,1,1,2,1,2,1,1,1,1,4,1,2,19,1,2,3,25,2,2
1,61,F,6,2005,1,1,1,2,1,1,1,1,1,1,1,1,1,2,6,6,?,1,26,2,2
2,61,S,6,2005,2,?,?,?,2,2,1,1,3,1,1,4,1,2,8,6,1,1, ?,2,2
1,67,F,6,2005,2,1,1,2,2,1,1,4,1,1,1,1,1,2,13,4,1,?, ?,2,2
7,63,G,6,2005,3,1,4,2,2,1,1,1,1,1,1,1,1,2,8,6,1,1,37,1,2
7,60,F,6,2005,2,1,1,1,2,1,1,1,1,1,1,3,1,2,6, ?,?,?, ?,2,2
7,60,F,6,2005,1,?,1,2,2,2,1,1,2,1,1,3,1,2,8,8,?,7, ?,1,2
5,63,F,7,2005,4,1,8,?,?,1,4,1,1,1,1,4,1,2,5,6,?,?, ?,?,?
1,60,F,7,2005,2,1,1,2,2,1,1,1,1,1,1,4,1,2,14,5,?,?, ?,1,2
7,60,S,7,2005,2,?,?,2,2,2,1,2,2,1,?,3,1,2,9,1,?,?, ?,?,?
7,60,F,7,2005,2,1,1,1,2,1,1,1,1,1,1,3,1,1,14,5,1,1,38,2,2
1,60,S,5,2005,2,3,1,2,?,1,1,1,1,1,1,1,1,2,11,6,1,1, ?,2,1
1,61,F,3,2005,2,1,1,2,2,1,1,1,1,1,1,1,1,2,14,6,2,7, ?,1,2
1,61,M,2,2005,1,1,2,2,1,1,1,1,1,1,1,1,1,2,14,6,1,?,30,2,2
1,61,F,3,2005,1,1,2,2,1,1,1,1,1,1,1,1,1,2,9,6,1,7, ?,2,2
1,61,F,3,2005,3,1,1,2,2,1,1,1,1,1,1,1,1,2,9,6,1,1,28,2,2
1,61,G,2,2005,1,1,2,2,1,1,1,1,1,1,1,2,1,2,14,6,1,1,35,2,2
1,61,F,2,2005,2,2,4,2,2,1,1,1,1,1,1,1,1,2,8,1,1,1,29,2,2
2,58,F,5,2005,1,?,1,2,2,1,2,1,1,1,1,1,1,2, ?, ?,1,1, ?,1,2
2,58,F,5,2005,2,1,1,2,2,1,4,1,1,?,1,1,1,2,9,6,1,7, ?,2,2
2,58,G,1,2005,4,1,1,2,2,1,4,1,1,1,1,1,1,1,13,4,1,?,30,2,2
8,58,F,3,2005,3,7,8,1,2,1,1,1,1,1,1,1,1,2,9,6,2,1, ?,1,2
8,58,F,1,2005,3,7,8,2,2,1,1,1,1,1,1,1,1,2,9,6,?,1,42,2,2
5,63,F,1,2005,3,2,1,2,2,1,1,1,1,1,1,2,1,2,14,6,1,1, ?,1,2
8,63,F,2,2005,1,?,1,2,2,1,2,1,1,1,1,1,?,?,14,10,1,1,31,2,2
1,62,G,5,2005,3,1,?,2,2,1,1,1,1,1,1,2,1,2,4,6,1,1,32,2,2
1,62,F,4,2005,1,1,1,2,2,1,4,1,1,1,1,2,1,2,9,1,?,?,30,2,2
1,62,F,3,2005,1,1,4,2,1,1,4,1,1,1,3,3,1,2,9,6,2,7, ?,2,2
3,65,F,5,2005,3,7,1,2,2,1,1,1,1,2,2,4,1,2,11,5,1,1,30,2,2
1,65,F,4,2005,2,1,1,1,2,1,1,1,2,1,1,5,1,1,11,6,1,7,28,2,2
2,65,F,4,2005,2,1,1,2,?,1,2,1,1,1,1,1,1,2,11, ?,1,6,24,2,2
2,65,G,1,2005,2,3,1,2,2,1,1,1,1,1,1,1,1,2,11,10,1,7,27,2,2
8,66,F,1,2005,3,1,1,2,2,1,1,2,1,1,1,3,1,2,8,7,1,1,39,2,2
2,68,F,5,2005,1,1,4,2,1,2,2,1,1,1,1,3,1,2,11,6,1,?,35,2,2
2,59,F,5,2005,3,1,1,2,2,1,1,2,1,1,1,2,1,2,17,6,2,6, ?,2,2
1,59,F,1,2005,3,1,1,2,2,1,1,1,1,1,1,2,1,2,8,4,1,1, ?,2,2
4,59,F,2,2005,2,1,2,2,2,1,1,1,1,1,1,1,1,2,14,6,1,7, ?,1,2
4,59,F,1,2005,3,1,8,1,2,1,1,1,1,1,1,2,1,2,12,6,1,1, ?,2,2
7,59,M,3,2005,1,1,8,1,2,1,1,1,1,1,1,1,1,2,9,1,?,?, ?,1,2
9,63,F,8,2005,2,?,?,2,2,1,1,1,1,1,1,1,1,2,8,6,1,7, ?,2,2
9,63,F,8,2005,3,7,1,2,2,1,1,1,1,1,1,1,1,2,14,6,1,1, ?,2,2
8,63,G,8,2005,2,3,1,2,2,1,1,1,1,1,1,1,1,2,14,1,1,?, ?,1,?
8,63,F,8,2005,1,7,1,2,2,1,2,1,1,1,1,1,1,2, ?, ?,?,?, ?,?,?
13,63,M,8,2005,2,1,1,2,2,2,2,1,2,1,1,1,1,2,9,6,1,1, ?,2,2
13,63,F,8,2005,2,1,1,2,2,1,2,1,1,1,1,1,1,2,9,10,1,?, ?,2,2
9,63,G,10,2005,2,2,8,2,?,1,1,4,1,1,1,1,1,2, ?, ?,?,?, ?,?,?
4,63,G,11,2005,3,2,1,2,2,1,1,1,1,1,1,1,1,2,7,6,1,?, ?,1,2
10,63,F,11,2005,2,1,1,2,2,1,1,1,1,1,1,4,1,2,2,6,1,7,50,1,2
4,63,F,12,2005,1,1,4,2,1,2,1,1,1,1,1,3,1,2,14,4,1,1,29,1,2
5,58,F,8,2005,1,?,?,2,2,1,4,1,1,1,1,1,?,2, ?, ?,1,?,25,?,?
7,58,G,8,2005,2,1,?,2,2,2,?,1,2,1,1,1,1,2,14,6,1,3,50,2,2
1,58,F,9,2005,3,7,1,2,2,1,1,1,1,1,1,1,1,2,8,6,1,1,45,2,2
1,58,F,9,2005,2,4,1,2,2,1,1,1,1,1,1,2,1,2,17,2,?,?, ?,?,?
12,58,F,9,2005,3,7,1,2,2,1,1,2,1,1,1,3,?,?,9,6,1,1, ?,2,2
5,58,F,9,2005,2,7,8,2,2,1,1,2,1,1,1,1,?,2,9, ?,?,?, ?,1,2
1,58,G,10,2005,2,7,1,2,?,1,1,1,1,1,1,1,1,2,10,5,1,7, ?,?,?
2,58,G,10,2005,3,?,?,?,?,?,?,?,?,?,?,3,?,?, ?, ?,?,?, ?,?,?
4,58,F,10,2005,2,7,?,1,?,1,1,1,3,1,3,2,1,2,9,4,1,?, ?,2,2
7,58,G,11,2005,2,7,1,2,2,1,1,1,1,1,1,1,1,2,9,6,1,1,35,2,2
1,58,S,11,2005,3,1,8,2,2,1,1,1,1,1,1,2,1,2,8,6,1,1, ?,2,2
7,58,F,11,2005,3,1,1,2,2,1,1,1,1,1,1,1,1,2,8,6,1,1,44,2,2
7,58,G,11,2005,2,7,1,2,2,1,1,1,1,1,1,1,1,2,9,6,1,1, ?,2,2
3,58,S,12,2005,3,1,8,2,2,1,1,1,1,1,1,3,1,2,7,6,1,1, ?,2,2
1,61,F,9,2005,3,2,?,2,2,1,1,1,1,1,?,1,1,1,4,6,1,?, ?,2,2
3,61,F,11,2005,1,?,?,1,?,1,?,1,1,1,1,2,1,2,9,4,?,1,41,2,2
3,61,F,12,2005,2,1,1,2,2,1,1,1,1,1,1,1,1,2,14,6,1,1,45,2,2
7,59,G,8,2005,2,1,1,2,2,1,1,1,1,1,1,4,1,2,14,6,1,?, ?,?,2
7,60,F,8,2005,2,?,?,2,?,2,1,2,2,1,?,2,?,2,14,1,?,?, ?,?,?
7,60,F,12,2005,2,3,1,1,2,4,1,1,1,1,1,1,1,2, ?, ?,?,?, ?,?,?
7,65,G,9,2005,4,?,4,2,2,1,2,4,1,1,2,1,1,2,7,6,1,7, ?,2,2
6,65,F,12,2005,4,?,1,2,2,1,4,4,1,3,2,1,1,2,11,6,1,7, ?,2,2
1,51,F,2,2005,3,1,1,2,2,1,1,1,1,1,1,1,2,2,12,6,1,1, ?,2,2
1,50,F,2,2005,2,1,1,2,2,1,1,1,1,1,1,1,1,2,14,6,1,1, ?,2,2
1,35,G,1,2005,2,1,1,2,2,1,1,1,1,1,1,2,1,2,9,6,1,1, ?,2,2
5,50,F,4,2005,4,1,1,2,2,1,1,1,1,1,1,1,1,1,6,6,1,1, ?,2,2
1,51,G,4,2005,1,2,1,2,2,1,1,1,1,1,1,2,1,2,7,6,1,1, ?,2,2
1,38,F,4,2005,2,1,1,2,2,1,1,1,1,1,3,4,1,2,2,6,1,1, ?,2,2
1,38,S,4,2005,3,1,1,2,2,1,1,1,1,1,1,1,1,2,9,6,1,1, ?,2,2
1,38,F,1,2005,1,7,1,2,2,1,1,1,1,1,1,1,1,2,9,6,1,1, ?,2,2
1,38,G,2,2005,3,1,1,2,2,1,1,1,1,1,1,5,1,2,14,6,1,1, ?,2,2
3,37,F,1,2005,1,1,1,2,1,1,1,1,1,1,1,1,1,1,14,6,1,1, ?,2,2
3,39,F,2,2005,1,1,1,2,1,1,1,1,1,1,1,1,1,2,9,6,1,1, ?,2,2
2,39,F,3,2005,3,1,1,2,2,1,1,1,1,1,1,4,1,2,9,6,1,1, ?,2,2
2,35,F,1,2005,3,1,1,2,2,1,1,1,1,1,1,3,1,2,14,6,1,1, ?,2,2
1,49,F,1,2005,1,1,1,2,1,1,1,1,1,1,1,2,1,2,1,6,1,1, ?,2,2
12,47,F,1,2005,3,1,1,2,2,1,1,1,1,1,1,1,1,2,10,6,1,1, ?,2,2
9,47,F,1,2005,4,1,8,2,2,1,4,1,1,1,1,1,1,2,9,6,1,1, ?,2,2
7,47,G,1,2005,2,1,1,2,2,1,1,1,1,1,1,1,1,2,14,6,1,1, ?,2,2
2,43,G,4,2005,2,1,1,2,2,1,1,1,1,1,1,1,1,2,9,6,1,1, ?,2,2
4,43,F,4,2005,4,1,1,2,2,1,1,1,1,1,1,1,1,2,5,6,1,1, ?,2,2
1,48,F,1,2005,1,1,1,2,2,1,1,1,1,1,1,3,1,1,16,6,1,1, ?,2,2
1,48,F,1,2005,4,1,1,2,2,1,1,1,1,1,1,1,1,2,14,6,1,1, ?,2,2
1,35,F,3,2005,2,1,1,2,2,1,1,1,1,1,1,4,1,2,9,6,1,1, ?,2,2
2,35,F,4,2005,4,1,8,2,2,1,2,1,1,1,1,1,1,2,14,6,1,1, ?,2,2
1,39,F,6,2005,1,1,1,2,2,1,1,1,2,1,1,5,1,2,14,6,1,1, ?,2,2
1,38,F,5,2005,1,1,1,2,2,1,3,1,1,1,1,3,1,2,6,6,1,1, ?,2,2
6,38,F,5,2005,3,1,4,2,1,1,1,1,1,1,1,1,1,2,9,6,1,1, ?,2,2
8,51,G,5,2005,3,1,1,2,2,1,1,1,1,1,1,2,1,2,9,6,1,1, ?,2,2
12,51,F,5,2005,2,7,8,2,2,1,1,2,1,1,1,2,1,2,4,6,1,1, ?,2,2
6,51,G,5,2005,2,7,8,2,2,1,1,1,1,1,1,4,1,2,9,6,1,1, ?,2,2
3,38,F,8,2005,3,7,1,2,2,1,1,1,1,1,1,1,1,2,9,6,1,1, ?,2,2
3,38,G,8,2005,2,1,1,2,2,1,1,1,1,1,1,1,1,2,9,6,1,1, ?,2,2
6,38,F,6,2005,2,1,1,1,2,1,4,1,1,1,1,1,1,2,7,6,1,1, ?,2,2
1,38,F,7,2005,3,1,1,2,2,1,1,1,1,1,1,1,1,1,9,6,1,1, ?,2,2
3,38,F,7,2005,2,1,1,2,2,1,1,1,1,1,1,1,1,2,9,6,1,1, ?,2,2
3,38,F,11,2005,?,1,1,2,2,1,1,1,1,1,1,1,1,2,14,6,1,1, ?,2,2
3,38,F,12,2005,1,7,8,2,2,1,1,1,1,1,1,1,1,2,9,6,1,1, ?,2,2
1,44,S,3,2005,3,7,8,2,2,1,1,1,1,1,3,2,1,2,9,6,1,1, ?,2,2
4,44,M,3,2005,3,3,1,2,2,1,1,1,1,1,1,2,1,2,13,6,1,1, ?,2,2
4,44,G,3,2005,1,1,2,2,1,1,1,1,1,1,1,1,1,2,9,6,1,1, ?,2,2
5,44,G,3,2005,3,1,1,2,2,1,1,1,1,1,1,2,1,2,14,6,1,1, ?,2,2
4,44,F,4,2005,3,1,1,2,2,1,1,1,1,1,1,1,1,2,9,6,1,1, ?,2,2
5,44,M,4,2005,2,1,1,2,2,1,2,1,1,1,1,1,1,2,9,6,1,1, ?,2,2
4,44,F,6,2005,2,1,1,2,2,1,1,1,1,1,1,3,1,2,13,6,1,1, ?,2,2
4,44,F,6,2005,2,7,1,2,2,1,2,2,1,1,1,4,1,2,13,6,1,1, ?,2,2
3,44,G,6,2005,3,4,2,2,2,1,1,1,1,1,1,1,1,2,5,6,1,1, ?,2,2
7,44,F,6,2005,4,1,1,2,2,1,4,1,1,1,1,1,1,2,14,6,1,1, ?,2,2
5,44,G,5,2005,3,1,1,2,2,1,1,1,1,1,1,1,1,2,10,6,1,1, ?,2,2
3,44,F,7,2005,2,1,1,2,2,1,1,1,1,1,1,1,1,2,9,6,1,1, ?,2,2
6,44,M,7,2005,2,1,1,2,2,1,1,1,1,1,1,1,1,2,9,6,1,1, ?,2,2
2,44,F,7,2005,4,3,2,1,1,1,1,1,1,1,1,2,1,2,10,6,1,1, ?,2,2
7,44,G,7,2005,4,1,1,2,2,1,1,1,1,1,1,1,1,2,9,6,1,1, ?,2,2
5,44,G,7,2005,3,3,1,2,2,1,1,1,1,1,1,1,1,2,9,6,1,1, ?,2,2
7,44,F,8,2005,2,1,1,2,2,1,1,1,1,1,1,1,1,2,9,6,1,1, ?,2,2
1,50,M,6,2005,2,1,1,2,2,1,1,1,1,1,1,2,1,2,9,6,1,1, ?,2,2
11,50,S,6,2005,2,1,1,2,2,1,1,1,1,1,1,2,1,2,6,6,1,1, ?,2,2
13,50,F,11,2005,2,1,1,2,2,1,1,1,1,1,1,1,1,2,9,6,1,1, ?,2,2
5,50,G,11,2005,2,1,1,2,2,1,1,1,1,1,1,1,1,2,9,6,1,1, ?,2,2
4,50,F,8,2005,3,1,1,2,2,1,1,1,1,1,1,4,1,2,9,1,1,1, ?,2,2
9,50,G,10,2005,2,7,1,2,2,1,1,1,1,1,1,2,1,2,9,6,1,1, ?,2,2
3,43,G,6,2005,3,4,2,2,1,1,1,1,1,1,1,2,1,2,9,6,1,1, ?,2,2
2,43,S,9,2005,2,1,1,2,2,1,1,1,1,1,1,1,1,2,14,6,1,1, ?,2,2
2,43,F,9,2005,3,1,1,2,2,1,1,1,1,1,1,1,1,2,9,6,1,1, ?,2,2
4,43,F,11,2005,4,1,1,2,2,1,1,1,1,1,1,1,1,2,6,6,1,1, ?,2,2
2,43,F,12,2005,3,7,1,1,1,1,2,1,1,1,1,1,1,2,9,6,1,1, ?,2,2
4,35,G,7,2005,3,1,1,2,2,1,1,1,1,1,1,1,1,2,9,6,1,1, ?,2,2
2,35,F,7,2005,3,1,1,2,2,1,1,1,1,1,1,2,1,2,9,6,1,1, ?,2,2
4,35,F,9,2005,2,1,1,2,2,1,1,1,1,1,1,2,1,2,12,6,1,1, ?,2,2
5,41,F,1,2005,2,1,1,2,2,1,1,1,1,1,1,4,1,2,9,6,1,1, ?,2,2
4,41,G,8,2005,3,1,1,1,2,1,1,1,1,1,1,2,1,2,9,6,1,1, ?,2,2
12,47,G,1,2005,3,1,1,2,2,1,1,1,1,1,1,1,1,2,14,6,1,1, ?,2,2
8,47,G,5,2005,2,1,1,2,2,1,1,1,1,1,1,3,1,2,10,6,1,1, ?,2,2
2,47,F,5,2005,3,1,1,2,2,1,1,1,1,1,1,1,1,2,9,6,1,1, ?,2,2
1,47,F,5,2005,2,1,1,2,2,1,1,1,1,1,1,1,1,2,9,6,1,1, ?,2,2
3,47,F,5,2005,2,1,1,2,2,1,1,1,1,1,1,2,1,2, ?,6,1,1, ?,2,2
1,51,G,7,2005,3,1,1,2,2,1,1,1,1,1,1,2,1,2,13,6,1,1, ?,2,2
8,51,F,7,2005,1,1,1,2,2,1,1,1,1,1,1,2,1,2,9,6,1,1, ?,2,2
9,51,S,7,2005,3,1,1,2,2,1,1,1,1,1,1,2,1,2,9,6,1,1, ?,2,2
4,39,F,9,2005,1,1,1,2,1,1,1,1,1,1,1,1,1,2,8,6,1,1, ?,2,2
6,44,G,2,2005,1,1,2,2,1,2,1,1,1,1,1,1,1,2,14,6,1,1, ?,2,2
5,44,F,11,2005,1,1,2,2,1,1,1,1,1,1,1,1,1,2,9,6,1,1, ?,2,2
5,44,F,11,2005,1,1,1,2,2,1,2,1,1,1,1,1,1,2,14,6,1,1, ?,2,2
3,44,F,10,2005,1,1,1,2,2,1,4,1,1,1,1,1,1,2,7,6,1,1, ?,2,2
3,44,G,9,2005,3,1,1,2,2,1,1,1,1,1,1,1,1,2,14,6,1,1, ?,2,2
6,44,G,9,2005,2,1,1,2,2,1,1,1,1,1,1,1,1,2,9,6,1,1, ?,2,2
5,45,F,12,2005,3,1,1,2,2,1,1,1,1,1,1,1,1,2,9,6,1,1, ?,2,2
1,45,F,12,2005,2,1,1,2,2,1,1,1,1,1,1,1,1,2,14,6,1,1, ?,2,2
1,50,G,12,2005,1,1,1,2,1,4,1,1,1,1,1,3,1,2,14,6,1,1, ?,2,2
6,52,S,2,2005,3,1,1,2,2,1,1,1,1,1,1,2,1,2,9,6,1,1, ?,2,2
3,52,M,6,2005,2,1,1,2,2,1,1,1,1,1,1,3,1,2,14,6,1,1, ?,2,2
1,40,F,6,2005,1,1,1,2,2,1,1,1,1,1,1,1,1,2,14,6,1,1, ?,2,2
1,40,F,7,2005,2,1,1,2,2,1,1,1,1,1,1,1,1,2,14,6,1,1, ?,2,2
1,40,F,7,2005,3,1,1,2,2,1,1,1,1,1,1,1,1,2,14,6,1,1, ?,2,2
5,40,S,3,2005,3,1,1,2,2,1,1,1,1,1,1,1,1,2,14,6,1,1, ?,2,2
5,40,G,4,2005,3,1,1,2,2,1,1,1,1,1,1,1,1,2,9,6,1,1, ?,2,2
5,40,G,5,2005,3,1,1,2,2,1,1,1,1,1,1,1,1,2,14,6,1,1, ?,2,2
6,40,M,3,2005,3,1,1,2,2,1,1,1,1,1,1,1,1,2,9,6,1,1, ?,2,2
6,40,G,9,2005,3,1,1,2,2,1,1,1,1,1,1,1,1,2,9,6,1,1, ?,2,2
3,40,F,1,2005,4,1,1,2,2,2,2,1,1,1,1,1,1,2,1,9,1,1, ?,2,2
3,40,F,11,2005,2,1,1,2,2,1,1,1,1,1,1,1,1,2,10,6,1,1, ?,2,2
3,40,F,11,2005,2,1,1,2,2,1,1,1,1,1,1,1,1,2,14,6,1,1, ?,2,2
1,49,F,1,2005,2,1,1,2,2,1,1,1,1,1,1,1,1,2,9,6,1,1, ?,2,2
5,47,F,11,2005,2,1,1,2,2,1,1,1,1,1,1,1,1,2,14,6,1,1, ?,2,2
5,47,F,11,2005,2,1,1,2,1,1,1,1,1,1,1,1,1,2,9,6,1,1, ?,2,2
12,47,F,11,2005,1,1,1,2,2,1,3,2,1,1,1,1,1,2,14,6,1,1, ?,2,2
7,47,F,10,2005,3,1,1,2,2,1,1,1,1,1,1,1,1,2,9,6,1,1, ?,2,2
8,47,G,10,2005,1,1,1,2,2,1,1,1,1,1,1,1,1,2,9,6,1,1, ?,2,2
7,47,G,9,2005,1,1,4,2,2,1,1,1,1,1,1,1,1,2,9,6,1,1, ?,2,2
3,47,F,9,2005,2,1,1,2,2,1,1,1,1,1,1,2,1,2,10,6,1,1, ?,2,2
9,47,F,9,2005,3,1,1,2,2,1,1,1,1,1,1,1,1,2,9,6,1,1, ?,2,2
1,47,F,9,2005,1,1,1,2,2,1,1,1,1,1,1,1,1,2,9,6,1,1, ?,2,2
7,47,G,8,2005,1,1,1,2,1,1,2,1,1,1,1,1,1,2,9,6,1,1, ?,2,2
8,47,F,8,2005,1,1,1,2,2,1,1,1,1,1,1,1,1,2,9,6,1,1, ?,2,2
12,47,G,7,2005,2,1,1,2,2,1,1,1,1,1,1,1,1,2,9,6,1,1, ?,2,2
1,47,G,7,2005,2,1,1,2,2,1,1,1,1,1,1,1,1,2,6,1,1,1, ?,2,2
12,47,M,6,2005,2,1,1,2,2,1,1,1,1,1,1,1,1,2,14,6,1,1, ?,2,2
12,47,G,6,2005,2,1,1,2,2,1,1,1,1,1,1,1,1,2,14,6,1,1, ?,2,2
4,39,F,8,2005,1,1,1,2,2,1,1,1,1,1,1,1,1,2,12,6,1,1, ?,2,2
1,39,F,11,2005,2,1,1,2,2,1,3,1,1,1,1,1,1,2,9,6,1,1, ?,2,2
1,39,F,12,2005,3,1,1,2,2,1,1,1,1,1,1,1,1,2,9,6,1,1, ?,2,2
3,36,F,3,2005,4,1,1,2,2,1,4,1,1,1,1,1,1,2,14,6,1,1, ?,2,2
3,36,F,9,2005,3,1,1,2,2,2,1,1,2,1,1,1,1,2,9,6,1,1, ?,2,2
1,36,F,6,2005,3,1,1,2,2,1,1,1,1,1,1,1,1,2,14,6,1,1, ?,2,2
1,46,F,6,2005,4,1,1,2,2,1,2,1,1,1,1,1,1,2,13,6,1,1, ?,2,2
1,46,F,6,2005,3,1,1,2,2,1,1,1,1,1,1,1,1,2,8,6,1,1, ?,2,2
1,46,F,3,2005,1,1,1,2,2,1,2,1,1,1,1,1,1,2,19,6,1,1, ?,2,2
1,46,F,2,2005,2,1,1,2,2,1,1,1,1,1,1,1,1,2,14,6,1,1, ?,2,2
5,46,F,1,2005,4,1,1,2,2,1,1,1,1,1,1,1,1,2,8,6,1,1, ?,2,2
5,46,G,11,2005,3,1,1,2,2,1,1,1,1,1,1,1,1,2,9,6,1,1, ?,2,2
3,41,F,9,2005,4,1,1,2,2,1,2,2,1,1,1,1,1,2,8,6,1,1, ?,2,2
5,41,F,9,2005,4,1,1,2,2,1,1,1,1,1,1,1,1,2,9,6,1,1, ?,2,2
3,41,G,10,2005,2,1,1,2,2,1,1,1,1,1,1,1,1,2,14,6,1,1, ?,2,2
3,41,F,11,2005,4,1,1,2,2,1,2,2,1,1,1,1,1,2,14,6,1,1, ?,2,2
3,41,F,11,2005,2,1,1,2,2,1,1,1,1,1,1,1,1,2,14,6,1,1, ?,2,2
3,41,F,11,2005,3,1,1,2,2,1,1,1,1,1,1,1,1,2,10,6,1,1, ?,2,2
6,41,F,12,2005,3,1,1,2,2,1,1,1,1,1,1,1,1,2,8,6,1,1, ?,2,2
1,41,G,12,2005,2,1,1,2,2,1,1,1,1,1,1,1,1,2,14,6,1,1, ?,2,2
7,41,F,12,2005,1,1,1,2,2,1,2,1,1,1,1,1,1,2,9,6,1,1, ?,2,2
7,41,F,12,2005,2,1,1,2,2,1,1,1,1,1,1,1,1,2,9,6,1,1, ?,2,2
7,41,M,12,2005,2,1,1,2,2,1,1,1,1,1,1,1,1,2,19,6,1,1, ?,2,2
10,64,G,10,2005,3,1,1,2,2,1,1,1,1,1,1,1,2,1,8,6,1,1, ?,2,2
3,64,F,1,2005,2,1,1,2,1,1,1,1,1,1,1,1,1,1,9,11,1,7,25,2,2
3,64,G,2,2005,4,1,1,1,2,1,3,1,1,1,1,1,1,1,14,11,1,7,26,2,2
3,64,F,3,2005,2,1,1,1,2,1,2,1,1,1,1,1,1,1,9,6,1,7,26,2,2
5,64,F,3,2005,3,1,1,1,1,1,1,1,1,1,1,1,1,1,14,2,1,1, ?,1,2
5,64,G,6,2005,4,4,4,2,1,1,2,2,1,1,1,1,1,1,14,2,1,1,40,2,2
2,64,F,1,2005,3,3,1,1,2,1,1,2,1,1,1,5,1,1,14,7,1,1, ?,2,2
2,64,F,7,2005,2,3,1,2,2,1,1,1,1,1,1,5,1,1,14,6,1,1, ?,2,2
2,64,F,9,2005,2,3,1,1,2,1,1,1,1,1,1,5,1,1,14,6,1,1, ?,2,2
2,64,F,12,2005,1,3,1,1,2,1,1,1,1,1,1,5,1,1,14,6,1,1, ?,2,2
12,64,G,4,2005,3,1,1,2,2,1,1,1,1,2,1,1,1,1,8,4,1,1,27,2,2
9,64,G,1,2005,2,2,1,1,2,1,1,1,1,1,1,5,1,1,14,4,1,7,38,2,2
9,64,G,9,2005,3,1,1,2,1,1,1,1,1,1,1,5,1,1,10,4,1,1,30,2,2
1,64,G,11,2005,2,2,4,2,1,1,1,1,1,1,1,5,1,1,8,1,1,1,32,2,2
1,64,S,5,2005,3,7,8,1,2,1,1,3,1,1,1,5,1,1,19,6,2,6,30,1,2
6,64,F,1,2005,1,2,4,2,1,1,3,1,1,1,1,5,1,1,14,6,1,1, ?,2,2
2,28,F,2,2005,2,7,4,1,1,1,2,1,1,1,1,5,1,1,9,5,1,1,40,1,2
1,54,G,1,2005,2,7,1,2,2,1,3,1,1,1,1,4,?,?,10,6,1,?, ?,?,?
9,56,F,2,2005,2,?,1,2,2,1,1,1,1,1,1,3,?,2,14,4,1,1,28,2,2