Thana,District,Accident_Severity,Month,Year,Time,Junction_Type,Traffic_Control,Movement,Divider,Weather,Light,Road_Geometry,Surface_Condition,Surface_Type,Surface_Quality,Road_Class,Road_Feature,Location_Type,Vehicle_Type,Vehicle_Movement,Vehicle_Loading,Vehicle_Defect,Vehicle_Driver_Age,Vehicle_Alcohol,Vehicle_Seat_Belt
1,38,F,6,2006,4,1,1,2,2,1,3,1,1,1,1,1,1,2,14,6,1,1, ?,2,2
6,38,F,9,2006,1,1,1,2,2,1,1,1,1,1,1,1,1,2,9,6,1,1, ?,2,2
3,38,F,11,2006,4,1,1,2,2,1,4,1,1,1,1,1,1,2,14,6,1,1, ?,1,2
1,44,G,9,2006,4,1,1,2,2,1,1,1,1,1,1,5,1,2,9,6,1,1,40,2,2
4,37,F,11,2006,4,1,1,2,2,1,2,1,1,1,1,3,1,2,4,6,1,1,35,2,2
4,37,F,11,2006,3,1,1,2,2,1,2,1,1,1,1,3,1,2,9,6,1,1,35,2,2
8,51,F,1,2006,2,1,1,2,2,1,1,1,1,1,1,3,1,2,9,6,1,1, ?,2,2
9,51,G,4,2006,2,1,1,2,2,1,2,1,1,1,1,3,1,2,14,6,1,1, ?,2,2
1,45,G,11,2006,1,1,1,2,2,1,1,1,1,1,1,1,1,2,9,6,1,1, ?,2,2
4,44,F,10,2006,3,1,1,2,2,1,1,1,1,1,1,2,1,2,14,6,1,1, ?,2,2
5,43,M,11,2006,2,1,1,2,2,1,1,1,1,1,1,1,1,2,9,6,1,1,25,2,2
5,43,G,11,2006,3,1,1,2,2,1,1,1,1,1,1,1,1,2, ?,6,1,1, ?,2,2
7,44,S,10,2006,2,1,1,2,2,1,1,1,1,1,1,3,1,2,4,6,1,1, ?,2,2
1,39,F,11,2006,2,1,1,2,2,1,1,1,1,1,1,5,1,2,14,6,1,1,32,2,2
1,49,F,10,2006,3,1,1,2,1,1,1,1,1,1,1,2,1,2,9,6,1,1, ?,2,2
1,49,F,11,2006,3,1,1,2,2,1,1,1,1,1,1,3,1,2,14,6,1,1, ?,2,2
3,48,F,11,2006,2,1,1,2,2,1,1,1,1,1,1,3,1,2,14,6,1,1, ?,2,2
3,38,M,12,2006,3,1,1,2,2,1,1,1,1,1,1,1,1,2,17,6,1,1,40,2,2
5,41,G,11,2006,3,2,1,2,1,1,1,1,1,1,1,1,1,2,7,6,1,1, ?,2,2
7,41,F,11,2006,2,1,1,2,2,1,1,1,1,1,1,1,1,2,9,6,1,1, ?,2,2
7,41,F,11,2006,3,1,1,2,2,1,1,1,1,1,1,2,1,2,8,6,1,1, ?,2,2
7,41,G,11,2006,2,1,1,2,2,1,1,1,1,1,1,2,1,2,19,6,1,1, ?,2,2
5,37,F,12,2006,3,1,1,2,2,1,1,1,1,1,1,3,1,2,9,6,1,1, ?,2,2
1,51,G,12,2006,3,1,1,2,2,1,1,1,1,1,1,2,1,2,7,6,1,1, ?,2,2
12,51,F,12,2006,2,1,1,2,2,1,1,1,1,1,1,2,1,2,9,6,1,1, ?,2,2
1,50,F,12,2006,3,1,1,2,2,1,1,1,1,1,1,2,1,2,14,6,1,1, ?,2,2
5,50,F,12,2006,3,1,1,2,2,1,1,1,1,1,1,4,1,2,8,6,1,1, ?,2,2
4,45,F,12,2006,3,1,1,2,2,1,1,1,1,1,1,3,1,2,13,6,1,1, ?,2,2
1,41,G,12,2006,2,1,1,2,2,1,1,1,1,1,1,1,1,2,9,6,1,1, ?,2,2
7,41,G,12,2006,1,1,4,2,2,1,2,1,1,1,1,1,1,1,14,6,1,1,32,2,2
7,41,G,12,2006,3,1,1,2,2,1,1,1,1,1,1,2,1,2,14,6,1,1, ?,2,2
3,47,F,12,2006,3,1,1,2,2,1,1,1,1,1,1,3,1,2,13,6,1,1, ?,2,2
1,47,F,12,2006,2,1,1,2,2,1,1,1,1,1,1,1,1,2,9,6,1,1, ?,2,2
2,46,F,11,2006,4,1,1,2,2,1,1,1,1,1,1,1,1,2,13,6,1,1, ?,2,2
2,46,F,12,2006,2,1,1,2,2,1,1,1,1,1,1,1,1,2,9,6,1,1, ?,2,2
4,46,F,11,2006,4,1,1,2,2,1,1,1,1,1,1,3,1,2,3,6,1,1, ?,2,2
4,46,F,11,2006,2,1,1,2,2,1,1,1,1,1,1,3,1,2,8,6,1,1, ?,2,2
3,46,F,11,2006,2,1,1,2,2,1,1,1,1,1,1,2,1,2,19,6,1,1, ?,2,2
1,46,G,10,2006,4,1,1,2,2,1,4,1,1,1,1,1,1,2,13,6,1,1, ?,2,2
1,46,F,11,2006,3,1,1,2,2,1,1,1,1,1,1,1,1,2,9,6,1,1, ?,2,2
1,46,F,11,2006,3,1,1,2,2,1,1,1,1,1,1,1,1,2,14,6,1,1, ?,2,2
1,46,F,11,2006,3,1,1,2,2,1,1,1,1,1,1,1,1,2,9,6,1,1, ?,2,2
1,46,G,5,2006,2,1,1,2,1,1,1,1,1,1,1,1,1,2,9,6,1,1, ?,2,2
4,44,F,12,2006,2,1,1,2,2,1,1,1,1,1,1,1,1,2,8,6,1,1, ?,2,2
4,39,S,9,2006,2,1,1,2,2,1,1,1,1,1,1,2,1,1,9,6,1,1,35,2,2
1,39,F,3,2006,3,6,1,2,2,1,1,1,1,1,1,1,1,2,14,6,1,1, ?,2,2
1,39,F,5,2006,2,1,1,2,2,1,2,1,1,1,1,2,1,2,7,6,1,1,25,2,2
3,39,F,6,2006,3,1,1,2,2,1,1,2,1,1,1,1,1,2,9,2,1,1,43,2,2
4,39,F,6,2006,3,1,1,2,2,1,1,1,1,1,1,2,1,2,14,6,1,1, ?,2,2
4,39,F,9,2006,3,1,1,2,2,2,1,1,2,1,1,2,1,2,14,6,1,1,28,2,2
4,39,F,3,2006,2,2,1,2,2,1,1,1,1,1,1,2,1,2,7,6,1,1,40,2,2
1,39,F,8,2006,4,1,1,2,2,1,2,1,1,1,1,1,1,2,13,10,1,1,32,2,2
35,1,F,9,2006,1,1,1,2,2,2,1,1,2,1,1,3,1,2,8,6,1,1,30,1,2
3,36,G,6,2006,4,1,1,2,2,1,4,1,1,1,1,1,1,2,7,6,1,1, ?,2,2
6,38,F,1,2006,3,1,1,2,2,1,1,2,1,1,1,1,1,2,9,6,1,1, ?,2,2
3,38,F,3,2006,3,1,1,2,2,1,2,1,1,1,1,?,1,2,9,6,1,1, ?,2,2
6,38,F,3,2006,2,1,1,2,2,1,1,1,1,1,1,1,1,2,14,6,1,1, ?,2,2
1,38,F,4,2006,3,1,1,2,2,1,1,1,1,1,1,1,1,2,9,6,1,1,38,2,2
7,38,F,5,2006,3,1,1,2,2,1,1,1,1,1,1,1,1,2,9,6,1,1, ?,2,2
1,38,F,6,2006,1,1,1,2,2,1,4,1,1,1,1,1,1,2,9,6,1,1,30,1,2
3,38,F,9,2006,1,1,1,2,2,1,2,1,1,1,1,1,1,2,9,6,1,1, ?,2,2
3,38,F,12,2006,4,1,1,2,2,4,3,1,1,1,1,1,1,2,6,6,1,1, ?,2,2
3,38,F,11,2006,2,1,1,2,2,4,2,1,1,1,1,1,1,2,9,6,1,1,35,2,2
3,38,F,9,2006,1,1,1,2,2,1,4,1,1,1,1,1,1,2,9,6,1,1, ?,1,2
1,47,F,9,2006,2,7,1,2,2,1,1,1,1,1,1,1,1,2,9,6,1,1, ?,1,2
1,47,F,9,2006,4,1,1,2,2,1,2,1,1,1,1,1,1,2,9,6,1,1, ?,1,2
9,47,F,9,2006,3,1,1,2,2,2,1,1,2,1,1,1,1,2,9,6,1,1,36,1,2
9,47,F,9,2006,1,1,1,2,2,1,4,1,1,1,1,1,2,2,9,6,1,1,46,2,2
17,42,G,1,2006,1,1,1,1,1,1,3,1,1,1,1,5,1,1,8,6,1,1, ?,2,2
6,42,G,1,2006,1,7,1,2,1,1,2,1,1,1,1,5,1,1,14,6,1,1, ?,2,2
6,42,F,1,2006,1,1,1,2,1,1,3,1,1,1,1,5,1,1,14,6,1,1, ?,2,2
6,42,M,2,2006,3,1,1,2,1,1,1,1,1,1,1,5,1,1,15,6,1,1, ?,2,2
12,42,G,1,2006,1,1,1,2,1,1,2,1,1,1,1,5,1,1,9,6,1,1, ?,2,2
17,42,G,4,2006,1,1,1,1,1,1,1,1,1,1,1,1,1,1,8,6,?,?, ?,?,?
17,42,G,5,2006,1,1,1,1,1,1,1,1,1,1,1,5,1,1,5,6,?,?, ?,?,2
8,42,F,5,2006,3,7,4,1,1,1,1,1,1,1,1,5,1,1,9,6,1,1, ?,2,2
1,42,G,3,2006,2,2,1,2,1,1,1,1,1,1,1,5,1,1,9,6,?,?,26,?,2
1,42,G,4,2006,3,5,4,2,1,1,1,1,1,1,1,5,1,1,19,6,?,?, ?,?,?
1,42,F,5,2006,4,1,4,1,1,1,3,1,1,1,1,5,1,1,9,6,?,?, ?,?,2
9,42,F,3,2006,1,1,1,2,1,1,3,1,1,1,1,5,1,1,14,6,1,1, ?,2,2
9,42,G,5,2006,3,1,1,2,1,1,1,1,1,1,1,5,1,1,12,6,1,1, ?,2,2
6,42,F,4,2006,4,1,4,2,1,1,3,1,1,1,1,1,1,1,5,6,1,1, ?,2,2
6,42,F,4,2006,2,4,2,2,1,1,1,1,1,1,1,5,1,1,9,6,1,1, ?,2,2
12,42,M,3,2006,2,1,1,2,1,1,2,1,1,1,1,5,1,1,13,2,?,?, ?,?,2
12,42,F,5,2006,2,1,4,2,1,1,1,1,1,1,1,5,1,1,9,6,?,?, ?,?,2
12,42,F,6,2006,1,1,1,2,1,1,3,1,1,1,1,5,1,1,19,6,?,?, ?,?,2
9,42,F,7,2006,2,1,4,1,1,1,1,1,1,1,1,5,1,1,9,6,?,?, ?,?,2
9,42,G,7,2006,3,1,1,1,1,1,1,1,1,1,1,5,1,1,8,6,?,?,21,?,2
9,42,F,7,2006,3,1,1,1,1,1,1,1,1,1,1,5,1,1,9,6,?,?, ?,?,2
11,42,F,3,2006,1,1,1,2,1,1,3,1,1,1,1,5,1,1,8,6,2,1, ?,1,2
11,42,G,4,2006,3,1,1,2,1,1,2,1,1,1,1,5,1,1,12,6,2,7, ?,2,2
11,42,F,7,2006,2,1,1,2,1,1,1,1,1,1,1,5,1,1,9,6,1,1, ?,2,2
11,42,G,7,2006,1,1,4,2,1,1,3,1,1,1,1,1,1,1,14,6,2,1,28,2,2
3,42,G,1,2006,1,1,1,2,1,1,3,1,1,1,1,5,1,1,8,6,?,?, ?,?,2
3,42,F,1,2006,2,1,1,2,1,1,1,1,1,1,1,1,1,1,8,6,?,?, ?,?,2
3,42,F,3,2006,1,1,1,2,1,1,3,1,1,1,1,1,1,1,14,6,?,?, ?,?,2
3,42,F,7,2006,1,1,1,2,1,1,3,1,1,1,1,1,1,1,14,6,?,?, ?,?,2
3,42,F,7,2006,2,1,1,2,1,1,1,1,1,1,1,1,1,1,9,6,?,?, ?,?,2
2,42,F,3,2006,2,1,1,1,1,1,1,1,1,1,1,5,1,1,5,6,?,?, ?,?,2
2,42,F,3,2006,2,1,1,1,1,1,1,1,1,1,1,5,1,1,9,6,?,?, ?,?,2
2,42,F,4,2006,2,1,1,1,1,1,1,1,1,1,1,5,1,1,14,6,?,?, ?,?,2
18,42,F,2,2006,2,1,1,?,?,1,1,1,1,1,1,5,1,1,12,6,?,?, ?,?,2
18,42,F,2,2006,2,3,1,1,1,1,1,1,1,1,1,5,1,1,15,6,?,?, ?,?,2
18,42,G,6,2006,3,1,1,1,1,1,1,1,1,1,1,5,1,1,12,6,?,?, ?,?,?
4,42,F,3,2006,3,3,4,1,1,1,1,1,1,1,1,5,1,1,13,6,1,1, ?,2,2
21,42,G,1,2006,4,1,1,2,2,1,3,1,1,1,1,1,1,1,11,6,?,?, ?,?,?
12,42,F,7,2006,1,6,1,2,2,1,3,1,1,1,1,5,1,1,14,6,?,?, ?,?,2
12,42,G,7,2006,2,1,1,2,1,1,1,1,1,1,1,5,1,1,12,1,1,1, ?,2,2
12,42,F,9,2006,2,3,4,2,1,1,1,1,1,1,1,5,1,1,9,1,?,?,29,?,2
27,42,S,11,2006,3,3,6,1,1,1,1,1,1,1,1,5,1,1,9,9,1,?, ?,1,2
12,42,F,12,2006,2,1,1,2,1,1,1,3,1,1,1,5,1,1,9,6,1,1, ?,2,2
8,42,F,7,2006,1,1,1,1,1,1,2,1,1,1,1,5,1,1,10,6,?,?,45,?,?
8,42,F,12,2006,3,1,1,1,1,1,2,1,1,1,1,5,1,1,10,6,?,?,18,?,?
29,42,G,11,2006,2,1,1,1,1,1,1,1,1,1,1,5,1,1,8,6,?,?,30,?,2
32,42,M,9,2006,2,3,4,1,1,1,1,1,1,1,1,5,1,1,8,6,?,?, ?,?,2
14,42,F,7,2006,2,1,1,2,1,1,1,1,1,1,1,1,1,1,8,6,?,?, ?,?,2
15,42,F,5,2006,4,1,1,2,2,1,1,?,?,?,?,?,?,?,7,6,?,?, ?,?,2
15,42,F,7,2006,2,1,4,2,1,1,2,1,1,1,1,5,1,1,11,6,1,?, ?,1,2
15,42,F,9,2006,2,1,1,2,2,1,1,1,1,1,1,5,1,1,9,6,?,?, ?,?,2
5,42,G,3,2006,4,2,4,1,1,1,3,1,1,1,1,5,1,1,10,6,1,1,35,1,2
3,42,F,9,2006,4,3,4,2,1,1,3,1,1,1,1,1,1,1,14,6,?,?, ?,?,2
3,42,G,11,2006,4,1,3,2,1,1,3,1,1,1,1,1,1,1,14,6,?,?, ?,?,2
3,42,G,12,2006,1,3,4,2,1,1,3,1,1,1,1,1,1,1,9,6,?,?, ?,?,2
3,42,G,12,2006,3,1,1,2,1,1,1,1,1,1,1,1,1,1,9,6,?,?, ?,?,2
18,42,G,10,2006,1,1,1,1,1,1,3,1,1,1,1,5,1,1,10,6,?,?, ?,?,?
18,42,F,10,2006,2,1,1,1,1,1,1,1,1,1,1,5,1,1,14,6,?,?, ?,?,2
28,42,F,3,2006,2,2,2,2,1,1,1,1,1,1,1,5,1,1,9,6,?,?, ?,?,2
22,42,F,3,2006,1,2,4,1,1,1,2,1,1,1,1,1,1,1,14,6,?,?, ?,?,2
22,42,F,7,2006,2,2,4,1,1,1,1,1,1,1,1,1,1,1,9,6,1,?, ?,?,2
22,42,G,10,2006,2,1,1,1,1,1,1,1,1,1,1,1,1,1,10,6,?,?,19,?,?
33,42,F,11,2006,1,4,2,1,1,1,1,1,1,1,1,1,1,1,19,6,?,?, ?,?,?
10,42,F,3,2006,4,1,1,2,2,1,3,1,1,1,1,5,1,1,9,6,?,?, ?,?,2
10,42,F,9,2006,2,1,1,1,1,1,1,1,1,1,1,5,1,1,9,6,?,?, ?,?,2
1,42,F,12,2006,2,3,4,1,1,1,1,1,1,1,1,5,1,1,8,6,?,?, ?,?,2
11,42,F,12,2006,2,1,1,1,1,1,1,1,1,1,1,5,1,1,8,6,?,?, ?,?,2
7,42,F,6,2006,3,1,4,1,1,1,1,1,1,1,1,5,1,1,7,6,?,1, ?,?,2
7,42,G,7,2006,4,1,1,2,2,1,3,1,1,1,1,5,1,1,8,6,?,1, ?,?,2
23,42,F,7,2006,1,1,1,1,1,1,1,1,1,1,1,1,1,1,14,6,?,?, ?,?,2
23,42,F,8,2006,3,3,1,1,1,1,1,1,1,1,1,1,1,1,9,6,?,?,33,2,2
23,42,G,12,2006,3,1,1,1,1,1,1,1,1,1,1,1,1,1,9,6,?,?, ?,?,2
5,18,G,9,2006,3,1,1,1,2,1,1,1,1,1,1,2,1,2,14,6,1,7, ?,2,2
1,19,G,3,2006,3,1,1,1,2,1,1,1,1,1,1,5,1,1,17,6,1,7, ?,2,2
2,19,F,10,2006,3,1,1,2,2,1,1,1,1,1,1,2,1,2,14,6,1,7,40,2,2
4,26,F,2,2006,2,1,1,2,2,1,1,1,1,1,1,2,1,2,4,2,1,1,22,2,2
4,26,F,2,2006,2,1,1,2,2,1,1,1,1,1,2,2,1,2,4,6,1,1,22,2,2
4,26,F,4,2006,3,1,8,1,2,1,1,1,1,1,1,4,1,2,9,6,1,?, ?,2,2
4,26,F,8,2006,2,1,1,2,2,1,1,1,1,1,1,2,1,2,9,6,1,1,35,2,2
6,26,F,2,2006,2,1,1,2,2,1,1,1,1,1,1,3,1,2,8,4,1,1, ?,2,2
8,26,G,12,2006,3,1,1,2,2,1,1,1,1,1,1,1,1,2,14,6,1,7, ?,2,2
7,26,F,3,2006,3,1,1,2,2,1,1,4,1,1,1,3,1,2,13,2,1,1, ?,2,2
7,26,F,9,2006,3,1,1,2,2,1,1,1,1,1,1,3,1,2,8,5,1,1, ?,2,2
7,25,F,11,2006,3,1,1,2,2,1,1,1,1,1,1,3,1,2,12,6,1,1,35,2,2
4,25,F,9,2006,2,1,1,1,2,1,1,2,1,1,1,2,1,2,14,6,1,1,40,2,2
5,25,S,9,2006,2,1,1,1,1,2,1,1,2,1,1,3,1,2,9,6,1,1, ?,2,2
1,25,F,1,2006,2,1,1,2,2,1,1,1,1,1,1,2,1,2,14,6,1,1,30,2,2
1,25,F,3,2006,2,1,1,1,2,1,1,1,1,1,1,2,1,2,9,6,1,1,45,2,2
1,25,F,9,2006,3,7,1,1,2,1,1,1,1,1,1,2,1,2,9,6,1,1, ?,2,2
1,20,G,1,2006,4,3,1,2,2,1,3,1,1,1,1,2,1,1,12,6,1,1, ?,2,2
1,20,F,9,2006,3,1,1,2,2,1,1,1,1,1,1,2,1,2,9,6,1,1,39,2,2
3,20,S,5,2006,3,4,1,1,2,1,1,1,1,1,1,3,1,2,17,6,1,1,30,2,2
4,20,F,1,2006,3,1,1,1,2,1,1,1,1,1,1,3,1,2,9,6,1,1,45,2,2
4,20,F,5,2006,3,1,1,1,2,1,1,1,1,1,1,3,1,2,9,6,1,1,46,2,2
4,20,F,6,2006,4,1,1,1,2,1,2,1,1,1,1,3,1,2,19,1,2,1, ?,2,2
1,24,S,2,2006,4,3,1,2,2,1,4,1,1,1,1,5,1,1,14,9,1,1, ?,2,2
1,24,F,3,2006,3,2,1,2,2,1,1,1,1,1,1,1,1,2,12,6,1,1,23,2,2
1,24,G,4,2006,2,7,7,2,2,1,1,1,1,1,1,1,1,2,7,6,1,1, ?,2,2
1,24,F,4,2006,2,2,1,2,2,1,1,1,1,1,1,1,1,1,9,6,1,1, ?,2,2
1,24,F,5,2006,2,2,1,2,2,1,1,1,1,1,1,1,1,1,9,6,1,1, ?,2,2
2,24,F,1,2006,3,2,4,2,2,1,1,1,1,1,1,1,1,1,14,6,1,1, ?,2,2
3,24,F,4,2006,2,1,1,2,2,1,1,1,1,1,1,1,1,2,9,6,1,1, ?,2,2
3,24,G,5,2006,2,1,1,1,2,1,1,1,1,1,1,3,1,2,14,6,1,1, ?,2,2
9,24,F,3,2006,3,3,1,2,2,1,1,2,1,1,1,4,1,2,14,1,1,1,40,2,2
5,24,F,2,2006,2,1,1,1,1,1,1,1,1,1,1,1,2,1,14,6,1,1, ?,2,2
5,24,F,5,2006,2,1,1,2,2,1,2,2,1,1,1,4,1,2,14,6,1,6, ?,2,2
1,22,G,2,2006,2,1,1,1,2,1,1,1,1,1,1,1,1,2,9,6,1,1, ?,2,2
1,22,F,3,2006,2,1,1,2,2,1,1,1,1,1,1,4,1,2,9,6,1,3,25,2,2
1,22,S,4,2006,2,1,1,2,2,1,1,1,1,1,1,1,1,2,9,6,1,6, ?,2,2
1,22,F,5,2006,2,1,1,2,2,1,1,1,1,1,1,1,1,2,14,6,1,1, ?,2,2
1,22,F,6,2006,3,1,1,2,2,1,1,1,1,1,1,1,1,1,9,5,1,7, ?,2,2
1,22,F,6,2006,2,3,1,2,2,1,1,1,1,1,1,1,1,2,14,6,1,1,30,2,2
2,22,G,1,2006,2,4,8,1,2,1,1,1,1,1,1,4,1,2,13,6,1,1,35,2,2
1,23,F,10,2006,2,2,1,2,2,1,1,1,1,1,1,3,1,2,14,5,1,1,30,2,2
4,23,F,2,2006,3,7,1,2,2,1,1,2,1,1,1,4,1,2,9,6,1,1, ?,2,2
3,23,F,8,2006,3,3,1,2,2,2,1,2,2,1,2,4,4,2,14,2,1,1,40,2,2
1,29,S,3,2006,4,1,1,2,2,1,1,1,1,1,1,3,1,2,12,5,1,7,42,2,2
1,29,F,5,2006,3,1,1,2,1,1,1,1,1,1,1,2,1,2,9,5,1,7, ?,2,2
1,29,F,8,2006,2,1,1,2,2,1,1,1,1,1,1,2,1,2,8,6,1,7, ?,2,2
1,29,F,8,2006,2,1,1,1,2,1,1,1,1,1,1,2,1,2,12,6,1,1,32,2,2
1,29,F,8,2006,3,1,1,2,2,1,1,2,1,1,1,3,1,2,8,6,1,7,32,2,2
2,29,F,7,2006,3,1,1,2,2,1,1,1,1,1,1,4,1,2,8,6,1,7,46,2,2
4,29,F,1,2006,2,1,1,2,2,1,1,1,1,1,1,2,1,2,14,6,1,1, ?,2,2
4,29,F,2,2006,2,1,1,2,2,1,1,1,1,2,2,4,2,2,9,6,1,7, ?,2,2
4,29,F,4,2006,3,1,1,2,2,1,1,1,1,1,1,2,1,2,9,6,1,7, ?,2,2
5,29,F,2,2006,1,1,1,2,2,1,2,1,1,2,1,3,1,2,9,3,1,3,30,2,2
3,29,F,3,2006,3,1,8,2,2,1,1,1,1,1,1,1,1,2,10,6,1,7, ?,2,2
1,21,F,1,2006,4,1,1,2,1,1,4,2,1,1,1,1,1,1, ?, ?,?,?, ?,?,?
1,21,F,1,2006,2,1,1,1,2,1,1,1,1,1,1,1,1,2,9,6,1,1, ?,2,2
1,21,F,2,2006,4,1,1,1,2,1,4,1,1,1,1,1,2,?,9,6,1,2, ?,2,2
1,21,F,3,2006,3,1,4,1,2,1,1,1,1,1,1,1,1,2,14,6,1,6,35,1,2
1,21,F,4,2006,3,1,1,1,1,1,1,1,1,1,1,2,1,2,14,6,1,1, ?,2,2
1,21,F,4,2006,2,1,1,2,2,1,1,1,1,1,1,2,1,2,19,6,1,1, ?,2,2
1,21,F,5,2006,4,1,1,1,2,1,4,1,1,1,1,1,1,2,14,6,1,7, ?,2,2
1,21,F,6,2006,2,1,1,2,2,1,1,1,1,1,1,1,1,2,8,6,1,1, ?,2,2
1,21,F,10,2006,2,1,1,1,2,1,1,1,1,1,1,2,1,2,9,5,1,1,40,2,2
1,21,F,11,2006,4,1,1,1,2,1,2,1,1,1,1,2,1,1,13,6,1,1, ?,2,2
3,21,F,8,2006,2,1,1,1,2,1,1,1,1,1,1,1,1,1,9,6,1,7,38,2,2
3,21,F,12,2006,2,3,1,1,2,1,1,1,1,1,1,1,1,2,14,6,1,7, ?,2,2
4,21,F,12,2006,2,1,1,2,2,1,1,1,1,1,1,2,1,2,14,5,1,1, ?,2,2
6,21,G,3,2006,4,1,1,2,2,1,4,1,1,1,2,1,1,2,14,6,1,1, ?,2,2
6,21,F,3,2006,4,1,1,1,2,1,4,1,1,1,1,1,1,2,17,6,1,1,30,2,2
5,18,F,1,2006,3,1,1,2,2,1,1,1,1,1,1,2,1,2,8,6,1,1, ?,2,2
1,19,F,1,2006,3,1,1,2,2,1,1,2,1,1,1,4,1,2,8,1,1,1, ?,2,2
1,19,F,9,2006,4,1,1,2,2,1,2,1,1,1,1,1,1,2,9,2,1,1,45,2,2
5,21,F,5,2006,3,1,1,2,2,1,1,1,1,2,1,4,1,2,14,6,1,1,34,2,2
1,21,F,6,2006,2,1,1,2,2,2,1,1,2,1,1,2,1,2,9,6,1,1, ?,2,2
3,29,F,12,2006,2,1,1,2,2,1,1,2,1,1,1,2,1,2,14,6,1,1,55,2,2
6,25,F,9,2006,2,1,1,2,2,1,1,2,1,1,1,3,1,2,14,6,1,1,40,2,2
6,26,F,2,2006,2,1,1,2,2,1,1,1,1,1,1,3,1,2,8,6,1,1, ?,2,2
1,9,F,2,2006,2,1,1,2,1,1,1,1,1,1,1,5,1,1,13,6,1,7, ?,2,2
1,9,F,3,2006,3,1,1,2,1,1,1,1,1,1,1,1,1,2,6,5,1,6, ?,2,2
1,9,G,7,2006,1,7,8,2,2,1,4,1,1,1,1,1,5,1,7,5,1,3, ?,2,2
1,9,S,5,2006,2,7,1,2,1,1,1,1,1,1,3,5,1,1,4,11,1,1,45,2,2
12,9,F,3,2006,3,7,8,2,2,1,1,1,1,1,3,1,1,2,9,2,1,7, ?,2,2
12,9,F,4,2006,2,7,1,2,2,1,1,1,1,1,1,2,1,2,14,11,1,7,28,2,2
12,9,F,3,2006,4,1,1,2,2,1,2,1,1,1,1,1,1,2,9,6,1,1, ?,1,2
12,9,F,7,2006,2,7,1,2,2,1,1,1,1,1,1,1,1,2,8,2,1,7,40,2,2
12,9,F,7,2006,2,1,1,2,1,1,1,1,1,1,1,1,1,1,14,6,1,1,33,2,2
12,9,F,8,2006,2,1,1,2,1,1,1,1,1,1,1,1,1,1,8,6,1,7,30,2,2
12,9,F,10,2006,3,7,1,2,2,1,1,1,2,1,1,1,1,2,9,4,1,7,42,2,2
10,9,F,7,2006,1,3,1,2,2,1,4,1,1,1,1,1,1,2,13,6,1,7, ?,2,2
11,9,F,11,2006,2,3,1,2,2,1,1,2,1,1,1,4,1,2,3,2,1,7, ?,2,2
1,2,F,4,2006,2,3,1,1,2,1,1,1,1,1,1,3,1,1,8,6,1,1, ?,2,2
1,2,F,4,2006,3,1,1,2,1,1,1,1,1,1,1,1,1,?,14,6,1,1, ?,2,2
5,2,F,8,2006,3,1,1,2,2,1,1,1,1,1,1,2,1,2,9,6,1,1, ?,2,2
2,2,F,7,2006,2,1,1,2,2,1,1,1,1,1,1,4,1,2,14,6,1,1,32,1,2
2,2,F,10,2006,3,1,1,2,2,1,1,1,1,1,1,2,1,1,17,6,1,1,25,2,2
1,13,M,3,2006,3,7,8,2,2,1,1,1,1,1,1,3,4,1,17,11,1,7,23,2,2
1,13,F,12,2006,3,7,8,1,2,1,1,1,1,1,1,3,1,2,17,11,1,6, ?,2,2
1,10,F,1,2006,4,3,8,1,2,4,4,1,1,1,1,3,1,2,6,6,2,1,24,2,2
1,10,F,5,2006,4,7,1,2,2,1,2,1,1,1,1,2,1,2,13,6,1,1,28,2,2
3,13,F,5,2006,1,3,1,2,2,1,2,1,1,1,1,3,1,2,14,6,1,7, ?,1,2
8,13,F,2,2006,4,1,1,2,2,1,4,1,1,1,1,1,1,2,9,6,1,7, ?,1,2
8,13,S,8,2006,1,1,1,2,2,1,4,1,1,1,1,1,1,2,13,11,1,7,38,2,2
7,13,F,3,2006,4,4,1,2,2,1,4,1,1,1,1,2,1,2,8,6,1,3, ?,2,2
7,13,F,9,2006,2,1,8,1,2,1,1,1,1,1,1,2,1,1,13,6,1,1, ?,2,?
5,13,F,6,2006,2,1,1,2,2,1,1,1,1,1,1,2,1,2,14,6,1,1, ?,2,2
9,13,S,5,2006,2,3,1,2,2,1,1,1,1,1,1,3,1,2,14,1,1,1,30,2,2
7,3,F,3,2006,3,1,1,2,2,1,1,2,1,1,1,2,1,1,4,5,1,7,35,2,1
7,3,M,6,2006,4,1,1,2,2,1,3,1,1,1,1,2,1,2,14,10,1,7, ?,2,2
7,3,F,6,2006,2,7,8,2,2,1,1,1,1,1,1,1,1,2,14,11,1,7, ?,2,2
1,3,F,6,2006,3,7,1,2,2,1,1,1,1,1,1,2,1,2,19,11,2,7, ?,1,2
10,3,F,4,2006,4,1,1,2,2,1,2,2,1,1,1,1,1,2,14,1,1,1,45,2,2
8,3,F,8,2006,3,7,3,2,2,1,1,1,1,1,1,1,1,2,8,11,1,1,42,2,2
12,3,F,8,2006,2,2,1,2,2,1,1,1,1,1,1,4,1,1,13,6,1,1, ?,2,2
12,3,F,10,2006,4,1,1,2,2,1,2,1,1,1,1,4,1,2,14,5,1,7, ?,2,2
4,3,F,10,2006,2,1,8,2,2,1,1,1,1,1,1,1,1,1,6,6,1,7, ?,2,2
13,3,F,3,2006,2,1,4,2,1,1,1,1,1,1,2,1,1,1,13,11,1,7, ?,2,2