Thana,District,Accident_Severity,Month,Year,Time,Junction_Type,Traffic_Control,Movement,Divider,Weather,Light,Road_Geometry,Surface_Condition,Surface_Type,Surface_Quality,Road_Class,Road_Feature,Location_Type,Vehicle_Type,Vehicle_Movement,Vehicle_Loading,Vehicle_Defect,Vehicle_Driver_Age,Vehicle_Alcohol,Vehicle_Seat_Belt
13,3,G,4,2006,2,1,1,2,2,1,1,1,1,1,1,2,1,1,13,6,1,6, ?,2,2
13,3,F,5,2006,4,7,1,2,2,1,4,1,1,1,1,3,1,2,9,7,1,1, ?,1,2
6,3,F,8,2006,3,1,1,2,2,1,1,1,1,1,1,1,1,2,14,6,1,1, ?,2,2
9,3,F,1,2006,3,1,1,2,2,1,1,1,1,1,1,3,1,2,18,6,1,1, ?,2,2
11,16,G,1,2006,3,1,1,1,2,1,1,1,1,1,1,1,1,2,7,6,2,3, ?,2,2
11,16,F,5,2006,3,1,3,1,1,1,1,1,1,1,1,1,1,1,14,6,1,1, ?,2,2
11,16,G,5,2006,3,1,1,1,2,1,1,1,1,1,1,1,1,1,16,6,1,7, ?,2,2
11,16,F,5,2006,3,1,1,2,1,1,1,1,1,1,1,1,1,2,9,6,1,1, ?,2,2
11,16,M,6,2006,3,7,8,2,1,1,1,1,1,1,1,1,1,?,9,6,1,1, ?,2,2
10,16,F,1,2006,1,1,1,2,2,1,2,3,1,1,2,1,2,?,14,11,1,1,29,2,2
10,16,G,1,2006,3,2,1,2,2,1,1,1,1,1,1,1,1,2,10,6,1,1,40,2,2
10,16,F,4,2006,1,7,1,1,2,1,4,1,1,1,1,1,2,2,9,4,1,1, ?,2,2
10,16,F,8,2006,1,1,1,2,1,4,4,2,1,1,1,1,1,?,9,4,1,1, ?,2,2
9,16,F,3,2006,2,2,3,2,2,1,1,1,1,1,1,1,1,1,13,6,1,1, ?,2,2
9,16,F,3,2006,2,7,3,2,1,1,1,1,1,1,1,1,1,2,9,2,1,1, ?,2,2
7,16,F,8,2006,2,1,1,1,2,1,1,2,1,1,1,1,1,1,14,3,1,7,45,2,2
1,15,F,5,2006,1,1,1,2,2,1,4,1,1,1,1,1,2,?,14,5,1,1,30,2,2
1,15,F,6,2006,2,1,1,2,2,1,1,1,1,1,1,1,1,1,8,6,1,7, ?,2,2
1,15,F,6,2006,2,1,1,2,2,1,1,1,1,1,1,1,1,2,14,5,1,7, ?,2,2
1,15,S,7,2006,3,1,1,2,2,1,1,1,1,1,1,1,1,1,14,6,1,3,37,2,2
3,15,F,1,2006,2,7,1,2,1,1,1,1,1,1,1,1,1,2,14,1,1,1,30,2,?
3,15,F,6,2006,2,7,8,2,2,1,2,2,1,1,1,1,1,2,13,4,1,7, ?,2,2
3,15,F,3,2006,1,1,8,2,2,1,4,1,1,1,1,1,1,2,13,5,1,1, ?,2,2
6,15,S,2,2006,2,2,1,2,2,4,1,1,1,1,1,1,1,2,14,6,1,1,45,2,2
6,15,F,5,2006,2,7,1,1,2,1,1,1,1,1,1,1,1,2,13,5,1,7, ?,2,2
6,15,F,6,2006,2,7,8,2,2,1,1,1,1,1,1,1,1,2,9,11,1,1, ?,2,2
4,15,G,4,2006,2,2,1,2,2,1,1,1,1,1,1,1,1,1,8,2,1,1,30,2,2
1,7,F,2,2006,4,1,1,2,2,1,2,1,1,1,1,2,1,1,9,6,1,1, ?,2,2
1,7,G,4,2006,3,7,1,2,2,1,1,1,1,1,1,3,1,1,14,5,1,1,42,2,2
1,7,F,6,2006,3,7,8,2,2,1,1,1,1,1,1,5,1,1,14,11,1,1,28,2,2
1,7,F,9,2006,3,1,1,2,2,1,1,1,1,1,1,1,1,2,8,11,1,1,34,2,2
1,7,G,12,2006,2,7,3,2,2,1,1,1,1,1,1,3,1,1,14,6,1,7,40,2,2
8,7,F,6,2006,2,2,1,1,1,1,1,1,1,1,1,2,2,?,14,5,1,7, ?,2,2
10,7,F,3,2006,3,1,1,2,2,1,1,1,1,1,1,3,1,2,9,5,1,1, ?,2,2
4,7,G,6,2006,3,3,1,1,2,2,1,2,2,1,1,3,1,1,4,2,1,1,45,2,2
7,7,M,10,2006,3,7,1,2,2,1,1,1,1,1,1,2,1,2,8,4,1,7,32,2,2
5,5,G,1,2006,3,1,1,2,2,1,1,1,1,1,1,1,1,2,4,11,1,1,24,2,2
5,5,F,2,2006,2,1,2,2,1,1,1,1,1,1,1,1,2,2,4,5,1,1, ?,2,2
7,17,F,1,2006,4,1,1,2,1,4,4,1,1,1,3,3,2,?,4,11,1,1,35,2,2
1,1,F,1,2006,2,1,1,2,2,1,1,1,1,1,1,1,1,2,8,6,1,1,30,2,2
1,1,G,3,2006,4,1,1,2,2,1,4,1,1,1,1,1,1,1,4,5,1,1,35,2,2
1,1,F,11,2006,3,1,1,2,1,1,1,1,1,1,1,1,1,2,13,5,1,1,35,2,2
1,4,G,1,2006,2,1,1,2,2,1,1,1,1,1,1,4,1,2,4,6,1,1,42,2,2
6,11,F,1,2006,3,3,1,2,2,1,1,1,1,1,1,3,1,2,14,1,1,1,38,2,2
6,11,S,2,2006,3,1,1,2,2,1,1,1,1,1,1,2,2,2,12,11,1,1,37,2,2
6,11,F,2,2006,4,2,1,2,2,1,2,1,1,1,1,1,3,2,13,5,2,7, ?,1,2
5,11,F,2,2006,2,1,1,2,2,1,1,1,1,1,1,2,1,2,4,6,1,1,22,2,2
5,11,F,3,2006,4,1,1,2,2,1,2,1,1,1,1,1,1,2,13,4,1,7, ?,1,2
12,3,F,11,2006,3,3,1,2,2,1,1,2,1,1,1,2,1,2,4,5,1,1,45,2,2
9,16,F,11,2006,4,3,1,2,2,4,4,1,1,1,1,2,2,2,13,6,1,7,48,1,2
1,15,F,11,2006,4,1,1,2,2,1,2,1,1,1,1,1,1,2,4,6,1,1,32,2,2
10,16,F,1,2006,3,1,5,2,1,1,1,1,1,1,1,1,1,2,12,6,1,1, ?,2,2
6,16,S,3,2006,3,1,1,2,2,1,1,1,1,1,1,1,1,2,14,5,1,1,45,2,2
12,9,F,6,2006,1,1,1,2,1,2,2,1,1,1,1,1,1,2,14,6,1,1,35,2,2
1,17,S,3,2006,3,1,1,2,2,1,1,1,1,1,1,1,1,2,13,7,1,1,32,2,2
1,17,F,10,2006,3,1,2,2,1,1,1,1,1,1,1,1,1,1,14,6,1,1,38,2,2
7,17,F,12,2006,2,1,4,2,1,2,2,1,1,1,1,1,1,2,9,5,2,1, ?,1,2
10,17,F,4,2006,3,7,8,1,2,1,1,1,1,1,1,3,1,2,9,6,2,7, ?,2,2
10,17,G,11,2006,4,7,8,2,2,1,4,1,1,1,1,1,1,2,14,6,2,7,45,2,2
8,17,F,12,2006,2,1,1,2,2,1,1,1,1,1,1,3,1,2,14,6,2,1,32,2,2
3,6,F,12,2006,2,1,1,2,2,4,1,2,1,1,1,2,1,2,14,6,1,1, ?,2,2
12,9,F,5,2006,2,7,1,2,1,1,1,2,1,1,1,1,1,1,14,6,1,7, ?,1,2
1,11,F,5,2006,3,1,1,2,2,1,1,1,1,1,1,2,1,2,14,6,1,1, ?,1,2
1,11,F,5,2006,3,1,1,2,2,1,1,1,1,1,1,3,3,2,14,4,1,1,32,2,2
1,11,F,8,2006,3,1,1,1,2,1,1,1,1,1,1,2,1,2,7,6,2,1, ?,1,2
1,11,F,9,2006,3,1,1,2,2,1,1,1,1,1,1,2,1,2,14,6,1,1, ?,1,2
1,11,G,10,2006,2,1,8,2,2,1,1,1,1,1,1,1,1,1,5,6,1,7,26,1,2
1,11,F,10,2006,4,1,1,2,2,1,2,1,1,1,1,2,1,2,9,6,1,7, ?,1,2
1,11,F,11,2006,3,1,1,2,1,1,1,1,1,1,1,2,1,2,17,1,1,1,25,1,2
2,11,F,3,2006,3,7,8,1,2,1,1,1,1,1,2,3,1,2,19,6,2,7,20,1,2
3,11,F,12,2006,3,7,1,2,2,1,1,1,1,1,1,3,1,2,7,6,1,1,30,2,2
6,11,G,5,2006,2,3,1,2,2,1,1,1,1,1,1,3,1,2,14,4,1,1,35,2,2
6,11,F,5,2006,3,1,1,2,2,1,1,1,1,1,1,3,2,2,14,4,1,7, ?,2,2
6,11,F,10,2006,3,7,1,2,2,1,1,1,1,1,2,4,1,2,13,6,1,7, ?,1,2
6,11,F,11,2006,2,7,1,2,2,1,1,1,1,1,1,2,1,2,9,6,1,7, ?,2,2
8,11,F,11,2006,3,7,1,2,2,1,1,1,1,1,1,4,1,1,14,11,2,7, ?,1,2
4,11,G,12,2006,2,3,1,2,2,1,1,1,1,1,1,2,1,2,17,11,2,1,48,2,2
10,7,F,8,2006,2,7,1,2,2,1,1,1,1,1,1,1,1,2,8,6,1,1, ?,2,2
9,7,F,8,2006,2,7,8,1,2,1,1,1,1,1,1,3,1,2,6,6,1,7, ?,2,2
1,15,F,8,2006,3,1,1,2,2,1,1,1,1,1,1,1,1,2,14,6,1,1,35,2,2
6,15,G,8,2006,2,5,3,2,2,1,1,1,1,1,1,1,1,2,7,4,2,1, ?,1,2
11,3,F,4,2006,2,1,7,2,2,1,1,1,1,1,1,4,1,2,6,11,1,7, ?,2,2
1,8,F,5,2006,2,1,1,2,2,1,1,1,1,1,1,3,1,2,9,6,1,7, ?,2,2
1,8,F,8,2006,3,1,1,1,1,1,1,1,1,1,1,1,1,2,13,5,1,1,38,1,1
1,8,F,12,2006,2,1,1,1,1,1,1,1,1,1,1,1,1,2,9,6,1,1, ?,1,1
1,8,F,12,2006,2,1,1,2,2,1,1,1,1,1,1,2,1,1,17,6,1,1, ?,2,2
7,8,F,6,2006,4,7,8,2,2,1,4,1,1,1,1,3,1,2,7,6,1,5, ?,1,2
7,8,F,6,2006,3,5,8,2,2,1,1,2,1,1,1,3,1,2,14,2,1,7, ?,2,2
7,8,F,7,2006,3,1,8,2,2,1,1,1,1,1,1,3,1,2,8,8,1,1,32,2,2
4,8,F,12,2006,3,2,1,2,2,3,1,1,1,1,1,1,1,1,9,6,1,7,35,2,2
3,8,G,10,2006,3,7,1,2,1,1,1,1,1,1,1,1,1,1,14,6,1,7,25,2,2
3,8,F,12,2006,4,1,1,2,1,1,2,1,1,1,1,4,1,1,4,6,1,7, ?,2,2
6,8,G,6,2006,3,1,1,1,2,1,1,1,1,1,1,1,1,2,14,6,1,7, ?,2,2
1,5,F,5,2006,4,3,4,2,2,1,4,1,1,1,1,1,1,1,9,6,1,1, ?,1,2
1,5,F,5,2006,3,1,1,2,2,1,1,1,1,1,1,1,1,2,1,6,1,1, ?,2,2
1,5,F,5,2006,3,1,1,2,2,1,1,1,1,1,1,1,1,2,9,6,1,1,39,2,2
1,5,F,6,2006,2,1,1,2,2,1,1,1,1,1,1,1,1,2,7,10,1,1,48,2,2
1,5,F,7,2006,3,1,1,2,1,1,1,1,1,1,1,1,1,?,7,6,1,1,30,2,2
1,5,G,9,2006,3,2,1,2,2,1,1,1,5,1,1,2,1,1,1,6,1,1, ?,2,2
1,5,F,11,2006,2,3,1,2,2,1,1,1,1,1,1,1,1,1,14,6,1,1, ?,2,2
1,5,F,11,2006,3,1,1,2,2,1,1,1,1,1,1,1,1,1,14,4,1,2, ?,2,2
1,5,F,12,2006,3,1,1,2,2,4,1,1,2,1,1,3,4,2,14,5,1,1, ?,2,2
1,5,F,12,2006,2,1,1,2,2,1,1,1,1,1,1,2,1,1,8,5,1,1, ?,2,2
5,5,F,5,2006,2,1,1,2,2,1,1,1,1,1,1,1,1,2,14,5,2,1, ?,2,2
5,5,G,5,2006,2,1,1,2,2,1,1,1,1,1,1,1,1,2,9,5,1,1, ?,1,2
5,5,F,5,2006,3,1,1,2,2,1,1,1,1,1,1,1,1,1,14,5,1,1, ?,1,2
5,5,F,5,2006,3,1,1,2,2,1,1,1,1,1,1,1,1,2,14,6,1,1, ?,1,2
5,5,F,6,2006,3,1,1,2,2,1,1,1,1,1,1,1,1,2,9,6,1,1, ?,1,2
5,5,F,6,2006,4,1,1,2,2,1,4,1,1,1,1,1,1,2,14,5,1,1, ?,1,2
5,5,F,10,2006,4,1,1,2,2,1,2,1,1,1,1,1,1,2,9,6,1,1, ?,1,2
6,5,F,9,2006,3,1,1,2,2,1,1,1,1,1,1,2,1,2,9,6,1,1,53,2,2
7,5,F,10,2006,3,1,1,2,1,1,1,1,1,1,1,3,1,2,14,6,1,1, ?,2,2
2,5,F,1,2006,3,1,1,2,1,1,1,2,1,1,3,1,2,?,4,1,1,1, ?,2,2
2,5,F,6,2006,2,1,1,2,1,1,1,1,1,1,1,3,1,1,14,6,1,1,45,2,2
8,5,G,12,2006,2,1,3,2,2,1,1,1,1,1,1,1,1,1,14,6,1,1, ?,1,2
5,4,F,2,2006,4,1,1,2,2,1,2,1,1,1,2,2,1,2,9,6,1,1,48,2,2
5,4,F,2,2006,2,1,1,2,2,1,1,1,1,1,1,2,1,2,13,6,1,1,32,2,2
1,2,F,5,2006,3,1,1,2,2,1,1,1,1,1,1,1,1,2,9,5,1,1, ?,2,2
11,15,F,11,2006,3,1,1,2,2,1,1,1,1,1,1,1,1,2,9,6,1,1, ?,2,2
5,2,F,7,2006,3,3,1,2,2,1,1,1,1,1,1,2,1,2,4,6,1,1,26,2,2
1,1,G,3,2006,2,1,1,2,2,1,1,1,1,1,1,1,1,1,14,6,1,1, ?,2,2
1,1,F,3,2006,2,1,1,2,2,1,1,1,1,1,1,1,1,2,14,6,1,1, ?,2,2
1,1,F,5,2006,3,1,1,2,2,1,1,1,1,1,1,1,1,1,14,6,1,1,40,2,2
3,1,F,4,2006,3,1,1,2,2,1,1,1,1,1,1,4,1,2,17,6,1,1,26,2,2
5,1,F,6,2006,2,1,1,2,2,1,1,1,1,1,1,1,1,2,12,5,2,1, ?,2,2
5,1,F,10,2006,3,1,1,2,2,1,1,1,1,1,1,1,1,2,14,6,1,1, ?,2,2
2,1,G,9,2006,3,1,1,2,2,1,1,1,1,1,2,3,1,2,8,6,1,1,35,2,2
2,6,M,1,2006,2,1,1,2,2,1,1,2,1,1,2,2,1,2,9,6,1,1,35,2,2
4,6,F,4,2006,4,1,1,2,2,1,4,2,1,1,2,1,1,2,7,6,1,1, ?,2,2
5,6,S,7,2006,3,1,1,2,1,1,1,1,1,1,1,2,1,1,17,6,1,1, ?,2,2
5,5,F,11,2006,3,1,1,2,2,1,1,1,1,1,1,1,1,2,9,6,1,1, ?,2,2
6,5,F,5,2006,1,1,1,2,2,2,2,1,2,1,2,1,1,2,9,6,1,1,58,2,2
6,5,F,10,2006,3,1,1,2,2,1,1,1,1,1,1,1,1,2,7,6,1,1, ?,2,2
8,5,G,4,2006,4,1,1,2,2,1,2,1,1,1,1,1,1,2,9,5,1,1,41,2,2
8,5,F,5,2006,4,2,1,2,2,1,4,1,1,1,1,1,1,2,4,6,1,1, ?,2,2
2,5,F,9,2006,3,1,1,2,2,1,1,1,1,1,1,3,1,2,17,6,1,1, ?,2,2
4,3,F,6,2006,2,7,8,2,1,1,1,2,1,1,1,1,1,2,8,1,1,1, ?,2,2
1,3,F,10,2006,3,1,1,1,2,1,1,1,1,1,1,4,1,2,6,5,1,7, ?,2,2
2,3,F,8,2006,2,7,8,1,2,1,1,1,1,1,1,2,1,1,6,6,1,7,30,1,2
13,3,F,9,2006,1,7,1,2,2,1,2,1,1,1,1,2,1,2,14,6,1,1,26,2,2
1,8,F,1,2006,2,1,1,2,2,1,1,1,1,1,1,2,4,1,9,6,1,1,40,2,2
1,8,F,2,2006,1,1,1,2,2,4,2,1,1,1,1,5,1,1,9,6,1,1, ?,2,2
4,8,F,1,2006,1,1,1,2,2,1,4,1,1,1,1,1,1,2,9,6,1,1, ?,2,2
3,8,G,9,2006,2,1,1,2,2,1,1,1,1,1,1,1,1,1,9,6,1,1, ?,2,2
3,8,F,10,2006,4,1,1,2,1,1,2,1,1,1,1,1,1,1,7,6,1,1,46,2,2
1,2,F,11,2006,3,1,1,2,2,1,1,1,1,1,1,1,1,2,9,6,1,1, ?,2,2
12,9,G,5,2006,1,1,1,2,2,1,2,1,1,1,1,1,1,2,9,4,1,1, ?,2,2
10,9,F,2,2006,3,1,1,2,2,1,1,1,1,1,2,1,1,2,6,4,2,1, ?,2,2
10,9,G,6,2006,1,1,1,2,2,1,4,1,1,1,2,1,1,2,19,6,1,1,30,2,2
11,9,F,3,2006,2,3,1,2,2,1,1,1,1,1,1,1,1,2,13,2,1,1,25,2,2
11,9,F,11,2006,1,1,1,2,2,4,4,1,1,1,1,1,1,2,14,10,1,1,30,2,2
2,9,F,12,2006,2,1,1,1,1,1,1,1,1,1,1,2,1,1,9,6,1,1,36,2,2
5,11,G,7,2006,4,1,1,2,2,1,4,1,1,1,1,3,1,2,14,6,1,1, ?,2,2
8,11,F,3,2006,2,1,1,2,2,1,1,1,1,1,1,2,1,2,13,6,1,1, ?,2,2
4,11,F,2,2006,3,1,1,2,2,1,1,1,1,1,1,2,1,2,19,6,2,6, ?,2,2
5,11,F,1,2006,2,1,1,2,2,1,1,1,1,1,1,2,1,2,9,1,1,1, ?,2,2
1,12,G,5,2006,4,1,1,2,2,1,4,2,1,1,1,3,1,2,14,2,1,1, ?,2,2
3,12,F,3,2006,2,1,1,2,2,1,1,1,1,1,1,3,1,2,17,6,1,1, ?,2,2
3,12,F,2,2006,2,1,1,2,2,1,1,1,1,1,1,3,1,2,14,6,1,1, ?,2,2
8,13,S,1,2006,2,1,1,2,2,1,1,1,1,1,1,1,1,2,14,6,1,1, ?,2,2
3,17,F,10,2006,3,1,1,2,2,1,1,1,1,1,1,1,1,2,14,2,1,1, ?,2,2
9,17,F,1,2006,2,1,1,1,1,1,1,1,1,1,2,4,1,2,8,6,1,1, ?,2,2
3,15,M,9,2006,3,1,1,2,2,1,1,1,1,1,1,1,1,2,4,6,1,1, ?,2,2
5,15,F,3,2006,3,1,1,2,2,1,1,1,1,1,1,3,1,2,13,6,1,1, ?,2,2
6,15,G,7,2006,3,1,1,2,2,1,1,1,1,1,1,3,1,2,8,6,1,1, ?,2,2
3,15,F,7,2006,1,1,1,2,2,1,4,1,1,1,1,1,1,2,7,6,1,1,25,2,2
9,16,F,1,2006,2,1,1,2,2,1,1,1,1,1,1,1,1,1,13,6,1,1, ?,2,2
6,16,F,11,2006,2,3,1,2,2,1,1,2,1,1,1,1,1,2,9,6,1,1,50,2,2
10,16,F,8,2006,3,1,1,2,2,1,1,1,1,1,1,1,1,2,9,3,1,1,35,2,2
4,14,F,2,2006,3,1,1,2,2,1,1,1,1,1,1,?,1,1,14,2,1,1,22,2,2
4,14,F,2,2006,4,3,1,2,1,1,3,1,1,1,3,5,1,1,13,6,1,1, ?,2,2
4,14,F,3,2006,2,1,1,2,2,1,1,1,1,1,1,5,1,1,5,5,1,1, ?,2,2
1,14,F,2,2006,3,1,1,2,2,1,1,1,1,1,1,?,1,1,9,6,1,4, ?,2,2
4,14,G,8,2006,2,1,1,2,1,1,2,1,1,1,1,?,1,1,14,6,1,1,35,2,2
4,14,F,9,2006,2,1,1,2,2,1,1,1,1,2,1,?,1,2,13,6,1,1,45,2,2
2,14,F,10,2006,2,3,2,2,1,1,1,1,1,1,1,1,1,1,8,5,1,6,28,2,2
2,14,F,5,2006,3,1,1,2,2,1,1,2,1,1,1,1,1,1,9,6,1,1,26,2,2
2,14,F,8,2006,1,1,1,2,2,2,4,1,2,1,1,1,1,2,9,6,2,1, ?,1,2
1,14,F,2,2006,3,1,1,2,1,1,1,1,1,1,1,5,1,1,14,6,1,1,34,1,2
1,14,S,6,2006,2,1,1,2,2,1,1,1,1,1,1,5,1,1,10,5,1,1,40,2,2
1,14,G,7,2006,4,3,1,2,2,1,2,1,1,1,1,2,1,1,8,6,1,1,39,2,2
1,14,F,12,2006,4,1,1,2,2,1,4,1,1,1,?,1,1,1,9,6,1,1, ?,2,2
3,56,M,1,2006,4,1,2,2,2,4,2,1,1,1,1,1,1,2,14,6,?,?, ?,1,2
3,53,F,1,2006,4,7,4,2,2,1,3,1,1,1,1,3,1,2,13,6,1,?, ?,2,2
9,56,G,1,2006,3,1,2,1,2,1,1,1,1,1,1,1,1,2,10,6,?,?, ?,?,?
4,55,G,2,2006,2,1,1,2,2,1,1,2,1,1,1,2,1,2,13,1,1,2,35,?,?
5,54,F,1,2006,2,?,?,2,2,1,1,?,1,1,1,4,?,?,17,6,2,?, ?,?,?
13,54,F,1,2006,3,1,1,2,2,1,1,1,1,1,1,1,1,2,9,5,1,?,42,2,2
7,54,F,3,2006,3,7,1,2,2,1,1,1,1,1,1,3,1,2,6,1,1,?, ?,?,?
1,54,M,2,2006,3,?,?,?,?,?,?,?,?,?,?,?,?,?,14,11,1,1,25,?,?
1,54,S,1,2006,2,7,1,2,1,1,1,1,1,1,3,3,1,1,13,6,?,?, ?,?,?
1,54,S,1,2006,3,5,1,2,2,1,1,2,1,1,1,3,1,2,11,1,?,?,30,?,?
6,55,G,5,2006,2,1,1,2,2,1,1,1,1,1,1,4,1,2,13,6,1,1,27,2,2
8,56,G,7,2006,2,1,1,2,2,1,1,1,1,1,1,1,1,2,10,6,1,1,26,2,2
3,56,G,9,2006,1,1,1,2,1,1,2,1,1,1,1,1,1,2,14,6,1,7, ?,1,2
3,53,F,9,2006,4,1,2,2,2,1,4,2,1,1,1,4,1,2,5,1,1,2,18,2,2
13,54,F,6,2006,3,?,1,2,2,1,1,1,1,1,1,1,2,?,14,6,?,?, ?,?,?
12,54,F,7,2006,2,2,1,2,2,1,1,1,1,1,1,1,?,?,8,6,?,1, ?,?,?
6,54,F,9,2006,4,1,1,2,2,1,4,1,1,1,1,5,1,2,14,4,1,?, ?,?,?
3,53,F,11,2006,2,1,1,1,1,1,1,1,1,1,1,3,1,2,6,6,1,1,24,2,2
3,53,F,11,2006,2,3,1,2,2,1,1,1,1,1,1,4,1,2,8,6,?,1,27,2,?
4,55,F,10,2006,2,1,1,2,2,1,1,1,1,1,1,3,1,2,14,6,?,?,50,2,2
6,55,F,10,2006,3,1,1,2,2,1,1,1,1,1,1,1,1,2,12,11,1,1, ?,?,?
7,54,F,10,2006,3,1,1,1,?,1,1,1,1,1,2,2,1,2,5,6,1,7, ?,2,2
1,53,M,12,2006,4,7,8,2,2,1,4,1,1,1,1,2,1,1,8,6,?,?, ?,?,?
7,55,F,11,2006,4,?,?,1,2,1,1,1,1,1,1,3,?,2,9,6,?,?,35,?,?
8,54,F,10,2006,3,?,1,2,2,1,1,2,1,1,1,4,1,2,13,6,?,?,35,?,?
2,28,G,8,2006,3,7,2,2,2,1,1,1,1,1,1,5,1,1,14,6,1,1,30,2,2
1,28,F,4,2006,2,2,4,2,2,1,1,1,1,1,1,3,1,1,14,3,1,1,35,2,2
2,28,G,8,2006,3,7,2,2,2,1,1,1,1,1,1,5,1,1,14,6,1,1,30,2,1
3,28,G,1,2006,2,7,8,2,2,1,1,1,1,2,1,5,1,1,7,11,2,7,25,2,2
4,28,S,8,2006,4,7,8,1,1,1,3,1,1,1,1,1,1,1,9,6,1,7, ?,1,2
4,28,G,9,2006,4,4,1,2,2,1,3,1,1,1,1,1,1,1,9,1,1,1,40,1,2
2,31,G,2,2006,4,1,1,2,2,4,4,1,2,1,1,3,1,2,9,6,1,1,40,2,2
10,34,F,10,2006,2,3,1,2,2,1,2,1,1,1,1,1,1,2,14,6,1,1, ?,2,2
7,63,F,1,2006,3,7,8,2,2,1,1,1,1,1,?,1,1,2,9,11,1,1, ?,2,2
9,63,F,1,2006,1,1,1,2,1,1,1,1,1,1,1,3,1,2,13,1,1,1, ?,2,2
7,63,G,8,2006,3,3,4,2,2,1,1,2,1,1,1,1,1,2,8,4,1,1, ?,2,2
11,63,F,8,2006,2,1,1,2,2,1,1,1,1,1,1,4,1,2,9,6,1,1,45,2,2
14,63,F,6,2006,1,1,1,2,2,1,2,1,1,1,1,1,1,2,9,6,1,1,45,2,2
11,63,F,7,2006,3,?,1,1,2,2,1,1,2,1,1,1,1,2,12,6,1,1, ?,2,2
12,47,F,2,2006,2,1,1,2,2,2,1,2,1,1,1,1,1,2,14,6,1,1, ?,2,1
5,35,F,5,2006,2,1,1,2,2,1,1,1,1,1,1,3,1,2,9,6,1,1, ?,2,2
9,51,G,3,2006,2,1,1,2,2,1,1,1,1,1,1,2,1,2,9,6,1,1, ?,2,2
1,52,G,3,2006,2,1,1,2,2,1,1,1,1,1,1,5,1,1,6,6,1,1,22,2,2
3,49,M,5,2006,4,1,1,2,2,1,4,1,1,1,1,2,1,1,14,1,1,1, ?,2,2
1,39,S,1,2006,3,1,1,2,2,1,1,1,1,1,1,3,1,2,9,6,1,1,30,2,2
1,39,G,5,2006,1,1,1,2,2,1,4,1,1,1,1,3,1,2,9,6,1,1,54,2,2
1,46,F,4,2006,2,1,1,2,2,1,1,1,1,1,1,1,1,2,14,6,1,1, ?,2,2
7,41,F,1,2006,2,3,1,2,2,4,2,1,1,1,1,4,1,2,14,2,1,1, ?,2,2
3,44,F,1,2006,1,1,1,2,2,1,4,1,1,1,1,1,1,2,14,6,1,1, ?,2,2
7,44,F,2,2006,1,1,1,2,2,1,4,1,1,1,1,1,1,1,13,6,1,1,45,2,2
4,44,F,2,2006,2,1,1,2,2,1,1,1,1,1,1,2,1,2,8,6,1,1, ?,2,2
5,44,M,3,2006,3,1,1,2,2,1,1,1,1,1,1,1,1,2,9,6,1,1, ?,2,2
6,44,F,4,2006,2,1,1,2,2,1,2,1,1,1,1,3,1,2,14,5,1,1, ?,2,2
5,44,G,4,2006,1,1,1,2,2,1,2,1,1,1,1,1,1,2,14,6,1,1, ?,2,2
4,44,G,4,2006,3,1,1,2,2,1,1,1,1,1,1,2,1,2,16,6,1,1,30,2,2
6,44,F,5,2006,1,1,1,2,2,1,4,1,1,1,1,1,1,2,14,6,1,1,40,2,2
3,44,F,5,2006,2,1,1,2,2,1,1,1,1,1,1,1,1,2,14,6,1,1,40,2,2
6,46,G,7,2006,3,1,1,2,2,1,1,1,1,1,1,3,1,2,10,6,1,1, ?,2,2
1,45,G,1,2006,3,1,1,2,2,1,1,1,1,1,1,1,1,2,12,6,1,1,35,2,2
1,45,G,7,2006,3,1,1,2,2,1,1,1,1,1,1,1,1,2,4,6,1,1,45,2,2
1,47,F,3,2006,3,1,1,2,2,1,1,1,1,1,1,1,1,2,14,6,1,1,30,2,2
1,47,F,3,2006,3,1,1,2,2,1,1,1,1,1,1,1,1,2,9,4,1,1, ?,2,2
12,47,G,4,2006,3,1,1,2,2,1,1,1,1,1,1,1,1,2,9,5,1,1, ?,2,2
6,40,M,5,2006,3,1,1,2,2,1,1,1,1,1,1,1,1,2,9,6,1,1, ?,2,2
1,40,G,5,2006,2,1,1,2,2,1,1,1,1,1,1,1,1,2,12,6,1,1,30,2,2
3,40,F,5,2006,3,1,1,2,2,1,1,1,1,1,1,1,1,2,10,6,1,1,32,2,2
8,47,G,5,2006,1,1,1,2,2,1,4,1,1,1,1,1,1,2,14,6,1,1,30,2,2
1,47,F,5,2006,2,1,1,2,2,1,1,1,1,1,1,1,1,2,4,6,1,1, ?,2,2
11,47,G,5,2006,3,1,1,2,2,1,1,1,1,1,1,3,1,2,9,4,1,1,38,2,2
9,47,G,5,2006,3,1,1,2,2,1,1,1,1,1,1,1,1,2,14,7,1,1,40,2,2
11,47,F,6,2006,3,1,1,2,2,1,1,1,1,1,1,3,1,2,9,1,1,1,40,2,2
12,47,G,6,2006,2,1,1,2,2,1,1,1,1,1,1,1,1,2,9,6,1,1, ?,2,2
9,47,G,7,2006,3,1,1,2,2,1,1,1,1,1,1,1,1,2,9,6,1,1,34,2,2
1,44,F,7,2006,3,1,1,2,2,1,1,1,1,1,1,5,1,1,6,6,1,1,30,2,2
6,44,F,7,2006,1,1,1,2,2,1,2,1,1,1,1,1,1,2,15,6,1,1,52,2,2
7,44,G,7,2006,2,1,1,2,2,1,1,1,1,1,1,1,1,1,14,6,1,1, ?,2,2