Thana,District,Accident_Severity,Month,Year,Time,Junction_Type,Traffic_Control,Movement,Divider,Weather,Light,Road_Geometry,Surface_Condition,Surface_Type,Surface_Quality,Road_Class,Road_Feature,Location_Type,Vehicle_Type,Vehicle_Movement,Vehicle_Loading,Vehicle_Defect,Vehicle_Driver_Age,Vehicle_Alcohol,Vehicle_Seat_Belt
11,42,F,4,2007,4,2,4,1,1,1,3,1,1,1,1,5,1,1,19,6,?,?,27,2,2
12,42,G,2,2007,2,1,1,1,1,1,1,1,1,1,1,5,1,1,9,6,?,?,40,2,2
12,42,M,5,2007,2,1,1,2,1,1,1,1,1,1,1,5,1,1,9,6,?,?,50,2,2
12,42,F,11,2007,4,3,1,2,1,1,1,1,1,1,1,5,1,1,7,6,1,7, ?,2,2
12,42,F,11,2007,4,1,1,2,2,1,3,1,1,1,1,5,1,1, ?,6,1,7, ?,2,2
12,42,M,11,2007,1,1,1,2,1,1,3,1,1,1,1,5,1,1,9,6,1,7, ?,2,2
12,42,F,12,2007,4,2,4,1,1,1,3,1,1,1,1,5,1,1,14,6,1,7,28,2,2
14,42,G,3,2007,2,2,4,2,1,1,1,1,1,1,1,1,1,1,10,6,?,?,55,?,?
15,42,G,2,2007,4,1,1,2,2,1,4,1,1,1,1,5,1,1,8,6,?,?,32,2,2
15,42,G,5,2007,2,1,2,2,2,1,1,1,1,1,1,5,1,1,10,6,?,?,25,?,?
15,42,F,7,2007,3,1,1,2,2,1,1,1,1,1,1,5,1,1,19,6,?,?, ?,?,?
16,42,F,3,2007,2,1,1,2,1,1,1,1,1,1,1,5,1,1,9,6,1,7,27,2,2
16,42,G,4,2007,4,1,1,2,1,1,3,1,1,1,1,1,5,1,19,6,1,7, ?,2,2
16,42,G,4,2007,1,1,1,2,1,1,3,1,1,1,1,5,1,1,14,6,1,7, ?,2,2
16,42,G,5,2007,2,1,4,2,1,1,1,1,1,1,1,5,1,1,14,6,?,?,35,2,2
17,42,F,2,2007,2,2,4,2,1,1,1,1,1,1,1,5,1,1,10,6,?,?, ?,?,?
17,42,M,4,2007,3,1,1,1,1,1,1,1,1,1,1,5,1,1,12,6,1,7,30,2,2
17,42,G,5,2007,2,1,1,2,1,1,1,1,1,1,1,5,1,1,10,6,1,1, ?,2,2
17,42,G,6,2007,3,7,8,2,1,2,1,1,2,1,1,5,1,1,4,6,1,7,36,2,1
17,42,M,6,2007,2,3,2,2,1,1,1,1,1,1,1,5,1,1,8,6,1,7,30,2,2
18,42,F,2,2007,3,3,4,2,1,1,1,1,1,1,1,1,1,1,9,6,1,7, ?,2,2
21,42,F,6,2007,2,1,1,2,2,1,1,1,1,1,1,5,1,1,9,6,1,7,50,2,2
21,42,G,7,2007,2,1,1,2,1,1,1,1,1,1,1,5,1,1,10,6,1,7,20,2,2
21,42,F,8,2007,2,1,1,2,1,1,1,1,1,1,1,5,1,1,9,6,1,7,25,2,2
21,42,F,9,2007,1,1,1,2,2,1,3,1,1,1,1,1,1,1,14,6,1,7, ?,2,2
22,42,F,3,2007,4,3,1,2,1,1,3,3,1,1,1,3,1,1,19,6,1,1,40,2,2
22,42,F,4,2007,2,1,8,2,1,1,3,1,1,1,1,1,1,1,19,6,1,7,45,2,2
22,42,S,5,2007,2,2,2,2,1,1,1,1,1,1,1,1,1,1,7,6,1,1,30,2,2
22,42,G,5,2007,1,7,2,2,1,1,3,1,1,1,1,1,1,1,14,6,1,1,33,2,2
23,42,F,1,2007,4,1,1,2,1,1,2,1,1,1,1,1,1,1,14,6,2,?, ?,?,2
23,42,F,1,2007,1,1,1,2,1,1,3,1,1,1,1,1,1,1,14,6,1,7, ?,2,2
23,42,F,2,2007,1,3,1,2,2,1,1,1,1,1,1,1,1,1,14,6,1,7, ?,2,2
23,42,M,12,2007,2,1,1,2,1,1,1,1,1,1,1,1,1,1,9,6,1,7, ?,2,2
2,42,F,8,2007,2,1,1,2,1,1,1,1,1,1,1,5,1,1,9,6,1,7, ?,2,2
9,42,G,8,2007,2,1,1,1,1,1,1,1,1,1,1,5,1,1,10,6,?,?, ?,2,2
9,42,F,8,2007,1,3,1,2,1,1,3,1,1,1,1,5,1,1,12,6,?,?, ?,2,2
9,42,G,9,2007,2,1,2,2,1,1,1,1,1,1,1,5,1,1,10,6,?,?,20,?,?
11,42,F,4,2007,4,1,1,1,1,1,2,1,1,1,1,5,1,1,14,6,1,1, ?,2,2
11,42,F,4,2007,3,1,1,2,1,1,1,1,1,1,1,5,1,1,9,6,1,1, ?,2,2
11,42,G,10,2007,2,3,4,1,1,1,1,1,1,1,1,5,1,1,14,6,1,7, ?,2,2
11,42,F,12,2007,2,1,1,1,1,1,1,1,1,1,1,5,1,1,9,6,1,7,36,2,2
11,42,F,12,2007,3,1,1,2,1,1,1,1,1,1,1,5,1,1,9,6,1,7, ?,2,2
11,42,F,12,2007,2,1,1,1,1,1,1,1,1,1,1,5,1,1,9,6,1,7, ?,2,2
12,42,G,2,2007,2,1,1,1,1,1,1,1,1,1,1,5,1,1,9,6,?,?,40,2,2
12,42,M,5,2007,2,1,1,2,1,1,1,1,1,1,1,5,1,1,9,6,?,?,50,2,2
12,42,S,9,2007,2,1,2,2,1,1,1,1,1,1,1,5,1,1,12,6,1,7, ?,2,2
12,42,F,9,2007,3,1,2,2,1,1,1,1,1,1,1,5,1,1,9,6,1,7,35,2,2
12,42,F,10,2007,4,3,1,2,1,1,3,1,1,1,1,5,1,1,9,6,1,7, ?,2,2
14,42,G,3,2007,2,2,4,2,1,1,1,1,1,1,1,1,1,1,10,6,?,?,55,2,2
16,42,G,5,2007,2,1,4,2,1,1,1,1,1,1,1,5,1,1,14,6,1,7,35,2,2
27,42,F,4,2007,1,1,1,2,1,1,3,1,1,1,1,5,1,1,8,6,?,?,18,2,2
29,42,M,2,2007,2,1,4,2,2,1,1,1,1,1,1,5,1,1,9,6,1,7,30,2,2
29,42,G,4,2007,3,1,1,2,1,1,1,1,1,1,1,5,1,1,9,6,1,7, ?,2,2
33,42,F,3,2007,2,1,4,1,1,1,1,1,1,1,1,5,1,1,9,6,1,7,30,2,2
33,42,F,4,2007,2,1,1,2,1,1,1,1,1,1,1,1,1,1,14,6,?,?, ?,?,2
33,42,G,5,2007,2,3,1,2,1,1,2,1,1,1,1,1,1,1,9,6,1,7, ?,?,2
33,42,G,5,2007,2,1,1,2,2,1,1,1,1,1,1,1,1,1,9,6,1,7, ?,?,2
33,42,F,7,2007,3,1,1,1,1,1,1,1,1,1,1,1,1,1,9,6,?,?, ?,?,2
33,42,G,8,2007,2,1,1,2,2,1,1,1,1,1,1,5,1,1,14,6,?,?,20,?,2
33,42,G,8,2007,3,3,4,2,1,1,1,1,1,1,1,5,1,1,14,6,?,?, ?,?,2
33,42,F,9,2007,2,1,4,2,1,1,1,1,1,1,1,5,1,1,5,6,?,?, ?,?,2
28,42,G,10,2007,2,1,8,2,1,1,1,?,1,1,1,5,1,1,5,2,1,7,35,1,2
1,21,F,3,2007,4,1,1,1,2,1,3,1,1,1,1,1,1,1,14,6,1,1, ?,2,2
1,21,G,5,2007,2,7,8,2,2,1,1,1,1,1,1,1,1,1,12,6,1,7,23,2,2
1,21,F,5,2007,2,1,4,1,1,1,1,1,1,1,1,1,1,1,14,2,1,1,35,2,2
3,21,F,2,2007,2,1,1,2,2,1,1,1,1,1,1,3,1,2,6,6,1,1, ?,2,2
3,21,G,6,2007,3,1,8,2,2,1,1,1,1,1,1,1,1,2,19,2,1,1, ?,2,2
3,21,G,6,2007,3,1,1,2,2,1,1,1,1,1,1,1,1,1,14,6,1,1, ?,2,2
3,21,F,8,2007,3,1,1,2,2,1,1,1,1,1,1,1,1,2,9,5,1,1, ?,2,2
5,21,F,2,2007,2,1,4,1,2,1,1,1,1,1,1,3,1,2,8,6,1,1, ?,2,2
5,21,F,4,2007,3,1,1,1,2,1,1,1,1,1,1,3,1,2,8,6,1,1, ?,2,2
5,21,F,4,2007,3,3,1,2,1,1,1,1,1,1,1,3,1,2,14,6,1,1, ?,2,2
4,21,F,8,2007,2,1,1,2,1,1,1,1,1,1,1,2,1,2,14,5,1,1, ?,2,2
6,21,F,3,2007,3,1,1,2,2,1,1,1,1,1,1,4,1,2,19,6,1,1,25,2,2
1,19,F,3,2007,1,1,1,1,2,1,2,1,1,1,1,4,1,2,13,6,1,1,42,2,2
2,23,F,4,2007,3,7,8,1,2,1,1,1,1,1,2,4,1,2,8,6,1,1, ?,2,2
5,26,F,4,2007,2,1,1,2,2,1,1,1,1,1,1,1,1,2,13,6,1,1,30,2,2
1,26,F,6,2007,3,1,1,1,2,1,1,1,1,1,1,2,1,2, ?, ?,?,?, ?,?,?
7,26,F,4,2007,3,1,1,2,2,1,1,2,1,1,1,3,1,2,8,6,1,1, ?,2,2
4,26,F,4,2007,1,2,1,2,2,1,4,1,1,1,1,1,1,1,12,6,1,1,40,2,2
4,26,F,6,2007,2,1,1,2,2,1,1,1,1,1,1,2,1,2,8,6,1,1, ?,2,2
1,22,G,1,2007,3,1,1,1,2,1,1,1,1,1,1,1,1,2,9,10,1,1,40,2,2
1,22,F,5,2007,3,1,1,2,2,1,1,1,1,1,1,3,1,2,4,6,1,1,40,2,2
1,25,F,3,2007,1,2,2,2,1,1,1,1,1,1,1,1,1,1,9,5,1,1, ?,2,2
7,25,G,3,2007,3,1,1,2,2,1,1,1,1,1,2,2,1,2,8,4,1,1,33,2,2
3,25,F,1,2007,2,7,1,2,2,1,1,1,1,1,1,2,1,2,9,5,1,1, ?,2,2
3,25,F,2,2007,3,1,1,2,2,1,1,1,1,1,1,2,1,2,9,6,1,7,35,2,2
4,25,F,2,2007,2,1,1,2,2,1,1,1,1,1,1,1,1,2,9,6,1,1, ?,2,2
3,20,G,4,2007,2,1,1,2,2,1,1,1,1,1,1,4,1,2,14,6,1,1, ?,2,2
1,20,F,1,2007,3,1,1,1,2,1,1,1,1,1,1,1,1,2,16,6,1,1,45,2,2
1,20,F,3,2007,2,1,1,2,2,1,1,1,1,1,1,2,1,2,9,2,1,1, ?,2,2
2,26,S,11,2007,2,1,1,1,2,1,1,1,1,1,2,3,1,2,4,6,1,1,18,2,2
5,26,F,8,2007,3,1,1,2,1,1,1,1,1,1,1,1,1,1,9,6,1,1, ?,2,2
8,24,F,7,2007,3,1,1,1,1,1,1,1,2,1,1,1,1,1,8,1,1,1,38,2,2
1,24,G,4,2007,3,1,1,2,2,1,1,1,1,1,1,5,1,1,10,6,1,1, ?,2,2
1,24,F,5,2007,3,1,1,2,2,1,1,1,1,1,1,1,1,2,9,6,1,1, ?,2,2
1,24,F,5,2007,2,1,1,2,2,1,2,1,1,1,1,1,1,2,9,6,1,1,45,2,2
3,21,F,9,2007,2,1,1,1,2,1,1,1,1,1,1,1,1,2,9,6,1,1, ?,2,2
3,21,G,9,2007,3,1,1,1,2,1,1,1,1,1,1,1,1,2,14,8,1,1, ?,2,2
3,21,F,10,2007,3,1,1,1,2,1,1,1,1,1,1,4,1,2,7,6,1,1, ?,2,2
1,19,F,11,2007,3,2,8,1,2,1,1,1,1,1,1,3,1,2,19,6,1,7,55,2,2
2,19,F,12,2007,3,1,1,2,2,1,1,1,1,1,1,2,1,2,14,6,1,1, ?,2,2
3,19,F,12,2007,3,1,8,1,2,1,2,1,1,1,1,4,1,2,19,7,2,7,30,2,2
4,20,F,12,2007,2,7,1,1,2,4,1,1,1,1,1,4,1,2,14,6,1,1, ?,2,2
3,20,F,12,2007,3,1,1,1,2,1,1,1,1,1,1,3,1,2,9,6,1,1, ?,2,2
1,29,F,10,2007,3,1,1,1,2,1,1,1,1,1,1,2,1,2,14,6,1,1, ?,2,2
1,29,F,12,2007,3,1,1,1,2,1,1,2,1,1,1,2,1,2,9,6,1,7,38,2,2
1,29,G,12,2007,3,1,1,1,2,1,1,1,1,1,1,2,1,2,9,6,1,1, ?,2,2
5,29,F,1,2007,1,1,1,2,2,1,2,1,1,1,1,1,1,2,8,6,1,1,25,2,2
5,29,F,3,2007,2,1,1,1,2,1,2,1,1,1,1,1,1,2,14,6,2,2, ?,2,2
1,24,F,10,2007,2,1,1,2,1,1,1,1,1,1,1,3,1,2,9,6,1,1, ?,2,2
2,24,F,12,2007,2,1,8,1,2,1,1,1,1,1,1,1,1,2,14,6,1,1, ?,2,2
2,24,F,9,2007,3,7,8,2,2,1,1,1,1,1,1,3,1,2,13,6,1,1,25,2,2
5,18,F,12,2007,2,1,1,1,2,1,1,1,1,1,1,3,1,2,14,6,1,1, ?,2,2
2,18,F,8,2007,3,7,1,2,2,1,1,1,1,1,1,1,1,2,10,5,1,1,30,2,2
1,25,G,8,2007,3,1,1,1,2,1,1,1,1,1,1,1,1,2,8,6,1,7, ?,2,2
1,25,F,10,2007,3,1,1,2,2,1,1,1,1,1,1,1,1,2,9,1,1,1, ?,2,2
7,25,F,12,2007,2,1,1,1,2,1,1,3,1,1,3,2,1,2,8,6,1,1,28,2,2
5,26,F,12,2007,3,1,1,2,2,1,1,1,1,1,1,1,1,1,14,6,1,1, ?,2,2
2,24,F,7,2007,3,3,1,2,2,1,1,1,1,1,1,1,1,1,14,6,1,1, ?,2,2
9,24,F,7,2007,3,4,3,2,1,2,1,2,1,1,1,1,1,?,13,2,1,1, ?,2,2
3,24,F,11,2007,3,1,1,2,1,1,1,1,1,1,1,1,1,?,10,6,1,1, ?,2,2
3,21,F,11,2007,3,1,1,2,2,1,2,1,1,1,1,3,1,2,14,6,1,1,35,2,2
3,21,F,10,2007,3,1,1,2,2,1,1,1,1,1,1,1,?,1,14,6,1,1, ?,2,2
3,21,F,9,2007,2,1,1,2,2,2,1,1,1,1,1,1,1,2,14,7,1,1,45,2,2
1,24,G,11,2007,3,3,1,2,2,1,2,1,1,1,1,5,1,1,6,7,2,3,28,1,2
1,29,F,2,2007,3,1,1,2,2,1,1,2,1,1,1,3,1,2,6,6,?,1,32,?,2
8,29,G,12,2007,4,1,1,2,2,1,2,1,1,1,1,1,2,2,9,5,1,1,37,2,2
1,29,F,4,2007,2,1,1,2,1,1,1,1,1,1,1,?,?,1,9,6,1,1, ?,2,2
2,21,F,4,2007,4,1,1,2,2,1,4,1,1,1,1,4,1,2,14,6,2,1,45,1,2
5,21,F,12,2007,3,3,3,2,2,1,1,2,1,1,1,4,1,2,9,5,1,1, ?,2,2
3,21,F,2,2007,2,1,1,2,2,4,1,1,1,1,1,1,1,2,14,6,1,1, ?,2,2
3,21,F,3,2007,2,1,1,1,?,1,1,?,1,1,1,1,1,?,17,6,1,1, ?,2,2
3,29,F,5,2007,4,1,4,2,2,1,1,2,1,1,1,1,1,2,12, ?,1,7, ?,2,2
4,21,F,2,2007,2,1,1,1,2,1,1,1,1,1,1,1,?,?,9,6,1,1,40,2,?
4,21,G,7,2007,2,1,1,2,2,1,1,1,1,1,1,1,1,2,9,2,2,6,30,1,?
3,20,S,2,2007,1,1,1,1,?,4,2,2,2,1,1,2,1,2,7,6,1,1, ?,2,2
4,20,F,1,2007,2,1,8,2,2,1,1,2,1,1,?,?,1,2,9,6,1,1, ?,2,?
20,1,F,12,2007,2,1,1,2,?,1,1,1,1,1,1,4,1,2,8,6,1,1, ?,2,2
4,20,F,10,2007,1,1,1,2,1,2,1,1,1,1,1,1,2,?,1,9,1,1, ?,2,2
2,19,F,2,2007,2,1,1,2,2,1,2,1,1,1,1,2,1,2,9,6,1,1, ?,2,2
1,18,F,6,2007,2,7,1,2,2,1,1,1,1,1,1,1,1,1,2,11,1,?, ?,2,2
1,18,F,3,2007,2,?,?,2,1,?,?,?,?,?,?,?,?,?,14,6,1,1, ?,2,2
7,18,F,6,2007,3,1,1,2,2,1,1,2,2,1,1,1,1,2,9,6,1,1, ?,2,2
6,18,G,3,2007,1,1,1,2,1,1,4,1,1,1,1,1,1,2,14,5,1,?,45,2,2
6,18,F,4,2007,3,1,1,2,2,1,1,1,1,1,1,1,1,2,9, ?,?,?, ?,?,2
6,18,G,4,2007,2,7,1,2,1,1,1,1,1,1,1,1,1,2,14,5,1,1, ?,?,?
6,18,F,5,2007,1,?,1,1,2,2,1,2,2,1,1,1,1,2,14,2,1,1, ?,2,2
6,18,G,5,2007,3,7,1,1,2,1,1,2,1,1,1,4,1,2,13,1,1,1,35,2,2
6,18,F,7,2007,3,7,3,1,2,2,1,?,2,1,1,1,1,2,9,4,1,1,45,2,2
5,18,F,1,2007,3,3,8,1,2,1,1,3,1,1,1,4,1,2,4,4,2,7, ?,1,2
1,21,F,9,2007,3,1,1,2,2,1,1,1,1,1,1,4,1,2,14,6,1,1, ?,2,2
1,21,F,11,2007,2,1,1,2,2,1,1,1,1,1,1,1,1,2,14,6,1,1, ?,2,2
2,20,F,9,2007,3,1,1,2,1,1,1,1,1,1,1,2,1,2,14,6,1,1, ?,2,?
1,20,F,3,2007,4,1,1,2,?,1,3,1,1,1,1,4,1,1,5,6,1,1, ?,2,2
2,28,F,4,2007,3,7,1,2,2,1,1,1,1,1,1,5,1,1,9,6,1,4,30,2,2
2,28,S,4,2007,3,5,4,2,1,1,1,1,1,1,1,1,1,1,8,11,1,1,32,2,2
5,28,F,4,2007,3,3,1,2,2,1,1,1,1,1,1,5,1,1,9,6,1,4,30,2,2
5,28,G,4,2007,3,5,4,2,1,1,1,1,1,1,1,1,1,1,8,3,1,1,32,2,2
1,28,F,1,2007,4,2,1,2,2,1,3,1,1,1,1,5,1,1,9,6,1,7,35,2,2
2,28,S,7,2007,2,1,1,2,2,1,1,1,1,1,1,1,1,1,9,5,1,7, ?,2,2
2,28,S,7,2007,1,1,8,2,1,1,3,1,1,1,1,5,?,1,14,6,1,7, ?,2,2
2,28,G,9,2007,3,1,1,2,2,1,1,1,1,1,1,1,1,1,8,6,1,1, ?,2,2
4,28,F,12,2007,2,4,1,2,2,1,1,1,1,1,1,3,1,1,9,5,1,1, ?,1,2
1,15,F,1,2007,4,4,4,2,2,1,3,2,1,1,1,1,1,1,14,1,1,1,55,2,2
1,15,F,1,2007,3,1,4,2,2,1,1,1,1,1,1,1,1,1,4,1,1,7, ?,2,2
1,15,F,3,2007,4,1,1,2,2,1,4,1,1,1,1,1,1,2,4,6,1,1,20,2,2
6,15,G,2,2007,1,7,1,2,1,1,4,1,1,1,1,1,1,1,6,6,1,7, ?,2,2
9,13,F,4,2007,4,7,1,2,2,1,4,1,1,1,1,3,1,1,19,6,1,7,30,2,2
8,13,F,4,2007,1,1,1,2,2,1,2,2,1,1,1,1,1,1,14,7,1,1, ?,2,2
8,9,F,6,2007,3,1,1,2,2,1,1,1,1,1,1,2,1,2,17,6,1,7, ?,2,2
12,9,G,5,2007,4,1,1,2,2,1,1,1,1,1,1,1,1,1,2,4,1,7, ?,2,2
10,9,G,5,2007,4,3,8,2,2,1,4,1,1,1,1,1,1,2,7,1,1,5,42,2,2
3,12,F,3,2007,2,1,4,2,2,1,2,1,1,1,1,3,1,2,9,6,1,7, ?,2,2
12,9,F,2,2007,1,3,8,2,2,1,3,1,1,1,1,1,1,1,7,6,1,7, ?,2,2
11,9,F,2,2007,2,7,1,2,2,2,1,1,2,1,1,1,2,2,14,6,1,1,35,1,2
6,13,F,2,2007,2,1,1,2,2,1,1,2,1,1,1,2,1,2,9,6,1,7, ?,2,2
3,13,F,2,2007,2,7,1,2,2,1,1,1,1,1,1,4,1,2,8,5,1,1, ?,2,2
1,12,F,6,2007,3,7,1,2,2,1,1,1,1,1,1,2,1,2,14,6,1,1,35,2,2
1,15,F,6,2007,1,1,8,2,2,1,4,1,1,1,1,1,2,1,14,11,1,6,35,2,2
8,13,F,1,2007,4,3,1,2,2,1,2,1,1,1,1,1,1,2,14,7,2,7, ?,2,2
8,13,F,1,2007,3,3,1,2,2,1,1,1,1,1,1,3,1,2,14,7,1,1, ?,2,2
13,3,F,3,2007,3,3,1,2,2,1,1,1,1,1,1,3,1,2,8,6,1,7, ?,2,2
1,3,F,3,2007,3,2,1,1,2,1,1,1,1,1,1,1,1,1,17,6,1,7, ?,2,2
1,12,F,5,2007,3,4,1,2,2,1,1,1,1,1,1,2,1,1,14,6,1,1,27,2,2
7,16,F,3,2007,3,1,3,2,2,1,1,1,1,1,1,3,1,2,2,6,1,7,45,2,2
10,16,F,3,2007,3,3,1,2,2,1,1,1,1,1,1,3,1,2,9,4,1,7,38,2,2
4,16,G,3,2007,3,1,1,2,2,1,1,2,1,1,1,2,1,2,8,6,2,7,27,2,2
6,16,F,3,2007,2,2,8,2,2,1,1,1,1,1,1,1,1,1,9,6,1,7,24,1,2
6,16,F,3,2007,3,7,8,2,2,1,1,1,1,1,1,3,1,2,9,6,1,7,48,1,2
2,9,F,4,2007,4,1,8,2,2,1,4,1,1,1,1,2,1,1,14,6,1,3, ?,2,2
4,9,F,5,2007,1,1,1,2,2,2,3,1,2,1,1,2,1,1,13,2,1,1, ?,2,2
4,9,F,5,2007,2,1,1,1,2,1,1,1,1,1,1,4,1,2,6,6,1,7, ?,2,2
7,9,M,5,2007,2,1,8,2,2,1,1,1,5,1,1,1,1,1,8,11,1,7, ?,2,2
1,7,G,3,2007,2,7,8,2,2,1,1,2,1,1,1,1,1,1,9,6,1,3,30,2,2
1,1,S,3,2007,3,1,1,2,2,1,1,1,1,1,1,2,1,2,4,6,1,1,50,2,2
2,1,F,3,2007,1,7,1,2,2,1,4,1,1,1,2,2,1,2,8,6,1,3,40,2,2
2,2,S,2,2007,3,1,8,2,2,1,1,1,1,1,1,3,1,2,14,6,1,7,30,2,2
1,2,F,2,2007,2,1,1,2,2,1,1,1,1,1,1,2,1,2,8,6,1,7, ?,1,2
10,16,F,2,2007,3,1,1,2,2,1,1,1,1,1,1,1,1,1,9,11,1,7, ?,2,2
2,16,F,2,2007,2,1,1,2,2,1,1,1,1,1,1,4,4,2,13,6,1,1, ?,2,2
6,16,F,2,2007,4,1,1,1,2,1,2,1,1,1,1,1,2,1,13,6,1,7, ?,2,2
8,16,F,2,2007,2,2,1,2,2,1,1,1,1,1,1,3,1,2,8,6,1,3, ?,2,2
1,2,G,1,2007,3,1,1,2,2,1,1,1,1,1,1,1,1,1,16,6,1,7,45,2,2
1,2,F,7,2007,3,1,1,2,2,2,1,1,2,1,2,2,1,2,14,6,1,7, ?,1,2
1,2,F,3,2007,3,7,1,2,2,1,1,2,1,1,1,3,1,2,19,6,1,7, ?,2,2
4,2,F,6,2007,2,2,1,1,2,1,1,1,1,1,1,2,1,2,17,6,1,7,28,2,2
2,16,F,1,2007,3,2,1,2,2,1,1,1,1,1,1,3,1,2,1,11,1,7, ?,2,2
7,16,F,1,2007,3,1,1,1,2,1,1,1,1,1,1,1,1,1,9,5,1,7,35,2,2
1,7,G,1,2007,2,7,1,2,2,4,2,2,1,1,1,5,1,1,9,4,1,1, ?,2,2
1,1,G,6,2007,1,1,2,2,2,1,2,1,1,1,1,1,1,1,14,6,1,1,45,2,2
1,1,F,6,2007,2,1,1,2,2,1,1,1,1,1,1,1,1,1,8,6,1,1,27,2,2
1,1,F,7,2007,3,1,1,2,2,1,1,1,1,1,1,3,1,2,17,6,1,1,40,2,2
1,1,F,7,2007,3,1,1,2,2,1,1,1,1,1,1,3,1,2,4,6,1,1,24,2,1
3,1,F,6,2007,3,1,1,2,1,1,1,1,1,1,1,3,1,1,8,6,1,1, ?,1,2
9,16,G,4,2007,1,1,1,2,2,1,4,1,1,1,1,2,1,2,4,2,1,7,30,2,1
7,16,F,4,2007,1,1,4,2,1,1,4,1,1,1,1,3,1,2,5,5,1,7, ?,2,2
7,16,F,4,2007,1,1,3,2,2,1,2,3,1,1,1,3,1,2,9,3,1,7, ?,2,2
2,16,G,4,2007,3,7,1,2,2,1,1,1,1,1,1,4,1,2,13,6,1,1, ?,2,2
9,16,S,4,2007,3,4,1,2,2,1,1,1,1,1,1,1,1,1,8,6,1,1,40,1,2
12,9,F,3,2007,1,1,1,2,2,1,4,1,1,1,1,1,1,1,9,11,1,7, ?,1,2
4,2,F,11,2007,3,4,8,2,2,1,1,2,1,1,1,3,1,1,8,6,1,7, ?,2,2
12,9,F,3,2007,2,1,8,2,2,1,1,1,1,1,1,1,1,1,14,6,1,7, ?,2,2
12,9,F,10,2007,3,7,8,2,2,1,1,1,1,1,1,1,1,1,11,6,1,7, ?,2,2
7,13,G,11,2007,4,7,1,1,2,1,2,1,1,1,1,2,?,?,8,6,1,7, ?,2,2
4,12,F,11,2007,3,7,1,2,2,1,1,1,1,1,1,2,1,2,19,6,1,7,25,2,2
4,12,G,11,2007,3,5,1,2,2,1,4,2,1,1,1,4,1,2,19,6,1,7, ?,2,2
3,12,F,3,2007,2,1,4,2,2,1,1,1,1,1,1,3,1,2,9,6,1,7, ?,2,2
5,12,F,5,2007,3,4,1,2,2,1,1,1,1,1,1,2,1,1,14,6,1,1,27,2,2
1,12,F,6,2007,3,7,1,2,2,1,1,1,1,1,1,2,1,1,14,6,1,7,35,2,2
12,9,F,10,2007,3,7,3,2,2,1,1,1,1,1,1,1,1,1,11,6,1,7, ?,2,2
9,13,G,8,2007,2,7,8,2,2,1,1,1,1,1,1,2,1,2,9,11,1,7,42,2,2
6,9,F,10,2007,3,2,1,1,2,1,1,1,1,1,1,2,1,1,8,11,1,7,35,2,2
1,9,S,7,2007,3,1,1,2,2,1,1,1,1,1,1,1,1,1,6,6,1,7, ?,2,2
1,9,F,7,2007,2,1,1,2,2,1,1,2,2,1,1,2,1,2,9,2,1,1, ?,1,2
1,9,F,9,2007,2,1,1,1,2,1,1,1,1,1,1,1,1,1,13,6,1,1, ?,1,2
1,9,F,11,2007,4,1,1,2,2,1,2,1,1,1,1,2,1,2,5,6,1,7, ?,1,2
1,3,F,1,2007,3,7,8,1,2,1,1,1,1,1,1,2,1,1,17,6,1,7, ?,2,2
7,16,F,5,2007,3,7,1,1,2,1,1,1,1,1,1,3,1,2,2,4,1,7, ?,2,2
1,16,F,8,2007,2,1,1,1,2,1,1,1,1,1,1,2,1,2,14,6,1,1,45,2,2
10,16,F,8,2007,2,1,1,2,2,1,1,1,1,1,1,1,1,1,9,6,1,7,50,2,2
10,16,F,6,2007,2,1,1,2,2,1,1,1,1,1,1,1,1,1,9,6,1,7, ?,2,2
1,2,F,10,2007,2,7,1,2,2,1,2,1,1,1,1,2,1,2,9,6,1,1,45,1,2
1,10,G,8,2007,2,1,1,2,2,1,1,1,1,1,1,1,1,1,9,11,1,1,36,2,2
1,10,F,8,2007,4,1,1,2,2,2,1,1,2,1,1,3,1,1,9,5,1,7,28,2,2
2,10,G,7,2007,2,1,1,1,2,1,1,2,1,1,1,4,1,2,4,4,1,7,35,2,2
2,10,G,2,2007,4,1,1,2,2,1,1,1,1,1,1,4,1,2,2,5,1,7,18,2,2
1,2,F,9,2007,2,1,1,2,2,2,1,1,2,1,1,1,?,?,2,6,1,1,26,2,2
1,2,F,9,2007,3,1,1,1,2,1,1,1,1,1,1,3,1,2,17,6,1,7, ?,2,2
5,13,F,9,2007,4,1,1,2,2,1,3,1,1,1,1,2,1,1,7,6,1,7, ?,2,2
5,10,F,2,2007,3,2,1,2,2,2,1,1,2,1,1,3,4,2,17,6,2,3,22,2,2
1,1,F,9,2007,3,1,1,2,2,1,1,1,1,1,1,1,1,1,14,6,1,1,45,2,2
2,1,G,9,2007,2,3,1,2,2,1,1,1,1,1,1,2,1,1,1,2,1,1,50,2,2
2,7,G,6,2007,4,7,8,2,1,1,2,1,1,1,1,4,1,2,1,6,1,7, ?,2,2
3,12,F,9,2007,4,1,4,2,2,1,3,1,1,1,1,2,1,2,19,6,1,7, ?,2,2
12,9,G,10,2007,3,2,1,2,1,1,1,1,1,1,1,1,1,1,14,6,1,7, ?,2,2
4,9,G,11,2007,2,7,1,1,2,1,1,1,1,1,1,2,1,1,6,6,1,7, ?,2,2