Thana,District,Accident_Severity,Month,Year,Time,Junction_Type,Traffic_Control,Movement,Divider,Weather,Light,Road_Geometry,Surface_Condition,Surface_Type,Surface_Quality,Road_Class,Road_Feature,Location_Type,Vehicle_Type,Vehicle_Movement,Vehicle_Loading,Vehicle_Defect,Vehicle_Driver_Age,Vehicle_Alcohol,Vehicle_Seat_Belt
9,42,M,3,2007,4,1,4,2,1,3,1,1,1,1,1,5,1,1,9,6,1,1,27,2,2
9,42,M,4,2007,3,1,1,1,1,1,1,1,1,1,1,5,1,1,9,6,1,1, ?,2,2
9,42,M,5,2007,1,1,1,1,1,1,3,1,1,1,1,5,1,1,14,6,?,?, ?,2,2
9,42,G,5,2007,2,2,4,1,1,1,1,1,1,1,1,5,1,1,9,6,?,?, ?,2,2
9,42,M,6,2007,3,3,4,1,1,1,1,1,1,1,1,5,1,1,9,6,1,1,25,2,2
9,42,M,7,2007,1,1,1,1,1,1,3,1,1,1,1,5,1,1,14,6,1,1,36,2,2
14,42,M,4,2007,3,3,1,1,1,1,1,1,1,1,1,1,1,1,10,6,?,?, ?,?,?
16,42,M,5,2007,3,3,4,2,1,1,1,1,1,1,1,5,1,1,9,6,?,?, ?,2,2
17,42,M,2,2007,2,1,1,1,1,1,1,1,1,1,1,5,1,1,9,6,1,7, ?,2,2
25,42,M,3,2007,1,3,4,1,1,1,3,1,1,1,1,5,1,1,9,6,1,7, ?,2,2
9,42,M,5,2007,1,1,1,1,1,1,3,1,1,1,1,5,1,1,14,6,1,1, ?,2,2
9,42,G,5,2007,2,2,4,1,1,1,1,1,1,1,1,5,1,1,9,6,1,1, ?,2,2
14,42,M,4,2007,3,3,1,1,1,1,1,1,1,1,1,1,1,1,10,6,?,?, ?,?,?
16,42,M,5,2007,3,3,4,2,1,1,1,1,1,1,1,5,1,1,9,6,1,7, ?,2,2
27,42,M,4,2007,3,2,4,2,1,1,1,1,1,1,1,5,1,1,9,6,1,7,31,2,2
28,42,G,6,2007,2,3,4,2,1,1,2,1,1,1,1,5,1,1,6,6,1,7, ?,2,2
28,42,M,8,2007,1,1,1,2,1,1,3,1,1,1,1,5,1,1,14,6,1,7, ?,2,2
29,42,G,3,2007,1,1,1,2,1,1,3,1,1,1,1,5,1,1,14,6,1,7,40,2,2
29,42,G,9,2007,3,1,1,2,1,1,1,1,1,1,1,5,1,1, ?,6,1,7, ?,2,2
33,42,G,5,2007,2,1,1,2,1,1,1,1,1,1,1,1,1,1,14,6,1,7,27,?,2
1,21,F,6,2007,3,7,1,1,2,1,1,1,1,1,1,1,1,1,9,6,1,1, ?,2,2
4,21,F,1,2007,2,1,1,2,2,1,1,1,1,1,1,2,1,2,9,6,1,1,45,2,2
6,21,F,4,2007,2,1,4,2,1,1,1,1,1,1,1,1,1,2,14,5,1,1, ?,2,2
5,26,F,4,2007,3,1,1,2,1,1,1,1,1,1,1,1,1,1,9,6,1,1, ?,2,2
5,26,S,4,2007,3,1,1,2,1,1,1,1,1,1,1,1,1,1,9,6,1,1, ?,2,2
5,26,S,5,2007,4,1,1,2,1,1,1,1,1,1,1,1,1,1,9,6,1,7,30,2,2
5,26,F,5,2007,2,1,1,2,1,1,1,1,1,1,1,1,1,1,12,6,1,7, ?,2,2
1,22,F,7,2007,2,1,1,2,2,1,1,1,1,1,1,1,1,2,14,6,1,1,30,2,2
7,25,F,6,2007,4,1,1,2,2,2,3,1,2,1,2,2,1,2,12,6,1,1,25,2,2
4,25,G,7,2007,2,1,1,2,2,1,1,1,1,1,1,1,1,2,8,6,1,1, ?,2,2
1,22,F,9,2007,4,1,1,1,1,1,2,1,1,1,1,1,1,2,9,6,1,7, ?,2,2
1,24,F,5,2007,2,1,1,2,2,1,1,1,1,1,1,1,1,2,9,6,1,1, ?,2,2
2,20,G,12,2007,3,7,1,1,2,1,1,1,1,1,1,3,1,2,9,6,1,1,40,2,2
5,29,F,10,2007,3,7,2,2,1,1,1,1,1,1,1,1,1,2,9,6,1,1, ?,2,2
7,18,S,2,2007,2,1,7,1,2,1,1,1,1,?,1,1,1,2,14,7,1,1, ?,2,2
6,18,F,1,2007,2,7,3,1,2,1,1,1,1,1,1,1,1,2,13,1,1,1, ?,2,2
4,28,M,10,2007,3,1,1,1,2,1,1,1,1,1,1,1,1,1,9,6,1,1,37,2,2
4,28,G,12,2007,3,1,1,1,1,1,1,1,1,1,1,1,1,1,14,5,2,1,28,2,2
4,28,F,4,2007,2,3,1,2,2,1,1,1,1,1,1,1,2,2,9,6,1,1,45,1,2
1,15,M,2,2007,4,1,8,2,2,1,2,1,1,1,1,1,5,1,7,6,1,7, ?,2,2
12,9,F,5,2007,2,1,1,2,2,1,1,1,1,1,1,4,1,2,13,11,1,7, ?,1,2
8,13,M,2,2007,2,3,1,2,1,1,1,1,1,1,1,1,1,1,9,6,1,7,35,2,2
3,15,G,7,2007,1,1,8,2,1,1,4,1,1,1,1,1,1,1,9,10,1,1,45,1,2
8,3,F,5,2007,2,1,1,2,1,1,1,1,1,1,1,2,1,1,14,6,1,1,27,2,2
8,16,F,2,2007,1,1,1,2,2,4,4,2,2,1,1,3,1,2,9,10,1,1,40,2,2
10,16,G,7,2007,1,1,1,2,2,1,4,1,1,1,1,1,1,1,14,6,1,7,28,2,2
6,16,F,6,2007,1,7,1,2,2,1,3,1,1,1,1,1,1,1,14,7,1,7,35,1,2
3,13,G,8,2007,2,7,1,2,2,1,1,2,1,1,1,2,1,2,14,2,1,7,40,2,2
4,9,G,7,2007,2,1,8,2,1,1,1,1,1,1,1,2,1,1,13,2,1,1,40,2,2
1,6,F,7,2007,3,1,1,2,2,1,1,1,1,1,1,1,1,1,8,6,1,6,41,2,2
1,5,F,5,2007,4,1,1,2,2,1,2,1,1,1,1,1,1,1,9,4,1,1, ?,1,2
1,5,F,7,2007,2,7,8,2,2,1,1,1,1,1,1,1,1,1,14,6,1,7,40,2,2
5,5,G,2,2007,4,1,1,2,2,1,4,1,1,1,1,1,1,1,12,6,1,7,35,2,2
1,9,S,12,2007,3,7,1,2,2,1,1,1,1,1,1,1,1,1,7,6,1,1, ?,2,2
7,9,M,12,2007,3,1,1,1,2,1,1,1,1,1,1,1,1,1,8,6,1,1,35,2,2
1,17,F,3,2007,3,7,1,2,2,1,1,1,1,1,1,1,1,1,14,6,1,1,27,2,2
6,15,F,10,2007,2,1,1,1,2,1,1,1,1,1,1,1,1,1,8,5,1,7,30,2,2
3,15,F,11,2007,4,7,1,2,2,1,4,1,1,1,1,1,1,1,9,5,1,1, ?,2,2
4,15,G,12,2007,1,1,1,2,2,4,3,1,1,1,1,1,1,1,8,9,1,1,42,2,2
5,17,F,12,2007,2,3,1,2,2,1,1,1,1,1,1,3,1,2,8,2,1,1, ?,2,2
10,11,G,5,2007,1,7,8,2,2,1,1,1,1,1,1,3,1,2,8,4,1,1,42,2,2
1,8,F,7,2007,4,7,8,2,2,1,3,1,1,1,1,2,1,1,9,4,1,7, ?,2,2
3,14,F,3,2007,3,1,1,2,2,1,1,1,1,1,1,5,1,1,14,6,1,1, ?,2,2
4,14,G,5,2007,3,1,1,2,2,1,1,1,1,1,1,5,1,1,9,9,2,1,32,2,2
3,14,G,5,2007,2,2,8,2,1,1,1,1,1,1,1,5,1,1,8,2,1,1,50,2,2
2,14,F,5,2007,2,1,1,2,2,1,1,2,1,1,1,2,1,2,9,2,1,1,40,2,2
1,14,S,6,2007,3,2,5,1,1,1,1,1,1,1,1,1,5,1,9,6,1,1, ?,2,2
1,14,G,7,2007,2,2,3,1,1,1,1,1,1,1,1,1,1,1,6,11,1,1,35,1,2
1,14,G,7,2007,3,1,1,1,1,1,1,1,1,1,1,5,1,1,14,6,1,1, ?,1,2
2,14,G,7,2007,2,1,1,2,1,1,1,1,1,1,1,2,1,1,14,6,1,1, ?,2,2
3,14,G,11,2007,3,5,5,2,2,1,1,2,1,1,1,3,4,1,9,6,1,1,45,2,2
6,55,S,1,2007,4,1,1,1,2,1,1,1,1,1,1,1,?,?,9,11,1,7,34,2,2
2,55,S,3,2007,3,7,1,2,1,1,1,1,1,1,1,3,1,2,13,6,1,1,40,2,2
7,55,G,3,2007,3,1,2,2,2,1,1,1,1,1,1,3,1,2,9,5,1,1,35,2,1
7,56,F,4,2007,4,1,1,2,1,1,3,1,1,1,1,1,1,2,11,2,?,?,42,2,2
6,55,G,6,2007,3,1,4,2,2,1,1,1,1,1,1,1,1,2,14,6,1,1,45,2,2
3,53,G,6,2007,2,1,1,2,?,2,1,4,3,1,2,3,1,2,7,5,2,1, ?,2,2
8,54,G,3,2007,2,1,1,2,2,1,1,1,1,1,1,3,1,2,13,6,1,1,33,2,2
8,56,F,7,2007,1,3,8,1,2,1,4,1,1,1,1,1,?,?,13,5,1,1,28,2,2
7,56,M,9,2007,3,2,1,2,2,2,1,1,2,1,1,1,2,?,7,1,1,1,32,2,2
13,54,F,7,2007,2,7,1,2,2,1,1,1,1,1,1,3,1,2,14,6,1,?, ?,2,2
13,54,G,8,2007,4,7,1,2,2,1,4,1,1,1,1,1,1,?,14,6,1,?, ?,?,?
13,54,G,8,2007,3,7,1,2,2,1,1,1,1,1,1,3,1,2,9,6,1,?, ?,2,2
13,54,F,9,2007,4,7,1,2,2,1,4,1,1,1,1,1,1,2,14,6,1,?, ?,2,2
7,56,F,10,2007,1,2,4,2,2,1,2,1,1,1,1,1,2,?,14,6,?,?,40,2,2
8,56,F,10,2007,3,1,1,2,2,1,1,1,1,1,1,1,?,2,9,5,?,1,45,2,2
6,54,S,9,2007,4,7,1,2,2,1,1,1,1,1,1,3,2,2,7,4,1,1,27,2,2
6,63,F,1,2007,2,1,8,2,2,4,1,2,5,1,1,2,1,2,5,1,1,7,24,2,2
13,63,F,2,2007,2,3,1,2,2,1,1,1,1,1,1,1,1,2,5,6,1,1,25,2,2
1,38,F,3,2007,1,1,1,2,2,1,1,1,1,1,1,1,1,2,14,6,1,1, ?,2,2
5,41,M,2,2007,3,1,1,2,2,1,1,1,1,1,1,1,1,2,9,6,1,1, ?,2,2
2,50,F,7,2007,3,7,1,2,?,1,1,1,1,1,1,1,1,2,9,11,1,1, ?,2,2
12,50,F,9,2007,3,1,1,1,2,1,1,2,1,1,1,1,1,2,14,6,1,1, ?,2,2
11,64,S,4,2007,3,7,1,2,2,1,1,1,1,1,1,5,1,1,9,6,1,7,28,1,2
8,58,F,9,2007,3,7,8,2,2,2,1,1,3,1,2,1,1,2,14,11,2,3, ?,1,2
2,46,G,4,2007,3,1,1,2,2,1,1,1,1,1,1,1,1,2,14,6,1,1, ?,2,2
9,42,G,6,2007,1,1,1,2,1,1,3,1,1,1,1,5,1,1,14,6,1,1,26,2,2
5,24,G,4,2007,3,1,1,1,1,1,1,1,1,1,1,3,1,1,11,6,1,1, ?,2,2
1,14,F,6,2007,3,1,1,2,2,1,1,1,1,1,1,2,1,1,9,6,1,1,30,2,2
4,14,S,6,2007,2,1,1,1,2,1,1,1,1,1,1,1,1,2,14,6,1,1,38,2,2
3,14,M,12,2007,2,2,8,1,2,1,1,1,1,1,1,5,1,1,17,6,1,7, ?,2,2
6,34,F,3,2008,2,1,1,2,2,1,2,2,1,1,1,1,1,2,14,2,1,1, ?,1,2
4,34,G,4,2008,4,1,1,2,2,1,4,1,1,1,1,1,1,2,9,6,1,1,35,2,2
4,34,F,5,2008,3,1,1,2,2,1,1,1,1,1,1,1,1,2,9,4,1,1,35,2,2
4,34,F,6,2008,4,7,1,2,2,2,2,1,2,1,1,1,1,2,14,11,1,1,40,2,2
1,32,F,5,2008,2,7,1,2,2,1,1,1,1,1,1,2,1,2,6,6,1,1,45,2,2
2,30,S,10,2008,3,1,1,2,2,1,1,1,1,1,1,4,1,2,7,10,1,1, ?,2,2
1,30,G,11,2008,2,1,1,2,2,1,1,1,1,1,1,1,1,2,6,6,1,1, ?,2,2
4,31,G,4,2008,4,1,1,2,2,1,4,1,1,1,1,4,1,2,4,6,1,1,38,2,1
4,31,G,9,2008,2,1,1,2,2,1,1,2,1,1,1,4,1,2,9,5,1,1,38,2,2
1,31,F,10,2008,3,1,8,2,2,1,1,1,1,1,3,2,1,2,8,6,1,1,40,2,2
5,33,F,2,2008,3,1,1,2,2,1,1,1,1,1,2,2,1,2,8,4,1,1, ?,2,2
5,33,F,11,2008,3,1,8,2,2,1,1,1,1,1,1,4,1,2,9,5,1,1, ?,1,2
2,27,G,2,2008,4,1,1,2,2,1,2,1,1,1,1,1,1,2,3,11,1,3,45,2,2
2,27,F,2,2008,4,1,1,2,2,1,4,1,1,1,1,4,1,2,19,6,1,7, ?,1,2
2,27,F,5,2008,4,1,1,2,2,2,4,1,2,1,1,1,1,2,9,6,1,1,36,1,2
4,27,F,6,2008,2,1,1,2,2,1,1,2,1,1,1,2,1,2,6,6,1,1, ?,1,2
1,27,G,1,2008,3,1,2,2,2,1,1,2,1,1,1,3,1,2,6,4,1,7, ?,2,2
1,27,F,3,2008,3,7,1,2,2,1,1,1,1,1,1,4,1,2,10,9,1,1, ?,1,2
2,27,F,12,2008,2,1,1,2,2,1,1,1,1,1,1,2,1,2,9,5,1,1, ?,2,2
1,30,F,12,2008,3,1,1,2,2,1,1,1,1,1,1,1,1,2,2,6,1,1, ?,2,2
9,64,F,5,2008,3,4,8,2,2,1,1,1,1,1,1,5,1,1,14,6,1,1,25,1,2
8,64,F,5,2008,2,7,2,2,2,1,1,1,1,1,1,5,1,1,9,1,1,1,35,2,2
8,64,F,4,2008,2,2,4,2,1,1,2,1,1,1,1,1,1,1,8,4,1,7, ?,1,2
8,64,G,10,2008,3,1,4,2,2,1,1,1,1,1,1,5,1,1,5,11,1,1, ?,1,2
5,64,F,7,2008,3,7,1,2,2,1,1,1,1,1,1,5,1,1,14,6,1,1,28,1,2
5,64,F,11,2008,3,1,1,2,1,1,1,1,1,1,1,1,1,1,8,8,1,1,19,2,2
4,64,F,4,2008,2,7,1,1,1,1,1,1,1,1,1,5,1,1,9,11,1,1, ?,2,2
4,64,G,8,2008,4,7,3,2,1,1,2,3,1,1,1,5,1,1,5,7,1,1, ?,2,2
4,64,F,8,2008,3,1,2,2,1,1,1,1,1,1,1,5,1,1,14,6,1,1, ?,1,2
6,64,G,8,2008,1,2,8,1,2,1,2,1,1,1,1,5,1,1,8,6,1,1, ?,1,2
6,64,G,9,2008,2,7,8,2,1,1,1,1,1,1,1,5,1,1,2,6,1,1, ?,2,2
2,64,F,1,2008,3,1,1,2,1,1,1,1,1,1,1,5,1,1,14,6,1,1, ?,1,2
2,64,F,4,2008,3,1,8,1,2,1,1,1,1,1,1,3,1,1,14,10,1,1, ?,1,2
2,64,G,5,2008,4,1,8,2,2,1,3,1,1,1,1,5,1,1,14,6,1,1, ?,1,2
11,64,F,11,2008,3,2,8,1,2,1,2,1,1,1,1,5,1,1,9,6,1,1, ?,1,2
3,64,F,2,2008,3,7,1,2,2,1,1,1,5,1,1,5,1,1,9,1,2,7, ?,1,2
3,64,G,3,2008,2,1,8,2,2,1,1,1,5,1,1,5,1,1,7,2,1,7, ?,1,2
3,64,F,12,2008,2,2,1,2,1,1,1,1,1,1,1,5,1,1,16,6,1,7, ?,2,2
2,61,F,9,2008,2,1,1,2,2,1,1,1,1,1,1,1,1,1,7,6,1,1, ?,2,2
4,58,G,9,2008,2,4,1,2,2,1,1,2,1,1,1,1,1,2,8,1,1,1,30,2,2
4,58,M,9,2008,2,1,1,2,2,1,1,1,1,1,1,4,1,2,5,6,1,1, ?,2,2
14,58,F,1,2008,2,1,1,2,2,1,1,1,1,1,1,4,1,2,13,6,2,1, ?,2,2
14,58,S,5,2008,3,2,1,2,2,1,1,1,1,1,1,1,1,1,9,6,1,1, ?,1,2
14,58,F,5,2008,3,4,1,2,2,1,2,3,1,1,1,1,1,1,14,6,2,1,24,2,2
14,58,F,7,2008,1,1,4,2,2,1,1,1,1,1,1,1,1,1,15,6,1,6,35,2,2
1,58,F,4,2008,4,1,1,2,2,1,1,1,1,1,1,4,1,2,5,11,1,1, ?,2,2
1,58,F,1,2008,2,1,1,2,2,1,1,1,1,1,1,1,1,1,18,6,1,1,32,2,2
2,58,F,1,2008,1,1,1,2,2,1,1,1,1,1,1,3,3,2,9,4,1,1,45,1,2
2,58,F,4,2008,2,1,1,2,2,1,1,1,1,1,1,3,1,2,9,6,1,1, ?,1,2
2,58,G,4,2008,3,1,1,2,2,1,1,1,1,1,1,1,1,2,9,5,1,1,30,1,2
3,61,F,4,2008,3,1,1,2,2,1,1,1,1,1,1,1,1,1,9,4,2,7, ?,2,2
1,65,F,9,2008,2,1,1,2,2,1,4,1,1,1,1,1,1,2,8,5,1,1, ?,2,2
1,65,F,9,2008,2,7,1,2,2,1,4,1,1,1,1,1,1,2,8,5,1,1, ?,2,2
11,63,F,1,2008,2,1,1,2,2,1,1,1,1,1,1,1,1,2,14,6,1,3, ?,2,2
7,58,F,6,2008,1,1,1,2,2,1,1,1,1,1,1,2,1,1, ?, ?,?,?, ?,?,?
7,58,G,5,2008,2,1,1,2,2,1,1,1,1,1,1,1,1,2, ?, ?,?,?, ?,?,?
7,58,F,5,2008,3,1,1,2,2,1,1,1,1,1,1,1,1,2,14,6,1,1, ?,2,2
1,63,F,8,2008,4,2,1,2,2,1,3,1,1,1,1,1,1,2,8,6,1,1,26,2,2
6,63,G,5,2008,1,7,1,2,2,1,2,1,1,1,1,2,1,2, ?, ?,?,?, ?,?,?
7,63,M,7,2008,2,1,8,2,2,1,1,2,1,1,1,1,1,2, ?, ?,?,?, ?,?,?
11,63,F,7,2008,4,3,1,2,2,1,1,1,1,1,1,1,1,2,11,2,1,2,35,2,2
14,63,F,9,2008,2,1,1,2,2,1,1,1,1,1,1,1,1,2,7,10,2,7, ?,2,2
14,63,F,9,2008,2,1,1,2,2,1,2,1,1,1,1,1,1,2, ?, ?,?,?, ?,?,?
14,63,F,5,2008,2,1,1,2,2,1,1,1,1,1,1,1,1,2,9,5,2,2, ?,2,2
14,63,M,5,2008,3,1,1,2,2,1,1,1,1,1,1,1,1,1,14,4,2,2, ?,2,2
14,63,F,4,2008,2,1,1,2,2,1,1,1,1,1,1,1,1,2,14,4,2,3, ?,2,2
14,63,F,2,2008,4,1,1,2,2,1,1,1,1,1,1,1,1,2,10,6,1,7,25,2,2
1,62,G,10,2008,2,1,1,2,2,1,1,1,1,1,1,2,1,2,9,6,1,1,32,2,2
3,57,F,10,2008,1,1,1,2,2,1,3,1,1,1,1,1,1,2,9,5,1,1, ?,2,2
8,57,F,2,2008,2,1,1,2,2,1,1,1,1,1,1,1,1,2,6,11,1,1, ?,2,2
2,57,G,10,2008,2,1,1,2,2,1,1,1,1,1,1,4,1,2,6,1,1,1,24,2,2
1,57,M,5,2008,4,1,1,2,2,1,1,1,1,1,1,1,1,2, ?, ?,?,?, ?,?,?
1,57,F,2,2008,3,1,1,2,2,1,1,1,1,1,1,1,1,2,17,6,1,7, ?,2,2
1,60,G,4,2008,4,7,1,2,2,1,1,1,1,1,1,1,1,2,9,11,1,7, ?,1,2
7,60,F,12,2008,2,1,1,2,2,1,1,1,1,1,1,4,1,2,9,6,1,1,35,2,2
6,60,F,1,2008,4,7,1,2,2,1,1,1,1,1,1,4,1,2,9,6,1,1,40,2,2
1,68,F,10,2008,2,1,1,2,2,1,1,4,2,1,2,2,1,1,12,6,1,3, ?,2,2
3,68,F,1,2008,3,7,1,2,2,1,1,1,1,1,1,3,1,1,14,4,2,7,52,2,2
3,68,G,7,2008,1,1,1,2,2,1,1,1,1,1,1,3,1,2,12,4,1,1, ?,2,2
1,65,F,9,2008,4,3,8,2,2,1,1,1,1,1,1,1,1,2, ?, ?,?,?, ?,?,?
7,60,F,6,2008,2,1,1,2,2,1,1,1,1,1,1,3,1,2,5,6,2,6, ?,1,2
1,60,S,1,2008,3,1,8,2,2,2,1,1,2,1,1,1,3,2,9,6,1,1,38,1,2
8,66,S,6,2008,3,4,1,2,2,1,1,2,1,1,1,1,2,?,9,1,1,1, ?,2,2
8,66,S,6,2008,3,4,1,2,1,2,1,4,2,1,1,1,1,2,8,4,1,7, ?,2,2
2,66,G,3,2008,2,1,1,1,1,1,1,1,1,1,1,1,1,2,9,6,1,1,35,2,2
1,61,F,3,2008,2,1,1,2,2,1,1,1,1,1,1,1,1,1,12,6,?,1,35,2,2
1,61,F,4,2008,2,1,2,1,1,1,1,1,2,?,?,?,?,?,14,6,1,1, ?,?,2
4,6,G,1,2008,2,7,1,2,2,4,1,1,1,1,1,1,2,2,9,6,1,1,40,2,2
6,48,F,1,2008,3,1,1,2,2,1,1,1,1,1,1,3,1,2,4,11,1,1, ?,2,2
3,48,G,1,2008,3,1,1,2,2,1,1,1,1,1,1,5,1,2,19,5,1,1, ?,2,2
10,50,F,1,2008,2,1,1,2,2,1,1,1,1,1,1,1,1,2,14,6,1,1, ?,2,2
6,50,F,1,2008,2,7,1,2,1,1,1,1,1,1,1,4,1,2,8,11,1,7,25,2,2
5,50,G,1,2008,3,1,1,2,2,1,1,1,1,1,1,3,1,2,13,6,1,1,42,2,2
13,50,G,1,2008,3,2,1,2,2,1,1,1,1,1,1,1,1,2,14,6,1,1, ?,2,2
3,38,G,1,2008,3,1,1,1,2,1,1,1,1,1,1,1,1,2,7,6,1,1, ?,2,2
3,39,F,1,2008,3,1,1,2,2,1,1,1,1,1,1,1,1,1,4,6,1,1, ?,2,2
4,39,F,1,2008,4,1,1,2,2,1,2,1,1,1,1,2,1,2,19,6,1,1, ?,2,2
4,39,F,1,2008,2,1,1,2,2,1,1,1,1,1,1,2,1,2,14,6,1,1,46,2,2
4,44,F,1,2008,3,1,1,2,2,1,1,1,1,1,1,2,1,2,8,5,1,1,35,2,2
6,44,F,1,2008,4,1,1,2,1,1,3,1,1,1,1,1,1,1,9,6,1,1, ?,2,2
5,45,F,1,2008,4,1,1,2,2,1,2,1,1,1,1,1,1,2,14,5,1,7, ?,2,2
1,45,G,1,2008,4,1,1,2,2,1,2,1,1,1,1,1,1,2,14,6,1,1, ?,2,2
1,46,F,1,2008,2,1,1,2,2,1,1,1,1,1,1,1,1,2,17,6,1,1,25,2,2
1,46,M,1,2008,2,1,1,2,2,1,1,1,1,1,1,1,1,2,9,6,1,1, ?,2,2
1,46,G,1,2008,2,1,1,2,2,1,1,1,1,1,1,1,1,1,4,6,1,1, ?,2,2
1,47,F,1,2008,2,7,1,1,1,1,1,1,1,1,1,1,1,2,14,5,1,1,27,2,2
2,47,F,1,2008,1,1,1,2,2,1,4,1,1,1,1,1,1,2,14,5,1,1, ?,2,2
1,47,S,1,2008,2,1,1,2,2,1,1,1,1,1,1,1,1,2,14,6,1,1, ?,2,2
2,47,F,1,2008,3,2,1,2,2,1,4,1,1,1,1,1,1,2,14,5,1,1,28,2,2
6,52,F,1,2008,2,2,1,2,2,1,1,1,1,1,1,1,4,2,14,6,1,1,26,2,2
6,45,F,2,2008,1,1,1,2,2,1,4,1,1,1,1,1,1,1,5,2,1,1, ?,2,2
1,45,F,2,2008,3,1,1,2,2,1,1,1,1,1,1,1,1,1,9,6,1,1, ?,2,2
7,48,F,2,2008,3,1,1,2,2,1,1,1,1,1,1,4,1,2,9,6,1,1, ?,2,2
12,50,F,2,2008,3,1,1,2,2,1,1,1,1,1,1,1,1,2,13,6,1,1, ?,2,2
5,50,G,2,2008,4,1,1,2,2,1,2,1,1,1,1,1,1,2,9,6,1,1,42,2,2
2,52,G,2,2008,3,2,1,2,2,1,2,1,1,1,1,2,1,2,9,6,1,1,30,2,2
1,38,F,2,2008,1,1,1,2,2,1,4,1,1,1,1,1,1,2,9,6,1,1, ?,2,2
3,38,F,2,2008,1,1,1,2,2,1,3,1,1,1,1,2,1,2,9,6,1,1, ?,2,2
3,39,G,2,2008,1,1,1,2,2,1,3,1,1,1,1,1,1,2,19,6,1,1, ?,2,2
1,47,F,2,2008,3,1,1,2,2,1,1,1,1,1,1,1,1,2,9,6,1,1, ?,2,2
7,47,F,2,2008,3,7,1,2,2,1,1,1,1,1,1,1,1,2,9,6,1,7,34,2,2
6,44,G,2,2008,3,1,1,2,2,1,1,1,1,1,1,1,1,2,9,5,1,1, ?,2,2
6,44,F,2,2008,4,1,1,2,2,1,3,1,1,1,1,2,1,2,19,6,1,1, ?,2,2
3,46,M,3,2008,3,1,1,2,2,1,1,1,1,1,1,3,1,2,19,6,1,1, ?,2,2
2,46,F,3,2008,2,1,1,2,2,1,1,1,1,1,1,1,1,2,14,6,1,1, ?,2,2
9,47,S,3,2008,2,2,2,2,2,1,1,1,1,1,1,1,1,2,14,1,1,1, ?,2,2
1,43,G,3,2008,2,1,1,2,2,1,2,1,1,1,1,4,1,2,14,5,1,1, ?,2,2
1,51,F,3,2008,3,1,1,2,2,1,1,1,1,1,1,4,1,2,17,11,2,1,19,2,2
3,51,F,3,2008,3,1,1,2,2,1,1,1,1,1,1,3,1,2,6,6,1,1,20,2,2
4,51,G,3,2008,4,5,8,2,2,4,4,4,1,1,1,1,1,2,4,6,1,1, ?,2,2
7,41,G,3,2008,2,7,8,2,2,1,1,1,1,1,1,2,1,2,14,6,1,1, ?,2,2
2,45,F,3,2008,2,1,1,2,2,1,1,1,1,1,1,1,1,2,9,4,1,7, ?,2,2
6,45,G,3,2008,1,1,1,2,2,1,2,1,1,1,1,1,1,2,9,4,1,1, ?,2,2
6,45,F,3,2008,3,1,1,2,2,1,1,1,1,1,1,1,1,2,14,5,1,1, ?,2,2
10,50,F,3,2008,3,1,1,2,2,1,1,1,1,3,2,3,1,2,13,7,2,1, ?,2,2
3,50,G,3,2008,3,1,1,1,2,1,1,1,1,1,1,3,1,2,1,5,1,1, ?,2,2
4,39,F,3,2008,2,1,1,2,2,1,1,1,1,1,1,1,1,2,3,6,1,1, ?,2,2
4,39,F,3,2008,3,1,1,2,2,1,1,1,1,1,1,1,1,2,14,6,1,1, ?,2,2
3,39,F,3,2008,2,1,8,2,2,1,1,1,1,1,1,3,1,2,14,6,1,1, ?,2,2
1,39,G,3,2008,2,1,1,2,2,1,1,1,1,1,1,1,1,1,8,6,1,1, ?,2,2
3,35,G,3,2008,3,1,1,2,2,1,1,1,1,1,3,3,1,2,14,5,1,1,40,2,2
6,44,F,4,2008,1,1,1,2,2,1,1,1,1,1,1,1,1,1,6,10,1,1, ?,2,2
6,44,F,4,2008,4,2,1,2,2,1,4,1,1,1,1,1,1,2,9,6,1,1,30,2,2
2,44,G,4,2008,3,1,1,2,2,1,1,1,1,1,1,1,1,2,9,6,1,1, ?,2,2
5,43,F,4,2008,3,3,1,2,2,1,1,1,1,1,1,1,1,2,9,6,1,1, ?,2,2
1,45,F,4,2008,3,7,1,2,2,1,1,1,1,1,1,1,5,1,14,6,1,1, ?,2,2
6,40,S,4,2008,3,3,1,2,2,1,1,1,1,1,1,1,1,2,14,6,1,1, ?,2,2
7,41,F,4,2008,4,1,1,2,2,1,4,1,1,1,1,2,1,2,9,6,1,1, ?,2,2
3,44,F,2,2008,3,1,1,2,2,1,1,1,1,1,1,1,1,2,13,6,1,1, ?,2,2
7,44,S,3,2008,2,1,1,2,2,1,1,1,1,1,1,3,1,2,7,11,1,1, ?,2,2
7,44,F,3,2008,3,2,1,2,2,1,1,1,1,1,1,1,1,2,14,6,1,1, ?,2,2
1,48,F,4,2008,2,7,8,2,2,1,1,1,1,1,1,3,1,2,9,6,1,1, ?,2,2
1,50,F,4,2008,4,3,1,2,2,1,4,1,1,1,1,5,1,1,14,6,1,7, ?,2,2
10,50,F,4,2008,1,1,1,2,1,1,4,1,2,1,1,3,1,2,14,1,1,1, ?,2,2
4,35,F,4,2008,4,7,1,2,2,1,4,1,1,1,1,3,1,1,19,6,1,1,50,2,2
1,39,F,4,2008,3,1,1,2,1,1,1,1,1,1,1,5,1,1,14,6,1,1, ?,2,2