Thana,District,Accident_Severity,Month,Year,Time,Junction_Type,Traffic_Control,Movement,Divider,Weather,Light,Road_Geometry,Surface_Condition,Surface_Type,Surface_Quality,Road_Class,Road_Feature,Location_Type,Vehicle_Type,Vehicle_Movement,Vehicle_Loading,Vehicle_Defect,Vehicle_Driver_Age,Vehicle_Alcohol,Vehicle_Seat_Belt
1,39,F,4,2008,1,1,8,2,1,1,4,1,1,1,1,1,1,2,10,6,1,1,35,2,2
2,39,F,4,2008,4,1,1,2,2,1,2,1,1,1,1,3,1,?,19,6,1,1, ?,2,2
8,38,G,4,2008,3,7,1,2,2,1,1,1,1,1,1,3,3,2,8,8,1,1, ?,2,2
9,47,M,4,2008,3,7,8,2,2,1,1,2,1,1,1,1,1,2,9,5,1,1, ?,2,2
8,47,F,4,2008,2,1,3,1,1,1,1,1,1,1,1,3,1,2,9,6,1,1,45,2,2
12,47,F,5,2008,2,1,1,2,2,1,1,1,1,1,1,1,1,2,7,6,1,1,25,2,2
12,47,F,5,2008,4,1,1,2,1,1,1,1,1,1,1,1,1,2,9,4,2,1, ?,2,2
1,47,F,5,2008,3,1,1,2,2,1,1,1,1,1,1,1,1,2,9,6,1,1, ?,2,2
6,52,F,5,2008,4,1,1,2,2,1,2,1,1,1,1,3,1,2,12,6,1,1,26,2,2
10,50,G,5,2008,4,1,1,2,2,1,3,1,1,1,1,3,1,2,14,5,1,1,30,2,2
10,50,F,5,2008,3,3,1,2,2,1,1,1,1,1,1,3,1,1,19,6,1,1,42,2,2
1,48,G,5,2008,3,3,2,1,2,1,1,1,1,1,1,3,1,2,9,6,1,1, ?,2,2
1,48,F,5,2008,2,7,1,2,2,1,3,1,1,1,1,4,1,1,19,6,1,1, ?,2,2
3,35,G,5,2008,3,1,1,2,2,1,1,1,1,1,1,4,1,2,14,6,1,1, ?,2,2
6,44,G,3,2008,3,1,1,2,1,1,1,3,1,1,1,1,2,2,14,5,1,1, ?,2,2
4,44,F,5,2008,2,7,8,2,2,1,1,1,1,1,1,2,1,2,9,4,1,1,40,2,2
7,44,G,5,2008,2,1,1,2,2,1,1,1,1,1,1,3,1,2,14,6,1,1,22,2,2
7,44,F,5,2008,3,7,1,2,2,1,1,1,1,1,1,1,1,2,14,6,1,1,45,2,2
12,50,G,8,2008,2,1,1,2,2,1,1,1,1,1,1,1,1,2,9,6,1,1, ?,2,2
1,51,F,8,2008,3,1,1,2,2,1,1,1,1,1,1,3,1,2,8,6,1,1, ?,1,2
12,51,F,8,2008,3,1,8,2,2,1,1,1,1,1,1,2,1,2,17,6,2,1, ?,2,2
8,51,F,8,2008,3,1,1,2,2,2,1,2,2,1,1,2,1,2,8,6,1,1, ?,2,2
4,51,F,8,2008,4,1,1,2,2,2,4,1,1,1,1,1,1,2,13,6,1,1, ?,2,2
1,47,F,8,2008,2,1,1,2,2,1,1,1,1,1,1,1,1,1,9,6,1,1, ?,2,2
1,45,G,8,2008,4,1,1,2,2,1,1,1,1,1,1,1,1,1,7,6,1,1, ?,2,2
1,45,F,8,2008,1,1,1,2,2,1,4,1,1,1,1,1,1,2,14,10,1,1, ?,2,2
4,44,F,8,2008,4,1,1,2,2,1,3,1,1,1,1,2,1,2,9,6,1,1, ?,2,2
7,44,G,8,2008,4,1,3,1,2,1,2,1,1,1,1,1,1,2,19,6,1,1, ?,2,2
7,41,M,8,2008,3,3,2,2,2,1,1,2,1,1,1,2,1,2,14,6,1,1, ?,2,2
1,37,S,9,2008,3,1,1,2,2,1,1,1,1,1,1,3,1,2,4,6,1,1, ?,2,2
6,38,F,9,2008,3,1,1,2,2,1,1,1,1,1,1,4,1,2,4,6,1,1, ?,2,2
7,38,F,9,2008,4,1,1,2,1,1,2,1,1,1,1,1,1,2,19,6,1,1, ?,2,2
3,38,F,9,2008,4,1,1,2,1,1,2,1,1,1,1,1,1,2,19,6,1,1, ?,2,2
6,45,F,9,2008,2,1,1,2,2,1,1,1,1,1,1,1,1,2,12,6,?,?, ?,2,2
4,45,S,9,2008,3,1,1,2,2,1,1,1,1,1,1,3,1,2,14,6,1,1, ?,2,2
2,45,F,9,2008,4,1,1,2,2,1,2,1,1,1,1,1,1,2,4,6,1,1, ?,2,2
2,50,F,9,2008,1,1,1,2,1,1,4,1,1,1,1,1,1,2,9,6,1,1, ?,2,2
9,51,F,9,2008,3,1,3,2,2,1,1,1,1,1,1,1,1,2,9,6,1,1,50,2,2
12,51,G,9,2008,4,1,1,2,2,1,3,1,1,1,1,3,1,2,14,6,1,1,38,2,2
7,44,F,9,2008,1,1,1,1,1,1,2,1,1,1,1,1,1,2,11,6,1,1,23,2,2
1,47,S,9,2008,3,1,1,2,2,1,1,1,1,1,1,1,1,2,10,6,1,1,30,2,2
2,35,F,7,2008,3,1,1,2,2,1,1,1,1,1,1,4,1,2,4,4,1,1,27,1,2
12,47,F,8,2008,2,1,1,2,2,1,1,1,1,1,1,3,1,2,14,6,1,1, ?,2,2
1,47,F,7,2008,3,2,1,2,2,1,1,1,1,1,1,1,1,1,9,6,1,7,33,2,2
1,51,G,7,2008,3,1,1,2,2,2,1,2,2,1,1,2,1,1,4,1,1,1,40,2,2
4,50,F,7,2008,4,1,1,2,2,2,2,1,1,1,1,4,4,2,14,5,1,1, ?,2,2
12,50,G,7,2008,3,1,1,2,2,1,1,2,1,1,1,1,1,2,8,2,1,1,27,2,2
2,50,F,7,2008,3,1,1,1,2,1,1,1,1,1,1,1,1,2,9,6,1,1, ?,2,2
5,45,S,6,2008,2,1,1,2,2,1,1,1,1,1,1,1,1,2,11,6,1,1, ?,2,2
1,45,S,6,2008,3,1,1,2,2,1,1,1,1,1,1,1,1,2,9,6,1,1, ?,1,2
1,47,F,6,2008,3,1,1,2,2,1,1,1,1,1,1,5,1,1,9,6,1,1, ?,2,2
1,47,F,6,2008,1,1,1,2,1,2,3,1,1,1,1,1,2,2,14,10,1,1, ?,2,2
1,39,M,6,2008,1,1,1,2,2,1,1,1,1,1,1,1,1,2,14,6,1,1, ?,2,2
1,38,F,6,2008,2,4,1,2,2,1,1,2,1,1,1,1,1,2,10,6,1,1, ?,2,2
1,38,F,6,2008,3,1,1,2,2,1,1,1,1,1,1,1,1,2,14,6,1,1, ?,2,2
8,51,G,6,2008,2,1,1,2,2,1,1,1,1,1,1,2,1,2,9,6,1,1,40,2,2
1,50,F,6,2008,3,1,1,1,1,1,1,1,1,1,1,1,1,2,14,6,1,1, ?,2,2
11,50,F,6,2008,4,1,3,2,2,1,4,1,1,1,1,2,3,2,14,11,1,1,45,2,2
6,40,G,2,2008,3,1,1,2,2,1,1,1,1,1,1,1,1,2,9,6,1,1, ?,2,2
6,40,F,2,2008,3,1,1,2,2,1,1,1,1,1,1,1,1,1,9,4,1,1,27,2,2
12,50,F,10,2008,3,1,1,2,2,1,1,1,1,1,1,1,1,2,9,6,1,1, ?,2,2
8,50,F,10,2008,4,1,1,2,1,4,1,1,1,1,1,4,1,2,9,6,1,1, ?,2,2
13,50,F,10,2008,2,1,1,2,2,1,1,1,1,1,1,2,1,2,18,10,1,1, ?,2,2
7,44,G,10,2008,2,1,1,2,2,1,1,1,1,1,1,1,1,2,9,9,1,1,40,2,2
7,44,G,10,2008,4,1,1,2,2,1,4,1,1,1,1,4,1,2,5,6,1,1, ?,2,2
7,41,F,10,2008,3,1,1,2,2,1,1,1,1,1,1,1,1,2,19,6,1,1,22,2,2
6,41,F,10,2008,4,1,1,2,2,1,3,1,1,1,1,1,1,2,10,4,1,1, ?,2,2
6,48,G,10,2008,2,1,1,2,1,1,1,1,1,1,1,3,1,2,5,6,1,1,45,2,2
3,38,F,10,2008,2,7,1,2,2,1,1,1,1,1,1,1,2,?,7,1,1,1,30,2,2
3,38,F,10,2008,1,1,1,2,2,1,4,1,1,1,1,1,1,2,9,6,1,1, ?,2,2
5,45,G,10,2008,3,1,1,2,2,1,1,1,1,1,1,1,1,2,6,6,1,1, ?,2,2
2,45,G,10,2008,3,1,1,2,2,1,1,1,1,1,1,1,1,2,9,6,1,1, ?,2,2
12,51,F,11,2008,3,7,1,2,2,1,1,1,1,1,1,1,1,2,17,6,1,1, ?,2,2
1,45,S,11,2008,3,1,1,2,2,1,1,1,1,1,1,1,1,1,14,6,1,7, ?,2,2
5,45,F,11,2008,1,1,1,2,2,1,4,1,1,1,1,1,1,2,14,6,1,1, ?,2,2
5,45,F,11,2008,3,1,1,2,2,1,1,1,1,1,1,1,1,2,12,6,1,7, ?,2,2
1,48,S,11,2008,4,1,4,2,2,1,2,1,1,1,1,5,1,1,13,5,1,1, ?,2,2
1,50,G,11,2008,1,1,1,1,1,1,3,1,1,1,1,5,1,1,7,6,1,1,50,2,2
12,50,F,11,2008,3,1,1,2,2,1,1,1,1,1,1,1,1,2,7,6,1,1, ?,2,2
8,50,G,10,2008,3,1,3,2,2,1,1,4,1,1,1,4,4,2,4,6,1,1,17,2,2
12,47,F,11,2008,3,1,1,2,2,1,1,1,1,1,1,1,1,2,14,5,1,1,42,2,2
8,47,G,11,2008,2,1,4,2,2,1,1,1,1,1,1,1,1,1,9,5,1,1,28,2,2
1,49,G,10,2008,2,1,1,2,2,1,1,1,1,1,1,4,1,1,4,5,1,1,20,2,2
1,49,F,11,2008,4,1,1,2,2,1,4,1,1,1,1,3,1,2,14,5,1,1, ?,2,2
10,50,F,12,2008,2,1,1,2,2,1,1,1,1,1,1,1,1,2,14,6,1,1, ?,2,2
4,50,F,12,2008,2,1,1,2,2,4,1,1,1,1,1,1,1,2,9,6,1,1, ?,2,2
12,50,F,12,2008,4,1,1,2,2,4,2,1,1,1,1,1,1,2,9,6,1,1, ?,2,2
8,50,F,12,2008,3,1,1,1,2,1,1,2,1,1,1,1,1,2,9,6,1,1, ?,2,2
8,50,F,12,2008,3,1,1,2,2,1,1,1,1,1,1,3,1,2,14,6,1,1, ?,2,2
7,41,G,12,2008,2,1,1,2,2,1,1,1,1,1,1,1,1,2,8,6,1,1,21,2,2
6,41,M,12,2008,2,3,1,2,2,1,1,2,1,1,1,1,1,1,9,6,1,1,30,2,2
6,41,F,12,2008,2,7,1,2,1,1,1,1,1,1,1,1,1,2,9,6,1,1, ?,2,2
1,45,F,12,2008,3,1,1,2,1,1,1,2,1,1,1,1,5,1,14,6,1,1, ?,2,2
13,47,G,10,2008,2,1,1,2,2,4,1,1,1,1,1,3,1,2,4,6,1,1, ?,2,2
1,47,F,12,2008,2,3,4,2,2,4,1,1,1,1,1,1,1,2,4,2,1,1, ?,2,2
18,38,F,12,2008,2,1,1,2,2,1,1,1,1,1,1,1,1,2,9,6,1,1, ?,2,2
1,38,F,12,2008,3,3,1,2,2,1,1,1,1,1,1,2,1,2,14,2,1,1,55,2,2
1,38,F,12,2008,2,1,1,2,2,1,1,1,1,1,1,3,1,2,8,6,1,1, ?,2,2
1,35,F,12,2008,2,1,1,2,2,1,1,1,1,1,1,1,1,2,9,6,1,1,52,2,2
6,37,F,12,2008,2,1,1,1,2,1,1,1,1,1,1,2,1,2, ?, ?,?,?, ?,2,2
6,38,F,11,2008,3,1,1,2,2,1,1,4,1,1,1,1,1,2,9,6,1,1, ?,2,2
4,44,F,11,2008,2,1,1,2,2,1,1,1,1,1,1,1,1,1,6,5,1,1,25,2,2
7,44,F,11,2008,2,1,1,2,2,1,1,1,1,1,1,3,1,2,9,6,1,1, ?,2,2
4,36,S,1,2008,3,7,1,2,2,1,1,1,1,1,1,2,1,2,14,6,1,1, ?,2,2
4,36,F,2,2008,3,1,1,2,2,1,1,1,1,1,1,4,1,2,9,6,1,1, ?,2,2
2,36,F,2,2008,3,2,1,2,2,1,1,1,1,1,1,1,2,?,9,4,2,1, ?,2,2
4,36,F,2,2008,4,1,1,2,2,1,3,1,1,1,1,1,1,2,9,10,1,1, ?,2,2
3,36,F,3,2008,4,1,1,2,2,1,1,1,1,1,1,1,1,1,9,4,1,1, ?,2,2
2,36,G,4,2008,3,1,8,2,2,1,1,1,1,1,1,4,1,2,14,2,1,1, ?,2,2
2,36,F,4,2008,3,1,1,2,2,1,1,1,1,1,1,4,1,2,9,6,1,1, ?,2,2
3,36,G,12,2008,3,1,1,2,2,1,1,1,1,1,1,1,1,2,9,6,1,1, ?,2,2
4,36,F,12,2008,3,1,1,2,2,1,1,1,1,1,1,1,1,2,16,6,1,1, ?,2,2
2,36,G,8,2008,2,1,7,2,2,1,1,3,1,1,1,1,1,2,13,6,1,1, ?,2,2
1,36,G,10,2008,2,1,1,2,2,1,1,1,1,1,1,1,1,2,9,6,1,1, ?,2,2
4,36,F,11,2008,2,1,1,2,1,1,1,1,1,1,1,1,1,2,4,6,1,1, ?,2,2
7,47,F,10,2008,3,3,1,2,2,1,1,1,1,1,1,1,1,1,14,6,1,7, ?,2,2
1,47,F,9,2008,4,1,1,2,2,1,2,1,1,1,1,1,1,2,11,6,1,1,30,2,2
3,45,F,7,2008,2,1,1,2,2,1,1,1,1,1,1,3,1,2,9,6,1,1,28,1,2
6,45,G,7,2008,2,7,4,2,1,1,1,1,1,1,1,1,?,?,14,6,1,1, ?,2,2
1,45,G,10,2008,3,7,1,2,2,1,1,1,1,1,1,1,1,1,9,6,1,7, ?,1,2
1,45,F,10,2008,3,1,1,2,2,1,1,1,1,1,1,1,1,2,9,6,1,7, ?,1,2
1,45,G,10,2008,3,1,1,2,2,1,1,1,1,1,1,1,?,?,9,6,1,1, ?,1,2
6,45,F,10,2008,2,3,1,2,1,1,2,1,1,1,1,1,1,2,8,6,1,7, ?,?,?
6,45,F,10,2008,2,?,1,2,?,1,1,1,1,1,1,1,?,?,9,6,1,1, ?,1,2
5,45,F,1,2008,2,1,1,2,2,1,1,1,1,1,1,1,1,2,9,6,1,3, ?,1,2
4,36,F,12,2008,2,1,1,2,2,1,1,5,1,1,1,1,2,2,9,6,1,1, ?,2,2
2,49,F,10,2008,4,1,1,2,2,1,4,1,1,1,1,1,1,2,6,5,2,6, ?,2,?
1,49,F,11,2008,4,7,8,2,2,1,2,1,1,1,1,4,1,2,14,5,2,7, ?,?,?
1,46,F,3,2008,?,1,2,2,2,1,1,1,1,1,1,2,1,2,4,6,1,1, ?,2,2
1,46,F,2,2008,3,1,1,2,2,1,1,1,1,1,1,1,1,2,9,6,1,1, ?,2,2
6,37,F,12,2008,2,1,1,2,2,1,1,1,1,2,1,2,1,2,19,6,1,7,35,2,2
5,37,F,7,2008,4,1,1,2,2,2,1,2,2,1,2,2,1,2,8,6,1,1,30,2,2
3,46,F,5,2008,3,1,1,2,2,1,1,1,1,1,1,3,1,2,9,6,1,1, ?,2,2
7,44,G,10,2008,2,3,1,1,1,1,1,1,1,1,1,1,1,2,9,1,1,1,40,2,2
1,35,F,1,2008,2,1,1,2,2,1,1,1,1,1,1,3,1,2,6,6,1,1,22,2,2
1,48,F,6,2008,3,1,1,2,2,1,1,1,2,1,2,3,?,2,9,6,1,1, ?,2,2
13,51,G,8,2008,4,1,1,2,2,1,3,1,1,1,2,3,1,2,19,6,1,1, ?,2,2
1,51,F,4,2008,3,1,3,2,2,1,1,1,1,1,1,2,1,1,9,6,1,1,30,2,2
1,39,G,10,2008,2,3,2,2,1,1,1,1,1,1,1,1,1,1,1,5,1,7,28,2,2
2,50,F,3,2008,4,1,1,2,2,1,1,1,1,1,1,1,1,2,9,6,1,7,42,2,2
7,41,F,10,2008,4,3,1,2,2,1,2,1,1,1,1,1,1,?,9,6,?,1, ?,?,2
11,50,F,10,2008,2,1,1,2,1,1,1,1,1,1,?,2,1,2,6,6,1,1, ?,1,2
11,50,G,10,2008,3,1,1,2,2,1,1,1,1,1,1,1,1,2,9,6,1,7, ?,2,2
5,50,G,10,2008,3,1,1,2,2,1,1,1,1,1,1,1,1,2,9,6,1,7, ?,2,2
1,50,F,10,2008,2,1,1,2,2,1,1,2,1,1,1,2,1,2,19,10,1,7, ?,2,2
10,50,G,6,2008,2,3,1,2,2,1,1,1,1,1,1,1,1,1,6,2,1,1,31,1,2
2,50,F,6,2008,4,1,1,2,2,1,4,1,1,1,1,1,1,2,14,6,1,1,55,2,2
9,50,G,10,2008,2,1,1,2,2,1,1,3,1,?,?,2,5,2,9,6,2,7,38,1,2
3,38,F,3,2008,3,5,1,2,1,1,1,2,1,1,2,1,4,1,9,1,1,1, ?,2,2
6,38,G,4,2008,1,1,1,1,2,1,4,2,1,1,1,1,1,2,12,1,1,1,32,2,1
1,38,F,12,2008,2,7,1,2,1,1,1,1,1,1,1,1,1,2,9,11,1,1, ?,2,2
12,50,F,2,2008,3,1,1,2,2,1,1,1,1,2,2,1,1,2,6,10,2,1, ?,2,2
12,50,G,9,2008,3,1,1,2,2,1,1,1,1,1,1,1,1,2,14,6,1,1, ?,2,2
2,50,F,9,2008,2,1,1,2,2,1,1,1,1,1,1,2,1,2,9,6,1,1, ?,2,2
7,17,F,10,2008,2,2,1,2,2,1,1,1,1,1,1,1,1,2,1,11,1,1, ?,2,2
3,17,F,5,2008,3,2,7,1,2,1,1,2,1,1,1,3,1,1,7,6,1,7,22,2,2
3,17,F,11,2008,3,1,1,2,2,1,1,1,1,1,1,4,1,2,14,11,1,7, ?,2,2
8,17,F,9,2008,2,7,8,1,2,1,1,2,1,1,1,4,1,2,14,6,1,1,35,1,2
1,17,F,8,2008,3,1,1,2,2,2,1,?,2,1,1,1,1,2,16,5,1,1, ?,2,2
3,42,G,1,2008,3,3,3,1,1,1,1,1,1,1,1,1,1,1,9,6,1,1,28,2,2
3,42,F,2,2008,2,1,1,1,1,1,3,1,1,1,1,1,1,1,14,6,1,1,25,1,2
4,42,F,1,2008,3,3,8,?,?,1,1,1,1,1,1,5,1,1,9,11,1,1,32,2,2
4,42,G,1,2008,2,3,1,?,?,1,1,1,1,1,1,5,1,1,8,5,1,1,38,2,2
4,42,F,4,2008,1,7,8,?,?,1,1,1,1,1,1,5,1,1,14,6,1,1,42,1,2
4,42,F,4,2008,3,7,1,1,1,1,1,1,1,1,1,5,1,1, ?,6,?,?, ?,?,?
8,42,G,2,2008,3,3,1,1,1,1,1,1,1,1,1,5,1,1,10,6,1,1,27,2,2
8,42,G,2,2008,2,3,4,1,1,1,1,1,1,1,1,5,1,1,14,6,1,1,22,1,2
9,42,F,2,2008,1,1,1,1,1,1,2,1,1,1,1,5,1,1,7,6,1,1,40,2,2
9,42,G,4,2008,4,1,1,2,1,2,1,1,1,1,1,5,1,1,10,6,1,1,38,2,2
10,42,S,1,2008,2,1,1,2,2,1,1,1,1,1,1,5,1,1,19,6,1,1,38,2,2
10,42,G,4,2008,2,2,6,1,1,1,1,1,1,1,1,5,1,1,9,6,1,1,35,2,2
10,42,G,5,2008,2,1,1,2,2,1,1,1,1,1,1,5,1,1,9,11,1,1,33,2,2
10,42,F,5,2008,1,4,1,1,1,3,1,1,1,1,1,5,1,1,14,6,1,1,35,1,2
10,42,M,6,2008,4,1,1,1,1,1,3,1,1,1,1,5,1,1,10,6,1,1,35,1,2
10,42,F,6,2008,1,1,1,1,1,1,1,1,1,1,1,5,1,1,6,6,2,1,28,2,2
10,42,F,7,2008,1,2,6,1,1,1,3,1,1,1,1,5,1,1,8,6,2,1,32,1,2
11,42,F,3,2008,4,2,4,1,1,1,3,1,1,1,1,5,1,1,19,6,1,1,35,1,2
11,42,F,4,2008,3,4,2,1,1,1,1,1,1,1,1,5,1,1,9,6,1,1,40,2,2
12,42,S,1,2008,2,1,1,2,2,1,1,1,1,1,1,5,1,1,10,6,1,1,32,2,2
15,42,F,1,2008,4,7,8,2,1,1,2,1,1,1,1,1,1,1,5,6,1,1,22,2,2
15,42,G,2,2008,1,1,8,1,2,1,3,1,1,1,1,2,1,1,9,6,1,1,32,2,2
15,42,S,4,2008,3,7,1,1,1,1,1,1,1,1,1,2,1,1,8,2,1,1,20,2,2
16,42,F,1,2008,2,7,4,2,2,1,3,1,1,1,1,1,1,1,13,5,1,1,32,1,2
16,42,G,1,2008,2,1,4,1,1,1,1,1,1,1,1,1,1,1,19,6,1,1,32,1,2
16,42,F,4,2008,2,1,1,1,1,1,1,1,1,1,1,1,1,1,9,5,1,1,30,2,2
16,42,F,5,2008,1,2,4,1,1,1,3,1,1,1,1,1,1,1,12,6,1,7,28,2,2
17,42,F,5,2008,4,1,1,1,1,1,4,1,1,1,1,5,1,1, ?,6,?,?, ?,?,?
17,42,G,5,2008,3,1,4,1,1,1,1,1,1,1,1,5,1,1,7,6,1,1,32,2,2
17,42,G,6,2008,2,1,1,2,2,1,1,1,1,1,1,5,1,1,19,6,1,1,38,2,2
17,42,S,6,2008,2,1,1,2,2,1,3,1,1,1,1,5,1,1,19,6,1,1,26,2,2
18,42,F,1,2008,4,1,8,1,1,1,3,1,1,1,1,5,1,1,9,6,1,7, ?,2,2
18,42,F,2,2008,2,1,1,1,1,1,1,1,1,1,1,5,1,1,14,6,1,1,38,1,2
21,42,F,1,2008,1,7,1,2,2,1,1,1,1,1,1,5,1,1, ?,6,?,?, ?,?,?
21,42,F,1,2008,1,7,1,2,2,1,1,1,1,1,1,1,1,1,9,6,1,1,32,2,2
21,42,F,5,2008,3,7,1,2,2,1,1,1,1,1,1,1,1,1,9,6,1,1,28,2,2
21,42,F,5,2008,4,7,1,1,2,1,3,1,1,1,1,1,1,1,14,6,1,1,38,2,2
21,42,F,6,2008,3,7,8,2,2,1,1,1,1,1,1,1,1,1,9,6,1,1,39,2,2
24,42,F,6,2008,3,1,1,2,2,1,1,1,1,1,1,1,1,1,14,6,1,?,26,2,2
27,42,G,6,2008,3,1,1,1,1,1,1,1,1,1,1,5,1,1,9,6,1,1,38,1,2
28,42,G,1,2008,3,3,2,1,2,1,2,1,1,1,1,5,1,1,2,4,1,7,28,1,2
28,42,F,2,2008,4,2,1,2,1,1,3,1,1,1,1,5,1,1,8,6,1,1,38,2,2
28,42,M,6,2008,3,3,4,1,1,1,1,2,1,1,1,5,1,1,9,6,1,1,38,2,2
33,42,F,3,2008,4,1,4,1,1,1,3,1,1,1,1,1,1,1,9,6,1,1,38,2,2
33,42,F,3,2008,3,1,1,1,1,1,1,1,1,1,1,1,1,1,9,6,1,1,28,2,2
33,42,F,4,2008,2,2,4,1,1,1,1,1,1,1,1,5,1,1,9,6,1,1,32,2,2
33,42,F,4,2008,3,2,4,1,1,1,1,1,1,1,1,1,1,1,14,6,1,1,42,2,2
33,42,G,4,2008,4,1,1,1,1,1,3,1,1,1,1,1,1,1,14,6,1,1,40,1,2
33,42,F,5,2008,4,1,1,1,1,1,3,1,1,1,1,1,1,1,14,6,1,1,35,1,2
32,42,F,2,2008,1,1,4,1,1,1,3,1,1,1,1,5,1,1,14,6,1,1,38,1,2
32,42,F,3,2008,1,2,4,1,1,1,3,1,1,1,1,5,1,1, ?,6,?,?, ?,?,?
32,42,G,4,2008,1,1,1,1,1,1,3,1,1,1,1,5,1,1,10,6,1,1,28,2,2
32,42,G,6,2008,2,7,4,1,1,1,1,1,1,1,1,5,1,1,9,6,1,1,40,2,2
32,42,G,10,2008,2,1,1,1,1,1,1,1,1,1,1,5,1,1,10,6,1,1,35,2,2
2,42,G,2,2008,2,7,1,2,1,1,1,1,1,1,1,5,1,1,19,6,1,1,30,1,?
2,42,S,4,2008,2,2,4,1,2,1,1,1,1,1,1,1,1,1,5,6,1,1,35,1,2
2,42,M,5,2008,3,3,1,1,1,1,1,1,1,1,1,5,1,1,5,6,1,1,35,1,2
1,42,S,5,2008,2,7,1,1,1,1,1,1,1,1,1,1,1,1,8,6,1,1,31,2,2
1,42,M,6,2008,2,2,5,1,1,1,1,1,1,1,1,5,1,1,10,6,1,1,32,2,2
5,42,S,9,2008,3,7,8,2,1,1,1,1,1,1,1,5,1,1,8,6,1,1,38,2,2
5,42,G,9,2008,3,1,8,2,2,1,1,1,1,1,1,5,1,1,7,6,1,1,38,2,2
7,42,G,1,2008,3,1,1,2,2,1,1,1,1,1,1,5,1,1,19,6,1,1,24,2,2
14,42,F,3,2008,1,2,4,1,1,1,2,1,1,1,1,1,1,1,9,6,1,1,28,2,2
14,42,F,6,2008,4,3,1,2,2,1,2,1,1,1,1,1,1,1,14,6,1,1,26,1,2
14,42,G,7,2008,2,1,2,2,1,1,1,1,1,1,1,5,1,1,10,6,1,1,22,2,2
22,42,M,4,2008,3,1,1,2,2,1,1,1,1,1,1,5,1,1,10,6,1,1,42,2,2
29,42,F,5,2008,4,2,8,1,1,1,3,1,1,1,1,5,1,1,9,6,1,1,25,2,2
13,42,G,8,2008,3,6,4,1,1,1,1,1,1,1,1,1,1,1,12,6,1,1,28,2,2
10,42,F,8,2008,2,1,4,1,1,1,3,1,1,1,1,5,1,1,16,6,?,?,49,1,2
10,42,F,10,2008,4,1,1,1,1,1,2,1,1,1,1,5,1,1,8,6,1,1,39,1,2
24,42,G,9,2008,4,1,1,2,2,1,4,1,1,1,1,2,1,2,10,6,2,1,42,1,2
18,42,F,1,2008,4,1,1,1,1,1,3,1,1,1,1,5,1,1,9,6,1,7,35,2,2
18,42,F,6,2008,3,1,1,1,1,1,1,1,1,1,1,5,1,1,14,6,1,1,38,1,2
18,42,F,7,2008,2,1,1,2,2,1,1,1,1,1,1,5,1,1,7,6,1,1,32,1,2
12,42,G,7,2008,4,1,4,1,1,1,3,1,1,1,1,5,1,1,10,6,1,1,25,2,2
12,42,M,9,2008,3,1,1,1,1,1,1,1,1,1,1,5,1,1,10,6,1,1,35,2,2
12,42,F,10,2008,1,2,4,1,1,1,3,1,1,1,1,5,1,1,14,6,1,1,42,1,2
9,42,M,8,2008,4,3,4,1,1,1,3,1,1,1,1,5,1,1,14,6,1,1,1,1,2
9,42,F,8,2008,3,1,1,1,1,1,1,1,1,1,1,5,1,1,6,6,1,1,22,2,2
9,42,G,8,2008,2,1,1,1,1,1,1,1,1,1,1,5,1,1,9,6,1,1,30,2,2
9,42,F,11,2008,4,1,1,2,2,1,3,1,1,1,1,5,1,1,14,6,1,1,35,1,2
3,42,F,5,2008,3,3,4,1,1,1,1,1,1,1,1,5,1,1,5,6,1,1,36,2,1
3,42,G,5,2008,4,3,4,1,1,1,3,1,1,1,1,5,1,1,14,6,1,1,38,1,2
3,42,F,11,2008,4,3,4,1,1,1,3,1,1,1,1,1,1,1,9,6,1,1,32,2,2
22,42,F,11,2008,2,1,1,2,1,1,2,1,1,1,1,1,1,1,10,6,1,1,36,2,1
22,42,F,6,2008,1,3,1,1,1,1,3,1,1,1,1,1,1,1,14,6,1,1,40,1,2
13,42,F,11,2008,4,1,1,1,1,1,3,1,1,1,1,1,1,1,6,1,1,1,30,2,2
28,42,G,8,2008,2,2,4,1,1,1,1,1,1,1,1,5,1,1,5,6,1,1,34,1,2
28,42,S,9,2008,3,5,6,1,1,1,1,1,1,1,1,5,1,1,9,6,1,1,32,1,2
28,42,M,10,2008,3,7,8,1,1,1,1,1,1,1,1,5,1,1,9,6,1,7,35,1,2
28,42,S,11,2008,3,5,4,1,1,1,1,1,1,1,1,5,1,1,9,6,1,1,38,2,2
28,42,G,11,2008,3,7,1,1,1,1,1,1,1,1,1,5,1,1,10,6,1,1,34,2,2
28,42,M,11,2008,4,5,5,1,1,1,1,1,1,1,1,5,1,1,9,6,1,1,36,2,2
18,42,M,8,2008,2,1,1,1,1,1,3,1,1,1,1,5,1,1,9,6,1,1,37,2,2
11,42,G,8,2008,3,1,1,1,1,1,1,1,1,1,1,5,1,1,9,6,1,1,40,2,2
11,42,F,9,2008,2,1,1,1,1,1,1,1,1,1,1,5,1,1,9,6,1,1,35,2,2
11,42,G,9,2008,1,1,1,1,1,1,1,1,1,1,1,5,1,1,9,6,1,1,38,2,2