Thana,District,Accident_Severity,Month,Year,Time,Junction_Type,Traffic_Control,Movement,Divider,Weather,Light,Road_Geometry,Surface_Condition,Surface_Type,Surface_Quality,Road_Class,Road_Feature,Location_Type,Vehicle_Type,Vehicle_Movement,Vehicle_Loading,Vehicle_Defect,Vehicle_Driver_Age,Vehicle_Alcohol,Vehicle_Seat_Belt
11,16,F,11,2008,3,7,8,2,2,1,1,1,1,1,1,1,2,2,9,5,2,1,35,2,2
1,10,F,3,2008,2,7,1,2,2,1,1,1,1,1,1,2,1,2,9,6,1,7,42,2,2
1,10,S,4,2008,3,1,1,2,2,1,1,1,1,1,1,5,1,1,2,6,1,7, ?,2,2
5,10,F,8,2008,4,7,1,2,2,1,1,1,1,1,1,3,3,2,8,6,2,1, ?,2,2
4,10,F,1,2008,3,7,8,2,2,1,2,2,1,1,1,4,1,2,19,6,1,1, ?,2,2
4,10,F,3,2008,2,2,1,2,2,1,1,1,1,1,1,2,1,2,8,6,1,7, ?,2,2
3,13,F,11,2008,4,7,8,2,2,1,2,1,1,1,1,3,1,1,9,6,1,7, ?,2,2
10,9,F,9,2008,3,7,1,2,2,1,4,3,1,1,1,1,2,2,9,4,2,7, ?,2,2
10,9,F,11,2008,3,2,3,2,2,1,2,1,1,1,1,1,1,1,9,6,2,7, ?,2,2
12,9,F,11,2008,4,7,1,2,2,1,4,1,1,1,1,1,1,1,14,6,1,7, ?,2,2
12,9,G,10,2008,3,3,1,2,2,1,1,1,1,1,1,2,1,2,4,11,1,7, ?,1,2
11,9,F,11,2008,3,7,1,2,2,1,1,1,1,1,1,5,1,2,9,5,2,7, ?,2,2
1,5,G,10,2008,3,7,1,1,2,1,1,1,1,1,1,1,1,2,14,6,1,1, ?,2,2
1,5,F,10,2008,4,7,1,2,2,1,1,1,1,1,1,1,1,2,14,6,1,1,45,2,2
1,5,F,11,2008,4,1,1,2,2,1,3,1,1,1,1,1,1,2,9,6,1,7,35,2,2
6,5,F,11,2008,3,7,1,2,2,1,1,1,1,1,1,1,1,2,7,6,1,1,30,2,2
2,5,G,9,2008,3,1,1,2,2,1,1,1,1,1,1,3,1,2,7,6,1,1,38,2,2
5,5,G,9,2008,2,1,1,2,2,1,1,1,1,1,1,1,1,2,9,6,1,7, ?,2,2
5,5,S,11,2008,3,1,1,2,2,1,1,1,1,1,1,2,1,2,6,6,1,7, ?,2,2
5,5,F,11,2008,4,1,1,2,2,1,2,1,1,1,1,1,1,2,14,6,1,7, ?,2,2
6,5,G,11,2008,3,7,8,2,2,1,1,1,1,1,1,4,1,2,17,6,1,7, ?,2,2
4,5,F,9,2008,4,1,8,2,2,4,3,1,1,1,1,1,1,2,14,6,1,1, ?,2,2
4,5,F,10,2008,3,4,1,2,2,1,1,1,1,1,1,1,1,2,7,7,1,1, ?,2,2
1,12,F,11,2008,4,1,1,2,2,1,2,1,1,1,1,1,1,2,19,6,1,1, ?,2,2
1,12,G,11,2008,2,1,1,2,2,1,1,1,1,1,1,3,1,1,4,6,1,7, ?,2,2
1,12,F,11,2008,3,3,8,2,2,1,1,2,5,3,3,1,2,?,17,6,2,7, ?,2,2
12,9,F,10,2008,1,7,8,2,2,4,2,1,1,1,1,2,1,1,13,6,1,1, ?,2,2
11,9,F,10,2008,3,7,8,2,2,1,1,1,1,1,1,1,1,2,9,6,1,1, ?,2,2
1,1,G,11,2008,3,3,2,2,2,1,1,1,1,1,1,1,1,1,13,6,1,1, ?,2,2
3,1,F,11,2008,3,7,1,2,2,1,1,1,1,1,1,1,1,2,9,6,1,7,45,2,2
3,1,F,11,2008,2,7,1,2,2,1,1,2,1,1,1,1,1,2,8,6,1,7, ?,2,2
1,15,F,3,2008,2,7,1,2,2,2,1,1,2,1,1,1,1,1,14,6,1,7, ?,2,2
1,15,F,5,2008,3,7,1,2,2,2,1,2,2,1,1,1,1,1,14,1,1,7, ?,2,2
1,15,M,7,2008,3,1,1,2,2,1,1,1,1,1,1,1,1,1,14,6,1,7, ?,2,2
6,15,F,5,2008,4,1,8,2,2,1,2,1,1,1,1,1,1,2,14,6,1,7, ?,2,2
6,15,F,5,2008,2,1,1,2,2,1,1,1,1,1,1,1,1,1,14,6,1,1, ?,2,2
7,15,G,8,2008,2,7,8,2,2,2,1,2,2,1,1,3,1,2,8,2,1,7,43,2,2
5,15,G,7,2008,2,7,1,2,2,1,1,1,1,1,1,3,2,2,7,5,1,7,25,2,2
3,15,G,9,2008,3,1,1,2,2,1,1,1,1,1,1,1,1,1,14,6,1,1,35,2,2
1,15,F,7,2008,2,7,1,2,2,2,1,1,2,1,1,1,1,2,9,11,1,3,40,2,2
12,3,G,8,2008,3,1,8,2,2,1,1,1,1,1,1,3,1,2,14,6,1,7, ?,2,2
1,9,F,7,2008,2,7,1,2,2,1,1,1,1,1,1,1,1,1,8,6,1,7, ?,2,2
7,9,F,6,2008,3,7,1,2,2,1,1,1,1,1,1,4,1,2,6,6,1,7, ?,2,2
6,3,F,9,2008,2,7,8,2,2,1,1,1,1,1,1,3,1,2,7,4,1,1, ?,2,2
1,16,F,7,2008,3,1,1,2,2,1,1,1,1,1,1,3,1,1,9,6,1,7, ?,2,2
10,16,F,7,2008,1,7,4,2,2,1,2,1,1,1,1,1,1,2,7,6,1,1,32,2,2
11,16,F,8,2008,2,1,8,2,2,1,2,1,1,1,1,1,1,1,13,6,1,7,36,2,2
1,10,F,7,2008,3,3,1,2,2,1,1,1,1,1,1,2,1,1,13,5,1,3, ?,2,2
4,3,F,6,2008,2,1,1,2,2,1,1,1,1,1,1,1,1,2,6,6,1,7, ?,2,2
6,13,F,6,2008,3,7,1,2,2,1,1,1,1,1,1,4,1,2,17,4,1,1, ?,2,2
1,11,F,7,2008,2,1,1,2,2,1,1,2,1,1,2,1,1,2,14,2,1,3,40,2,2
1,11,G,3,2008,3,1,1,2,2,1,1,1,1,1,1,1,1,1,6,6,1,7, ?,2,2
1,11,F,3,2008,1,1,1,2,2,1,2,1,1,1,1,1,1,1,8,5,1,7, ?,2,2
3,11,G,8,2008,2,7,8,2,2,1,1,1,1,2,1,4,4,2,17,11,2,7, ?,2,2
5,11,F,7,2008,3,7,8,2,2,1,1,1,1,1,1,4,1,2,17,6,1,1,35,2,2
7,11,M,5,2008,4,1,1,2,2,1,3,1,1,1,1,4,1,1,17,6,1,7,30,2,2
7,11,F,6,2008,3,4,1,2,2,1,1,2,1,1,2,4,1,2,14,6,1,7,35,2,2
1,3,F,11,2008,2,2,1,2,2,4,2,1,1,1,1,1,1,1,14,5,1,1,45,2,2
1,9,F,4,2008,2,4,1,2,2,1,1,1,1,1,1,1,1,1,8,2,1,1, ?,2,2
1,9,F,4,2008,3,1,1,2,2,1,1,1,1,1,1,1,1,1,9,6,1,1, ?,2,2
12,9,G,8,2008,2,1,8,2,2,1,1,2,1,1,1,1,1,1,13,1,1,7,27,2,2
1,5,F,12,2008,2,7,8,1,2,4,1,2,1,1,1,2,1,1,9,7,1,7, ?,2,2
5,5,F,12,2008,2,7,8,2,2,4,1,1,1,1,1,4,1,2,17,4,1,1,48,2,2
4,9,F,12,2008,2,1,2,2,2,1,1,1,1,1,1,1,1,1,8,6,1,7,35,2,2
12,9,F,12,2008,4,7,8,2,2,1,2,1,1,1,1,1,1,1,9,11,1,3, ?,2,2
1,9,F,7,2008,3,7,1,2,2,1,1,1,1,1,1,1,1,1,8,11,1,1, ?,2,2
3,9,F,6,2008,3,7,1,2,2,1,1,2,1,2,3,4,1,1,14,6,1,1,29,2,1
1,17,G,11,2008,3,1,8,2,2,1,1,1,1,1,1,4,1,1,19,6,2,7,40,2,2
1,17,F,11,2008,2,7,7,2,2,1,1,1,1,1,1,1,1,1,9,5,1,7, ?,2,2
9,17,F,8,2008,2,1,8,2,2,1,1,2,1,1,1,3,4,2,8,6,2,6,25,2,1
7,17,F,6,2008,4,1,1,1,2,1,4,1,1,1,1,3,1,2,19,6,1,1,25,2,2
7,17,F,8,2008,2,3,1,2,2,1,1,2,1,1,1,1,1,1,9,6,1,1,35,2,2
7,17,F,9,2008,4,2,8,2,2,1,4,1,1,1,1,1,1,2,14,6,2,1,38,2,2
7,17,F,10,2008,2,2,8,2,2,1,1,1,1,1,1,1,1,1,11,11,1,1, ?,2,2
3,17,M,5,2008,3,2,7,1,2,1,1,2,1,1,1,3,1,1,7,11,1,7,22,2,2
3,17,F,11,2008,1,7,3,2,2,1,1,1,1,1,1,4,1,2,14,11,1,7, ?,2,2
8,17,F,9,2008,2,7,8,1,2,1,1,2,1,1,1,4,1,2,14,6,1,1,35,1,2
1,17,F,8,2008,3,7,1,2,2,2,1,1,2,1,1,1,1,1,16,5,1,1, ?,1,2
2,17,F,10,2008,3,7,8,2,2,1,1,2,1,1,1,1,1,1,9,6,1,7, ?,2,2
2,12,G,12,2008,3,1,8,2,2,1,1,2,1,1,1,5,1,1,8,6,1,1,29,2,2
10,16,F,12,2008,4,7,1,2,2,1,2,1,1,1,1,2,1,2,9,6,1,7, ?,2,2
9,16,F,12,2008,1,7,8,2,2,1,2,1,1,1,1,1,1,1,9,6,1,1,30,2,2
11,16,G,12,2008,3,1,8,2,2,1,1,2,1,1,1,3,1,2,9,5,1,7, ?,2,2
5,10,G,12,2008,3,7,1,2,2,1,2,1,1,1,2,4,1,2,14,4,1,7, ?,2,2
2,6,F,10,2008,2,7,8,2,2,1,1,1,1,1,1,1,1,1,8,6,1,7, ?,2,2
5,6,F,7,2008,4,7,1,2,2,1,4,1,1,1,1,1,1,1,14,11,1,1,48,2,2
5,6,G,9,2008,2,7,1,2,2,1,1,1,1,1,1,1,1,1,8,6,1,1,33,2,2
1,8,S,10,2008,2,1,1,2,2,1,1,1,1,1,1,2,1,1,4,6,1,7, ?,2,2
1,8,F,6,2008,2,1,1,2,2,1,1,1,1,1,1,3,1,2,8,6,1,1, ?,2,2
4,8,G,3,2008,3,1,8,2,2,1,1,1,1,1,1,2,1,2,14,5,1,1, ?,2,2
6,8,F,2,2008,4,7,8,2,2,1,2,1,1,1,1,4,1,2,16,6,1,7, ?,2,2
6,8,F,2,2008,3,2,1,2,2,1,1,1,1,1,1,4,1,1,4,6,1,1,40,2,2
5,8,F,12,2008,1,7,1,2,2,4,2,1,1,1,1,3,1,2,9,6,1,7, ?,2,2
7,8,G,8,2008,4,1,1,2,2,1,4,1,1,1,1,3,1,2,4,6,1,1,35,2,1
3,8,F,5,2008,2,1,1,2,2,1,2,1,1,1,1,1,1,1,12,6,1,7, ?,2,2
3,8,F,5,2008,3,1,1,2,2,1,1,1,1,1,1,1,1,1,14,11,1,1, ?,2,2
3,8,F,4,2008,2,2,1,2,2,1,2,1,1,1,1,1,1,1,14,6,1,7, ?,2,2
3,8,F,3,2008,4,1,1,2,2,1,2,1,1,1,1,1,1,1,16,6,1,7, ?,2,2
3,8,F,2,2008,2,3,1,1,1,1,1,1,1,1,1,1,1,1,9,6,1,7, ?,2,1
3,8,F,11,2008,1,7,8,2,2,4,1,1,1,1,1,3,1,2,12,6,1,1,48,2,2
1,12,F,7,2008,3,3,1,2,2,1,1,3,1,1,1,2,1,2,9,6,1,1,38,2,2
1,12,F,5,2008,3,1,1,2,2,1,1,1,1,1,1,2,1,1,19,6,1,1, ?,2,2
4,12,F,1,2008,3,1,1,2,2,1,1,2,1,1,1,4,1,2,19,6,1,1, ?,2,2
3,15,F,4,2008,3,1,1,2,2,1,1,1,1,1,1,1,1,1,9,5,1,1, ?,1,2
11,9,F,12,2008,3,1,1,2,2,1,1,1,1,1,1,1,1,2,10,9,1,1,24,2,2
4,3,G,5,2008,3,1,1,2,2,1,1,1,1,1,1,1,1,1,8,5,1,6, ?,1,2
9,13,F,12,2008,2,3,1,2,2,1,1,1,1,1,1,5,1,1,8,6,1,1, ?,2,2
1,10,G,2,2008,2,3,2,2,2,1,1,1,1,1,1,1,1,1,8,6,1,3, ?,2,2
1,10,F,2,2008,4,3,1,2,2,1,2,1,1,1,1,1,1,1,14,6,1,3,50,2,2
5,10,F,8,2008,2,2,2,1,1,1,1,1,1,1,1,1,1,1,8,6,1,1, ?,1,2
8,13,F,6,2008,1,1,1,2,2,1,2,2,2,1,1,1,1,2,6,6,1,1, ?,2,2
6,5,F,4,2008,2,1,1,2,2,1,1,2,1,1,1,1,1,2,9,6,1,1, ?,2,2
6,5,F,6,2008,1,1,1,2,2,1,4,1,1,1,1,1,1,1,9,6,1,1, ?,2,2
6,5,F,6,2008,4,1,1,2,2,1,2,1,1,1,1,1,1,1,9,6,1,1,29,2,2
1,12,F,3,2008,2,2,1,2,2,1,1,1,1,1,1,2,1,2,14,6,1,1, ?,2,2
1,4,G,11,2008,3,4,1,2,2,1,1,1,1,1,1,2,1,1,8,6,1,1,45,2,2
4,9,G,3,2008,2,1,1,2,2,1,1,1,1,1,1,3,1,1,9,5,1,1,22,2,2
1,15,G,12,2008,3,1,1,2,2,1,1,3,1,1,1,1,1,2,9,6,1,5, ?,2,2
5,13,F,1,2008,2,3,1,2,2,1,1,1,1,1,1,2,1,1,1,6,1,1,45,2,2
6,15,F,8,2008,2,1,1,2,2,1,1,1,1,1,1,1,1,2,9,6,1,7, ?,2,2
3,15,F,5,2008,4,1,1,2,2,1,4,1,1,1,1,3,1,2,8,6,1,1, ?,2,2
2,1,F,12,2008,4,1,1,2,2,4,2,2,1,1,1,2,1,2,8,6,1,1, ?,1,2
10,16,F,7,2008,1,1,1,2,2,1,2,1,1,1,1,1,1,2,14,4,1,1,35,2,2
1,16,F,7,2008,2,1,1,2,2,1,1,1,1,1,1,3,1,2,9,6,1,3, ?,2,2
2,16,F,8,2008,3,1,1,2,2,1,1,1,5,1,2,3,1,2,9,4,1,1, ?,2,2
2,16,F,8,2008,2,3,1,2,2,1,1,2,1,1,1,3,1,2,8,6,2,6,30,2,2
1,15,F,7,2008,1,1,2,2,1,1,2,1,2,1,2,1,1,1,14,11,1,7, ?,1,2
8,13,G,5,2008,3,4,1,2,2,1,1,1,1,1,1,1,1,1,19,6,2,6,40,2,2
5,13,F,5,2008,2,1,1,2,2,1,1,1,1,1,1,2,1,2,9,6,1,1, ?,2,2
2,13,F,3,2008,4,1,1,2,2,1,2,1,1,1,1,5,1,2,14,6,1,1, ?,2,2
2,14,F,1,2008,3,1,1,1,2,1,1,1,1,1,1,5,1,1,9,6,1,1,45,2,2
2,14,F,3,2008,3,1,1,2,2,1,1,1,1,1,1,1,1,1,8,4,1,1,35,2,2
2,14,S,4,2008,2,1,8,1,2,1,1,1,1,1,1,1,1,2,8,6,1,1,30,2,2
1,14,F,4,2008,4,1,1,1,1,1,3,1,1,1,1,1,1,1,8,1,1,1,38,2,2
2,14,G,5,2008,3,2,1,2,2,1,1,1,1,1,1,1,1,2,8,6,1,1,40,2,2
4,14,F,5,2008,2,1,1,2,2,1,2,1,1,1,1,1,1,1,9,6,1,7, ?,1,2
4,14,F,5,2008,2,1,1,2,2,1,3,1,1,1,2,5,1,1,14,6,2,7, ?,1,2
2,14,F,6,2008,4,2,8,2,2,2,2,1,2,1,1,1,1,2,9,8,1,1,33,2,2
1,14,F,7,2008,2,3,1,2,2,1,2,2,1,1,1,5,1,1,14,6,1,7, ?,1,2
3,14,S,7,2008,4,3,1,2,2,1,2,1,1,1,1,5,1,1,6,6,1,1,25,2,2
3,14,F,8,2008,3,1,1,1,2,1,1,1,1,1,1,1,1,1,9,6,1,1,30,2,2
2,14,F,10,2008,4,1,1,2,2,1,2,2,1,1,1,3,1,2,19,1,2,7,26,2,2
1,14,F,10,2008,4,7,2,1,1,1,2,1,1,1,1,5,1,1,9,6,2,7, ?,1,2
13,54,F,2,2008,4,7,1,2,2,1,4,1,1,1,1,2,1,2,7,6,1,?, ?,?,?
10,54,S,2,2008,2,?,2,2,2,1,1,1,?,1,1,4,1,2,13,6,?,?, ?,?,?
13,54,F,2,2008,2,3,1,2,2,1,1,1,1,1,1,3,1,?,10,6,?,?,22,?,?
9,54,G,3,2008,3,7,1,2,2,1,1,1,1,1,1,1,1,2,10,6,?,?, ?,?,?
13,54,F,3,2008,4,7,1,2,2,1,4,1,1,1,1,1,1,2,14,6,1,?, ?,?,?
13,54,F,4,2008,2,7,1,2,2,1,1,1,1,1,1,1,1,2,9,6,?,?, ?,2,2
3,54,F,4,2008,4,?,?,2,2,1,2,2,1,1,1,2,3,2,14,6,?,3, ?,1,2
11,54,F,6,2008,3,1,8,2,2,1,1,1,1,1,1,4,1,2,7,1,1,1, ?,2,1
4,54,F,9,2008,3,1,1,2,2,1,1,1,1,1,1,1,1,2,8,6,1,?, ?,?,?
7,54,F,9,2008,2,1,1,2,2,1,1,1,1,1,1,2,1,2,14,4,1,6, ?,?,2
3,56,F,2,2008,1,2,?,1,2,1,4,1,1,1,?,1,?,2,14,11,1,1,35,2,2
9,56,F,1,2008,3,2,8,?,2,1,1,1,1,1,1,1,2,?,9,6,2,7,30,?,?
7,56,S,3,2008,4,1,1,2,2,1,3,1,1,1,1,1,1,2,19,5,1,1, ?,1,2
3,56,F,2,2008,4,2,4,1,?,1,3,?,1,1,1,1,1,2,17,5,2,7,40,?,?
8,56,G,3,2008,2,7,1,2,2,1,1,1,1,1,1,2,1,2,14,6,1,1, ?,1,2
4,56,G,4,2008,2,?,8,2,2,1,1,2,1,1,1,4,?,2,10,6,?,?, ?,?,?
3,56,F,7,2008,3,2,1,2,2,1,1,1,1,1,1,1,?,2,9,11,2,7,32,?,?
9,56,G,7,2008,4,2,?,2,2,1,3,1,1,1,1,1,?,?,9,2,?,7,30,2,2
6,55,F,4,2008,2,1,1,2,2,1,1,1,1,1,1,1,1,2,9,6,1,1, ?,2,2
5,55,F,3,2008,3,?,?,1,?,1,1,1,1,1,1,3,1,2,8,4,?,?, ?,?,?
5,55,F,5,2008,4,1,1,?,?,1,4,1,1,1,3,2,1,2,7,6,1,1, ?,2,2
1,55,G,6,2008,2,1,8,2,2,1,1,1,1,1,1,5,1,1,7,6,1,1, ?,2,2
3,53,G,2,2008,3,1,1,2,2,1,1,1,1,1,1,1,1,2,8,6,1,1, ?,2,2
12,53,F,3,2008,4,1,1,2,2,1,2,1,1,1,1,2,1,2,8,6,1,?, ?,2,2
3,53,F,6,2008,3,1,1,2,2,2,1,1,2,1,1,3,1,2,14,6,1,?, ?,2,2
12,53,F,6,2008,3,1,1,2,2,1,1,1,1,1,1,1,1,2,8,6,1,?, ?,?,?
3,53,F,5,2008,3,1,1,2,2,1,1,1,1,1,1,3,1,2,5,6,2,2, ?,2,2
12,53,G,7,2008,3,1,1,2,2,1,1,1,1,1,1,1,1,2,10,5,1,?, ?,?,?
1,53,G,1,2008,4,7,1,1,?,1,2,1,1,1,1,2,1,2, ?,6,1,1,30,1,2
12,53,F,10,2008,3,1,1,2,2,1,1,1,1,1,1,2,1,2,8,6,2,?, ?,1,2
7,56,F,10,2008,1,2,?,2,2,1,2,1,1,1,1,1,1,2,14,11,2,7,32,?,?
7,54,F,12,2008,3,1,1,2,2,1,1,1,1,1,1,2,1,2,19,6,?,?, ?,?,?
11,54,F,12,2008,3,1,1,1,?,1,1,1,1,1,1,2,1,2,8,6,?,?,30,?,?
4,55,F,11,2008,3,1,?,2,2,1,1,2,1,1,1,2,1,2,9,6,1,1, ?,1,2
4,55,M,11,2008,2,?,?,?,?,1,1,2,1,1,1,?,2,?,14,6,?,?, ?,?,?
1,53,S,12,2008,2,1,1,2,2,1,1,1,1,1,1,2,1,2,13,6,1,?,32,2,2
5,55,F,10,2008,3,1,1,2,2,1,1,1,1,1,1,2,1,2,8,6,1,1, ?,2,2
5,54,F,4,2008,4,1,1,2,2,1,4,1,1,1,1,2,1,2,13,6,?,?,38,?,2
3,53,G,10,2008,3,1,1,2,2,1,1,1,1,1,1,2,?,?,8,6,1,1, ?,1,2
6,34,G,4,2008,2,1,1,2,2,1,1,1,1,1,1,1,1,2,9,2,1,1,38,2,2
4,34,M,5,2008,2,1,1,2,2,1,1,1,1,1,1,1,1,2,9,6,1,1, ?,2,2
1,33,G,9,2008,2,7,8,2,2,1,1,2,1,1,2,2,1,2,8,1,1,1,37,2,2
2,27,F,1,2008,2,1,1,2,2,1,1,1,1,1,1,1,1,2,8,1,1,1,35,1,2
2,27,F,2,2008,1,1,1,2,2,4,4,1,1,1,1,2,1,2,12,11,1,7, ?,2,2
2,27,F,5,2008,4,1,1,2,2,1,1,1,1,1,1,1,1,2,9,6,1,1,38,1,2
1,33,F,12,2008,4,1,1,2,2,4,4,1,1,1,3,2,1,2,9,6,1,1, ?,2,2
2,61,F,9,2008,2,1,1,2,2,1,1,1,1,1,1,3,1,2,7,6,1,3, ?,2,2
2,61,F,9,2008,3,1,1,2,2,1,1,1,1,1,1,4,1,2,7,5,1,1,33,2,2
1,48,F,1,2008,2,1,1,2,2,1,1,1,1,3,2,4,1,2,14,6,1,1,35,2,2
1,46,G,1,2008,1,1,1,2,2,1,4,1,1,1,1,1,1,2,12,6,1,1, ?,2,2
1,46,F,1,2008,3,1,1,2,2,1,1,1,1,1,1,1,1,2,9,6,1,1, ?,2,2
1,47,F,1,2008,2,1,1,2,2,1,1,1,1,1,1,4,1,2,8,6,1,1, ?,2,2
9,47,F,1,2008,2,7,1,2,1,1,1,1,1,1,1,1,1,2,7,5,1,1,30,2,2
1,41,F,1,2008,1,1,1,2,2,1,2,1,1,1,1,1,1,2,9,6,1,1, ?,2,2
6,41,F,1,2008,2,1,1,2,2,1,1,1,1,1,1,1,1,1,5,6,1,1, ?,2,2
1,46,G,2,2008,3,1,1,2,2,1,1,1,1,1,1,1,1,2,14,6,1,1, ?,2,2
1,46,F,2,2008,1,1,1,2,2,1,4,1,1,1,1,1,1,2,14,6,1,1, ?,2,2
7,41,G,2,2008,2,1,1,2,2,1,1,1,1,1,1,1,1,2,14,6,1,1,55,2,2
6,38,F,2,2008,3,1,1,2,2,1,1,1,1,1,1,1,1,2,9,11,1,1,41,2,2
7,38,F,2,2008,3,2,1,1,2,1,1,1,1,1,1,1,1,2,9,6,1,1, ?,2,2
9,47,F,3,2008,3,1,1,2,2,1,1,1,1,1,1,1,1,2,9,4,1,1,36,2,2
2,50,G,3,2008,4,1,1,1,2,1,3,1,1,1,1,1,1,2,14,6,1,1,35,2,2
1,40,F,4,2008,3,1,1,2,2,1,1,1,1,1,1,1,1,2,12,4,1,1,26,2,2
6,40,G,4,2008,3,3,1,2,2,1,1,1,1,1,1,1,1,2,9,6,1,1, ?,2,2
6,40,F,4,2008,1,1,1,2,2,1,1,1,1,1,1,1,1,2,14,6,1,1, ?,2,2
3,40,G,4,2008,2,1,1,2,2,1,1,1,1,1,1,1,1,2,9,4,1,1,37,2,2
1,41,F,4,2008,1,1,1,2,2,1,2,1,1,1,1,1,1,2,9,6,1,1, ?,2,2
6,44,G,3,2008,2,2,1,2,2,1,1,1,1,1,1,3,1,1,14,6,1,1, ?,2,2
7,44,F,3,2008,3,1,1,2,2,1,1,1,1,1,1,1,1,1,8,5,1,1,60,2,2
12,50,G,4,2008,2,1,1,2,2,1,1,1,1,1,1,1,1,2,14,1,1,1, ?,2,2
1,52,F,4,2008,3,1,1,2,2,1,1,1,1,1,1,2,1,1,14,6,1,1,22,2,2
1,38,F,4,2008,2,1,1,2,2,1,1,1,1,1,1,1,3,1,8,6,1,1,28,2,2
7,38,F,4,2008,4,1,1,2,2,1,2,1,1,1,1,1,3,2,9,6,1,1, ?,2,2
1,47,G,4,2008,2,1,1,2,2,1,1,1,1,1,1,1,1,2,9,6,1,1,35,2,2
8,47,F,4,2008,4,1,1,2,1,2,4,1,2,1,1,3,1,2,13,6,1,1, ?,2,2
1,47,F,4,2008,2,1,1,2,2,1,1,2,1,1,1,1,1,2,9,6,1,1, ?,2,2
1,47,F,5,2008,4,1,1,2,2,1,3,1,1,1,1,1,1,1,7,6,1,3,20,2,2
1,39,G,5,2008,3,1,1,2,2,1,1,1,1,1,1,2,2,2,8,6,1,1,30,2,2
1,52,S,5,2008,4,1,4,2,2,1,4,2,1,1,1,2,1,2,9,2,1,1, ?,2,2
5,50,F,5,2008,3,1,1,2,2,1,1,1,1,1,1,2,1,2,1,6,1,1, ?,2,2
6,38,F,5,2008,3,1,1,1,1,1,1,1,1,1,1,2,1,2,8,6,1,1,38,2,2
6,44,G,5,2008,2,4,1,2,2,1,1,2,1,1,1,1,1,2,15,6,1,1, ?,1,2
3,49,F,8,2008,3,1,1,2,2,2,1,2,2,1,1,3,1,2,9,6,1,1,35,2,2
2,35,G,8,2008,3,1,1,2,2,2,1,2,2,1,1,4,1,2,9,4,1,2, ?,2,2
2,47,F,8,2008,3,1,1,2,2,1,1,1,1,1,1,1,1,2,9,6,1,1,30,2,2
12,47,F,8,2008,1,1,1,2,2,1,2,2,1,1,1,1,1,1,9,4,1,1, ?,2,2
8,47,F,8,2008,2,1,4,2,2,1,1,1,1,1,1,1,1,1,14,8,1,1,35,2,2
9,47,G,8,2008,2,2,1,2,1,1,1,1,1,1,1,1,1,2,14,2,1,1,35,2,2
5,41,F,9,2008,3,1,1,1,1,1,1,1,1,1,2,1,1,1, ?, ?,?,?, ?,?,?
7,41,F,9,2008,3,1,1,2,2,1,2,1,1,1,1,1,1,2,9,6,1,7, ?,2,2
7,41,G,9,2008,4,1,1,2,2,1,4,1,1,1,1,1,1,2,19,6,1,1,35,2,2
2,47,F,9,2008,4,7,1,2,2,1,2,1,1,1,1,1,1,2,9,6,1,1,52,2,2
1,47,G,9,2008,2,1,1,2,2,1,1,2,1,1,1,1,2,?,10,5,1,1,35,2,2
1,47,F,9,2008,4,1,1,2,2,1,2,1,1,1,1,1,1,2,14,6,1,1,45,2,2
1,47,F,9,2008,1,1,1,2,2,1,1,1,1,1,1,1,2,2,14,6,1,1, ?,2,2
7,44,F,7,2008,1,1,4,1,1,1,4,1,1,1,1,1,1,2,14,6,1,1, ?,2,2
3,38,F,7,2008,2,7,1,2,2,1,1,1,1,1,1,1,1,2,9,11,1,6, ?,2,2
2,35,F,7,2008,2,1,1,2,1,1,1,1,1,1,1,3,1,2,10,4,1,1,28,2,2
1,47,F,7,2008,2,3,1,2,2,2,1,1,2,1,1,1,1,2,9,6,1,1, ?,2,2
13,50,F,7,2008,2,1,1,2,2,2,1,2,2,1,1,1,1,2,9,1,1,1, ?,2,2
5,47,F,6,2008,3,1,1,1,1,2,1,1,2,1,1,1,1,2,16,6,1,1, ?,2,2
3,38,F,6,2008,2,1,1,2,2,1,1,1,1,1,1,1,1,2,9,4,1,1, ?,2,2
4,37,F,6,2008,3,1,1,2,2,1,2,1,1,1,1,1,1,2,9,6,1,1, ?,2,2
4,37,F,6,2008,4,1,1,2,2,1,1,1,1,1,1,1,1,1,9,6,1,1, ?,2,2
11,47,F,10,2008,2,1,1,2,2,1,1,1,1,1,1,1,1,2,4,4,1,1,45,2,2
9,47,F,10,2008,2,1,1,2,2,1,1,1,1,1,1,1,1,2,9,2,1,1, ?,2,2
9,47,F,10,2008,3,1,1,2,2,1,1,2,2,1,1,1,1,2,9,6,1,1,38,2,2
1,47,G,10,2008,3,3,1,2,2,1,1,1,1,1,1,1,1,2,8,6,2,1, ?,2,2
1,47,F,10,2008,3,1,1,2,2,1,1,1,1,1,1,1,1,2,9,5,1,1, ?,2,2
4,51,F,10,2008,2,2,1,2,2,1,1,1,1,1,1,1,1,1,9,6,1,1,29,2,2
6,45,S,10,2008,1,1,8,2,2,1,1,1,1,1,1,1,5,2,14,6,1,1, ?,2,2
6,45,F,10,2008,2,1,1,2,2,1,2,1,1,1,1,1,1,2,8,6,1,1, ?,2,2
1,47,F,11,2008,2,1,1,2,2,1,1,3,1,1,1,1,1,1,4,10,1,1, ?,2,2
2,49,S,9,2008,3,3,1,2,2,1,1,1,1,1,1,3,1,2,4,2,1,1,30,2,2
5,41,M,12,2008,2,1,1,2,1,1,1,1,1,1,1,1,1,1,10,9,1,1, ?,2,2