Thana,District,Accident_Severity,Month,Year,Time,Junction_Type,Traffic_Control,Movement,Divider,Weather,Light,Road_Geometry,Surface_Condition,Surface_Type,Surface_Quality,Road_Class,Road_Feature,Location_Type,Vehicle_Type,Vehicle_Movement,Vehicle_Loading,Vehicle_Defect,Vehicle_Driver_Age,Vehicle_Alcohol,Vehicle_Seat_Belt
3,40,G,12,2008,3,1,1,2,2,4,1,1,1,1,1,4,1,2,13,5,1,1,26,2,2
1,45,F,12,2008,1,1,1,2,2,1,4,1,1,1,1,1,1,2,14,6,1,1, ?,2,2
12,47,F,12,2008,3,1,1,2,2,1,1,1,1,1,1,1,1,2,9,6,1,1,40,2,2
1,38,G,12,2008,3,1,1,2,2,1,1,1,1,1,1,1,1,2,9,4,1,6,38,2,2
3,49,F,12,2008,3,1,2,2,2,1,1,2,1,1,1,1,1,2,4,2,1,1, ?,2,2
2,44,F,11,2008,1,1,1,2,2,1,4,1,1,1,1,2,1,2,14,6,2,1,32,2,2
1,36,S,1,2008,4,7,7,2,2,1,1,1,1,1,1,1,1,2,9,1,1,1,45,2,2
1,36,F,2,2008,4,1,1,2,2,1,2,1,1,1,1,1,1,2,14,6,1,1,35,2,2
2,47,F,6,2008,2,1,1,2,2,1,1,1,1,1,1,1,1,2,9,6,1,1,35,2,2
11,47,F,10,2008,2,1,1,2,2,1,1,1,1,1,1,4,1,2,4,4,2,1,45,2,2
1,45,G,8,2008,2,1,1,2,2,1,1,1,1,1,1,1,1,2,9,6,1,1,1,2,2
5,45,G,1,2008,2,1,1,2,2,1,1,1,1,1,1,1,1,2,9,5,1,1, ?,2,2
2,44,F,11,2008,3,1,1,2,?,1,1,1,1,1,1,1,1,2,15,6,1,?, ?,2,2
2,44,F,11,2008,1,1,1,2,?,1,2,1,1,1,1,1,1,2,12,6,1,1, ?,2,2
4,35,F,6,2008,3,1,1,2,2,2,1,1,2,1,1,1,1,2,9,6,1,1,42,2,2
16,35,F,6,2008,4,1,1,2,2,2,4,1,2,1,1,1,1,2,9,6,1,1, ?,2,2
10,52,F,4,2008,2,1,1,2,1,1,2,2,1,1,1,2,1,2,9,1,1,1,29,?,?
6,41,F,1,2008,2,1,1,2,1,1,1,1,1,1,1,1,?,?,9,6,1,1, ?,2,2
6,41,G,9,2008,3,1,1,2,2,1,1,1,1,1,1,1,1,1,9,6,1,1, ?,2,2
2,50,F,7,2008,3,1,1,2,2,1,1,1,1,1,1,1,1,2,9,6,1,1, ?,2,2
12,50,F,6,2008,3,1,1,2,2,2,1,1,2,1,1,1,1,2,9,6,1,1,26,1,2
1,39,S,1,2008,3,1,1,2,2,1,1,1,1,1,1,1,1,2,9,5,1,1,45,2,2
1,38,F,3,2008,2,1,1,2,2,1,1,2,1,1,1,1,1,2,9,6,1,1,50,1,2
1,38,G,12,2008,3,1,1,2,2,1,1,1,1,1,1,?,1,2,9,6,1,6,38,1,2
1,38,F,7,2008,1,1,1,2,2,1,4,1,1,1,1,1,1,2,9,6,1,1,38,2,2
3,39,F,5,2008,1,1,1,2,2,1,4,1,1,1,1,1,1,2,14,6,1,1, ?,2,2
12,50,G,9,2008,3,1,1,2,2,1,1,1,1,1,1,1,1,2,9,6,1,1, ?,2,2
9,42,M,2,2008,4,1,1,2,2,1,3,1,1,1,1,5,1,1,10,6,1,1,21,2,2
9,42,F,5,2008,2,3,4,1,1,1,1,1,1,1,1,5,1,1,6,6,1,1,38,2,2
12,42,M,3,2008,2,3,1,2,2,1,1,1,1,1,1,5,1,1,10,6,1,1,22,2,2
13,42,M,6,2008,2,1,2,2,1,1,1,1,1,1,1,5,1,1,12,6,1,1,36,2,2
24,42,G,1,2008,4,1,1,2,2,1,1,1,1,1,1,1,1,2,9,6,1,2,38,?,?
24,42,F,4,2008,4,1,1,2,2,1,4,1,1,1,1,1,1,1,14,6,1,1,40,2,2
27,42,F,5,2008,1,1,1,1,1,1,1,1,1,1,1,5,1,1,6,4,1,1, ?,1,2
32,42,M,7,2008,2,1,1,1,1,1,1,1,1,1,1,5,1,1,9,6,1,1,20,2,2
29,42,M,4,2008,3,2,6,1,1,1,1,1,1,1,1,5,1,1,10,6,1,1,28,2,2
24,42,G,8,2008,3,1,1,2,2,1,1,2,1,1,1,2,1,2,10,6,1,1,26,2,2
24,42,F,9,2008,2,1,1,2,2,2,1,2,2,1,1,1,1,2,8,6,1,7,35,2,2
12,42,M,10,2008,1,1,1,1,1,1,3,1,1,1,1,5,1,1,10,6,1,1,32,2,2
15,42,F,11,2008,3,1,1,2,2,1,1,2,1,1,2,5,1,1,19,6,1,1,45,1,2
1,9,F,8,2008,3,1,1,2,2,1,1,2,1,1,1,1,1,2,8,6,1,1, ?,2,2
11,9,F,12,2008,3,1,1,2,2,1,1,1,1,1,1,3,1,2,9,6,1,1,32,2,2
5,5,F,7,2008,2,1,1,2,2,1,1,1,1,1,1,1,1,1,9,6,1,1, ?,2,2
6,5,F,2,2008,2,1,1,2,2,1,1,1,1,1,1,1,1,2,9,5,1,1, ?,2,2
8,15,G,8,2008,3,1,1,2,2,2,1,1,2,1,1,1,1,2,10,6,1,1, ?,2,2
10,9,F,5,2008,1,1,1,2,2,1,4,1,1,1,1,1,1,2,9,1,2,2,35,2,2
2,17,F,4,2008,3,1,1,2,1,1,2,1,1,1,1,1,2,?,12,11,1,7,35,2,2
1,12,G,11,2008,2,1,1,2,2,1,1,2,1,1,1,3,1,2,14,6,1,1,25,2,2
10,16,F,8,2008,4,1,1,2,2,1,4,1,1,1,1,2,2,2,9,6,1,6,45,2,2
4,55,F,11,2008,3,1,?,2,2,1,1,1,1,1,1,2,1,2,8,6,1,1, ?,2,2
6,56,F,3,2008,2,1,1,2,2,1,1,1,1,1,1,2,2,?,9,4,1,1, ?,2,2
7,56,F,12,2008,1,2,?,2,2,4,2,1,1,1,1,1,1,2,14,2,2,7,40,2,2
3,39,G,1,2008,1,1,1,2,2,1,4,1,1,1,1,1,1,2,9,6,1,1,50,2,2
1,46,F,2,2008,3,1,1,2,2,1,1,1,1,1,1,1,1,2,9,6,1,1, ?,2,2
10,52,G,2,2008,3,1,1,2,2,1,1,1,1,1,1,1,1,2,1,6,1,1, ?,2,2
5,43,F,3,2008,2,1,1,2,2,1,1,2,1,1,1,1,1,2,9,6,1,3,25,2,2
5,43,G,3,2008,3,1,1,2,2,1,1,1,1,1,1,4,1,2,14,6,1,1, ?,2,2
1,51,F,3,2008,2,1,1,2,2,1,1,1,1,1,1,2,1,1,14,5,2,1,28,2,2
15,50,F,3,2008,3,1,1,2,2,1,1,1,1,1,1,1,1,2,14,10,1,1,35,2,2
2,50,F,3,2008,1,1,1,2,2,2,4,1,2,1,1,1,1,2,14,11,1,1,40,2,2
3,44,G,4,2008,3,1,1,2,2,1,1,1,1,1,1,1,1,2,6,6,1,1, ?,2,2
1,45,G,4,2008,3,1,1,2,2,1,1,1,1,1,1,1,1,1,14,6,1,7, ?,2,2
1,40,F,4,2008,1,1,1,2,2,1,3,1,1,1,1,1,1,1,14,11,1,7, ?,2,2
1,47,F,5,2008,1,1,8,2,1,2,1,1,1,1,1,3,1,1,14,10,1,1,40,2,2
13,50,F,5,2008,2,1,1,2,2,1,1,1,1,1,1,2,1,2,4,7,1,1,32,2,2
7,44,M,5,2008,1,1,2,2,1,2,1,1,1,1,1,1,1,2,14,10,1,1, ?,2,2
6,41,G,8,2008,4,1,1,2,2,1,4,1,1,1,1,1,1,2,14,6,1,1,35,2,2
7,41,G,8,2008,4,3,2,2,2,1,2,1,1,1,1,3,1,2,12,6,1,1, ?,2,2
1,45,F,9,2008,1,1,1,2,2,1,4,1,1,1,1,1,1,2,14,6,1,1, ?,2,2
3,39,G,9,2008,1,1,1,2,2,1,4,2,1,1,1,1,1,2,9,5,1,1, ?,2,2
4,39,F,9,2008,4,1,1,2,2,1,2,1,1,1,1,1,1,2,9,4,1,1, ?,2,2
4,39,F,9,2008,4,1,1,2,2,1,2,1,1,1,1,4,1,2,9,6,1,1,40,2,2
5,41,S,7,2008,2,1,1,2,2,1,1,1,1,1,1,1,1,2,14,7,1,1, ?,2,2
2,47,F,6,2008,2,1,1,2,2,2,2,1,2,1,1,1,1,2,14,10,1,1, ?,2,2
1,39,F,6,2008,1,1,2,2,1,4,4,1,1,1,1,1,1,2,19,5,1,1, ?,2,2
7,47,F,10,2008,3,1,1,2,2,1,1,1,1,1,1,1,1,2,14,6,1,1, ?,2,2
1,39,G,10,2008,3,1,1,2,2,1,1,1,1,1,1,1,1,1,10,6,1,1,32,2,2
9,47,F,11,2008,1,1,1,2,2,1,1,1,1,1,1,1,1,2,14,5,1,1,42,2,2
4,44,S,12,2008,3,1,4,2,2,1,1,1,1,1,1,2,1,2,7,6,1,1, ?,2,2
7,41,M,12,2008,4,1,1,2,1,1,3,1,1,1,1,1,1,2,10,9,1,1, ?,2,2
1,39,F,12,2008,4,1,1,2,2,1,1,2,1,1,1,1,1,1,1,11,1,1, ?,2,2
7,44,G,11,2008,3,1,1,2,2,1,1,1,1,1,1,1,1,1,9,6,1,1,35,2,2
1,48,F,1,2008,2,1,1,2,2,1,1,4,1,1,1,1,1,2,14,1,1,1,32,2,2
6,40,G,3,2008,4,3,1,2,2,1,3,1,1,1,1,1,1,2,14,6,1,1, ?,2,2
12,50,F,3,2008,3,1,1,2,2,1,1,1,1,1,1,1,2,2,14,10,1,2,35,1,2
3,39,F,12,2008,4,3,1,2,2,1,4,1,1,1,1,1,1,2,14,2,1,?, ?,2,2
1,39,F,12,2008,4,1,1,2,2,1,2,2,1,1,1,1,1,1,1,6,1,1,13,2,2
5,50,F,7,2008,3,1,1,2,2,1,1,1,2,1,1,2,1,2,6,1,2,1, ?,2,2
1,38,F,4,2008,3,1,1,2,2,2,1,1,2,1,1,1,3,2,14,5,1,1,29,2,2
3,42,G,4,2008,3,7,4,1,1,1,1,1,1,1,1,1,1,1,12,6,1,1,28,1,2
8,42,M,2,2008,3,2,1,1,1,1,1,1,1,1,1,5,1,1,9,6,1,1,33,2,2
9,42,F,3,2008,3,1,1,1,1,1,1,1,1,1,1,5,1,1,9,6,1,1,35,2,2
9,42,M,3,2008,3,2,4,1,1,1,1,1,1,1,1,5,1,1,9,6,1,1,20,2,2
9,42,M,3,2008,1,7,4,1,1,1,3,1,1,1,1,5,1,1,9,6,1,1,28,2,2
10,42,M,5,2008,3,2,6,1,1,1,1,1,1,1,1,5,1,1,7,6,1,1,28,2,2
11,42,S,3,2008,2,1,1,1,1,1,1,1,1,1,1,1,1,1,14,6,1,1,38,1,2
11,42,M,3,2008,2,3,4,1,1,1,1,1,1,1,1,1,1,1,14,6,1,1,40,1,2
11,42,G,4,2008,4,2,4,1,1,1,3,1,1,1,1,5,1,1,10,6,1,1,32,2,2
11,42,G,5,2008,3,1,4,1,1,1,1,1,1,1,1,1,1,1,14,6,1,1,28,2,2
11,42,F,6,2008,1,1,1,1,1,1,2,1,1,1,1,5,1,1,9,6,1,1,32,2,2
12,42,G,1,2008,3,2,4,1,1,1,1,1,1,1,1,5,1,1,9,6,1,1,28,2,2
12,42,M,1,2008,4,2,4,1,1,1,3,1,1,1,1,5,1,1,7,6,1,1,34,2,2
12,42,F,2,2008,4,1,1,1,1,1,3,1,1,1,1,5,1,1,9,6,1,1,32,1,2
12,42,M,2,2008,2,1,1,2,2,1,1,1,1,1,1,5,1,1,10,6,1,1,32,2,2
12,42,F,3,2008,3,3,4,1,1,1,1,1,1,1,1,5,1,1,9,6,1,1,37,2,2
12,42,S,3,2008,4,3,4,1,1,1,1,1,1,1,1,5,1,1,9,6,1,1,33,2,2
12,42,M,4,2008,2,2,4,1,1,1,1,1,1,1,1,5,1,1,5,6,1,1,33,2,2
12,42,M,5,2008,2,3,4,1,1,1,1,1,1,1,1,5,1,1,19,6,1,1,25,2,2
12,42,M,6,2008,4,3,4,1,1,1,1,1,1,1,1,5,1,1,7,6,1,1,32,2,2
17,42,M,3,2008,3,3,4,1,1,1,1,2,1,1,1,5,1,1,10,6,1,1,38,1,2
17,42,M,6,2008,2,1,1,1,1,1,1,1,1,1,1,5,1,1,8,6,1,1,40,2,2
23,42,S,1,2008,4,4,2,1,1,1,3,1,1,1,1,1,1,1,9,6,1,1,42,2,2
23,42,G,1,2008,2,1,4,1,1,1,1,1,1,1,1,1,1,1,9,6,?,?,30,2,2
23,42,S,4,2008,2,1,1,1,1,1,3,1,1,1,1,1,1,1,10,6,1,1,26,2,2
23,42,M,6,2008,3,1,1,1,1,1,1,1,1,1,1,1,1,1,9,6,1,1,38,2,2
24,42,S,1,2008,3,7,1,2,2,1,1,1,1,1,1,1,1,1,9,6,1,3,28,?,?
24,42,S,3,2008,2,7,8,2,2,1,1,1,1,1,1,5,1,1,19,6,1,1,32,1,2
27,42,F,3,2008,1,3,5,1,1,1,3,1,1,1,1,5,1,1,14,6,2,?, ?,1,2
28,42,G,4,2008,2,2,8,1,1,1,1,1,1,1,1,5,1,1,8,6,1,1,28,2,2
28,42,F,6,2008,3,3,6,1,1,1,1,1,1,1,1,5,1,1,14,6,1,1,40,2,2
33,42,F,1,2008,4,1,1,2,2,1,3,1,1,1,1,1,1,1,14,6,1,1,39,1,2
33,42,M,4,2008,2,1,4,1,1,1,1,1,1,1,1,1,1,1,9,6,1,1,28,2,2
32,42,M,3,2008,1,2,4,1,1,1,3,1,1,1,1,5,1,1,9,6,1,1,38,2,2
32,42,G,6,2008,2,2,4,1,1,1,1,1,1,1,1,5,1,1,9,6,1,1,24,2,2
2,42,M,5,2008,3,2,1,1,1,1,2,1,1,1,1,5,1,1,9,6,?,?,42,?,?
1,42,G,2,2008,3,7,4,1,1,1,1,1,1,1,1,5,1,1,8,6,?,?,28,?,?
19,42,G,2,2008,1,3,1,2,2,1,1,1,1,1,1,2,1,1,8,6,1,1,25,2,2
14,42,S,1,2008,3,1,4,1,1,1,1,1,1,1,1,1,1,1,9,6,1,1,35,2,2
14,42,M,1,2008,4,1,1,1,1,1,3,1,1,1,1,1,1,1,9,6,1,1,28,2,2
14,42,M,2,2008,4,3,1,1,1,1,3,1,1,1,1,1,1,1,7,6,1,1,32,1,2
14,42,F,3,2008,3,3,4,1,1,1,1,1,1,1,1,1,1,1,14,6,1,1,35,1,2
14,42,M,4,2008,3,1,1,1,1,1,1,1,1,1,1,1,1,1,14,6,1,1,37,1,2
14,42,M,4,2008,4,1,1,1,1,1,3,1,1,1,1,1,1,1,14,6,1,1,27,1,2
14,42,F,5,2008,3,1,1,2,2,1,1,1,1,1,1,1,1,1,12,6,1,1,37,1,2
29,42,M,6,2008,2,1,5,1,1,1,1,1,1,1,1,5,1,1,7,6,1,1,28,2,2
13,42,G,9,2008,3,1,1,1,1,1,1,1,1,1,1,1,1,1,8,6,1,1,40,2,2
13,42,F,9,2008,3,1,1,1,1,1,1,1,1,1,1,1,1,1,9,6,1,1,38,2,2
13,42,G,10,2008,2,1,1,1,1,1,3,1,1,1,1,1,1,1,9,6,1,1,40,2,2
10,42,M,8,2008,2,3,4,1,1,1,2,1,1,1,1,5,1,1,9,6,1,1,32,2,2
18,42,G,5,2008,2,1,1,2,2,1,1,1,1,1,1,5,1,1,9,6,1,1,35,2,2
12,42,M,7,2008,3,1,1,1,1,1,1,1,1,1,1,5,1,1,9,6,1,1,38,2,2
12,42,G,9,2008,2,3,4,1,1,1,1,1,1,1,1,5,1,1,10,6,1,1,33,2,2
12,42,M,10,2008,2,3,4,1,1,1,1,1,1,1,1,5,1,1,9,6,1,1,28,2,2
9,42,M,8,2008,4,1,1,1,1,1,3,1,1,1,1,5,1,1,10,6,1,1,28,2,2
9,42,M,9,2008,4,3,4,1,1,1,3,1,1,1,1,5,1,1,19,6,1,1,32,2,2
9,42,M,9,2008,3,1,4,1,1,1,1,1,1,1,1,5,1,1,9,6,1,1,25,2,2
9,42,M,9,2008,3,2,4,1,1,1,1,1,1,1,1,5,1,1,10,6,1,1,23,2,2
9,42,M,9,2008,2,1,1,1,1,1,1,1,1,1,1,5,1,1,9,6,1,1,28,2,2
9,42,M,9,2008,2,1,1,1,1,1,1,1,1,1,1,5,1,1,9,6,1,1,40,2,2
9,42,G,9,2008,4,1,1,2,2,1,3,1,1,1,1,5,1,1,14,6,1,1,42,1,2
9,42,G,11,2008,1,3,1,1,1,1,3,1,1,1,1,5,1,1,14,6,1,1,38,1,2
9,42,M,12,2008,1,3,4,1,1,1,3,1,1,1,1,5,1,1,14,6,1,1,42,1,2
9,42,G,12,2008,1,1,1,1,1,1,2,1,1,1,1,5,1,1,5,6,1,1,27,2,2
32,42,F,11,2008,2,1,1,1,1,1,1,1,1,1,1,5,1,1,14,6,1,1,25,2,2
32,42,M,11,2008,4,1,1,1,1,1,3,1,1,1,1,5,1,1,9,6,1,1,42,2,2
3,42,M,7,2008,4,3,4,1,1,1,3,1,1,1,1,1,1,1,14,6,1,1,25,2,2
3,42,M,10,2008,3,7,1,1,1,1,1,1,1,1,1,1,1,1,1,1,1,1,50,2,2
13,42,M,12,2008,3,1,1,1,1,1,1,1,1,1,1,1,1,1,7,6,1,1,38,2,2
18,42,S,10,2008,2,1,4,1,1,1,3,4,1,1,1,5,1,1,10,6,1,1,38,2,2
1,42,M,10,2008,2,3,6,1,1,1,1,1,1,1,1,5,1,1,19,6,1,3,40,2,2
2,42,M,9,2008,4,2,1,1,1,1,3,1,1,1,1,5,1,1,9,6,1,1,35,1,2
8,42,M,3,2008,2,1,1,1,1,1,1,1,1,1,1,5,1,1,10,6,1,1,32,2,2
8,42,M,12,2008,4,1,4,1,1,1,2,1,1,1,1,5,1,1,5,6,1,1,35,2,2
14,42,M,11,2008,4,2,6,1,1,1,3,1,1,1,1,1,1,1,14,6,1,1,42,1,2
10,42,M,12,2008,3,1,1,1,1,1,1,1,1,1,1,5,1,1,10,6,1,1,42,2,2
10,42,G,12,2008,3,3,6,1,1,1,1,1,1,1,1,5,1,1,10,6,1,1,40,2,2
17,42,M,10,2008,2,1,4,1,1,1,2,1,1,1,1,5,1,1,9,6,1,1,32,2,2
17,42,M,12,2008,2,1,1,1,1,1,1,1,1,1,1,5,1,1,9,6,1,1,40,2,2
33,42,F,8,2008,3,1,1,2,2,1,1,1,1,1,1,5,1,1,9,6,1,1,38,2,2
33,42,M,10,2008,4,1,1,2,2,1,3,1,1,1,1,5,1,1,14,6,1,1,35,1,2
33,42,F,10,2008,3,1,1,1,1,1,2,1,1,1,1,1,1,1,9,6,1,1,35,1,2
33,42,M,11,2008,3,1,4,1,1,1,1,1,1,1,1,1,1,1,9,6,1,1,40,2,2
33,42,F,11,2008,2,1,1,2,2,1,1,1,1,1,1,1,1,1,9,6,1,1,40,2,2
33,42,F,12,2008,4,1,4,1,1,1,3,1,1,1,1,5,1,1,9,6,1,1,27,2,2
33,42,F,12,2008,2,1,1,1,1,1,1,1,1,1,1,1,1,1,9,6,1,1,38,2,2
18,42,M,12,2008,2,1,4,1,1,1,1,1,1,1,1,5,1,1,9,6,1,1,40,2,2
4,42,M,7,2008,4,1,1,1,1,1,1,3,1,1,1,5,1,1,9,6,1,1,40,2,2
4,42,M,8,2008,3,1,4,1,1,1,1,1,1,1,1,5,1,1,9,6,1,1,40,2,2
4,42,G,12,2008,3,1,1,1,1,1,1,1,1,1,1,5,1,1,12,6,1,1,35,2,2
1,28,F,9,2008,2,2,4,2,2,1,3,1,1,1,1,5,1,1,14,11,1,1,45,2,2
6,11,F,3,2008,4,1,1,2,2,1,4,1,1,1,1,4,1,2,19,6,1,7,25,2,2
5,4,F,9,2008,3,1,1,2,2,1,1,1,1,1,1,3,1,2,14,6,1,1,34,2,2
4,55,G,11,2008,2,1,?,2,2,1,1,2,1,1,1,2,1,2,14,3,1,1,25,2,2
3,55,F,6,2008,3,3,1,2,2,1,1,1,4,1,3,1,1,?,8,4,1,?, ?,?,2
5,2,F,1,2008,3,7,8,2,2,1,1,1,1,1,1,4,1,2,17,11,1,1,35,2,2
6,5,S,7,2008,3,1,1,2,2,1,1,1,1,1,1,1,1,1,13,6,1,1, ?,2,2
1,11,M,9,2008,3,7,1,2,2,1,1,1,1,1,1,3,1,2,17,6,1,7,22,2,2
1,11,G,11,2008,2,7,1,2,2,1,1,1,1,1,1,2,1,1,7,6,1,7,28,2,2
3,13,G,4,2008,2,1,1,2,2,1,1,1,1,1,1,3,1,2,6,11,1,7,30,2,2
3,15,F,9,2008,3,1,1,2,2,1,1,1,1,1,1,2,1,2,7,5,1,7,27,2,2
7,16,G,2,2008,2,2,1,2,2,2,1,1,2,1,1,1,1,1,12,6,1,1,27,2,2
1,9,F,5,2008,3,7,1,2,2,1,1,1,1,1,1,1,1,1,9,6,1,1, ?,2,2
9,9,F,5,2008,3,1,1,2,2,1,1,1,1,1,1,4,1,2,8,6,1,1,40,2,2
3,15,F,6,2008,1,1,1,2,2,1,4,1,1,1,1,1,1,1,14,6,1,7, ?,2,2
3,15,F,4,2008,1,7,1,2,2,1,4,1,1,1,1,3,1,2,14,11,1,7, ?,2,2
10,11,G,12,2008,3,7,8,2,2,1,1,1,1,1,1,4,1,2,9,11,1,1,40,2,2
10,11,G,12,2008,4,1,8,2,2,1,2,1,1,1,1,3,1,2,13,4,1,5,28,2,2
4,15,F,12,2008,2,7,1,2,2,1,1,1,1,1,1,3,1,2,14,6,1,1,32,2,2
1,12,F,8,2008,4,1,1,2,2,1,3,1,1,1,1,2,1,1,14,6,1,1, ?,2,2
4,3,G,5,2008,4,1,1,1,2,2,2,2,1,1,1,1,1,1,1,6,1,1, ?,2,2
6,3,F,9,2008,3,7,1,2,2,1,1,1,1,1,1,1,1,2,8,6,1,1,50,2,2
5,5,F,9,2008,2,7,1,2,2,1,1,1,1,1,1,1,1,2,14,6,1,7,25,2,2
5,5,S,10,2008,4,1,1,2,2,2,4,1,2,1,1,1,1,2,9,6,1,7, ?,2,2
1,12,G,11,2008,2,1,1,2,2,1,1,1,1,1,1,2,1,1,19,6,1,7, ?,2,2
6,15,F,6,2008,3,1,1,2,2,2,1,1,2,1,1,1,1,2,14,5,1,1,45,2,2
1,9,F,8,2008,4,7,1,2,2,1,3,1,1,1,1,1,1,1,14,6,1,7,40,2,2
1,11,F,2,2008,2,1,1,2,2,1,1,2,1,1,2,2,1,2,8,6,1,3,40,2,2
10,11,S,5,2008,4,7,8,2,2,1,4,1,1,1,2,1,1,2,8,6,1,7,25,2,2
5,11,F,2,2008,2,3,1,2,2,1,1,1,1,1,1,2,1,1,14,6,1,1,30,2,2
1,9,F,7,2008,2,7,8,2,2,1,2,2,1,1,1,1,1,1,14,1,1,7,35,2,2
1,6,G,6,2008,3,1,1,1,2,2,1,2,2,1,1,1,1,2,8,4,1,1,35,2,2
7,8,F,12,2008,2,7,1,2,2,4,1,1,1,1,1,3,1,2,9,4,1,1, ?,1,2
13,54,F,7,2008,3,7,1,2,2,1,1,1,1,1,1,1,1,2,14,6,?,?, ?,?,?
13,54,F,8,2008,3,7,1,2,2,1,1,1,1,1,1,1,1,2,9,6,?,6, ?,2,2
13,54,F,8,2008,1,1,1,2,2,1,2,1,1,1,1,1,1,2,14,6,?,?, ?,2,2
9,54,F,8,2008,2,7,1,2,2,1,1,1,1,1,1,1,1,2,19,6,?,?, ?,2,2
9,54,F,8,2008,2,7,1,2,2,1,1,1,1,1,1,1,1,2,14,6,?,?, ?,2,2
13,54,F,9,2008,1,7,1,2,2,1,4,2,1,1,1,2,1,2,14,6,1,?, ?,?,2
9,54,F,9,2008,3,7,1,2,2,1,1,1,1,1,1,1,1,?,14,6,?,?, ?,?,2
7,56,F,1,2008,2,2,?,1,?,1,1,5,1,1,1,1,?,2,7,2,2,7,35,?,?
8,56,S,8,2008,3,7,1,2,2,1,1,2,1,1,1,4,1,2,19,6,?,?, ?,?,?
8,56,F,8,2008,3,1,1,1,2,1,1,3,1,1,2,3,1,2,14,6,1,1,22,2,2
7,55,G,1,2008,2,1,1,1,2,1,1,1,1,1,1,2,1,2,13,4,1,1, ?,?,?
3,55,F,1,2008,3,7,8,2,2,4,2,1,2,1,1,5,1,2,8,6,?,1,45,?,?
5,55,F,2,2008,3,1,1,2,2,1,1,2,1,1,1,2,1,2,9,11,1,1,40,2,2
1,55,S,6,2008,3,?,8,2,2,1,2,1,1,1,1,1,1,2,14,6,?,7, ?,1,?
3,56,F,10,2008,2,2,?,2,2,1,1,1,1,1,1,1,?,2,9,1,?,7,35,?,?
9,56,F,10,2008,2,3,1,?,2,1,1,2,1,1,1,4,1,1,9,1,1,?, ?,?,?
4,55,G,11,2008,2,1,?,2,2,1,1,1,1,1,?,2,?,2,5,6,1,1, ?,2,2
3,53,G,12,2008,2,1,1,2,2,1,1,1,1,1,1,2,1,2,9,11,1,?, ?,2,2
5,56,G,12,2008,3,7,1,2,2,1,1,1,1,1,1,2,1,2,7,11,1,?, ?,2,2
14,58,F,7,2008,3,3,1,2,2,1,1,1,1,1,1,3,1,1,9,6,1,1,45,2,2
14,58,M,8,2008,2,1,1,2,1,1,2,1,1,1,1,1,1,1,9,10,1,1, ?,1,2
11,9,G,1,2008,2,1,1,2,2,4,1,1,2,1,1,1,1,1,14,11,1,7, ?,2,2
6,15,F,1,2008,2,1,8,2,2,1,1,1,1,1,1,1,1,1,13,6,1,7,26,2,2
7,13,F,10,2008,2,1,1,1,2,1,1,1,1,1,1,2,1,2,8,6,1,7,35,2,2
9,54,F,2,2008,4,7,1,2,2,1,4,1,1,1,1,1,1,2,14,6,1,?, ?,?,?
1,56,G,4,2008,2,7,2,2,2,1,1,3,1,1,2,1,1,2,19,6,1,3,35,?,?
11,9,G,4,2008,2,7,1,2,2,1,1,1,1,1,1,3,1,2,4,6,1,7,32,2,2
1,12,F,4,2008,1,1,1,2,2,1,2,1,1,1,1,2,1,1,9,6,1,1,40,2,2
6,15,F,3,2008,3,1,8,2,2,1,1,1,1,1,1,3,1,2,8,6,1,7,32,2,2
7,13,F,10,2008,2,7,1,2,2,1,1,1,1,1,1,2,1,2,14,6,2,7, ?,2,2
1,15,F,5,2008,3,7,1,2,2,1,1,1,1,1,1,1,1,1,9,5,1,7, ?,2,2
4,5,F,12,2008,4,7,8,2,2,4,2,1,1,1,1,1,1,2,13,7,1,1, ?,2,2
1,17,F,9,2008,3,1,1,2,2,1,1,1,1,1,1,1,1,1,14,11,1,7,48,2,2
9,54,F,2,2008,2,7,1,2,2,1,4,1,1,1,1,2,1,2,14,6,1,?, ?,?,?
9,54,F,2,2008,3,7,1,2,?,1,1,3,1,1,2,1,1,2,14,6,1,?, ?,?,?
13,54,M,9,2008,1,7,1,2,2,1,2,1,1,1,1,1,1,?,9,6,?,?, ?,?,2
7,56,G,1,2008,3,5,1,2,2,1,1,2,1,1,1,1,5,2,9,10,?,7, ?,?,?
7,56,M,4,2008,2,7,1,2,2,1,1,1,1,1,1,1,1,2,9,6,1,1,57,1,2
1,55,G,10,2008,4,7,1,2,2,1,2,1,1,1,1,1,1,?,14,6,?,?, ?,?,?
13,54,F,12,2008,3,1,1,2,2,1,2,1,1,1,1,1,1,2,14,6,1,1,25,2,2
2,64,M,8,2008,3,1,8,2,2,1,1,1,1,1,1,5,1,1,9,6,1,1, ?,1,2
8,57,F,10,2008,2,1,8,2,2,1,1,1,1,1,1,1,1,2,7,11,1,1,28,2,2
9,54,F,1,2008,3,7,1,2,2,4,4,1,2,1,1,2,1,2,14,10,?,?, ?,?,?