Thana,District,Accident_Severity,Month,Year,Time,Junction_Type,Traffic_Control,Movement,Divider,Weather,Light,Road_Geometry,Surface_Condition,Surface_Type,Surface_Quality,Road_Class,Road_Feature,Location_Type,Vehicle_Type,Vehicle_Movement,Vehicle_Loading,Vehicle_Defect,Vehicle_Driver_Age,Vehicle_Alcohol,Vehicle_Seat_Belt
1,62,F,6,2009,4,2,1,2,2,1,4,1,1,1,1,2,1,2,6,6,1,7,35,2,2
2,59,F,8,2009,1,1,1,2,2,1,3,1,1,1,1,2,1,2,5,6,1,1, ?,2,2
1,59,G,8,2009,3,7,1,2,2,1,1,1,1,1,1,2,1,2,19,1,1,7, ?,1,2
7,59,F,3,2009,4,1,1,2,2,1,3,1,1,1,1,2,1,2,19,6,?,?, ?,2,2
13,63,F,3,2009,4,1,8,2,2,1,1,1,1,1,1,1,1,2,4,11,1,1, ?,2,2
6,63,F,7,2009,2,1,8,2,2,1,1,1,1,1,1,1,1,2,12,9,1,1, ?,1,2
6,66,F,9,2009,4,1,1,2,2,1,1,2,1,2,1,4,1,2, ?, ?,?,?, ?,?,?
4,66,G,10,2009,4,1,1,2,2,1,1,1,1,1,1,2,1,1,7,6,1,1,24,2,2
6,59,F,12,2009,3,1,8,2,2,1,1,1,1,1,2,4,1,2,17,6,1,1,30,2,2
9,63,G,5,2009,4,7,1,2,2,1,3,1,1,1,1,1,1,2,7,1,1,1,45,2,2
1,57,F,5,2009,4,1,1,1,2,1,4,1,1,1,1,1,1,2,9,6,?,?, ?,2,2
1,57,F,4,2009,2,1,8,2,2,1,1,1,1,1,1,2,2,2, ?,6,?,?, ?,2,2
1,57,F,6,2009,2,1,1,2,1,1,1,1,1,1,1,5,1,1,2,6,?,?, ?,2,2
4,58,G,5,2009,2,1,1,2,1,1,2,1,1,2,2,4,4,2,8,6,?,7,35,2,2
1,58,G,4,2009,2,1,1,2,2,1,1,1,1,1,1,2,1,2,14,6,1,1, ?,2,2
7,63,F,5,2009,2,1,1,2,2,1,1,1,1,1,1,1,?,2,9,6,1,7, ?,2,2
13,63,G,1,2009,3,7,1,1,2,1,3,2,1,1,1,1,1,2,7,6,1,1,28,2,2
1,57,F,4,2009,2,7,1,2,?,1,1,?,?,?,?,3,?,2,14,6,1,1,7,2,2
1,57,F,10,2009,3,1,8,2,2,1,1,1,1,1,1,1,1,2,9,5,1,7,35,2,2
1,62,G,12,2009,2,3,1,2,2,1,1,1,1,1,1,5,1,1,5,6,1,1,29,2,2
2,59,F,5,2009,3,2,1,2,2,1,1,1,1,1,1,2,1,2,14,4,?,?, ?,2,2
2,59,F,2,2009,3,1,1,2,2,1,1,1,1,1,1,2,1,1,14,7,?,?, ?,2,2
7,58,F,8,2009,4,1,1,2,2,1,1,1,1,1,1,1,1,?,9,6,1,?, ?,2,2
7,58,F,12,2009,3,1,1,2,1,1,1,1,1,1,1,1,2,?,9,1,?,?, ?,2,2
14,58,F,9,2009,3,1,1,2,2,1,1,1,1,1,1,1,1,2,14,6,?,?, ?,2,2
13,63,F,5,2009,4,1,1,?,2,1,3,1,1,1,1,4,1,2,13,6,2,7, ?,2,2
3,38,F,1,2009,2,7,1,2,2,1,1,1,1,1,1,1,1,2,12,6,1,7, ?,2,2
4,38,F,1,2009,3,2,1,2,2,1,1,1,1,1,1,3,1,2,14,5,1,1, ?,2,2
3,38,G,1,2009,3,7,1,2,2,1,1,1,1,1,1,1,1,2,11,6,1,7, ?,2,2
7,38,F,1,2009,2,1,1,2,2,1,1,1,1,1,2,1,1,2,9,5,1,7,30,2,2
1,47,G,1,2009,3,1,1,2,2,1,1,1,1,1,1,1,1,2,9,5,1,7,32,2,2
2,45,F,1,2009,3,3,1,2,2,1,1,1,1,1,1,3,1,2,14,6,1,7, ?,2,2
5,45,F,2,2009,3,7,1,2,1,1,1,1,1,1,1,1,1,2,14,6,1,7, ?,2,2
3,45,F,2,2009,4,7,1,2,2,1,2,1,1,1,1,3,1,2,19,6,1,3, ?,2,2
6,45,G,2,2009,4,2,1,2,2,1,2,1,1,1,1,1,1,2,9,6,1,1, ?,2,2
6,51,F,2,2009,2,7,8,2,2,2,1,1,1,1,1,3,1,2,2,6,1,1, ?,2,2
12,51,F,2,2009,3,7,1,2,2,1,1,1,1,1,1,2,1,2,14,5,1,1,38,2,2
11,51,G,2,2009,2,1,1,2,2,1,1,1,1,1,3,3,1,2,7,6,1,5,30,2,2
5,47,F,2,2009,4,1,4,2,2,1,2,1,1,1,1,3,1,2,9,6,1,3, ?,2,2
1,38,F,2,2009,1,1,1,2,2,1,2,1,1,1,1,1,1,2,9,5,1,1, ?,2,2
2,36,G,2,2009,3,1,1,2,2,1,1,1,1,1,1,1,1,2,9,9,1,1, ?,2,2
4,36,F,2,2009,4,7,1,2,2,1,4,1,1,1,1,3,1,2,7,6,1,1, ?,2,2
3,38,F,3,2009,3,1,1,2,2,1,1,1,1,1,1,1,1,2,7,6,1,3, ?,2,2
12,47,F,4,2009,2,7,1,2,2,1,1,2,1,1,1,1,1,2,14,6,1,1, ?,2,2
3,38,F,4,2009,2,7,1,2,2,1,1,1,1,1,1,1,1,2,6,6,1,3, ?,2,2
3,38,F,4,2009,4,1,1,2,2,1,4,1,1,1,1,1,1,2,14,6,1,3, ?,2,2
7,38,F,4,2009,4,7,8,2,2,1,4,1,1,1,1,3,1,2,19,6,1,3, ?,2,2
1,44,F,4,2009,1,7,8,2,2,1,2,2,1,1,1,2,1,1,14,7,1,3, ?,2,2
2,35,F,4,2009,3,1,1,2,2,1,1,1,1,1,1,4,1,2,8,6,1,1, ?,2,2
4,37,F,4,2009,3,7,1,2,2,1,1,1,1,1,1,4,3,2,9,6,1,3, ?,2,2
6,37,F,4,2009,3,3,8,2,2,1,1,2,1,1,1,4,1,2,9,6,1,3, ?,2,2
1,49,F,2,2009,2,1,1,2,2,1,1,1,1,1,1,2,1,1,9,6,1,3, ?,2,2
1,45,F,5,2009,2,7,1,2,2,1,1,1,1,1,1,1,1,1,9,6,1,7, ?,2,2
2,45,G,5,2009,2,1,1,2,2,1,1,1,1,1,1,1,1,1,15,6,1,3, ?,2,2
3,45,G,5,2009,3,1,1,2,2,1,1,1,1,1,1,2,1,1,9,6,1,7, ?,2,2
1,38,F,5,2009,3,7,1,2,2,1,1,1,1,1,1,1,1,2,14,6,1,3, ?,2,2
1,45,F,6,2009,1,1,1,2,2,1,3,1,1,1,1,1,1,1,9,6,1,7, ?,2,2
5,45,F,6,2009,4,1,1,2,2,1,2,1,1,1,1,1,1,2,12,6,1,7, ?,2,2
4,45,M,6,2009,3,1,1,2,2,1,1,1,1,1,1,3,1,2,12,6,1,1, ?,2,2
6,44,F,6,2009,2,1,1,2,2,1,1,1,1,1,1,2,1,2,9,1,1,1, ?,2,2
3,38,M,6,2009,3,7,1,2,2,1,1,1,1,1,1,1,1,2,9,6,1,3, ?,2,2
6,38,G,6,2009,2,1,1,2,2,1,1,1,1,1,1,1,1,2,9,6,1,1, ?,2,2
1,49,F,6,2009,3,1,1,2,2,1,1,1,1,1,1,2,1,2,14,5,1,1,45,2,2
1,47,F,7,2009,3,1,1,2,2,1,4,1,2,1,1,1,1,1,12,6,1,1,40,2,2
1,47,F,7,2009,2,2,4,2,2,1,1,1,1,1,1,1,1,1,9,6,1,1, ?,2,2
13,47,F,7,2009,3,1,1,2,2,1,1,1,1,1,1,1,1,2,9,6,1,1, ?,2,2
4,47,F,7,2009,3,1,1,2,2,1,1,1,1,1,1,3,1,2,9,6,1,1,40,2,2
1,38,G,7,2009,2,7,8,2,2,1,2,1,1,1,1,1,1,1,7,6,1,1, ?,2,2
1,45,F,7,2009,2,7,1,2,2,1,1,1,1,1,1,1,1,2,9,6,1,7, ?,2,2
1,45,F,7,2009,4,7,1,2,2,1,3,1,1,1,1,1,1,1,14,6,1,1, ?,2,2
3,45,F,7,2009,3,1,1,2,2,1,2,2,1,1,1,4,1,2,19,6,1,7, ?,2,2
1,43,F,7,2009,2,1,1,2,2,1,1,1,1,1,1,5,1,1,6,6,1,1, ?,2,2
6,43,F,6,2009,2,1,1,2,2,1,1,1,1,1,1,2,1,2,9,6,1,1, ?,2,2
1,41,M,2,2009,2,1,1,2,2,1,1,1,1,1,1,1,1,2,14,6,1,3, ?,2,2
3,41,F,5,2009,3,7,1,2,2,1,1,1,1,1,1,2,1,2,4,6,1,1,40,2,2
6,41,F,6,2009,4,1,1,2,2,1,2,1,1,1,1,1,1,2,2,6,1,1,35,2,2
4,45,F,8,2009,2,1,1,2,2,1,1,1,1,1,1,3,1,2,15,6,1,1, ?,2,2
1,40,F,2,2009,2,1,1,2,2,1,1,1,1,1,1,1,1,1,14,6,1,3, ?,2,2
6,40,F,2,2009,2,3,1,2,2,1,1,1,1,1,1,2,1,2,10,6,1,1,25,2,2
6,40,G,2,2009,3,1,1,2,2,1,1,1,1,1,1,1,1,2,10,6,1,1,27,2,2
6,40,F,7,2009,3,1,1,2,2,1,1,1,1,1,1,4,1,2,13,6,1,1,26,2,2
6,40,F,7,2009,2,7,8,2,2,1,2,1,1,1,1,1,1,2,12,6,1,1, ?,2,2
1,40,G,8,2009,3,1,1,2,2,1,1,1,1,1,1,1,1,1,15,6,1,3, ?,2,2
6,40,F,8,2009,1,7,1,2,2,1,4,1,1,1,1,1,1,2,13,6,1,1,38,2,2
1,47,G,8,2009,4,1,1,2,2,2,4,2,2,1,1,1,1,2,9,6,1,1, ?,2,2
3,38,F,9,2009,4,1,1,2,2,1,4,1,1,1,1,1,2,2,19,6,1,1, ?,2,2
2,50,F,6,2009,4,1,1,2,2,1,2,1,1,1,1,1,1,1,14,6,1,1, ?,2,2
1,50,F,6,2009,2,1,1,2,2,1,1,1,1,1,1,2,1,2,9,6,1,1, ?,2,2
8,50,G,7,2009,2,1,1,2,2,1,1,1,1,1,1,4,1,2,9,6,1,1, ?,2,2
5,50,F,7,2009,3,1,1,2,2,1,1,1,1,1,1,1,1,2,9,6,1,1, ?,2,2
7,41,F,8,2009,2,3,4,2,2,1,2,2,1,1,1,1,1,1,14,6,1,1, ?,2,2
9,51,F,9,2009,4,1,1,2,2,1,1,1,1,1,1,2,1,2,9,5,1,1, ?,2,2
1,40,F,9,2009,4,1,1,2,2,1,3,1,1,1,1,1,1,1,9,6,1,1, ?,2,2
3,38,F,10,2009,3,1,1,2,2,1,1,1,1,1,1,1,1,2,9,6,1,1, ?,2,2
3,38,F,10,2009,3,1,1,2,2,1,1,1,1,1,1,1,1,2,9,6,1,1, ?,2,2
2,50,F,10,2009,2,1,1,2,2,1,1,1,1,1,1,1,1,2,9,6,1,1, ?,2,2
4,38,G,11,2009,3,3,1,2,2,1,1,1,1,1,1,5,1,1,9,5,1,3, ?,2,2
3,38,F,11,2009,3,1,1,2,2,1,1,1,1,1,1,1,1,2,8,6,1,1, ?,2,2
4,37,F,11,2009,3,1,1,2,2,1,1,1,1,1,1,3,1,2,9,6,1,1,30,2,2
1,45,F,11,2009,3,1,1,2,2,1,1,1,1,1,1,1,1,2,12,6,1,3, ?,2,2
6,40,F,11,2009,4,1,1,2,2,1,2,1,1,1,1,1,1,2,19,6,1,1,45,2,2
1,46,F,2,2009,4,1,1,2,2,1,3,1,1,1,1,2,1,1,9,6,1,6, ?,2,2
3,46,G,10,2009,1,1,1,2,2,1,4,2,1,1,1,3,1,2,14,6,1,1, ?,2,2
5,46,F,10,2009,2,1,1,2,2,1,2,1,1,1,1,3,1,2,14,6,1,1, ?,2,2
6,46,G,3,2009,3,1,4,2,2,1,1,1,1,1,1,1,1,1,9,6,1,3, ?,2,2
7,44,F,11,2009,2,1,1,2,2,1,2,1,1,1,1,1,3,2,14,6,1,3, ?,2,2
2,50,F,11,2009,4,1,1,2,2,1,4,1,1,1,1,1,1,2,9,6,1,1, ?,2,2
7,41,F,11,2009,3,1,1,2,2,1,1,1,1,1,1,1,1,1,9,6,1,1, ?,2,2
4,43,G,10,2009,4,1,1,2,2,1,4,1,1,1,1,3,1,2,13,7,1,3,43,2,2
12,50,F,12,2009,4,1,1,2,2,1,2,1,1,1,1,1,1,2,7,6,1,1,30,2,2
1,47,F,12,2009,3,1,1,2,2,1,1,5,1,1,1,2,1,2,14,5,1,1, ?,2,2
3,47,G,12,2009,2,1,1,2,2,1,1,1,1,1,1,2,1,2,14,6,1,1, ?,2,2
3,43,F,12,2009,4,2,1,2,2,1,2,1,1,1,1,1,1,2,9,6,1,3, ?,2,2
4,42,F,2,2009,4,1,1,1,1,1,3,1,1,1,1,5,1,1,9,6,1,1,30,2,2
11,42,M,2,2009,3,7,4,1,1,1,1,1,1,1,1,5,1,1,9,6,1,1,45,2,2
17,42,S,1,2009,4,1,1,2,2,1,3,1,1,1,1,5,1,1,10,6,1,1,38,2,2
28,42,G,1,2009,4,1,8,1,1,1,3,1,1,1,1,1,1,1,9,6,1,7,30,1,1
28,42,S,2,2009,4,3,4,1,1,1,3,1,1,1,1,5,1,1,10,6,1,1,38,2,1
28,42,G,3,2009,2,2,4,1,1,1,1,1,1,1,1,5,1,1,9,6,1,1,42,2,2
18,42,M,1,2009,2,6,4,1,1,1,2,1,1,1,1,5,1,1,9,6,1,1,55,2,2
32,42,F,1,2009,1,7,4,1,1,1,2,1,1,1,1,5,1,1,14,6,1,1,40,1,2
15,42,G,2,2009,1,1,1,1,1,1,1,1,1,1,1,5,1,1,8,6,1,1,42,2,2
15,42,G,4,2009,4,1,1,1,1,1,3,1,1,1,1,5,1,1,19,6,1,1,20,2,2
14,42,F,1,2009,?,2,4,1,1,1,1,1,1,1,1,1,1,1,9,6,1,1,45,2,2
14,42,G,2,2009,2,2,4,1,1,1,2,1,1,1,1,1,1,1,9,6,1,7,30,1,2
14,42,F,3,2009,4,1,4,1,1,1,3,1,1,1,1,1,1,1,14,6,1,1,52,1,2
14,42,F,4,2009,3,1,1,1,1,1,1,1,1,1,1,1,1,1,10,6,1,1,38,2,2
33,42,F,2,2009,1,1,1,1,1,1,3,1,1,1,1,1,1,1,14,6,1,1,45,1,2
33,42,F,4,2009,3,1,1,1,1,1,1,1,1,1,1,1,1,1,15,1,1,1,45,2,2
1,42,G,4,2009,2,1,1,1,1,1,1,1,1,1,1,5,1,1,9,6,1,1,40,2,2
2,42,S,5,2009,2,1,1,2,2,1,1,3,1,1,1,5,1,1,19,6,1,1,32,2,2
34,42,F,1,2009,2,1,1,1,1,1,1,1,1,1,1,1,1,1,9,6,1,1,42,2,2
29,42,G,4,2009,2,3,4,2,2,1,1,1,1,1,1,5,1,1,9,6,1,1,42,2,2
11,42,F,4,2009,3,3,1,2,2,1,1,1,1,1,1,5,1,1,7,6,1,1,32,2,2
11,42,F,5,2009,1,1,2,1,1,1,1,1,1,1,1,2,1,1,9,6,1,1,45,2,2
7,42,F,1,2009,2,2,5,2,2,1,1,1,1,1,1,2,1,1,9,6,1,1,30,2,2
28,42,S,5,2009,3,1,1,1,1,1,1,1,1,1,1,5,1,1,9,6,1,1,32,2,2
21,42,F,5,2009,3,1,1,2,2,1,1,1,1,1,1,1,1,1,9,6,1,3,35,2,2
8,42,M,5,2009,2,1,1,1,1,1,1,1,1,1,1,5,1,1,9,6,1,1,20,2,2
8,42,F,6,2009,1,2,1,2,1,1,3,1,1,1,1,5,1,1,14,6,1,1,42,1,2
18,42,M,3,2009,2,1,2,2,1,1,2,1,1,1,1,5,1,1,9,6,1,1,42,2,2
32,42,F,4,2009,1,3,1,1,1,1,2,1,1,1,1,5,1,1,14,6,1,1,38,1,2
32,42,G,5,2009,1,3,1,1,1,1,1,1,1,1,1,5,1,1,14,6,1,1,38,2,2
32,42,F,6,2009,1,1,1,1,1,1,3,1,1,1,1,5,1,1,14,6,1,1,40,2,2
26,42,F,6,2009,2,7,1,2,2,1,2,1,1,1,1,5,1,1,9,6,1,1,36,2,2
28,42,M,7,2009,3,5,4,2,2,1,1,1,1,1,1,5,1,1,9,6,1,1,30,2,2
5,42,M,6,2009,2,1,1,1,1,1,1,1,1,1,1,5,1,1,7,6,1,1,40,2,2
27,42,S,6,2009,4,2,5,2,1,1,3,1,1,1,1,5,1,1,8,5,1,1,40,2,2
3,42,F,3,2009,2,3,4,1,1,1,2,1,1,1,1,1,1,1,13,6,1,1,30,1,2
3,42,F,6,2009,2,1,4,1,1,1,2,1,1,1,1,1,1,1,15,6,1,1,40,2,2
12,42,M,2,2009,4,1,2,1,1,1,1,1,1,1,1,5,1,1,12,6,1,1,35,2,2
12,42,M,2,2009,3,1,1,1,1,1,3,1,1,1,1,1,1,1,14,6,1,1,42,1,2
12,42,F,5,2009,3,1,8,1,1,1,2,1,2,1,1,1,1,1,14,6,1,3,45,2,2
33,42,G,5,2009,3,1,1,2,2,1,1,1,1,1,1,1,1,1,9,6,1,1,35,2,1
21,42,G,7,2009,2,1,1,2,2,1,1,1,1,1,1,3,1,1,14,6,1,1,42,2,2
11,42,S,7,2009,3,1,1,1,1,1,1,1,1,1,1,3,1,1,8,6,1,1,34,2,2
12,42,F,7,2009,1,1,1,1,1,1,3,1,1,1,1,5,1,1,8,6,1,7,38,2,2
3,42,F,7,2009,1,1,8,1,1,1,4,1,1,1,1,1,1,1,14,6,1,7,42,1,2
5,42,G,7,2009,2,1,1,2,2,1,1,1,1,1,1,5,1,1,9,6,1,1,42,2,2
32,42,F,8,2009,3,1,1,1,1,1,1,1,1,1,1,5,1,1,14,6,1,1,28,2,2
33,42,F,8,2009,2,3,1,1,1,1,3,1,1,1,1,1,1,1,19,6,1,1,35,2,2
7,42,G,8,2009,3,1,1,1,1,1,1,1,1,1,1,5,1,1,8,5,1,1,25,2,2
9,42,G,8,2009,4,1,1,1,1,1,3,1,1,1,1,5,1,1,10,6,1,1,37,2,2
22,42,F,8,2009,4,2,4,1,1,1,4,1,1,1,1,1,1,1,14,6,1,1,40,2,2
4,42,F,5,2009,1,3,1,2,2,1,2,1,1,1,1,5,1,1,14,6,1,1,37,1,2
37,42,F,8,2009,4,1,1,2,1,1,3,1,1,1,1,5,1,1,14,6,?,?, ?,?,?
23,42,F,5,2009,3,3,4,1,1,1,1,1,1,1,1,1,1,1,14,6,1,7,37,1,2
7,42,G,9,2009,4,1,4,1,1,1,3,1,1,1,1,5,1,1,8,6,1,1,22,1,2
12,42,M,9,2009,2,2,4,1,1,1,1,1,1,1,1,1,1,1,12,6,1,1,35,2,2
34,42,G,9,2009,2,1,2,1,1,1,1,1,1,1,1,1,1,1,9,6,1,1,33,2,2
8,42,G,9,2009,4,3,1,2,2,1,2,1,1,1,1,5,1,1,10,6,1,1,23,2,2
12,42,M,10,2009,2,1,7,1,1,1,1,1,1,1,1,5,1,1,10,6,1,1,42,2,2
12,42,F,11,2009,1,1,6,2,1,1,3,1,1,1,1,1,1,1,14,5,1,1,40,2,2
15,42,F,10,2009,4,3,1,2,2,1,3,1,1,1,1,5,1,1,10,6,1,1,32,2,2
21,42,F,10,2009,3,1,4,2,2,1,4,1,1,1,3,1,1,1,14,6,1,1,38,1,2
24,42,F,10,2009,3,1,1,2,2,1,1,2,1,1,1,1,1,1,9,6,1,1,35,2,2
28,42,M,10,2009,?,2,4,1,1,1,1,1,1,1,1,5,1,1,9,6,1,1,42,2,2
28,42,F,10,2009,3,1,5,1,1,1,1,1,1,1,1,5,1,1,9,6,1,1,40,2,2
33,42,F,11,2009,3,3,4,1,1,1,1,1,1,1,1,5,1,1,9,6,1,1,35,2,2
9,42,G,12,2009,4,1,1,1,1,1,3,1,1,1,1,5,1,1,10,6,1,1,28,2,2
2,42,F,12,2009,4,3,1,1,1,1,3,2,1,1,1,5,1,1,9,6,1,1,41,2,2
33,42,F,12,2009,3,1,8,1,1,1,1,1,1,1,1,1,1,1,9,6,1,1,40,2,2
28,42,G,12,2009,3,1,4,1,1,1,1,1,1,1,1,5,1,1,9,6,1,1,38,2,2
14,42,G,12,2009,3,2,4,1,1,1,1,1,1,1,1,1,1,1,7,6,1,1,22,2,2
1,24,F,3,2009,3,1,1,2,2,1,1,1,1,1,1,1,1,2,13,6,1,1,53,1,2
7,24,F,3,2009,3,3,1,2,2,1,1,1,1,1,1,1,1,2,14,6,1,1, ?,1,2
1,21,F,7,2009,3,1,1,2,2,1,1,1,1,1,1,1,1,2,9,6,1,1, ?,1,2
3,21,G,7,2009,3,3,1,2,2,1,1,1,1,1,1,4,1,2,13,1,1,1, ?,1,2
3,20,G,4,2009,3,3,1,2,2,1,1,1,1,1,1,3,1,2,12,6,1,1, ?,1,2
1,23,F,3,2009,3,1,1,2,2,1,1,2,1,1,1,4,1,2,9,6,1,1,45,1,2
18,3,F,12,2009,4,1,1,2,2,1,2,1,1,1,1,1,1,2,9,6,1,1,40,1,2
7,18,F,12,2009,3,1,1,2,2,1,1,1,1,1,1,2,?,1,9,6,1,1, ?,1,2
1,25,F,10,2009,2,1,1,2,2,1,1,1,1,1,1,2,1,2,19,6,1,1, ?,1,2
6,25,G,6,2009,4,1,1,2,2,1,2,1,1,1,1,2,1,2,9,6,1,1, ?,1,2
8,25,G,9,2009,3,1,1,2,2,1,1,1,1,1,1,1,1,2,16,6,1,1, ?,1,2
4,26,F,1,2009,2,1,1,2,2,1,1,1,1,1,1,2,1,2,9,6,1,1,35,1,2
4,26,F,7,2009,1,1,1,2,2,2,3,1,2,1,1,2,1,2,13,6,1,1, ?,1,2
4,26,F,10,2009,3,3,1,2,2,1,1,1,1,1,1,2,1,2,13,6,1,1, ?,1,2
4,26,F,12,2009,3,1,1,2,2,1,1,1,1,1,1,2,1,2,9,6,1,1, ?,1,2
1,29,F,10,2009,2,1,1,2,2,1,1,1,1,1,1,4,1,2,9,6,1,1,45,1,2
3,29,G,1,2009,3,2,1,2,2,1,1,1,1,1,1,1,1,2,12,2,1,1,28,1,2
3,29,G,9,2009,3,1,1,2,2,1,1,1,1,1,1,2,1,2,6,6,1,1, ?,1,2
2,29,F,6,2009,3,4,1,2,2,1,1,2,1,1,1,2,1,2,8,6,1,1, ?,1,2
2,29,G,8,2009,3,2,1,2,2,1,1,1,1,1,1,2,1,2,8,6,1,1,30,1,2
4,29,F,1,2009,2,1,1,2,2,1,1,1,1,1,1,1,1,2,10,6,1,1, ?,1,2
5,29,F,3,2009,3,1,1,2,2,1,1,1,1,1,1,1,1,2,14,6,1,1, ?,1,2
5,29,F,4,2009,4,1,1,2,2,1,4,1,1,1,1,1,1,2,9,6,1,1, ?,1,2
1,18,F,12,2009,4,1,1,1,1,2,1,1,1,1,1,1,1,?,3,6,2,1,40,2,2
3,20,G,12,2009,4,1,1,2,2,4,2,1,2,1,1,2,1,2,14,6,1,1, ?,2,2
2,24,F,10,2009,4,1,1,2,1,1,3,1,1,1,1,1,1,2,14,6,1,1, ?,2,2
8,24,F,12,2009,1,1,1,2,1,2,1,1,1,1,1,1,2,?,14,6,1,7, ?,2,2
6,21,F,3,2009,2,1,1,2,2,1,2,1,1,1,1,1,1,2,14,6,1,1,26,2,2
1,21,G,4,2009,2,3,1,2,2,1,1,1,1,1,1,1,1,1,8,5,1,1,38,2,2
1,21,F,9,2009,4,1,1,2,2,2,4,1,1,1,1,1,1,2,14,6,1,1,36,2,2
4,55,F,1,2009,2,1,1,2,2,1,1,1,1,1,1,3,?,2,6,6,?,?, ?,?,?
5,55,G,1,2009,2,1,1,2,2,1,2,4,1,1,1,4,1,2,14,6,1,1, ?,?,?
5,55,G,1,2009,4,1,1,2,2,4,2,1,1,1,1,1,1,2,5,10,?,?, ?,?,?
6,56,M,4,2009,3,?,?,?,?,?,?,?,?,?,?,?,?,?,19, ?,?,?, ?,?,?
9,56,F,8,2009,1,2,1,2,2,1,4,1,1,1,1,1,?,2,4,6,?,?, ?,?,?
1,55,F,3,2009,2,3,1,2,2,1,1,2,1,1,1,1,1,2,12,6,?,?, ?,?,?
3,53,G,2,2009,3,1,1,2,2,1,1,1,1,1,1,2,2,2,9,6,1,?, ?,?,?
7,56,F,6,2009,3,1,2,2,?,1,1,1,?,1,1,4,1,2,6,6,?,?, ?,?,?
1,53,F,9,2009,3,1,1,2,2,1,1,1,1,1,1,2,1,2,8,6,1,?, ?,?,?
3,53,F,6,2009,3,1,1,2,2,1,1,1,1,1,1,2,1,2,7,6,1,?, ?,2,2
3,53,F,6,2009,3,1,1,2,2,2,1,1,2,1,1,2,1,2,8,6,1,?, ?,1,2
3,53,F,2,2009,2,1,1,2,2,1,2,1,1,1,1,3,1,2,14,6,1,1, ?,2,2
4,55,G,10,2009,3,4,?,2,2,1,2,?,1,1,1,3,1,2,8,6,?,?, ?,?,?
1,54,F,1,2009,2,7,8,2,2,1,1,1,1,1,1,5,1,1,13,6,?,?, ?,?,?
1,54,G,1,2009,4,7,?,2,?,1,2,1,1,1,?,5,1,1,5,6,?,?, ?,?,?
1,54,F,3,2009,2,7,1,2,2,1,3,1,1,1,1,5,1,1,9,2,1,1, ?,?,?
1,54,F,8,2009,3,1,1,2,2,1,1,1,1,1,1,2,1,2,8,6,1,?, ?,1,2
12,54,F,3,2009,3,?,?,2,2,1,1,1,1,?,1,1,1,2,7, ?,?,?, ?,?,?
13,54,G,3,2009,2,1,1,1,2,1,1,2,1,1,1,1,2,1,9,5,1,1,35,2,2
1,54,F,10,2009,2,1,1,2,2,1,4,1,1,1,1,1,1,2,14,6,1,?, ?,?,?
8,54,G,2,2009,4,?,?,?,?,?,?,?,?,?,?,4,?,?,17,6,?,?,28,?,?
8,54,F,3,2009,3,?,?,?,?,?,?,?,?,?,?,3,?,2,14,6,?,?,30,?,?
8,54,F,11,2009,3,1,1,2,2,1,1,1,1,1,1,4,1,2,9,4,1,?,30,2,2
1,54,F,10,2009,4,3,1,2,2,1,2,1,1,1,1,1,1,1,14,6,?,?, ?,?,?
4,55,F,12,2009,3,?,1,1,2,1,1,1,1,1,1,4,1,2,9,6,1,1,40,2,2
5,54,F,12,2009,4,3,3,2,2,1,1,2,5,1,1,4,1,2,17,6,2,?, ?,?,?
13,54,F,9,2009,4,7,2,2,1,1,2,1,1,1,1,1,1,2,13,2,1,7, ?,1,2
5,5,F,1,2009,3,7,8,2,2,1,1,1,1,1,1,1,1,1,12,6,1,6, ?,2,2
7,5,F,1,2009,3,1,1,2,2,1,1,1,1,1,1,4,1,2,19,6,2,6,25,2,2
6,5,F,2,2009,1,7,8,2,2,1,2,1,1,1,1,1,1,2,14,11,2,1, ?,2,2
1,5,F,5,2009,4,7,1,2,2,1,4,1,1,1,1,3,1,2,13,6,1,1,29,2,2
1,5,G,5,2009,2,3,1,2,2,1,1,1,1,1,1,5,1,1,14,8,1,1, ?,1,2
6,5,F,5,2009,3,7,1,2,2,2,1,1,2,1,1,1,1,1,13,6,1,7, ?,2,2
11,9,F,4,2009,3,1,1,2,1,1,1,1,1,1,3,3,2,2,13,6,1,7, ?,2,2
11,9,G,1,2009,2,1,1,2,2,4,1,1,1,1,1,3,1,2,8,6,1,7,33,2,2
12,9,F,6,2009,4,7,8,2,2,1,3,1,1,1,1,1,1,1,9,11,1,7, ?,2,2
8,9,F,6,2009,3,7,8,2,2,1,1,1,1,1,1,3,3,2,13,11,1,7,40,2,2
2,9,F,8,2009,4,7,1,2,2,1,4,1,5,1,1,2,1,2,14,6,1,1, ?,2,2
9,9,F,7,2009,2,1,1,2,2,1,1,1,1,1,1,3,1,2,9,6,1,7,38,2,1
10,9,F,7,2009,2,7,1,2,2,1,1,1,1,1,1,1,1,1,12,6,1,1, ?,2,2
10,9,F,8,2009,4,7,8,2,2,1,3,1,5,1,1,1,1,1,14,10,1,7, ?,2,2
10,9,F,8,2009,3,1,1,2,2,1,1,1,1,1,1,1,1,1,8,6,2,1,42,2,2