Thana,District,Accident_Severity,Month,Year,Time,Junction_Type,Traffic_Control,Movement,Divider,Weather,Light,Road_Geometry,Surface_Condition,Surface_Type,Surface_Quality,Road_Class,Road_Feature,Location_Type,Vehicle_Type,Vehicle_Movement,Vehicle_Loading,Vehicle_Defect,Vehicle_Driver_Age,Vehicle_Alcohol,Vehicle_Seat_Belt
10,9,G,2,2009,2,1,1,2,2,1,1,1,1,2,1,1,1,1,14,6,1,7,26,2,2
2,9,G,7,2009,4,1,1,2,2,1,4,1,1,1,1,2,1,2,14,6,1,7,30,2,2
12,9,F,12,2009,4,1,1,2,2,1,2,1,1,1,1,3,1,2,13,6,1,1, ?,2,2
3,28,G,3,2009,3,1,1,1,2,1,1,1,1,1,1,1,1,1,14,6,1,1, ?,2,2
4,28,F,8,2009,4,1,4,2,2,1,3,1,1,1,1,1,1,1,14,5,1,1,38,2,1
1,34,F,9,2010,3,1,1,2,2,1,1,1,1,1,1,1,1,2,9,6,1,1, ?,2,2
10,34,G,6,2010,3,4,1,2,2,1,1,1,1,1,1,1,1,2,9,10,1,1,42,2,2
3,32,F,2,2010,2,1,1,2,2,1,1,1,1,1,1,3,1,2,13,6,1,1, ?,2,2
4,34,F,3,2010,3,1,1,2,2,1,1,1,1,1,1,1,1,2,8,6,1,1,30,2,2
1,32,F,4,2010,2,3,1,2,2,1,1,1,1,1,1,3,1,1,9,6,1,1, ?,2,2
2,33,F,8,2010,3,1,1,2,2,2,1,1,2,1,1,3,1,2,14,6,1,1, ?,2,2
2,31,G,8,2010,4,1,5,2,2,1,2,1,1,1,1,2,1,2,13,6,2,2,23,2,2
2,27,F,1,2010,4,1,1,2,2,1,4,1,1,1,1,2,1,2,9,6,1,1, ?,2,2
4,34,F,4,2010,2,1,1,2,2,1,1,1,1,1,1,1,1,2,9,5,1,1,48,2,2
2,27,F,5,2010,2,1,1,2,2,1,1,1,1,1,1,3,1,2,9,4,1,1, ?,2,2
2,27,G,5,2010,1,1,1,2,2,1,1,1,1,1,1,3,1,2,9,6,1,1, ?,2,2
7,34,F,6,2010,3,1,1,2,2,1,1,1,1,1,1,4,1,2,12,6,1,1, ?,2,2
5,31,F,6,2010,4,1,1,2,2,1,2,1,1,1,1,3,1,2,15,6,2,6, ?,2,2
1,27,F,6,2010,4,1,1,2,2,1,2,1,1,1,1,3,1,2,9,6,1,1, ?,2,2
6,34,F,7,2010,3,1,1,2,2,1,1,1,1,1,1,2,1,2,14,5,2,1,40,2,2
6,34,S,7,2010,3,1,1,2,2,1,1,1,1,1,1,1,1,2,9,6,1,1,42,2,2
8,34,F,7,2010,4,1,1,2,1,4,1,1,1,1,3,1,2,?,4,6,1,1, ?,2,2
2,32,F,7,2010,3,7,8,2,2,1,1,1,1,1,1,3,1,2,19,6,1,7,23,2,2
2,27,G,7,2010,2,1,1,2,2,1,1,1,1,1,1,3,1,2,9,6,1,1, ?,2,2
3,34,G,9,2010,2,1,8,2,2,1,1,1,1,1,1,2,1,2,9,6,1,1, ?,2,2
1,32,F,9,2010,3,4,1,2,2,1,1,1,1,1,1,5,1,1,19,5,1,1,23,2,2
3,32,F,9,2010,4,1,1,2,2,1,4,1,1,1,2,3,1,2,8,5,2,1,40,2,2
1,34,F,1,2010,4,1,8,2,2,1,3,1,1,1,1,5,1,1,9,6,1,3, ?,2,2
1,34,G,3,2010,3,1,1,2,2,1,1,1,1,1,1,5,1,1,14,6,1,1, ?,2,2
1,34,G,3,2010,1,1,8,2,2,1,1,1,1,1,1,5,1,1,14,6,1,1, ?,2,2
1,34,F,3,2010,2,1,8,2,2,1,1,1,1,1,1,5,1,1,15,6,1,3, ?,2,2
1,34,F,4,2010,2,1,1,2,1,1,1,1,1,1,1,1,1,1,9,8,1,1, ?,2,2
1,34,F,5,2010,1,1,1,2,2,3,1,2,1,1,1,1,1,?,14,6,1,1, ?,2,2
1,34,F,5,2010,3,2,4,2,2,1,1,1,1,1,1,1,1,1,9,6,1,1, ?,2,2
1,34,F,6,2010,2,1,1,2,2,2,1,1,2,1,1,5,1,1,14,7,1,1, ?,2,2
1,34,G,6,2010,4,1,1,2,2,2,3,1,2,1,1,5,1,2,14,6,1,1, ?,2,2
1,34,F,8,2010,3,1,1,2,2,1,1,2,1,1,1,1,1,1,10,6,1,1, ?,2,2
1,34,F,10,2010,3,1,1,2,2,1,1,1,1,1,1,1,5,?,9,6,1,1, ?,2,2
1,34,F,12,2010,2,1,1,2,2,1,1,1,1,1,1,2,1,2,8,6,1,1,40,2,2
7,34,F,11,2010,2,1,1,2,2,1,1,1,1,1,1,4,1,2,12,6,1,1,25,2,2
6,34,F,11,2010,4,1,1,2,2,1,3,4,1,1,1,2,1,2,9,2,1,1, ?,2,2
1,31,G,11,2010,2,1,1,2,2,1,1,1,1,1,1,2,1,2,4,6,1,1,25,2,2
3,32,G,11,2010,2,1,1,2,2,1,1,1,1,1,1,1,1,2,7,6,1,1, ?,2,2
6,34,F,6,2010,2,1,1,2,2,1,1,1,1,1,1,1,1,2,9,6,1,7,40,2,2
6,34,G,9,2010,3,1,1,2,2,1,1,1,1,1,1,1,1,2,9,6,1,1, ?,2,2
12,64,F,9,2010,3,1,1,2,2,1,1,1,1,1,1,2,1,2,4,6,1,?, ?,1,2
9,64,F,5,2010,4,3,1,2,1,1,2,3,1,1,1,5,1,1,14,6,1,7,40,1,2
9,64,G,10,2010,2,3,1,2,1,1,1,1,1,1,1,5,1,1,14,6,1,7,25,1,2
9,64,F,11,2010,2,1,3,2,1,1,1,1,1,1,1,5,1,1,4,6,1,7, ?,1,2
8,64,F,12,2010,2,1,1,2,2,1,2,1,1,1,1,5,1,1,5,6,1,?, ?,2,2
6,64,F,1,2010,1,1,1,2,1,1,3,1,1,1,1,5,1,1,9,6,1,1, ?,1,2
6,64,G,9,2010,3,1,1,2,1,1,1,1,1,1,1,5,1,1,9,6,1,1, ?,1,2
6,64,F,10,2010,4,1,4,2,1,1,2,1,1,1,1,5,1,1,14,6,1,1,45,1,2
7,64,F,8,2010,3,1,1,2,1,1,1,1,1,1,1,5,1,1,9,6,1,1,30,1,2
7,64,G,11,2010,3,1,4,2,2,1,1,1,1,1,1,5,1,1,9,6,1,1,29,1,2
10,64,S,12,2010,3,1,1,2,2,1,1,1,1,1,1,5,1,1,6,6,1,1,45,1,2
2,64,G,6,2010,2,3,4,2,1,1,1,1,1,1,1,5,1,1,7,6,1,1,35,1,2
2,64,G,3,2010,3,3,4,2,1,1,1,1,1,1,1,5,1,1,14,6,1,1, ?,1,2
1,64,G,8,2010,2,3,1,2,2,1,1,1,1,1,1,5,1,1,14,6,1,1,24,1,2
1,64,S,11,2010,4,3,4,2,2,1,2,1,1,1,1,5,1,1,14,6,1,1, ?,1,2
2,62,F,2,2010,3,1,1,2,2,1,1,1,1,1,1,3,1,2,9,5,1,1,37,2,2
2,62,F,2,2010,4,1,1,2,2,1,4,1,1,3,1,3,1,2,6,6,1,7,25,2,2
2,57,F,2,2010,3,4,1,2,2,1,1,1,1,1,1,1,1,2,9,6,1,1,27,2,2
2,65,F,6,2010,2,1,1,2,2,1,1,2,1,1,1,1,1,2,9,5,1,7,37,2,2
1,61,F,3,2010,3,1,1,2,2,1,1,1,1,1,1,1,1,2,14,6,2,7,35,2,2
2,61,F,3,2010,2,3,1,2,2,1,1,1,1,1,1,1,1,2,14,6,1,1, ?,2,2
1,61,F,5,2010,3,3,1,2,2,1,1,1,1,1,1,4,1,2,14,6,1,1, ?,2,2
2,61,G,5,2010,3,1,1,2,2,1,1,1,1,1,1,1,1,2,5,1,1,1, ?,2,2
3,61,F,5,2010,2,7,1,2,2,1,1,2,1,1,1,3,1,2,19,6,2,7, ?,2,2
1,59,F,8,2010,1,1,1,2,2,1,3,1,1,1,1,2,1,1,5,6,1,1, ?,2,2
6,59,G,8,2010,2,2,1,2,2,1,1,1,1,1,1,3,1,2,4,6,1,1,22,2,2
1,60,F,3,2010,2,1,1,2,2,1,1,1,1,1,1,1,1,2,13,1,1,2, ?,2,2
1,60,F,6,2010,2,1,1,2,2,1,1,1,1,1,1,4,1,2,5,6,1,1, ?,2,2
1,63,M,2,2010,2,7,1,2,2,1,1,1,1,1,1,2,1,2,4,6,1,1, ?,2,2
5,66,G,4,2010,3,1,1,2,2,1,1,1,1,1,1,4,1,2, ?, ?,?,?, ?,?,?
6,66,F,4,2010,3,1,1,2,2,1,1,4,1,1,1,2,1,2,14,6,1,1,32,2,2
1,57,F,5,2010,2,1,1,2,2,1,1,1,1,1,3,1,1,2,10,6,1,1,25,2,2
8,63,F,3,2010,1,1,1,2,2,1,4,1,1,1,1,1,1,2,12,5,1,1, ?,2,2
8,63,F,5,2010,?,1,1,2,2,1,1,1,1,1,1,2,1,2,14,6,1,1, ?,2,2
9,63,F,5,2010,2,1,1,2,2,1,1,2,1,1,1,1,1,2,8,5,1,1, ?,2,2
9,63,F,6,2010,4,1,1,2,2,1,4,1,1,1,1,1,1,2,8,6,1,1, ?,1,2
7,63,F,2,2010,3,1,1,2,2,1,1,1,1,1,1,1,1,2,9,6,1,1, ?,2,2
14,58,F,1,2010,4,1,1,2,2,4,4,2,1,1,1,4,1,2,8,5,1,7, ?,2,2
2,65,F,10,2010,3,1,1,2,2,1,1,2,1,1,1,1,1,2,9,6,2,1, ?,2,2
6,58,F,12,2010,1,1,1,2,2,1,2,1,1,1,1,1,1,2,12,6,1,1, ?,2,2
1,67,F,6,2010,2,1,1,2,2,1,1,2,1,1,1,1,1,1,14,6,1,1,42,2,2
10,63,F,7,2010,2,1,1,2,2,2,1,1,1,1,1,5,1,1,4,6,1,1,40,2,2
8,63,F,3,2010,2,1,1,2,1,1,1,1,1,1,1,1,1,2,14,5,1,1,40,2,2
9,63,F,10,2010,2,1,1,2,2,1,1,1,1,1,1,1,1,2,9,6,1,1,32,2,2
9,63,F,5,2010,2,1,1,2,2,1,1,2,1,1,1,1,1,?,9,5,1,1,48,2,2
6,63,F,4,2010,2,1,1,2,2,1,1,1,1,1,1,2,1,1,14,5,1,1,42,2,2
11,63,F,1,2010,3,1,1,2,2,1,1,2,1,1,1,1,1,2,14,6,1,1, ?,2,2
3,63,G,3,2010,3,1,1,2,2,1,1,2,1,1,1,3,1,2,9,6,2,1,40,2,2
5,57,F,11,2010,2,1,1,1,1,1,1,1,1,1,1,1,1,2,14,6,1,1,35,2,2
2,61,F,9,2010,4,1,1,2,2,1,4,1,1,1,1,1,1,2,12,10,1,1, ?,2,2
11,58,F,8,2010,1,1,1,2,2,1,1,1,1,1,1,3,1,2,9,6,1,1,36,2,2
2,65,F,10,2010,3,1,1,2,2,1,1,2,1,1,1,1,1,2,9,2,1,1, ?,2,2
5,58,S,8,2010,3,1,1,2,2,1,1,1,1,1,1,1,1,2,12,6,1,1,45,2,2
5,67,F,8,2010,3,1,1,2,2,1,1,4,1,1,3,3,1,2,5,6,1,1,25,2,2
9,57,F,12,2010,4,1,1,2,2,1,4,1,1,1,1,2,1,2,17,6,1,1, ?,2,2
4,63,G,5,2010,3,1,1,2,2,1,1,1,1,1,1,1,1,2,9,6,1,1, ?,2,2
4,63,M,5,2010,4,1,1,2,2,1,2,1,1,1,1,1,1,2,13,6,1,1, ?,2,2
4,60,F,1,2010,2,1,1,2,2,1,1,1,1,1,1,4,1,2,8,5,1,1,38,2,2
10,63,F,11,2010,4,1,1,2,2,1,4,1,1,1,1,2,1,2,12,6,1,1, ?,2,2
8,63,F,5,2010,2,1,1,2,2,2,2,1,2,1,1,1,1,2,9,6,1,1, ?,2,2
6,60,F,5,2010,2,1,1,2,2,1,1,1,1,2,2,4,4,2,4,6,1,7, ?,2,2
6,60,F,1,2010,4,2,1,2,2,1,1,2,1,1,1,1,4,1,9,6,1,1, ?,2,2
3,61,S,6,2010,3,1,1,2,2,1,1,1,1,1,1,1,1,2,10,5,1,1, ?,2,2
8,63,F,9,2010,3,1,1,2,2,1,1,1,1,1,1,1,1,2,14,6,1,1,45,2,2
2,57,F,2,2010,3,1,1,2,2,1,1,1,1,1,1,3,1,2,17,6,1,1,26,2,2
10,58,F,10,2010,3,1,1,2,2,1,1,1,1,1,1,2,1,2,9,5,1,1, ?,2,2
1,60,F,10,2010,4,2,1,2,2,1,3,1,1,1,1,5,1,1,9,6,1,1, ?,2,2
8,63,F,6,2010,1,1,1,2,2,1,2,1,1,1,1,1,1,2,13,6,1,1, ?,2,2
9,57,F,4,2010,2,1,1,2,2,1,1,1,1,1,1,2,1,2,17,6,1,1, ?,2,2
8,57,F,8,2010,2,1,1,2,2,1,1,1,1,1,1,1,1,2,14,6,1,1, ?,2,2
1,57,F,5,2010,3,1,1,2,2,1,1,1,1,1,2,1,1,1,5,10,1,1, ?,2,2
6,66,S,8,2010,3,1,1,2,2,1,1,2,1,1,1,3,1,2,17,6,1,1, ?,2,2
1,47,F,1,2010,3,3,1,2,2,1,1,1,1,1,1,1,1,1,9,6,1,1, ?,2,2
2,47,F,2,2010,2,1,1,2,2,1,1,1,1,1,1,3,1,2,9,6,1,1,25,2,2
12,47,M,1,2010,1,1,1,2,2,1,3,2,1,1,1,1,2,2,14,6,1,1, ?,2,2
1,50,G,1,2010,2,1,1,2,2,1,1,1,1,1,1,2,1,2,12,6,1,1, ?,2,2
11,50,F,1,2010,4,1,1,2,2,1,2,1,1,1,3,2,1,2,12,6,1,1, ?,2,2
5,37,F,1,2010,2,1,1,2,2,1,1,1,1,3,2,4,1,2,19,6,2,6,30,2,2
4,38,F,2,2010,2,1,1,2,2,1,1,1,1,1,1,2,1,2,4,6,1,3, ?,2,2
3,38,F,2,2010,3,1,1,2,2,1,1,1,1,1,1,1,3,2,9,6,1,3, ?,2,2
7,48,F,2,2010,2,1,1,2,2,1,1,2,1,1,1,3,1,2,14,6,1,3, ?,2,2
3,44,F,2,2010,3,3,1,2,2,1,1,1,1,1,1,1,1,1,8,6,1,3, ?,2,2
1,49,F,2,2010,3,1,1,2,2,1,1,1,1,1,1,2,1,2,9,6,1,3, ?,2,2
2,45,F,2,2010,3,1,1,2,2,1,1,1,1,1,1,1,1,2,9,6,1,3, ?,2,2
1,37,G,2,2010,2,1,1,2,2,1,1,4,1,1,1,2,2,2,7,2,1,3,24,2,2
6,51,F,2,2010,4,1,1,2,2,1,2,3,1,1,1,3,1,2,13,6,1,3,35,2,2
2,47,F,2,2010,2,1,1,2,2,1,1,1,1,1,1,3,1,2,8,6,1,1,25,2,2
6,40,F,2,2010,2,1,1,2,2,1,1,1,1,1,1,1,1,2,9,6,1,1,38,2,2
3,40,F,2,2010,3,2,1,2,2,1,1,1,1,1,1,4,1,2,19,6,1,1,35,2,2
1,35,F,3,2010,3,2,1,2,2,1,1,1,1,1,1,1,1,2,9,6,1,1, ?,2,2
3,38,F,3,2010,2,1,1,2,2,1,2,1,1,1,1,1,1,2,14,6,1,1, ?,2,2
12,50,F,3,2010,3,1,1,2,2,1,1,1,1,1,1,4,1,2,10,5,1,1, ?,2,2
2,50,F,3,2010,3,1,1,2,2,1,1,1,1,1,1,4,1,2,15,6,1,3, ?,2,2
2,47,G,3,2010,1,1,1,2,2,1,4,1,1,1,1,1,1,2,14,6,1,1,30,2,2
8,47,F,3,2010,2,4,1,2,2,1,1,1,1,1,1,1,1,2,9,6,1,3, ?,2,2
12,47,G,3,2010,2,1,1,2,2,1,1,1,1,1,1,1,1,2,13,6,1,3, ?,2,2
5,45,S,3,2010,1,1,1,2,2,1,4,1,1,1,1,1,1,2,9,6,1,1, ?,2,2
2,49,F,3,2010,3,1,1,2,2,1,1,1,1,1,1,3,1,2,14,6,1,3, ?,2,2
9,51,F,3,2010,2,1,1,2,2,1,1,1,1,1,1,4,1,2,9,5,1,1,35,2,2
1,44,F,3,2010,3,1,1,2,2,1,1,1,1,1,1,5,1,1,14,2,1,1,32,2,2
4,44,G,1,2010,2,2,1,2,2,1,1,1,1,1,1,2,1,1,9,6,1,3, ?,2,2
3,44,F,4,2010,3,1,1,2,1,1,1,1,1,1,1,5,1,1,9,6,1,3, ?,2,2
4,41,F,3,2010,2,1,1,2,2,1,1,1,1,1,1,3,1,2,19,6,1,1, ?,2,2
6,45,G,4,2010,3,1,1,2,2,1,1,1,1,1,1,1,1,2,7,6,1,1, ?,2,2
1,48,F,4,2010,4,1,8,2,2,1,2,2,1,1,1,3,1,2,9,6,1,3, ?,2,2
1,40,G,3,2010,2,1,1,2,2,1,1,1,1,1,1,1,1,2,9,6,1,3, ?,2,2
1,40,F,4,2010,4,1,1,2,2,1,4,1,1,1,1,1,1,2,9,6,1,1, ?,2,2
6,40,F,4,2010,4,1,1,2,2,1,4,1,1,1,1,3,1,2,8,6,1,1, ?,2,2
3,40,F,4,2010,3,1,1,2,2,1,1,2,1,1,1,2,1,2,9,6,1,3,30,2,2
3,36,F,5,2010,2,2,1,2,2,1,1,1,1,1,1,1,1,2,9,5,1,1, ?,2,2
9,47,F,5,2010,2,1,1,2,2,1,1,1,1,1,1,1,1,2,9,6,1,1, ?,2,2
6,52,F,5,2010,4,1,1,2,2,1,2,1,1,1,1,3,1,2,9,6,1,1,32,2,2
1,52,F,5,2010,3,1,1,2,2,1,1,1,1,1,1,5,1,1,9,6,1,1,40,2,2
1,45,F,5,2010,3,1,1,2,2,1,1,1,1,1,1,4,1,2,7,6,1,3,40,2,2
3,39,F,5,2010,3,2,1,2,2,1,3,1,1,1,1,1,1,2,8,6,1,1, ?,2,2
4,39,F,4,2010,2,2,1,2,2,1,1,2,1,1,1,2,1,2,14,6,1,3,45,2,2
4,39,F,2,2010,3,1,1,2,2,1,1,1,1,1,1,4,1,2,13,2,1,1, ?,2,2
4,39,F,5,2010,2,2,1,2,2,1,1,2,1,1,1,4,1,2,6,5,2,6,22,2,2
2,40,F,6,2010,3,1,1,2,2,1,1,1,1,1,1,3,1,2,14,5,1,1, ?,2,2
1,47,F,6,2010,4,1,1,2,2,1,4,1,1,1,1,3,1,2,9,6,1,1,32,2,2
1,48,G,5,2010,3,1,1,2,2,1,1,1,1,1,1,1,1,2,10,6,1,1,25,2,2
4,36,F,5,2010,3,1,1,2,2,1,1,1,1,1,1,3,1,2,9,6,1,1, ?,2,2
1,38,F,6,2010,3,1,1,2,2,1,1,1,1,1,1,1,1,2,7,6,1,1, ?,2,2
11,50,F,7,2010,2,1,1,2,2,1,1,1,1,1,1,2,1,2,9,6,1,1, ?,2,2
6,50,F,7,2010,2,3,1,2,2,1,1,1,1,1,1,3,1,2,12,6,1,1,24,2,2
3,44,S,6,2010,3,1,1,2,2,1,1,1,1,1,1,1,1,2,9,6,1,1,33,2,2
5,44,F,5,2010,3,3,1,2,2,1,1,1,1,1,1,1,1,2,14,6,1,1, ?,2,2
1,38,G,7,2010,1,1,1,2,2,1,1,1,1,1,1,3,1,2,7,5,1,1, ?,2,2
4,35,F,7,2010,3,4,1,2,2,1,1,1,1,1,1,1,1,2,9,4,1,1, ?,2,2
5,40,F,7,2010,3,1,1,2,2,1,1,1,2,1,1,1,1,2,13,6,1,1,32,2,2
6,40,M,7,2010,1,1,1,2,2,1,4,1,1,1,1,1,1,2,9,5,1,3,34,2,2
2,36,G,8,2010,2,1,1,2,2,1,1,1,1,1,1,4,1,2,9,6,1,1, ?,2,2
1,49,F,8,2010,4,1,1,2,2,1,2,1,1,1,1,2,1,2,14,6,1,1, ?,2,2
2,49,G,8,2010,4,3,1,2,2,1,1,1,1,1,1,3,1,2,17,6,2,6,30,2,2
4,41,S,8,2010,2,1,1,?,?,1,1,1,1,1,1,2,1,1,14,6,1,1, ?,2,2
7,41,F,5,2010,2,2,4,2,2,1,1,1,1,1,1,1,1,1,15,6,1,1,35,2,2
7,41,F,7,2010,4,1,2,2,2,1,2,1,1,2,1,4,1,1,9,6,1,3,35,2,2
7,41,F,5,2010,2,1,1,2,2,1,1,1,1,1,1,4,1,2,15,6,1,3, ?,2,2
7,41,F,7,2010,4,1,1,2,2,1,4,1,1,1,1,2,1,1,13,6,1,1, ?,2,2
7,41,F,8,2010,3,1,2,2,2,1,1,1,1,1,1,1,1,1,14,6,1,3,28,2,2
7,41,F,5,2010,2,1,1,2,2,1,1,1,1,1,1,2,1,2,8,6,1,3, ?,2,2
7,41,G,8,2010,2,3,5,2,2,1,1,1,1,1,1,1,1,1,9,5,1,3,28,2,2
7,41,F,9,2010,3,1,1,2,2,1,1,2,1,1,1,2,1,1,5,6,1,3, ?,2,2
6,46,F,6,2010,4,2,1,2,2,1,3,1,1,1,1,1,1,1,19,6,1,3, ?,2,2
2,46,G,1,2010,1,1,1,2,2,1,4,1,1,1,1,1,1,2,14,6,1,3, ?,2,2
2,46,M,1,2010,2,1,1,2,2,1,1,2,1,1,1,1,1,2,9,6,1,3, ?,2,2
2,46,M,3,2010,4,1,1,2,2,1,1,1,1,1,1,2,1,2,9,6,1,3, ?,2,2
2,46,F,4,2010,3,1,1,2,2,1,2,1,1,1,1,1,1,1,9,6,1,3, ?,2,2
1,46,F,1,2010,2,1,1,2,2,1,2,1,1,1,1,1,1,2,14,6,1,3, ?,2,2
1,46,G,4,2010,4,2,1,2,2,1,1,1,1,1,1,5,1,1,5,6,1,3,20,2,2
8,50,F,7,2010,4,2,1,2,2,1,2,3,1,1,2,4,1,2,4,6,1,1,20,2,2
12,47,F,8,2010,3,5,8,2,2,1,1,1,1,1,1,1,1,1,9,6,1,1, ?,2,2
13,51,F,6,2010,2,1,1,2,2,1,1,1,1,1,1,4,1,2,6,6,2,6,22,2,2
3,51,G,8,2010,3,1,1,2,2,1,1,1,1,1,1,3,1,2,17,6,2,1, ?,2,2
3,15,F,8,2010,2,1,1,2,2,1,1,1,1,1,1,2,1,2,14,5,1,1, ?,2,2
8,47,F,9,2010,2,1,1,2,2,1,1,1,1,1,1,1,1,2,1,6,1,3,25,2,2
12,47,F,9,2010,2,1,1,2,2,1,1,1,1,1,1,1,1,2,9,6,1,1,25,2,2
12,47,F,9,2010,1,1,1,2,2,1,1,1,1,1,1,1,1,2,14,6,1,3, ?,2,2
12,47,F,9,2010,3,1,1,2,2,1,1,1,1,1,1,1,1,2,9,6,1,1, ?,2,2
1,38,G,9,2010,4,1,1,2,2,1,2,1,1,1,1,1,1,2,9,6,1,3, ?,2,2
1,45,F,9,2010,2,1,1,2,2,1,1,1,1,1,1,4,1,2,5,6,1,1, ?,2,2
1,40,F,8,2010,2,1,1,2,2,1,1,3,1,1,1,1,2,2,9,6,1,3,32,2,2
3,48,F,9,2010,2,3,1,2,2,1,1,1,1,1,1,4,1,2,5,6,1,1,29,2,2
4,43,F,9,2010,2,1,1,2,2,1,1,1,1,1,1,1,1,2,9,5,2,1, ?,2,2
1,52,F,5,2010,3,1,1,2,2,1,1,1,1,1,1,2,1,2,9,6,1,3, ?,2,2
6,44,F,10,2010,2,1,1,2,2,1,1,1,1,1,1,2,1,1,9,6,1,3, ?,2,2
7,44,F,10,2010,4,1,1,2,2,1,3,1,1,1,1,1,1,2,14,6,1,3,42,2,2
5,44,G,10,2010,3,2,1,2,2,1,1,1,1,1,1,3,1,1,14,6,1,3, ?,2,2
1,51,F,11,2010,2,1,1,2,2,1,1,1,1,1,1,2,1,1,17,6,2,3, ?,2,2
1,51,G,10,2010,1,2,1,2,2,1,2,3,1,1,1,2,1,2,12,6,1,1,26,2,2
7,41,F,10,2010,3,1,1,2,2,1,1,1,1,1,1,1,1,1,9,6,1,1,40,2,2
6,38,F,10,2010,3,1,1,2,2,1,1,1,1,1,1,1,1,2,14,5,1,3, ?,2,2
6,38,F,10,2010,3,1,1,2,2,1,1,1,1,1,1,1,1,2,9,6,1,3, ?,2,2
9,38,F,10,2010,3,1,1,2,2,1,1,3,1,1,1,3,1,2,14,6,1,3, ?,2,2
2,45,F,10,2010,2,1,1,2,2,1,1,1,1,1,1,1,1,2,14,6,1,3, ?,2,2
4,44,G,11,2010,2,3,1,2,2,1,2,2,1,1,1,2,1,2,9,6,1,3, ?,2,2
7,44,F,11,2010,4,3,1,2,2,1,3,1,1,1,1,1,1,2,6,6,1,1, ?,2,2
1,36,F,11,2010,2,1,1,2,2,1,1,1,1,1,1,1,1,2,9,6,1,3, ?,2,2
4,49,F,11,2010,4,1,1,2,2,1,2,1,1,1,1,3,1,2,7,6,1,3,20,2,2
7,41,G,11,2010,3,2,1,2,2,1,1,1,1,1,1,3,1,1,14,6,1,1,35,2,2
7,41,F,11,2010,2,1,1,2,2,1,1,1,1,1,1,2,1,1,4,6,1,1,22,2,2
6,52,F,11,2010,2,2,1,2,2,1,1,1,1,1,1,3,1,2,8,4,1,1,32,2,2
1,52,M,11,2010,1,1,1,2,2,1,2,1,1,1,1,5,2,2,14,6,1,1, ?,2,2
7,41,F,12,2010,3,1,1,2,2,1,1,1,1,1,1,2,1,1,10,6,1,3, ?,2,2
5,47,F,12,2010,3,1,1,2,2,1,1,1,1,1,1,1,1,2,6,6,1,3, ?,2,2
1,48,F,10,2010,3,1,1,2,2,1,1,1,1,1,1,1,1,1,14,6,1,3, ?,2,2
1,48,G,10,2010,2,2,1,2,2,1,1,1,1,1,1,5,1,1,6,6,1,1,35,2,2
3,48,G,11,2010,2,3,1,2,2,1,1,1,1,1,1,3,2,2,14,6,1,1, ?,2,2
7,48,F,11,2010,3,1,1,2,2,1,1,2,1,1,1,5,1,1,14,2,1,3,27,2,2
3,40,F,10,2010,1,1,1,2,2,1,2,1,1,1,1,1,1,2,9,6,1,3,43,2,2
1,40,F,11,2010,2,1,1,2,2,1,1,1,1,1,1,1,1,2,9,6,1,3, ?,2,2
2,40,F,11,2010,3,1,1,2,2,1,1,3,1,1,1,3,1,2,17,6,1,6, ?,2,2
13,50,F,11,2010,2,3,1,2,2,1,1,1,1,1,1,2,1,2,14,6,1,3, ?,2,2
3,38,F,12,2010,3,1,1,2,2,1,1,1,1,1,1,1,1,2,9,6,1,3, ?,2,2
1,39,F,12,2010,2,1,1,2,2,1,1,1,1,1,1,4,1,2,16,5,1,3,45,2,2
1,39,F,12,2010,2,1,1,2,2,1,1,1,1,1,1,2,1,1,13,6,1,1,35,2,2
2,39,F,10,2010,4,1,1,2,2,1,2,1,1,1,1,4,4,2,6,6,1,3, ?,2,2
1,52,F,12,2010,3,1,1,2,2,1,1,1,1,1,1,4,1,2,13,6,1,1,25,2,2
3,38,F,9,2010,2,1,4,2,2,1,1,1,1,1,1,1,1,2,9,6,1,6, ?,2,1
3,40,F,4,2010,4,1,1,2,2,1,4,1,1,1,1,2,1,2,9,5,1,1,55,2,2
7,41,F,12,2010,3,3,1,2,2,1,1,1,1,1,1,2,1,2,14,6,1,3, ?,2,2
1,49,F,5,2010,3,1,1,2,2,1,2,1,1,1,1,2,1,2,5,3,1,3, ?,2,2
1,36,F,12,2010,2,3,1,2,2,4,2,1,1,1,1,2,1,2,12,6,1,1,32,2,2
7,51,F,5,2010,2,1,1,2,2,1,1,1,1,1,1,3,1,2,8,6,2,6,28,2,2
3,51,F,8,2010,2,1,1,2,2,1,1,1,1,1,1,2,1,2,14,5,1,1,30,2,2
6,38,F,6,2010,1,1,2,2,2,1,2,1,1,1,1,1,1,2,9,6,1,1, ?,2,2
6,45,F,6,2010,2,1,1,2,2,1,1,1,1,1,1,1,1,2,9,6,1,1, ?,2,2
1,45,F,8,2010,3,1,1,2,2,1,1,1,1,1,1,1,1,2,9,6,1,1, ?,2,2
7,44,G,8,2010,3,2,1,2,2,1,1,1,1,1,1,1,1,1,12,6,1,3,32,2,2
2,49,F,10,2010,3,3,1,2,2,1,1,1,1,1,1,4,1,2,9,1,1,3, ?,2,2
28,42,S,1,2010,3,1,1,1,1,1,1,1,1,1,1,5,1,1,8,6,1,1,19,2,2
23,42,F,1,2010,1,3,4,1,1,1,3,1,1,1,1,1,1,1,14,6,1,1,42,1,2