Thana,District,Accident_Severity,Month,Year,Time,Junction_Type,Traffic_Control,Movement,Divider,Weather,Light,Road_Geometry,Surface_Condition,Surface_Type,Surface_Quality,Road_Class,Road_Feature,Location_Type,Vehicle_Type,Vehicle_Movement,Vehicle_Loading,Vehicle_Defect,Vehicle_Driver_Age,Vehicle_Alcohol,Vehicle_Seat_Belt
1,6,F,9,2010,2,3,3,2,1,2,1,4,1,1,1,1,1,2,9,4,2,7,40,2,2
2,6,S,10,2010,2,1,2,2,1,1,2,1,1,1,1,4,4,2,17,2,1,1,28,2,2
5,6,S,11,2010,3,1,1,2,1,2,1,1,1,1,1,4,1,2,17,4,1,1, ?,1,2
1,2,F,11,2010,2,1,1,1,2,1,1,1,1,1,1,1,1,1,8,6,1,1,31,2,1
8,11,F,12,2010,3,1,1,2,2,1,1,1,1,1,2,2,1,2,4,6,1,1, ?,2,2
5,1,F,12,2010,1,1,1,2,2,1,1,1,1,1,1,2,1,2,19,10,1,1, ?,2,2
1,8,F,12,2010,3,1,2,2,1,1,1,1,1,1,1,2,1,1,14,4,1,1, ?,2,2
7,7,F,11,2010,2,1,1,2,2,1,1,1,1,1,1,3,1,2,9,6,1,1, ?,1,2
1,16,F,12,2010,3,7,8,2,2,1,1,1,1,1,1,5,1,1,12,11,1,1, ?,2,2
10,16,F,12,2010,2,7,2,2,2,4,1,1,1,1,1,2,1,2,14,6,1,1, ?,2,2
1,15,F,8,2010,1,7,1,1,2,1,1,1,1,1,1,4,1,2,7,4,1,1, ?,2,2
1,15,F,12,2010,3,7,1,1,2,1,1,2,1,1,1,5,1,1,9,3,1,1, ?,2,2
5,15,F,11,2010,2,1,1,2,2,1,1,1,1,1,1,3,1,1,17,6,1,1,40,2,2
4,3,F,9,2010,1,7,1,2,1,1,1,1,1,1,2,1,1,?,9,6,1,6,45,2,2
7,3,F,10,2010,4,7,8,2,2,1,2,1,1,1,1,2,1,1,17,4,1,1,40,2,2
13,3,F,10,2010,3,7,8,2,2,1,1,1,1,1,1,4,1,2,14,6,1,1,40,2,2
2,3,G,12,2010,2,7,1,2,1,1,2,1,1,1,3,1,2,?,8,4,1,1, ?,2,2
5,13,F,11,2010,3,1,3,2,2,1,1,1,1,1,1,2,1,2,9,6,1,1, ?,2,2
3,13,G,11,2010,4,1,1,2,2,4,4,1,1,1,1,3,1,2,7,1,1,1,30,1,2
3,13,F,12,2010,2,7,1,2,2,4,2,1,1,1,1,4,1,2,1,6,1,1,40,2,2
4,4,F,10,2010,3,7,8,2,2,1,1,1,1,1,1,3,1,2,12,6,1,1,22,2,2
4,4,F,8,2010,4,1,1,2,1,2,1,1,1,1,3,1,2,?,14,6,1,1,35,2,2
2,4,F,7,2010,3,7,8,2,2,1,1,1,1,1,1,3,1,2,19,6,2,3, ?,2,2
5,17,F,6,2010,4,7,1,2,2,1,4,1,1,1,1,3,1,2,14,6,2,1,40,2,2
6,17,F,6,2010,3,7,1,2,2,1,1,2,1,1,1,3,1,2,19,6,1,1, ?,2,2
1,17,F,8,2010,4,1,1,2,2,1,2,1,1,1,1,1,1,2,9,6,1,7, ?,2,2
7,17,F,9,2010,4,7,8,2,2,1,2,1,1,1,1,1,1,2,12,6,1,1, ?,2,2
7,17,F,10,2010,3,7,1,2,2,1,1,1,1,1,1,1,1,2,9,6,1,1, ?,2,2
6,17,F,11,2010,2,7,1,2,2,1,1,2,1,1,1,3,1,2,14,6,1,1, ?,2,2
9,17,F,11,2010,3,1,1,2,2,1,1,1,1,1,1,3,1,2,8,4,2,7,35,1,2
1,17,F,11,2010,3,1,1,2,2,1,1,1,1,1,1,1,1,2,10,6,1,1,41,2,2
7,17,F,12,2010,3,1,8,2,2,1,1,1,1,1,1,5,1,1,4,5,1,1,18,2,2
3,5,F,7,2010,3,1,1,2,2,1,1,1,1,1,1,1,1,1,13,6,1,1,36,2,2
10,16,F,5,2010,1,1,1,2,2,1,2,1,1,1,1,3,1,2,14,4,2,1, ?,2,2
5,11,F,12,2010,3,1,1,2,2,1,1,1,1,1,1,1,1,1,19,10,1,1, ?,2,2
1,14,F,1,2010,4,3,1,2,1,1,3,1,1,1,1,1,1,1,14,6,2,7, ?,1,2
1,14,G,2,2010,4,7,1,2,2,1,3,1,1,1,1,1,1,1,7,5,1,1,35,2,2
1,14,F,4,2010,4,3,1,2,2,1,3,1,1,1,1,5,1,1,9,11,1,?, ?,1,2
4,14,G,4,2010,2,1,1,2,2,1,1,1,1,1,1,1,1,1,5,6,1,7, ?,2,2
4,14,F,9,2010,2,1,8,2,2,1,1,1,1,1,1,1,1,1,14,6,1,1,32,2,2
3,14,F,10,2010,3,1,1,1,2,1,1,1,1,1,1,1,1,2,14,5,1,1,25,1,2
7,56,F,8,2010,4,2,1,2,2,1,3,1,1,1,1,2,1,2,7,11,1,1,28,2,2
9,56,F,6,2010,4,1,1,2,2,1,2,1,1,1,1,3,1,1,6,6,1,1, ?,2,2
9,56,G,3,2010,1,1,1,2,2,1,4,1,1,1,1,1,2,1,10,6,1,1,22,1,2
3,56,G,1,2010,1,1,1,2,2,1,1,1,1,1,1,1,1,2,14,5,1,1, ?,2,2
3,53,F,7,2010,4,1,1,2,2,1,2,1,1,1,1,2,1,2,8,5,1,1, ?,?,?
1,53,F,5,2010,3,1,1,2,2,1,1,1,1,1,1,2,1,2,9, ?,1,1, ?,2,2
12,53,F,3,2010,3,1,1,2,2,1,1,1,1,1,1,1,1,2,8,5,1,1, ?,2,2
2,53,G,3,2010,4,1,1,1,2,1,1,1,1,1,1,4,2,2,4,5,1,1, ?,2,2
3,53,S,1,2010,2,1,1,2,2,1,1,1,1,1,1,2,1,2,13,6,1,1, ?,2,2
3,55,F,4,2010,3,1,1,2,2,1,1,1,1,1,1,2,1,1,16,1,1,1,26,2,2
1,54,F,1,2010,3,1,1,2,2,1,1,1,1,1,1,2,1,1,13,1,1,1, ?,?,?
11,54,F,3,2010,4,1,1,2,2,1,2,1,1,1,1,2,3,2,6,6,1,1, ?,2,2
3,54,F,5,2010,3,1,1,2,2,1,1,1,1,1,1,2,1,2,7,11,1,1,35,2,2
10,54,F,4,2010,3,1,1,2,2,1,1,1,1,1,1,4,1,2,9,6,1,1, ?,2,2
5,54,F,5,2010,2,1,8,2,2,1,1,1,1,1,1,4,1,2,5,6,1,1, ?,2,2
1,55,F,10,2010,2,1,1,2,2,1,1,1,1,1,1,1,1,1,6,6,1,1, ?,2,2
9,56,G,9,2010,3,1,1,2,2,1,1,1,1,1,1,3,1,2,9,6,1,1,35,2,2
6,56,F,10,2010,3,1,1,2,2,1,1,1,1,1,3,4,1,2,14,6,1,1,31,2,2
3,54,F,3,2010,4,3,1,2,2,1,1,1,1,1,1,4,1,2,8,6,1,1, ?,2,2
8,56,S,7,2010,2,1,1,2,2,1,1,1,1,1,1,2,1,1,19,6,2,1, ?,2,2
12,54,F,8,2010,2,1,1,2,2,1,1,1,1,1,1,1,1,2,7,6,1,1, ?,2,2
5,54,F,2,2010,2,1,1,2,2,1,1,1,1,1,3,4,4,2,17,6,1,1, ?,2,2
11,54,G,8,2010,4,1,1,2,2,1,2,1,1,1,1,3,1,2,9,6,1,1, ?,2,2
1,53,F,11,2010,3,1,1,2,2,1,1,1,1,1,1,1,1,1,8,6,1,1, ?,1,2
3,53,G,10,2010,3,1,1,2,2,1,1,1,1,1,1,2,1,2,7,5,1,1, ?,2,2
1,53,F,5,2010,2,1,2,2,1,1,1,1,1,1,1,2,1,2,8,2,1,1, ?,2,2
1,54,G,7,2010,4,1,1,2,2,1,2,1,1,1,1,1,1,2,8,5,1,1,35,1,2
12,54,F,1,2010,4,1,1,2,2,1,3,1,1,1,1,4,1,2,9,6,1,1,25,2,2
3,64,G,5,2010,2,1,1,2,1,1,1,1,1,1,1,5,1,1,19,4,1,1, ?,1,2
3,64,G,7,2010,2,1,1,2,1,1,1,1,1,1,1,5,1,1,8,2,2,1, ?,1,2
6,38,F,1,2010,2,1,1,2,2,1,1,1,1,1,1,1,1,2,14,6,1,1,52,2,2
1,47,F,1,2010,3,7,1,2,2,1,1,2,1,1,1,1,1,1,14,6,1,1, ?,2,2
12,47,F,1,2010,1,1,1,2,2,1,3,1,1,1,1,1,2,2,14,6,1,1, ?,2,2
2,47,F,2,2010,1,1,1,2,2,1,4,1,1,1,1,1,1,2,14,5,1,1,50,2,2
12,47,F,2,2010,1,1,1,2,2,1,4,1,1,1,1,1,1,2,13,6,1,1, ?,2,2
9,47,F,2,2010,3,1,1,2,2,1,1,1,1,1,1,1,1,2,13,6,1,1, ?,2,2
3,40,F,2,2010,3,1,1,2,2,1,1,1,1,1,1,1,1,2,9,6,1,1, ?,2,2
1,37,F,3,2010,3,1,1,2,2,1,1,2,1,1,1,2,1,2,14,1,1,3, ?,2,2
7,41,F,3,2010,2,1,1,2,2,1,2,1,1,1,1,1,1,1,9,6,1,3, ?,2,2
1,47,G,3,2010,2,1,1,2,2,1,1,1,1,1,1,1,1,2,9,6,1,3,32,2,2
12,47,M,3,2010,1,1,1,2,2,1,3,1,1,1,1,1,1,2,14,6,1,1, ?,2,2
5,45,F,3,2010,4,1,1,2,2,1,4,1,1,1,1,1,1,2,9,6,1,1, ?,2,2
9,47,G,4,2010,2,1,1,2,2,1,1,2,1,1,1,1,1,2,14,6,1,1,30,2,2
2,47,F,4,2010,3,1,1,2,2,1,1,1,1,1,1,1,1,2,9,6,1,1,30,2,2
1,38,G,5,2010,2,5,1,2,2,1,1,1,1,1,1,5,1,1,4,2,1,1,30,2,2
6,44,S,5,2010,3,1,1,2,2,1,1,1,1,1,1,1,1,1,8,6,1,1, ?,2,2
2,50,F,5,2010,2,1,1,2,2,1,1,1,1,1,1,1,1,2,9,6,1,1,50,2,2
12,47,G,5,2010,1,1,1,2,2,1,1,1,1,1,1,1,1,2,14,6,1,1,30,2,2
1,49,F,5,2010,3,1,1,2,2,1,1,1,1,1,1,3,1,2,14,6,1,1,28,2,2
6,45,F,5,2010,3,1,1,2,2,1,1,1,1,1,1,1,1,1,9,6,1,1, ?,2,2
2,45,F,5,2010,3,1,1,2,2,1,1,1,1,1,1,1,1,2,9,6,1,1, ?,2,2
5,47,G,6,2010,4,1,1,2,2,1,4,1,1,1,1,3,1,2,10,6,1,1, ?,2,2
7,47,G,6,2010,2,1,1,2,2,1,1,2,1,1,1,1,1,2,14,6,1,1,29,2,2
1,49,F,6,2010,4,1,1,2,2,1,4,1,1,1,1,3,1,2,8,6,1,1, ?,2,2
6,45,F,6,2010,3,1,1,2,2,1,1,1,1,1,1,1,1,2,9,6,1,1, ?,2,2
7,38,G,6,2010,3,1,1,2,2,1,1,1,1,1,1,1,1,2,14,6,1,1, ?,2,2
12,50,G,7,2010,3,1,1,2,2,1,1,2,1,1,1,1,1,2,10,6,1,1,52,2,2
1,38,S,7,2010,3,2,1,2,2,1,1,1,1,1,1,1,1,1,4,6,1,1, ?,2,2
4,35,F,7,2010,3,1,1,2,2,1,1,1,1,1,1,1,1,2,9,6,1,1, ?,2,2
2,44,F,7,2010,3,1,1,2,2,1,1,2,1,1,1,2,1,2,14,6,1,1, ?,2,2
6,40,F,7,2010,2,3,1,2,2,1,2,1,1,1,1,1,1,2,9,6,1,3,28,2,2
1,46,F,4,2010,4,1,1,2,2,1,4,1,1,1,1,1,1,1,9,6,1,3, ?,2,2
1,46,F,5,2010,4,1,1,2,2,1,1,1,1,1,1,1,1,1,9,6,1,3, ?,2,2
1,46,F,7,2010,3,1,1,2,2,1,1,1,1,1,1,1,1,2,9,6,1,1, ?,2,2
1,46,F,8,2010,4,1,1,2,2,1,1,1,1,1,1,1,1,1,14,6,1,1, ?,2,2
9,15,F,6,2010,2,1,1,2,2,1,1,1,1,1,1,2,1,2,8,6,1,1, ?,2,2
1,35,F,9,2010,4,3,1,2,2,1,2,1,1,1,1,1,1,1,9,10,1,1,36,2,2
6,45,F,9,2010,3,1,1,2,2,1,1,1,1,1,1,1,1,2,9,6,1,1, ?,2,2
4,35,G,10,2010,3,1,1,2,2,1,1,1,2,1,1,1,1,2,7,6,1,1, ?,2,2
12,47,F,11,2010,4,1,1,2,2,1,1,1,1,1,1,1,1,2,9,6,1,1, ?,2,2
5,45,F,11,2010,3,1,1,2,2,1,1,1,1,1,1,1,1,2,14,6,1,3, ?,2,2
7,41,F,11,2010,4,1,1,2,2,1,2,1,1,1,1,1,1,1,9,6,1,7, ?,2,2
6,38,G,11,2010,2,1,1,2,2,1,1,1,1,1,1,1,1,1,9,6,1,1,45,2,2
12,47,F,12,2010,2,1,1,2,2,1,2,1,1,1,1,1,1,2,9,2,1,1, ?,2,2
3,38,G,12,2010,2,1,1,2,2,1,1,1,1,1,1,1,1,1,7,6,1,1, ?,2,2
4,37,G,12,2010,3,1,1,2,2,1,1,1,1,1,1,2,1,2,8,6,1,3, ?,2,2
5,45,F,12,2010,2,1,1,2,2,1,2,1,1,1,1,1,1,2,12,6,1,1, ?,2,2
4,45,F,12,2010,3,1,1,2,2,1,1,1,1,1,1,3,1,2,12,6,1,1,32,2,2
2,45,F,12,2010,2,1,1,2,2,1,2,1,1,1,1,1,1,2,12,6,1,7, ?,2,2
33,42,F,1,2010,2,1,1,2,1,1,2,1,1,1,1,1,1,1,14,6,1,1,40,2,2
14,42,G,2,2010,2,1,1,2,2,1,1,1,1,1,1,1,1,1,8,6,1,1,35,2,2
29,42,M,5,2010,3,1,4,1,1,1,3,1,1,1,1,5,1,1,9,6,1,1,40,1,2
14,42,F,2,2010,3,1,1,2,1,1,1,4,1,1,1,1,1,1,9,6,1,1,28,2,2
10,42,G,6,2010,2,2,5,1,1,1,1,1,1,1,1,5,1,1,8,6,1,1,40,2,2
25,42,F,7,2010,2,7,1,1,1,1,1,1,1,1,1,5,1,1,7,6,1,1,40,2,2
22,42,M,7,2010,3,1,1,2,1,1,1,1,1,1,1,1,1,1,9,6,1,1,42,2,2
12,42,S,11,2010,1,2,4,1,1,1,3,1,1,1,1,5,1,1,14,6,1,1,35,2,2
28,42,M,12,2010,2,2,6,1,1,1,1,1,1,1,1,5,1,1,8,6,1,1,27,2,2
7,56,S,1,2010,2,2,1,2,2,1,1,1,1,1,1,1,1,2,9,11,1,1,35,2,2
1,55,F,2,2010,1,2,1,2,2,1,1,1,1,1,1,1,2,1,7,6,1,1,25,2,2
4,55,G,1,2010,2,1,1,1,1,1,1,1,1,1,1,2,1,1,9,6,1,1, ?,2,2
6,55,F,7,2010,3,1,1,2,2,1,1,1,1,1,1,1,1,2,7,5,1,1, ?,2,2
4,55,F,9,2010,2,1,1,2,2,1,1,1,1,1,1,2,1,2,9,6,1,1,44,2,2
10,54,F,7,2010,2,1,1,1,2,1,1,2,1,1,1,4,1,2,8,6,1,1, ?,2,2
8,54,F,6,2010,2,1,1,2,2,1,1,1,1,1,1,3,2,2,13,6,1,1,30,2,2
2,54,F,10,2010,2,1,1,2,2,1,1,1,1,1,1,2,1,2,8,6,1,1, ?,2,2
13,54,F,4,2010,4,1,1,2,2,1,2,1,1,1,1,1,1,1,14,6,1,1, ?,2,2
7,54,F,6,2010,4,1,1,2,2,1,1,1,1,1,1,2,1,2,9,6,1,1,50,2,2
7,54,F,12,2010,3,1,1,2,2,1,1,1,1,1,1,2,1,2,9,6,1,1,48,2,2
1,54,F,7,2010,4,7,1,2,2,1,3,1,1,1,1,1,1,1,14,9,1,1,38,2,2
12,54,F,10,2010,2,1,1,2,2,1,1,1,1,1,1,1,1,1,9,6,1,1, ?,2,2
8,54,F,11,2010,4,7,1,2,2,1,1,1,1,1,1,4,1,2,13,11,1,1,40,2,2
1,58,F,11,2010,1,1,1,2,2,1,4,1,1,1,1,2,1,2,9,5,1,1, ?,2,2
9,63,F,12,2010,2,1,1,2,2,1,1,1,1,1,1,1,1,2,9,5,1,1,48,2,2
9,63,F,9,2010,3,1,1,2,2,1,1,1,1,1,1,1,1,2,9,5,1,1, ?,2,2
6,63,F,11,2010,2,1,1,2,2,1,1,1,1,1,1,1,1,2,14,5,1,1, ?,2,2
6,63,G,10,2010,4,1,1,2,2,1,4,1,1,1,1,1,1,2,8,5,1,1,42,2,2
3,63,G,12,2010,3,1,1,2,2,1,1,2,1,1,1,4,1,2,5,6,2,1, ?,2,2
14,58,F,5,2010,1,1,1,2,1,1,4,1,1,2,1,2,1,2,9,5,1,3, ?,2,2
5,58,M,8,2010,3,1,1,2,2,1,1,1,1,1,1,1,1,2,8,5,1,1,45,2,2
14,58,F,11,2010,4,1,1,2,1,1,4,1,1,1,1,1,1,2,19,6,1,1, ?,2,2
14,63,F,3,2010,4,3,1,2,1,1,4,1,1,1,3,1,1,2,14,6,1,7,30,2,2
8,56,F,2,2010,2,1,1,2,2,1,1,1,1,1,1,2,1,2,10,6,1,1,40,2,2
13,54,F,5,2010,3,1,1,2,2,1,2,1,1,1,1,1,1,2,4,6,1,1, ?,2,2
7,64,F,6,2010,1,1,1,2,1,1,3,1,1,1,1,5,1,1,9,6,1,1, ?,1,2
2,64,G,10,2010,3,1,4,2,1,1,1,1,1,1,1,5,1,1,14,6,?,1, ?,1,2
7,38,G,1,2010,4,2,1,2,2,1,2,1,1,1,1,1,1,2,13,6,1,1, ?,2,2
3,36,F,1,2010,2,4,8,2,2,1,1,2,1,1,1,1,1,2,9,6,1,1, ?,2,2
1,45,F,1,2010,3,1,1,2,2,1,1,1,1,1,1,1,1,2,14,6,1,3, ?,2,2
7,40,F,2,2010,4,1,1,2,2,1,2,1,1,1,1,2,1,2,15,5,1,1, ?,2,2
3,38,F,3,2010,1,1,1,2,2,1,2,1,1,1,1,1,1,2,14,10,1,2,45,2,2
1,35,F,4,2010,3,1,1,2,2,1,1,1,1,1,1,2,1,2,8,6,1,3, ?,2,2
6,38,F,4,2010,3,3,1,2,2,1,4,2,1,1,1,1,1,2,13,6,1,1,55,2,2
1,45,G,4,2010,3,1,1,2,2,1,1,1,1,1,1,1,1,2,14,6,1,3, ?,2,2
1,47,F,5,2010,3,1,1,2,2,1,1,1,1,1,1,1,1,2,9,6,1,1, ?,2,2
1,39,F,5,2010,1,1,1,2,2,1,4,1,1,1,1,1,1,2,9,6,1,1, ?,2,2
1,49,G,6,2010,3,1,1,2,2,1,1,1,1,1,1,2,1,2,14,6,1,3,28,2,2
8,47,F,7,2010,2,1,1,2,2,2,1,1,2,1,1,1,1,2,14,6,1,1,32,2,2
6,45,F,7,2010,4,1,1,2,2,1,1,1,1,1,1,1,1,2,9,5,1,1, ?,2,2
6,44,S,7,2010,3,1,1,2,2,1,1,1,1,1,1,3,1,2,14,6,1,1,28,2,2
1,40,F,7,2010,2,1,1,2,2,1,1,1,1,1,1,1,1,2,14,10,1,1,50,2,2
6,40,F,7,2010,3,1,1,2,2,1,1,1,1,1,1,1,1,2,14,6,1,1,42,2,2
2,35,F,8,2010,1,1,1,2,2,1,4,1,1,1,1,2,1,2,9,6,1,1, ?,2,2
1,45,G,8,2010,4,1,1,2,2,1,1,1,1,1,1,1,1,1,14,5,1,1,45,2,2
6,46,F,5,2010,4,2,1,2,2,1,3,1,1,1,1,1,1,1,14,2,1,1,18,2,2
6,44,F,8,2010,4,1,1,2,2,1,2,3,1,1,1,1,2,1,14,6,1,1,30,2,2
7,38,G,9,2010,2,1,4,2,2,1,1,1,1,1,1,1,1,2,10,6,1,3, ?,2,2
5,45,F,9,2010,2,1,1,2,2,1,1,1,1,1,1,1,1,2,9,5,1,1, ?,2,2
1,49,G,11,2010,2,4,4,2,2,1,1,1,1,1,1,2,1,1,9,6,1,1,40,2,2
3,39,F,11,2010,4,1,1,2,2,1,2,1,1,1,1,1,1,2,14,6,1,1,32,2,2
1,45,G,12,2010,4,1,1,2,2,1,2,1,1,1,1,1,1,1,9,6,1,3, ?,2,2
15,42,M,1,2010,4,1,1,2,1,1,2,1,1,1,1,2,1,1,14,6,1,1,40,2,2
28,42,M,2,2010,3,3,4,1,1,1,1,1,1,1,1,5,1,1,8,6,1,1,20,2,2
2,42,M,2,2010,3,3,4,1,1,1,1,1,1,1,1,2,1,1,9,6,1,1,51,2,2
32,42,G,1,2010,3,4,2,1,1,1,1,1,1,1,1,5,1,1,12,6,1,1,30,2,2
32,42,G,2,2010,3,1,4,1,1,1,1,1,1,1,1,5,1,1,9,6,1,1,35,2,2
9,42,M,2,2010,3,1,4,2,1,1,1,1,1,1,1,5,1,1,9,6,1,1,34,2,2
15,42,G,3,2010,1,1,1,2,2,1,4,1,1,1,1,2,1,1,14,6,1,1,35,1,2
22,42,G,3,2010,1,1,2,2,1,1,2,1,1,1,1,1,1,1,14,6,1,1,42,1,2
22,42,F,3,2010,2,1,5,2,1,1,1,1,1,1,1,1,1,1,14,6,1,1,40,2,2
12,42,M,4,2010,2,3,4,2,1,1,1,1,1,1,1,5,1,1,8,6,1,1,42,2,2
12,42,F,4,2010,2,1,4,2,1,1,1,1,1,1,1,1,1,1,9,6,1,7,40,2,2
37,42,M,5,2010,2,1,1,2,1,1,1,1,1,1,1,5,1,1,9,6,1,1,42,1,2
13,42,S,4,2010,3,1,1,1,1,1,1,1,1,1,1,1,1,1,9,6,1,1,33,2,2
22,42,F,4,2010,4,2,4,2,1,1,4,1,1,1,1,1,1,1,9,6,1,1,35,2,2
28,42,M,6,2010,2,2,4,1,1,1,1,1,1,1,1,5,1,1,9,6,1,1,38,1,2
9,42,S,5,2010,2,2,4,2,1,1,1,1,1,1,1,5,1,1,9,6,1,1,22,1,2
29,42,F,4,2010,2,5,4,1,1,1,3,2,1,1,1,5,1,1,9,6,1,1,48,2,2
1,42,F,1,2010,3,1,1,2,1,1,1,4,1,1,1,5,1,1,9,6,1,1,30,2,2
1,42,F,4,2010,2,3,4,2,1,1,1,1,1,1,1,5,1,1,9,6,1,1,26,2,2
1,42,M,5,2010,2,3,4,2,1,1,1,1,1,1,1,5,1,1,9,6,1,1,30,2,2
1,42,M,6,2010,4,1,4,2,2,1,3,1,1,1,1,5,1,1,10,6,1,1,30,2,2
2,42,F,6,2010,2,1,1,1,1,1,1,1,1,1,1,5,1,1,9,6,1,1,35,2,2
14,42,M,3,2010,1,1,8,2,1,1,1,1,1,1,1,1,1,1,9,6,1,1,33,1,2
12,42,M,7,2010,2,1,4,1,1,1,1,1,1,1,1,5,1,1,14,6,1,1,40,2,2
12,42,M,7,2010,2,2,4,1,1,1,1,1,1,1,1,1,1,1,9,6,1,1,35,2,2
33,42,F,6,2010,2,1,1,2,1,1,1,1,1,1,1,1,1,1,9,6,2,1,38,2,2
12,42,M,8,2010,2,3,4,2,1,1,1,1,1,1,1,1,1,1,9,6,1,1,40,2,2
12,42,M,8,2010,2,1,4,1,1,1,1,1,1,1,1,5,1,1,9,6,1,1,33,2,2
9,42,F,8,2010,2,7,4,2,1,1,1,1,1,1,1,5,1,1,9,6,1,1,35,2,2
1,42,F,7,2010,4,1,1,1,1,1,3,1,1,1,1,5,1,1,9,6,1,1,30,2,2
23,42,S,8,2010,3,1,1,1,1,1,1,1,1,1,1,1,1,1,4,6,1,1,26,2,2
3,42,M,9,2010,4,1,1,1,1,1,3,1,1,1,1,1,1,1,9,6,1,1,43,2,2
15,42,G,9,2010,4,1,1,2,2,2,4,1,2,1,1,4,1,1,12,6,1,1,33,2,2
3,42,G,10,2010,3,2,4,2,1,1,1,1,1,1,1,1,1,1,15,6,1,1,45,2,2
37,42,F,11,2010,3,2,6,2,1,1,1,1,1,1,1,5,1,1,9,6,1,1,38,1,2
37,42,G,11,2010,3,3,4,2,1,1,1,2,1,1,1,5,1,1,9,6,1,1,43,2,2
12,42,G,10,2010,1,2,4,1,1,1,3,1,1,1,1,5,1,1,10,6,1,1,30,2,2
12,42,G,11,2010,3,3,5,1,1,1,1,1,1,1,1,1,1,1,9,6,1,1,40,2,2
22,42,M,10,2010,2,1,4,1,1,1,1,1,1,1,1,1,1,1,9,6,1,1,30,2,2
14,42,M,10,2010,2,2,4,2,1,1,2,1,1,1,1,1,1,1,9,6,1,7,40,2,2
23,42,G,12,2010,2,4,8,1,1,1,1,1,1,1,1,1,1,1,10,6,1,1,30,2,2
12,42,M,12,2010,4,1,4,1,1,1,3,1,1,1,1,5,1,1,9,6,1,1,42,2,2
1,42,M,10,2010,4,2,4,2,1,1,2,1,1,1,1,5,1,1,9,6,1,1,26,2,2
1,42,M,9,2010,2,2,4,1,1,1,1,1,1,1,1,5,1,1,7,6,1,1,53,2,2
1,42,G,11,2010,4,6,4,1,1,1,3,1,1,1,1,5,1,1,7,6,1,1,30,2,2
1,42,G,12,2010,1,1,1,2,1,1,1,1,1,1,1,5,1,1,11,6,1,1,40,2,2
14,42,F,12,2010,2,2,4,1,1,1,1,1,1,1,1,1,1,1,7,6,1,1,48,1,2
32,42,M,12,2010,3,3,4,1,1,1,1,1,1,1,1,5,1,1,9,6,1,1,38,2,2
9,56,F,1,2010,3,3,1,2,2,1,1,2,1,1,1,1,1,2,14,2,1,1,35,2,2
8,57,F,4,2010,3,1,1,2,2,1,1,1,1,1,1,1,1,2,9,11,1,1,32,2,2
1,65,G,1,2010,2,1,1,2,2,1,2,1,1,1,1,1,1,2,9,5,1,1, ?,2,2
5,65,F,2,2010,2,1,1,2,2,1,2,1,1,1,1,1,1,2,14,6,1,1, ?,2,2
1,61,F,3,2010,1,1,1,2,2,1,1,1,1,1,1,1,1,2,8,5,1,1, ?,2,2
1,61,F,5,2010,1,1,1,2,2,1,2,1,1,1,1,1,1,2,14,6,1,1, ?,2,2
1,61,F,7,2010,3,1,1,2,2,1,1,1,1,1,1,3,1,2,5,5,1,7, ?,2,2
1,59,F,3,2010,2,3,1,2,2,1,1,1,1,1,1,2,1,2,9,5,1,1,25,2,2
2,60,F,4,2010,2,1,8,2,2,1,1,1,1,1,1,2,1,2,9,5,1,1,40,2,2
10,66,G,8,2010,4,1,1,2,2,1,4,1,1,1,1,3,1,2,17,6,1,1,25,2,2
3,57,F,9,2010,3,1,1,2,2,1,1,1,1,1,1,1,1,2,10,5,1,1,55,2,2
6,57,F,6,2010,2,1,1,2,2,1,1,1,1,1,1,3,1,2,6,6,1,6,23,2,2
8,63,F,1,2010,4,3,1,2,2,1,4,1,1,1,1,1,1,2,9,5,1,1,32,2,2
9,63,F,3,2010,4,1,1,2,2,1,4,1,1,1,1,2,1,2,13,6,1,1,38,2,2
8,63,M,6,2010,2,1,1,2,2,1,1,1,1,1,1,1,1,2,19,1,1,1, ?,2,2
8,63,F,4,2010,2,1,1,2,2,1,1,1,1,1,1,1,1,2,14,6,1,1, ?,2,2
9,63,F,9,2010,3,1,1,2,2,1,1,1,1,1,1,2,1,2,8,5,1,1,32,1,2
8,42,S,11,2010,1,5,4,2,1,1,3,1,1,1,1,5,1,1,14,6,1,1,35,2,2
2,17,G,2,2010,3,1,1,2,2,1,1,1,1,1,1,4,1,2,14,5,1,1,50,2,2
10,16,F,3,2010,2,7,1,2,2,1,1,1,1,1,1,1,2,1,14,5,1,7, ?,2,2
12,9,G,5,2010,3,1,1,2,2,1,1,1,1,1,1,1,1,1,14,6,1,7,35,2,2
3,8,F,5,2010,1,7,1,2,2,2,2,1,2,1,1,1,1,1,14,6,1,7,26,2,2
3,5,F,2,2010,3,3,8,2,2,1,1,1,1,1,2,3,1,2,17,2,2,7, ?,2,2
1,2,F,1,2010,3,3,1,2,2,1,1,1,1,1,1,1,1,1,8,6,1,7, ?,2,2
1,2,F,1,2010,2,1,1,2,2,1,1,2,1,1,1,1,1,1,9,4,1,7, ?,2,2
10,9,F,8,2010,4,1,1,2,2,1,2,1,1,1,1,1,1,2,14,6,1,1, ?,2,2
10,9,F,8,2010,3,1,8,2,2,1,1,1,1,1,1,1,1,2,8,6,1,1, ?,2,2