Thana,District,Accident_Severity,Month,Year,Time,Junction_Type,Traffic_Control,Movement,Divider,Weather,Light,Road_Geometry,Surface_Condition,Surface_Type,Surface_Quality,Road_Class,Road_Feature,Location_Type,Vehicle_Type,Vehicle_Movement,Vehicle_Loading,Vehicle_Defect,Vehicle_Driver_Age,Vehicle_Alcohol,Vehicle_Seat_Belt
1,46,F,4,2011,3,1,1,2,2,1,1,1,1,1,1,1,1,1,10,6,1,3, ?,2,2
1,46,F,6,2011,1,1,1,2,2,1,2,1,1,1,1,1,1,2,14,6,1,3, ?,2,2
1,46,F,6,2011,1,1,1,2,2,1,2,1,1,1,1,1,1,1,14,6,1,1,65,2,2
6,46,F,5,2011,2,1,4,2,2,1,1,1,1,1,1,1,1,1,7,6,1,3,18,2,2
7,41,F,4,2011,4,1,1,2,2,1,3,1,1,1,1,1,1,1,14,6,1,3, ?,2,2
6,41,G,5,2011,3,1,1,2,2,1,1,1,1,1,1,1,1,2,8,6,1,6, ?,2,2
5,41,G,7,2011,3,1,4,2,2,1,1,1,1,1,1,1,1,1,9,6,1,3,26,2,2
11,47,G,9,2011,3,1,1,2,2,1,2,1,1,1,1,3,1,2,14,6,1,3,40,2,2
1,51,F,5,2011,3,1,1,2,2,1,1,1,1,1,1,2,1,2,4,6,1,1,25,2,2
2,51,F,5,2011,3,1,1,2,2,1,1,1,1,1,1,4,1,2,17,6,2,6, ?,2,2
1,51,F,6,2011,2,1,1,2,2,1,1,1,1,1,1,4,1,2,19,6,2,6,15,2,2
3,51,G,6,2011,2,1,1,2,2,1,1,1,1,1,1,3,1,2,7,6,1,3, ?,2,2
7,51,F,7,2011,3,1,1,2,2,1,1,1,1,1,1,4,1,2,17,6,1,6, ?,2,2
5,41,G,7,2011,3,1,1,2,2,1,1,1,1,1,1,1,1,2,10,6,1,3,20,2,2
7,41,F,8,2011,1,1,1,2,2,1,4,1,1,1,1,5,1,1,10,6,1,3, ?,2,2
6,41,F,8,2011,3,2,2,2,2,1,1,1,1,1,1,1,1,2,9,6,1,1, ?,2,2
12,47,F,8,2011,2,1,1,2,2,1,1,1,1,1,1,1,1,2,14,6,1,1, ?,2,2
5,44,G,10,2011,3,1,1,2,2,1,1,1,1,1,1,3,1,2,16,6,1,1,38,2,2
1,49,F,9,2011,2,1,1,2,2,1,1,2,1,1,1,3,1,2,14,4,1,1, ?,2,2
1,49,F,9,2011,2,1,1,2,2,1,1,1,1,1,1,5,1,1,9,6,1,1, ?,2,2
1,39,F,8,2011,3,1,1,2,2,1,1,1,1,1,1,2,1,2,4,6,1,3, ?,2,2
1,45,F,12,2011,3,1,1,2,2,1,1,1,1,1,1,1,1,1,14,6,1,3, ?,2,2
5,37,F,11,2011,3,3,1,2,2,1,1,1,1,1,1,3,1,2,6,6,1,3, ?,2,2
1,48,F,11,2011,3,1,1,2,2,1,1,1,1,1,1,2,1,1,14,6,1,3, ?,2,2
5,41,F,11,2011,3,1,1,2,2,1,1,1,1,1,1,1,1,1,19,6,1,3, ?,2,2
1,41,F,11,2011,4,1,1,2,2,1,4,3,1,1,1,1,1,2,10,6,1,3,19,2,2
7,41,F,12,2011,1,1,1,2,2,1,3,1,1,1,1,2,1,1,9,6,1,3, ?,2,2
7,41,F,12,2011,1,1,1,2,2,1,2,1,1,1,1,2,1,1,19,6,1,3, ?,2,2
4,44,G,12,2011,4,1,1,2,2,1,3,1,1,1,1,3,1,1,9,6,1,3, ?,2,2
3,49,G,12,2011,3,1,1,2,2,1,1,1,1,1,1,2,1,2,14,6,1,3, ?,2,2
2,49,F,12,2011,3,1,1,2,2,1,1,1,1,1,1,3,1,1,14,5,1,3, ?,2,2
12,51,F,10,2011,4,1,1,2,2,1,2,1,1,1,1,4,1,2,17,6,1,1, ?,2,2
3,51,F,10,2011,2,1,1,2,2,1,1,1,1,1,1,4,1,2,19,6,2,6, ?,2,2
4,36,F,11,2011,2,1,1,2,2,1,1,1,1,1,1,1,2,2,9,6,1,1,38,2,2
3,40,M,8,2011,4,2,1,2,2,1,1,1,1,1,1,1,1,1,9,1,1,1, ?,2,2
1,46,F,11,2011,1,1,1,2,2,1,4,1,1,1,1,1,1,1,12,7,2,7,26,2,2
5,44,F,8,2011,3,1,1,2,2,1,1,1,1,1,1,1,1,2,9,6,1,1,32,2,2
5,46,F,1,2011,2,1,1,2,2,1,1,1,1,1,1,1,1,2,7,6,?,?, ?,2,2
3,40,S,8,2011,2,1,1,2,2,1,1,1,1,1,1,1,1,1,10,6,1,1, ?,2,2
37,4,F,9,2011,3,3,1,2,2,1,1,1,1,1,2,4,1,2,19,6,2,1, ?,2,2
4,44,F,3,2011,2,1,1,2,2,1,1,1,1,1,1,3,1,1,9,6,1,3, ?,2,2
12,47,G,3,2011,2,1,1,2,2,1,1,1,1,1,1,1,1,2,9,6,1,7, ?,2,2
4,48,F,1,2011,4,1,1,2,2,1,2,1,1,1,1,3,1,2,14,6,1,3, ?,2,2
6,40,F,9,2011,3,1,1,2,2,1,2,1,1,1,1,1,1,2,4,6,1,1, ?,2,2
6,40,S,7,2011,3,1,1,2,2,1,1,1,1,1,1,2,1,2,11,6,1,1, ?,2,2
6,40,F,8,2011,3,1,1,2,2,1,1,1,1,1,1,2,1,2,1,7,2,6, ?,2,2
1,45,F,4,2011,2,1,1,2,2,1,1,1,1,1,1,1,1,1,9,6,1,1, ?,2,2
5,38,G,12,2011,?,1,1,2,2,1,1,4,1,1,1,4,1,2,8,5,1,7,27,2,2
3,38,F,11,2011,4,1,1,2,2,1,1,1,1,1,1,1,1,2,9,6,1,3, ?,2,2
3,36,F,1,2011,1,1,1,2,1,1,1,1,1,1,1,1,2,?,9,6,1,3, ?,2,2
11,51,G,6,2011,3,1,1,2,2,1,1,1,1,1,1,3,1,2,6,6,2,6, ?,2,2
3,51,G,6,2011,2,1,1,2,2,1,1,1,1,1,1,2,1,1,7,9,1,3, ?,2,2
1,40,G,7,2011,3,1,8,2,2,1,1,1,1,1,1,1,1,1,9,10,1,7,41,2,2
2,39,F,9,2011,4,1,1,2,2,1,2,1,1,1,1,3,1,2,13,6,1,1,55,2,2
9,47,F,7,2011,4,1,1,2,2,1,4,1,1,1,1,1,1,2,14,6,1,1, ?,2,2
6,46,S,1,2011,3,1,1,2,2,1,1,1,1,1,1,1,1,1,10,6,1,1, ?,2,2
5,45,F,10,2011,3,1,1,2,2,1,1,1,1,1,1,1,1,2,9,6,1,3, ?,1,2
7,41,F,10,2011,2,1,1,2,2,1,1,?,1,1,1,1,1,?,19,6,1,1, ?,2,2
4,36,G,8,2011,2,7,1,2,2,1,1,1,1,1,1,1,1,2,12,6,1,3,22,1,2
4,44,F,1,2011,2,1,1,2,2,1,1,1,1,1,1,3,1,1,9,5,1,3, ?,2,2
1,38,G,1,2011,3,1,4,2,2,1,1,1,1,1,1,1,2,?,9,6,1,3, ?,2,2
1,45,G,7,2011,4,1,1,2,2,1,4,1,1,1,1,1,1,2,9,6,1,3, ?,2,2
4,37,F,9,2011,3,3,1,2,2,1,1,1,1,1,2,4,1,2,19,6,2,1, ?,2,2
6,40,G,11,2011,3,1,1,2,2,1,1,1,1,1,1,1,1,1,4,6,1,1, ?,2,2
1,42,M,4,2011,2,2,2,1,1,1,1,1,1,1,1,1,1,1,9,6,1,1,38,2,2
2,42,G,3,2011,2,2,4,1,1,1,1,1,1,1,1,5,1,1,9,6,1,1,45,2,2
3,42,F,4,2011,3,1,1,2,2,1,1,1,1,1,1,5,1,1,10,6,1,1,38,2,2
10,42,F,4,2011,1,1,1,1,1,1,3,1,1,1,1,5,1,1,14,6,1,1,45,1,2
11,42,F,4,2011,2,1,1,1,1,1,1,1,1,1,1,5,1,1,8,6,1,1,28,2,2
12,42,F,1,2011,2,3,4,1,1,1,1,1,1,1,1,5,1,1,9,6,1,1,35,2,2
12,42,F,2,2011,4,7,8,1,1,1,1,1,1,1,1,5,1,1,8,6,1,1,25,2,2
12,42,G,2,2011,4,1,1,1,1,1,3,1,1,1,1,5,1,1,4,6,1,7,31,2,1
12,42,F,3,2011,2,1,1,1,1,1,1,1,1,1,1,5,1,1,9,6,1,1,42,2,2
14,42,M,2,2011,2,1,1,1,1,1,1,1,1,1,1,1,1,1,7,5,1,7,32,2,2
14,42,F,3,2011,4,1,1,1,1,1,2,1,1,1,1,1,1,1,10,6,1,1,35,2,2
14,42,F,5,2011,4,1,1,1,1,1,3,1,1,1,1,1,1,1,9,6,1,1,35,1,2
16,42,F,1,2011,1,2,4,1,1,1,3,1,1,1,1,1,1,1,9,6,1,1,42,2,2
17,42,F,1,2011,1,1,1,1,1,1,2,1,1,1,1,5,1,1,8,6,1,1,24,2,2
21,42,F,1,2011,1,6,1,1,1,1,4,1,1,1,1,1,1,1,14,6,1,1,30,2,2
22,42,F,4,2011,1,1,1,1,1,1,3,1,1,1,1,1,1,1, ?,6,?,?, ?,?,?
22,42,G,5,2011,3,2,4,1,1,1,1,1,1,1,1,1,1,1,9,6,1,1,45,2,2
23,42,G,3,2011,3,1,4,1,1,1,1,1,1,1,1,1,1,1,8,6,1,1,23,2,2
25,42,F,1,2011,2,1,1,2,2,1,1,1,1,1,1,5,1,1,1,9,1,1,40,1,2
25,42,F,4,2011,1,1,1,2,2,1,3,1,1,1,1,5,1,1, ?,6,?,?, ?,?,?
25,42,F,5,2011,2,1,1,2,2,1,1,1,2,1,1,5,1,1,14,6,1,1,45,1,2
28,42,G,3,2011,2,2,4,1,1,1,1,1,1,1,1,5,1,1,12,6,1,1,38,2,2
29,42,S,2,2011,3,1,1,2,2,1,1,1,1,1,1,1,1,1,11,6,1,1,45,2,2
32,42,G,5,2011,2,3,4,2,2,1,1,1,1,1,1,5,1,1,12,6,1,1,35,2,2
33,42,F,5,2011,3,3,4,1,1,1,1,1,1,1,1,1,1,1,9,6,1,1,40,2,2
36,42,F,1,2011,4,1,4,1,1,1,3,1,1,1,1,5,1,1,14,6,1,1,45,1,2
36,42,G,4,2011,3,1,4,1,1,1,1,1,1,1,1,5,1,1,8,6,1,1,19,2,2
37,42,G,2,2011,2,1,1,1,1,1,1,1,1,1,1,5,1,1,9,6,1,1,35,1,2
37,42,G,5,2011,1,1,1,1,1,1,3,1,1,1,1,5,1,1,13,6,1,1,43,1,2
40,42,G,1,2011,3,3,1,1,1,1,1,1,1,1,1,5,1,1,9,6,1,1,45,2,2
40,42,F,1,2011,2,1,1,1,1,1,2,1,1,1,1,5,1,1,9,6,1,1,40,2,2
27,42,F,7,2011,2,2,5,1,1,1,1,1,1,1,1,1,1,1,6,1,1,1,28,2,2
41,42,F,7,2011,4,2,4,1,1,1,3,1,1,1,1,5,1,1,14,6,1,1,35,2,2
17,42,G,7,2011,1,1,1,1,1,1,3,1,1,1,1,5,1,1,9,6,1,1,28,2,2
17,42,F,12,2011,3,1,1,1,1,1,1,1,1,1,1,5,1,1,9,6,1,1,35,2,2
25,42,F,12,2011,3,1,1,2,2,1,1,1,1,1,1,5,1,1,7,6,1,1,38,2,2
7,42,G,6,2011,2,1,1,2,2,1,1,1,1,1,1,5,1,1,9,6,1,1,38,2,2
40,42,G,11,2011,2,1,1,1,1,1,1,1,1,1,1,5,1,1,8+,6,1,1,32,2,2
32,42,F,7,2011,2,1,1,2,2,1,1,1,1,1,1,5,1,1,13,6,1,1,24,2,2
34,42,S,12,2011,1,4,2,1,1,1,3,1,1,1,1,5,1,1,14,6,1,1,22,2,2
2,42,G,7,2011,3,2,4,1,1,1,1,1,1,1,1,5,1,1,9,6,2,6,35,2,2
8,42,F,10,2011,4,3,6,1,1,1,3,1,1,1,1,5,1,1,14,6,1,1,42,1,2
8,42,G,11,2011,2,1,4,2,2,1,1,1,1,1,1,3,1,1,7,6,1,1,38,2,2
10,42,F,8,2011,4,1,1,2,2,1,4,1,1,1,1,5,1,1,14,6,1,1,42,1,2
16,42,F,7,2011,1,1,1,1,1,1,3,1,1,1,1,1,1,1,9,6,1,1,40,2,2
16,42,F,9,2011,1,3,1,1,1,1,3,1,1,1,1,5,1,1,14,6,1,1,38,1,2
16,42,F,10,2011,3,1,1,1,1,1,1,1,1,1,1,1,1,1,10,6,1,1,21,2,2
16,42,F,10,2011,3,1,1,1,1,1,1,1,1,1,1,5,1,1,14,6,1,1,38,2,2
11,42,F,7,2011,1,1,1,1,1,1,2,1,1,1,1,2,1,1,12,2,1,1,35,2,2
11,42,S,8,2011,3,2,1,1,1,1,1,1,1,1,1,5,1,1,9,6,1,1,38,2,2
1,42,F,8,2011,4,2,4,1,1,1,3,1,1,1,1,5,1,1,14,6,1,1,42,2,2
3,42,G,6,2011,1,1,2,1,1,1,3,1,1,1,1,5,1,1,7,6,1,1,32,2,2
3,42,F,10,2011,4,3,4,1,1,1,3,1,1,1,1,5,1,1,14,6,2,1,42,1,2
15,42,F,12,2011,1,1,1,2,2,1,1,1,1,1,1,5,1,1,14,6,1,1,35,2,2
12,42,G,8,2011,2,3,1,2,2,1,2,1,1,1,1,5,1,1,10,6,1,1,35,2,2
12,42,F,11,2011,1,1,3,1,1,1,1,1,3,1,1,1,1,1,14,6,1,1,39,2,2
12,42,S,11,2011,2,6,1,1,1,1,1,1,1,1,1,1,1,1,14,6,1,1,38,2,2
33,42,F,10,2011,2,1,1,2,2,1,1,1,1,1,1,5,1,1, ?,6,?,?, ?,?,?
33,42,G,12,2011,2,3,1,2,2,1,1,1,1,1,1,5,1,1,14,6,1,1,42,1,2
14,42,G,6,2011,4,1,1,2,2,1,2,1,1,1,1,2,1,1,10,6,1,1,32,2,2
14,42,F,8,2011,3,2,4,2,2,1,1,1,1,1,1,1,1,1,7,6,1,1,28,2,2
14,42,F,9,2011,2,1,1,2,2,1,1,1,1,1,1,2,1,1,10,6,1,1,32,2,2
14,42,F,9,2011,3,1,1,1,1,1,1,1,1,1,1,1,1,1,9,6,1,1,38,2,2
32,42,F,11,2011,2,2,4,1,1,1,1,1,1,1,1,5,1,1,9,6,1,1,40,2,2
40,42,G,12,2011,2,1,4,1,1,1,1,1,1,1,1,5,1,1,9,6,1,1,32,2,2
2,42,F,12,2011,3,3,2,1,1,1,1,1,1,1,1,5,1,1,8,6,1,1,38,1,2
36,42,M,10,2011,2,1,1,1,1,1,1,1,1,1,1,5,1,1,9,6,1,1,42,2,2
39,42,G,1,2011,3,3,1,2,1,1,1,1,1,1,1,5,1,1,9,6,1,1,45,2,2
39,42,F,1,2011,2,1,1,2,1,1,2,1,1,1,1,5,1,1,9,6,1,1,40,2,1
39,42,G,8,2011,1,1,1,2,1,1,1,1,1,1,1,5,1,1,8,6,1,1,32,2,2
39,42,G,12,2011,2,1,3,2,1,1,1,2,1,1,1,5,1,1,9,6,1,1,32,2,2
14,42,F,4,2011,4,1,1,2,1,2,3,1,2,1,1,1,1,1, ?,6,?,?, ?,2,2
1,24,F,3,2011,3,1,1,2,2,1,1,1,1,1,1,1,1,2,14,2,1,6, ?,2,2
2,22,F,4,2011,3,1,8,2,2,1,1,1,1,1,1,5,1,2,14,5,1,1,31,2,2
5,11,G,2,2011,3,7,8,2,2,1,1,1,1,1,1,1,?,?,9,6,1,1, ?,1,2
1,12,F,6,2011,2,3,8,2,2,1,2,2,1,2,1,1,1,1,9,6,1,1, ?,2,2
1,12,F,3,2011,3,1,1,1,2,1,1,1,1,1,1,4,?,?,8,5,1,1, ?,2,2
1,12,F,1,2011,2,1,8,2,2,1,1,1,1,1,1,1,1,1,14,11,1,1, ?,1,2
4,12,F,4,2011,2,7,8,2,2,1,1,1,1,1,1,2,2,2,14,11,1,7, ?,1,2
9,13,G,3,2011,2,1,1,1,2,1,1,1,1,1,1,4,1,2,8,7,2,1, ?,2,2
3,13,M,1,2011,2,2,1,2,2,1,1,1,1,1,1,3,1,2,12,11,1,1,32,2,2
7,7,F,3,2011,4,7,1,2,2,1,4,1,1,1,1,1,1,2,14,4,2,1, ?,1,2
5,2,S,12,2011,3,3,1,2,2,1,2,2,1,1,1,2,1,2,7,1,1,1,20,2,2
4,2,F,11,2011,3,3,1,2,2,1,1,1,1,1,3,1,2,?,17,2,1,1, ?,1,2
3,8,F,1,2011,2,7,8,2,2,4,2,2,3,1,1,1,2,2,9,6,1,7, ?,2,2
3,8,F,3,2011,2,1,8,2,2,1,2,1,1,1,1,1,1,1,14,11,1,1, ?,2,2
3,8,F,2,2011,3,7,8,2,2,1,1,2,1,1,1,1,1,2,9,6,1,7, ?,2,2
1,8,F,4,2011,1,1,1,2,2,1,4,1,1,1,1,1,1,2,9,6,2,1,26,2,2
3,8,F,5,2011,2,1,8,2,2,1,1,1,1,1,1,1,1,2,8,5,2,7,32,2,2
3,8,F,7,2011,3,1,1,2,2,1,1,1,1,1,1,1,1,2,9,6,1,1, ?,1,2
4,15,F,1,2011,2,1,1,2,2,1,1,1,1,1,1,1,1,2,9,6,1,1, ?,2,2
3,15,F,2,2011,2,1,1,2,2,1,1,1,1,1,1,1,1,2,9,6,1,1,50,2,2
4,15,F,7,2011,1,1,1,2,2,1,2,1,1,1,1,1,1,2,9,6,1,1,39,2,2
5,15,F,2,2011,3,3,1,2,1,1,1,1,1,1,1,1,1,2,8,6,1,1,45,2,2
6,15,F,7,2011,2,1,1,2,2,2,2,2,2,1,1,1,1,2,14,6,1,7,35,2,2
10,16,F,12,2011,4,3,4,2,2,1,1,1,1,1,1,1,1,2,9,5,1,1,40,1,2
11,16,F,5,2011,3,7,1,2,2,1,1,1,1,1,1,1,1,2,8,11,1,1,42,2,2
10,16,S,1,2011,3,3,3,2,2,1,1,1,1,1,1,1,1,2,14,4,2,1, ?,1,2
12,9,S,3,2011,3,1,1,2,2,1,1,1,1,1,1,1,1,1,9,5,1,1,55,2,2
4,12,F,6,2011,3,1,1,2,2,1,1,1,1,1,1,3,1,2,9,6,1,2, ?,2,2
11,16,F,3,2011,3,1,1,2,2,1,1,1,1,1,1,1,1,2,9,6,1,1,45,2,2
11,16,F,4,2011,1,1,1,2,2,1,4,1,1,1,1,1,1,2,14,5,1,7, ?,2,2
11,16,F,4,2011,1,1,1,2,2,1,4,1,1,1,1,1,1,2,14,6,1,1, ?,2,2
12,9,F,6,2011,3,1,1,2,2,1,1,1,1,1,1,1,1,2,9,6,1,7, ?,2,2
10,16,F,6,2011,1,1,1,2,2,4,2,2,1,1,1,2,1,?,14,2,1,1, ?,2,2
12,9,F,10,2011,3,1,1,2,2,1,1,1,1,1,1,1,1,1,4,6,1,7,40,2,2
7,9,G,10,2011,2,2,1,2,2,1,1,1,1,1,1,1,1,2,9,6,1,1,43,2,2
12,9,F,8,2011,3,1,8,2,2,1,4,2,1,1,1,1,2,?,14,6,1,1,37,2,2
4,14,F,9,2011,2,2,1,2,1,1,1,1,1,1,1,1,4,1,4,2,1,1, ?,2,2
2,14,F,1,2011,2,7,8,2,2,1,1,1,1,1,1,1,1,1,8,6,1,4,40,2,2
3,14,F,5,2011,3,1,1,2,2,1,1,1,1,1,1,1,1,1,11,11,2,7,45,2,2
3,14,G,5,2011,4,3,?,2,2,1,1,1,1,1,1,1,5,2,14,4,1,4, ?,2,2
1,14,G,11,2011,3,4,1,2,2,1,1,1,1,1,1,2,1,1,14,6,1,1,35,1,2
8,54,F,3,2011,4,1,1,2,2,1,1,2,1,1,1,2,1,2,5,6,1,7,28,1,2
3,54,F,1,2011,3,1,1,2,2,1,1,1,1,1,1,2,1,1,8,6,1,1,27,1,2
3,56,F,4,2011,1,2,1,1,2,1,3,1,1,1,1,1,2,?,9,2,1,1,27,1,2
9,56,F,4,2011,3,2,1,1,1,1,1,1,1,1,1,1,1,2,14,2,1,7,27,1,2
7,54,F,6,2011,?,1,8,2,2,2,1,1,2,1,2,2,5,2,8,7,1,1,38,2,2
9,56,F,1,2011,3,2,1,2,2,1,1,1,1,1,1,1,1,2,12,2,1,1,32,2,2
12,53,G,3,2011,4,1,1,2,2,1,2,1,1,1,2,1,1,2,8,2,1,1,27,2,2
1,54,S,2,2011,2,1,1,2,2,1,1,1,1,1,1,1,1,1,4,11,1,1, ?,2,2
12,54,F,1,2011,3,1,1,2,2,1,1,1,1,1,1,1,1,2,14,6,1,1,35,2,2
12,54,F,1,2011,3,1,1,1,2,1,1,2,1,1,1,1,1,2,14,5,1,7,36,2,2
1,54,M,5,2011,1,7,5,2,2,2,2,2,1,1,1,5,1,1,14,6,1,2,36,2,2
1,54,S,7,2011,1,7,1,2,2,2,1,1,2,2,2,5,1,1,9,11,1,7, ?,2,2
1,54,G,7,2011,1,7,4,2,2,1,2,3,1,1,1,1,1,1,9,6,1,7, ?,2,2
12,54,F,1,2011,1,7,8,2,2,1,1,1,1,1,1,1,1,2,14,4,1,7, ?,2,2
12,54,F,7,2011,2,1,1,2,2,1,1,1,1,1,1,1,2,?,13,6,1,1,29,2,2
11,54,F,2,2011,2,7,1,1,2,4,4,1,1,1,1,2,1,2,5,11,1,7,22,2,2
13,54,F,2,2011,2,1,1,2,2,1,1,1,1,1,1,1,1,2,2,6,1,1,35,1,2
9,54,F,6,2011,1,1,1,2,2,1,1,1,1,1,1,1,1,2,14,6,1,1,36,2,1
7,54,F,7,2011,1,1,8,2,2,1,1,1,1,1,1,2,1,2,10,5,1,1, ?,2,2
5,54,F,3,2011,2,4,3,1,2,1,1,2,1,1,2,3,1,2,13,2,1,7, ?,2,2
7,56,F,8,2011,2,1,2,2,2,1,1,1,1,1,1,1,1,2,9,5,1,1,38,1,1
3,56,F,8,2011,4,1,2,2,2,1,2,1,1,1,1,1,1,2,9,5,1,1,27,2,2
8,56,F,9,2011,3,1,2,2,2,2,2,1,2,1,1,1,1,2,10,5,1,1,26,2,2
1,53,G,11,2011,3,1,8,1,2,1,1,2,1,1,1,3,1,2,13,2,1,7, ?,1,2
7,56,F,11,2011,3,3,1,2,2,1,1,2,1,1,1,1,1,2,9,6,1,1, ?,2,2
7,56,M,11,2011,4,1,1,2,2,1,4,1,1,1,1,1,1,2,14,11,1,7, ?,2,2
1,54,F,11,2011,4,1,8,2,2,4,3,1,1,1,1,5,2,1,14,6,1,7,38,1,2
8,56,F,12,2011,3,1,1,2,2,1,1,1,1,1,1,1,1,2,16,5,1,1,50,2,2
9,54,F,9,2011,4,1,1,2,2,1,1,1,1,1,1,1,1,2,7,6,1,7,35,2,2
9,54,F,12,2011,3,1,1,2,2,1,1,1,1,1,1,1,1,2,14,11,1,5, ?,2,2
17,54,F,12,2011,1,1,8,2,2,4,2,1,1,1,1,5,1,1,14,6,1,1,66,2,2
11,54,S,2,2011,3,1,1,2,2,1,1,1,1,1,1,2,1,2,9,11,1,7, ?,1,2
3,54,F,1,2011,3,1,1,2,1,1,1,1,1,1,1,2,1,1,8,6,1,1,27,1,2
8,54,F,4,2011,2,1,1,2,2,1,1,1,1,1,1,3,1,2,6,6,1,7,17,1,2
8,54,F,3,2011,3,1,1,2,2,1,1,2,1,1,1,4,1,2,1,5,1,7,28,1,2
4,54,G,12,2011,2,1,1,2,2,1,1,1,1,1,1,4,1,2,8,6,1,7, ?,1,2
4,53,F,2,2011,3,1,1,2,2,1,1,2,1,1,1,2,1,2,8,6,1,1,45,2,2
10,64,F,2,2011,3,5,1,2,2,1,1,1,1,1,1,1,1,1,7,6,1,1, ?,1,2
3,38,F,2,2011,3,1,1,2,2,1,1,1,1,1,1,1,1,2,16,6,1,3, ?,2,2
6,38,G,2,2011,1,1,1,2,2,1,2,1,1,1,1,1,1,2,9,6,1,1, ?,2,2
7,41,F,3,2011,2,1,1,2,2,1,1,1,1,1,1,2,1,2,14,6,1,1, ?,2,2
7,41,F,3,2011,2,1,1,2,2,1,1,1,1,1,1,1,1,1,9,6,1,1, ?,2,2
10,52,F,3,2011,4,1,1,2,2,1,4,1,1,1,1,3,1,2,13,6,1,1, ?,2,2
5,40,F,3,2011,2,1,1,2,2,1,1,1,1,1,1,1,1,1,9,6,1,3,25,2,2
4,44,F,5,2011,1,3,1,2,2,1,2,1,1,1,1,2,1,2,19,6,1,1,25,2,2
4,44,F,5,2011,3,1,1,2,2,1,1,1,1,1,1,3,1,1,5,6,1,1,35,2,2
1,38,F,5,2011,3,1,1,2,2,1,1,1,1,1,1,1,1,2,14,6,1,3, ?,2,2
9,47,F,7,2011,1,3,1,2,2,1,2,1,1,1,1,1,1,2,9,6,1,1, ?,2,2
7,38,F,6,2011,3,1,1,2,2,2,1,2,1,1,1,1,1,2,9,6,1,7, ?,2,2
12,50,F,4,2011,2,1,1,2,2,1,4,1,1,1,1,1,1,2,13,6,1,1,40,2,2
13,50,F,5,2011,2,1,1,2,2,1,1,1,1,1,1,3,1,2,9,6,1,1, ?,2,2
1,39,F,5,2011,3,2,1,2,2,1,1,1,1,1,1,4,1,2,14,4,1,1, ?,2,2
3,39,F,6,2011,1,1,1,2,2,1,4,1,1,1,1,1,1,2,9,6,1,3,31,2,2
5,46,F,8,2011,4,1,4,2,2,1,3,1,1,1,1,1,1,2,12,6,1,1, ?,2,2
5,46,F,7,2011,3,1,4,2,2,1,1,1,1,1,1,1,1,2,14,6,1,3, ?,2,2
5,46,G,6,2011,3,1,1,2,2,2,1,1,2,1,1,1,1,1,9,6,1,3, ?,2,2
1,46,F,3,2011,2,1,1,2,2,1,1,1,1,1,1,1,1,1,19,6,1,1, ?,2,2
1,46,G,7,2011,4,1,1,2,2,1,2,1,1,1,1,1,1,2,9,4,1,1, ?,2,2
1,41,F,4,2011,2,1,1,2,2,1,2,1,1,1,1,1,3,2,9,6,1,3,50,2,2
7,41,G,5,2011,2,1,1,2,2,1,1,1,1,1,1,1,1,1,8,6,1,3, ?,2,2
7,41,G,5,2011,2,1,1,2,2,1,1,1,1,1,1,2,1,2,8,4,1,7,45,2,2
7,41,F,5,2011,3,1,1,2,2,1,1,1,1,1,1,2,1,1,15,6,1,3,32,2,2
7,41,F,6,2011,3,1,1,?,2,1,1,1,1,1,1,1,1,1,13,6,1,3,34,2,2
5,41,G,7,2011,2,1,1,2,2,1,2,1,1,1,1,1,1,2,9,6,1,3, ?,2,2
7,41,F,7,2011,3,1,1,2,2,1,1,1,1,1,1,2,1,1,9,6,1,3,40,2,2
1,41,F,8,2011,2,1,1,1,2,2,1,1,1,1,1,1,1,2,13,6,1,1, ?,2,2
7,47,F,8,2011,2,1,1,2,2,1,1,1,1,1,1,1,1,1,13,6,1,5, ?,2,2
1,47,F,8,2011,2,1,1,2,2,1,1,1,1,1,1,1,1,2,14,6,1,1, ?,2,2
9,47,F,8,2011,2,1,1,2,2,2,1,1,1,1,1,1,1,2,9,6,1,1, ?,2,2
6,44,F,9,2011,2,1,1,2,2,1,1,1,1,1,1,2,1,1,8,6,1,3,35,2,2
1,47,G,10,2011,3,1,1,2,2,1,1,1,1,1,1,1,1,2,9,6,1,1, ?,2,2
1,41,F,10,2011,3,1,1,2,2,1,1,1,1,1,1,1,1,2,9,6,1,1, ?,2,2
6,45,F,11,2011,4,1,1,2,2,1,2,1,1,1,1,1,1,2,9,5,1,1, ?,2,2
12,47,F,11,2011,2,1,1,2,2,1,1,1,1,1,1,1,1,2,13,5,1,3, ?,2,2
2,47,F,11,2011,3,1,1,2,2,1,1,1,1,1,1,1,1,2,12,6,1,3, ?,2,2
1,41,F,11,2011,2,1,1,2,2,4,2,1,1,1,1,1,1,2,15,6,1,1, ?,2,2
1,41,G,11,2011,1,1,1,2,2,4,4,1,1,1,1,1,1,2,11,6,1,1, ?,2,2
6,44,F,11,2011,2,3,1,2,2,1,1,1,1,1,1,1,1,1,12,6,1,3,38,2,2
1,40,G,9,2011,3,7,8,2,2,1,1,1,1,1,1,1,1,1,9,11,1,7, ?,2,2