Thana,District,Accident_Severity,Month,Year,Time,Junction_Type,Traffic_Control,Movement,Divider,Weather,Light,Road_Geometry,Surface_Condition,Surface_Type,Surface_Quality,Road_Class,Road_Feature,Location_Type,Vehicle_Type,Vehicle_Movement,Vehicle_Loading,Vehicle_Defect,Vehicle_Driver_Age,Vehicle_Alcohol,Vehicle_Seat_Belt
5,40,F,10,2011,4,2,1,2,2,1,1,1,1,1,1,1,2,2,14,6,2,7, ?,2,2
5,50,F,10,2011,3,1,1,2,2,1,1,1,1,1,1,1,1,1,12,1,1,1, ?,2,2
2,50,S,11,2011,3,1,1,1,2,1,1,1,1,1,1,1,2,?,10,6,1,7, ?,2,2
7,41,F,10,2011,3,3,1,2,2,1,1,1,1,1,1,3,1,2,12,6,1,1,22,2,2
5,46,F,9,2011,2,1,1,2,2,1,1,1,2,1,1,1,1,2,7,6,2,1, ?,2,2
9,4,F,7,2011,1,3,1,2,2,1,2,1,1,1,1,1,1,1,9,6,1,1, ?,1,2
7,41,F,3,2011,4,1,1,2,2,1,3,1,1,1,1,2,1,2,14,6,1,1, ?,2,2
3,38,F,2,2011,3,1,1,2,2,1,1,1,1,1,1,2,1,2,8,6,1,1, ?,2,2
12,47,F,2,2011,3,1,1,2,2,1,1,1,1,1,1,1,2,2,9,1,1,2, ?,2,2
5,46,F,2,2011,4,1,1,2,1,3,1,1,1,1,1,1,3,2,14,6,1,7, ?,2,2
9,47,F,8,2011,1,3,1,2,2,2,2,2,2,1,1,1,1,2,9,6,1,7,61,1,2
4,44,G,4,2011,3,1,1,2,2,1,1,1,1,1,1,5,1,1,14,6,1,2, ?,2,2
12,44,F,4,2011,1,1,1,2,2,1,2,1,1,1,1,1,1,2,9,6,1,1, ?,2,2
4,40,F,8,2011,3,1,1,2,2,1,1,1,1,1,1,1,2,?,1,5,1,1, ?,2,2
4,44,F,3,2011,4,4,1,2,2,1,3,2,1,1,1,3,1,1,8,6,1,1,21,2,2
5,41,G,2,2011,4,1,1,2,2,1,1,1,1,1,1,1,2,?,9,6,1,1, ?,2,2
9,56,F,12,2011,3,1,1,2,2,1,1,1,1,1,1,1,1,2, ?,6,?,?, ?,2,2
5,34,F,9,2011,4,1,1,2,2,1,2,1,1,1,1,4,1,2,14,1,1,1, ?,2,2
6,34,F,10,2011,2,7,4,2,2,1,2,1,1,1,1,1,1,2,9,6,1,7, ?,2,2
2,34,G,10,2011,3,1,1,2,2,1,1,1,1,1,1,2,1,2,14,6,1,1, ?,2,2
2,33,G,9,2011,2,1,1,2,2,1,1,2,1,1,1,2,1,2,9,6,1,1,27,2,2
4,34,F,7,2011,2,1,1,2,2,1,1,1,1,1,1,1,1,2,8,6,1,1,45,2,2
1,34,F,4,2011,2,1,1,2,2,1,2,1,1,1,1,5,1,2,14,6,1,1,35,2,2
1,34,G,7,2011,4,1,2,2,2,1,2,1,1,1,1,5,1,1,10,6,1,1, ?,2,2
1,64,F,6,2011,2,1,1,2,1,1,1,1,1,1,1,5,1,1,6,6,2,1, ?,1,2
1,64,F,12,2011,4,5,6,2,2,1,3,2,1,1,1,5,1,1,8,6,2,1, ?,1,2
5,64,F,8,2011,3,1,1,2,2,1,2,1,1,1,1,5,1,1,14,6,1,1, ?,1,2
5,64,F,9,2011,3,3,5,2,1,1,1,1,1,1,1,5,1,1,14,6,1,1,40,1,2
5,64,G,11,2011,3,1,1,2,2,1,1,1,1,1,1,5,1,1,15,5,1,1, ?,1,2
9,64,F,3,2011,3,2,1,2,1,1,1,1,1,1,1,5,1,1,16,4,1,1,47,1,2
8,64,F,1,2011,4,4,1,2,2,1,2,2,1,1,1,5,1,1,13,2,1,1, ?,1,2
8,64,G,8,2011,1,1,1,2,2,1,3,2,1,1,1,5,1,1,8,2,1,1,30,1,2
10,64,S,1,2011,4,1,1,2,2,1,4,1,1,1,1,1,1,1,14,6,1,1,25,1,2
10,64,G,5,2011,2,5,6,2,2,1,1,1,5,1,1,1,1,1,6,6,1,1,40,1,2
10,64,F,6,2011,2,5,6,2,2,1,1,1,1,1,1,1,1,1,9,6,1,1, ?,1,2
4,64,F,6,2011,4,1,1,2,2,1,3,1,1,1,1,5,1,1,9,6,1,1, ?,1,2
4,64,G,11,2011,4,1,1,1,1,1,2,3,1,1,1,5,1,1,9,6,1,1,25,1,2
1,57,F,2,2011,2,1,1,2,1,1,1,1,1,1,1,1,1,2,4,6,1,1,40,2,2
2,59,F,3,2011,3,7,8,2,2,1,1,1,1,1,1,1,1,2,14,4,1,7,42,1,2
3,59,F,7,2011,2,7,8,2,2,1,1,1,2,1,1,4,1,2,17,11,1,1,43,1,2
4,66,G,12,2011,2,7,1,2,2,2,1,1,2,1,1,4,1,2,11,6,1,1,48,2,1
4,59,F,10,2011,3,1,8,1,2,1,1,1,1,1,1,5,1,2,14,2,1,7, ?,2,2
2,65,F,11,2011,2,7,8,2,2,1,1,5,1,1,1,1,1,2,9,11,1,7, ?,2,2
1,45,F,1,2011,2,1,1,2,2,1,1,1,1,1,1,1,1,2,14,5,1,7, ?,2,2
6,45,F,1,2011,2,1,1,2,2,1,1,1,1,1,1,1,1,2,18,6,1,3, ?,2,2
6,38,F,1,2011,3,1,1,2,2,1,1,1,1,1,1,1,1,2,9,6,1,3, ?,2,2
6,38,F,1,2011,3,5,4,1,1,1,1,1,1,1,1,1,1,2,9,6,1,3, ?,2,2
7,41,F,1,2011,2,1,1,2,2,1,1,1,1,1,1,1,1,1,9,5,1,3, ?,2,2
7,44,G,1,2011,3,2,1,2,2,1,1,1,1,1,1,1,1,2,13,6,1,3, ?,2,2
12,47,F,2,2011,2,1,1,2,2,1,1,1,1,1,1,1,1,2,14,9,1,1,28,2,2
2,36,F,2,2011,4,1,2,2,2,1,1,1,1,1,1,2,1,2,14,6,1,3, ?,2,2
11,47,F,3,2011,3,1,1,2,2,1,1,1,1,1,1,3,1,2,8,6,1,3,25,2,2
12,47,F,3,2011,1,1,1,2,2,1,2,1,1,1,1,1,1,2,14,5,1,1,30,2,2
1,45,F,3,2011,3,1,1,2,2,1,1,1,1,1,1,1,1,2,9,6,1,1, ?,2,2
1,40,F,2,2011,2,1,1,2,2,1,1,1,1,1,1,1,1,1,9,6,1,3,35,2,2
9,47,G,7,2011,4,1,1,2,2,1,4,1,1,1,1,1,1,2,9,6,1,3,35,2,2
12,47,F,7,2011,4,1,1,2,2,1,4,1,1,1,1,1,1,2,9,6,1,1, ?,2,2
12,50,F,3,2011,3,2,1,2,2,1,1,1,1,1,1,1,1,2,9,6,1,1,40,2,2
4,39,F,7,2011,3,1,1,2,2,1,1,1,1,1,1,2,1,2,9,6,1,1,33,2,2
1,46,F,5,2011,1,1,1,2,2,1,4,1,1,1,1,2,1,2,6,10,1,7,30,2,2
6,46,M,1,2011,1,1,4,2,2,1,2,1,1,1,1,1,1,1,15,6,1,3, ?,2,2
1,41,F,7,2011,1,1,1,2,2,1,2,1,1,1,1,1,1,2,8,2,1,1,41,2,2
5,41,F,8,2011,1,2,1,2,2,1,2,1,1,1,1,1,1,1,14,6,1,1,24,2,2
1,38,F,9,2011,3,3,1,2,2,1,1,1,1,1,1,1,1,1,9,6,1,3,30,2,2
5,44,G,9,2011,3,1,1,2,2,1,1,1,1,1,1,1,1,1,9,6,1,3,60,2,2
7,47,S,12,2011,4,1,1,2,2,1,2,1,1,1,1,1,1,2,9,6,1,3,29,2,2
11,47,F,12,2011,3,1,1,2,2,1,1,4,2,1,1,4,1,2,14,6,1,3, ?,2,2
4,44,F,12,2011,2,1,1,2,2,1,1,1,1,1,1,5,1,1,14,6,1,3, ?,2,2
5,41,F,8,2011,3,2,1,2,1,1,2,1,1,1,1,1,1,1,14,10,1,1,24,2,2
2,5,F,1,2011,2,1,1,2,2,4,2,1,5,1,1,1,1,1,7,5,1,1,38,2,2
12,47,F,10,2011,1,1,1,2,2,1,2,1,1,1,1,1,2,2,14,6,1,1,40,2,2
9,47,F,11,2011,3,1,1,2,2,1,1,1,1,1,1,1,1,2,9,6,1,1,35,2,2
12,42,S,1,2011,1,3,4,1,1,1,3,1,1,1,1,5,1,1,10,6,1,1,24,2,2
12,42,S,1,2011,4,1,4,1,1,1,3,1,1,1,1,5,1,1,9,6,1,7,32,1,2
23,42,F,8,2011,1,1,1,1,1,1,3,1,1,1,1,1,1,1,14,6,1,1,35,2,2
11,42,S,8,2011,1,1,8,1,1,1,1,1,1,1,1,5,1,1,10,6,1,1,35,2,2
9,42,M,7,2011,2,1,4,1,1,1,1,1,1,1,1,5,1,1,10,6,1,1,39,2,2
1,42,M,1,2011,4,5,4,2,2,1,3,2,1,1,1,5,1,1,10,2,1,1,22,2,2
4,69,F,4,2012,1,1,1,2,2,1,4,1,1,1,1,1,1,1,9,6,1,1, ?,2,2
4,69,S,4,2012,3,4,1,2,2,1,1,1,1,1,1,1,1,2,14,11,1,1, ?,2,2
1,69,F,12,2012,3,1,2,2,2,1,1,2,?,1,1,5,1,1,1,6,1,1, ?,2,2
4,69,F,5,2012,4,1,1,2,2,1,4,1,1,1,1,1,1,2,16,6,1,1,45,2,2
2,34,F,1,2012,1,1,1,2,2,4,1,4,1,1,1,4,1,2,9,6,1,7,37,2,2
6,34,F,2,2012,1,7,1,2,2,1,1,2,1,2,3,1,2,?,19,6,1,1, ?,2,2
6,34,F,2,2012,1,3,4,2,2,1,1,1,1,1,1,1,1,2,9,6,1,1, ?,2,2
6,34,G,2,2012,3,1,1,2,2,1,1,1,1,1,1,1,1,2,14,6,1,1,28,2,2
10,34,F,3,2012,2,1,1,2,2,1,1,1,1,1,1,1,1,2,4,6,1,1, ?,2,2
6,34,F,1,2012,3,1,4,2,2,1,1,1,1,1,1,1,1,2,9,5,1,1, ?,2,2
10,34,F,3,2012,2,1,1,2,2,1,1,1,1,1,1,1,1,2,4,6,1,1,27,2,2
6,34,F,3,2012,2,1,1,2,2,1,1,2,1,1,1,4,1,2,9,6,1,3,28,2,2
2,34,S,4,2012,1,1,1,2,2,1,1,2,1,1,2,1,1,2,13,7,1,1,35,2,2
6,34,G,5,2012,3,1,1,2,2,1,1,1,1,1,1,1,1,2,4,6,1,1, ?,2,2
6,34,F,7,2012,1,1,4,2,2,2,1,1,2,1,1,4,1,2,14,6,1,1, ?,2,2
6,34,F,10,2012,3,1,1,2,2,1,1,1,1,1,1,1,1,2,9,6,1,1, ?,2,2
6,31,F,6,2012,3,1,1,2,2,1,1,1,1,1,1,4,1,2,4,6,1,1,27,2,2
1,31,F,10,2012,4,1,1,2,2,1,3,1,1,1,1,4,1,1,19,6,1,1,17,2,2
2,31,F,6,2012,1,1,1,2,1,2,1,1,1,1,2,1,2,?,11,6,1,7, ?,2,2
1,33,G,6,2012,2,7,1,2,2,1,1,2,1,1,1,5,1,1,4,1,1,1,30,2,2
1,33,F,6,2012,2,3,1,2,2,1,1,2,1,1,1,5,1,1,19,6,1,1, ?,2,2
2,33,S,2,2012,3,1,1,2,2,1,1,1,1,1,1,3,1,2,9,2,1,1, ?,2,2
2,33,S,11,2012,1,7,1,2,2,1,1,1,1,1,1,1,1,2,11,11,1,1, ?,2,2
7,33,G,12,2012,2,1,1,2,2,1,1,1,1,1,1,4,1,2,4,6,1,3,35,2,2
5,33,F,3,2012,2,1,2,2,1,1,1,1,1,1,3,1,2,?,9,6,1,1, ?,2,2
5,33,F,12,2012,3,7,8,1,2,1,1,1,1,1,1,3,1,2,9,6,1,1, ?,2,2
1,27,S,1,2012,2,2,1,1,2,1,1,1,1,1,1,4,1,2,4,6,1,1,32,2,2
1,27,F,6,2012,2,7,1,1,2,1,2,1,1,1,1,2,1,2,14,6,1,1,24,2,2
2,27,F,2,2012,2,1,1,2,2,1,1,2,1,2,3,3,1,2,12,2,1,1, ?,2,2
4,27,F,4,2012,1,2,1,2,2,1,1,1,1,1,1,4,1,2,9,6,1,1, ?,2,2
4,27,G,7,2012,1,7,8,2,2,1,1,1,1,1,1,2,1,2,6,1,1,2, ?,2,2
4,32,F,5,2012,2,1,1,2,2,1,1,1,1,1,1,1,1,2,4,6,1,1, ?,2,2
4,32,F,11,2012,2,7,4,2,2,1,2,1,1,1,1,3,?,?,14,6,1,1, ?,2,2
4,32,F,12,2012,2,7,4,2,2,1,2,1,1,1,1,3,1,2,14,6,1,1,35,2,2
3,32,F,1,2012,3,2,1,2,2,1,1,2,1,1,1,3,1,2,8,2,1,1,22,2,2
1,30,F,3,2012,1,1,6,2,2,1,1,1,1,1,1,1,1,2,8,6,1,7, ?,2,2
1,30,G,6,2012,2,7,4,2,2,1,1,1,1,1,1,1,1,2,11,6,1,3, ?,2,2
4,30,F,7,2012,3,1,1,2,2,1,1,3,1,1,1,3,1,1,12,6,1,1,25,2,2
5,30,F,2,2012,2,1,1,2,2,1,2,1,1,1,1,1,1,2,7,6,1,1, ?,2,2
7,30,F,5,2012,3,4,1,2,2,1,1,2,1,1,2,2,1,2,9,6,1,1,27,2,2
4,64,F,8,2012,4,3,4,2,1,1,3,1,1,1,1,5,1,1,8,6,1,1,24,2,2
4,64,M,12,2012,3,1,1,2,2,1,1,1,1,1,1,5,1,1,10,10,1,1,29,2,1
9,64,F,4,2012,4,1,1,2,2,1,2,1,1,1,1,1,1,1,9,6,1,1,24,1,2
10,64,F,3,2012,2,5,4,2,2,1,1,1,1,1,1,5,1,1,9,6,1,1,40,1,2
2,64,F,10,2012,2,1,1,2,2,4,2,1,1,1,1,5,1,1,8,6,1,1, ?,1,2
14,63,F,4,2012,3,1,1,2,2,1,1,1,1,1,1,1,1,1,14,6,1,1, ?,2,2
14,63,G,3,2012,3,1,1,2,2,1,1,1,1,1,1,1,1,1,5,6,1,1, ?,2,2
14,63,G,5,2012,3,1,1,2,2,1,1,1,1,1,1,1,1,2,14,6,2,1, ?,2,2
14,63,F,2,2012,2,7,1,2,2,1,1,1,1,1,1,1,1,2,14,6,1,1, ?,2,2
14,63,F,2,2012,3,7,1,2,2,1,1,1,1,1,1,1,1,2,14,6,1,1,0,2,2
14,63,G,4,2012,2,1,1,2,2,1,1,1,1,1,1,1,1,1,12,5,2,1, ?,?,?
8,63,M,1,2012,2,1,1,2,2,1,1,4,1,2,1,1,2,?,14,2,1,7, ?,1,2
8,63,G,2,2012,3,1,1,2,1,1,1,1,1,1,1,1,1,2,14, ?,1,7,35,2,2
9,63,F,1,2012,2,1,2,1,2,1,1,1,1,1,1,1,2,2,12,4,1,7, ?,2,2
9,63,F,1,2012,2,1,1,2,2,1,1,1,1,1,1,1,1,2,8,6,1,?,31,?,2
9,63,F,1,2012,3,7,1,2,2,1,1,2,1,1,1,1,1,2, ?, ?,?,?, ?,?,?
9,63,F,4,2012,4,7,1,2,2,1,4,2,1,1,1,1,1,2,14, ?,?,?, ?,?,?
9,63,G,6,2012,3,1,1,2,2,1,1,2,5,1,1,1,1,2,9,5,1,7, ?,2,2
9,63,F,6,2012,2,1,1,2,2,1,1,1,1,1,1,2,1,2,10,6,1,?,32,?,?
7,63,F,1,2012,?,7,?,2,2,1,2,2,1,1,1,1,1,2,9, ?,1,1, ?,2,2
6,63,M,4,2012,3,?,1,2,2,2,1,5,2,1,2,?,?,?,5, ?,?,?, ?,?,?
1,57,F,4,2012,3,7,1,2,2,1,1,1,1,1,1,1,1,2,9,11,1,1,28,1,2
9,57,F,5,2012,4,7,1,2,2,1,1,2,1,1,1,4,1,2,5, ?,?,?, ?,?,?
6,58,F,2,2012,3,2,2,2,2,1,1,1,1,1,1,1,1,2,14,2,?,?, ?,?,?
1,57,F,4,2012,1,7,8,2,2,2,4,1,2,1,1,2,1,2,4,11,1,7, ?,?,1
1,58,F,4,2012,3,7,2,?,?,1,1,1,1,1,1,?,1,2,14,6,1,1,32,2,?
14,58,F,5,2012,3,1,?,2,2,2,1,1,2,1,1,2,1,2,14,11,1,7, ?,?,2
5,58,F,6,2012,4,?,1,?,?,1,1,1,1,1,1,1,1,2,12, ?,?,?,24,2,2
4,58,G,5,2012,2,?,1,1,2,1,1,2,1,1,1,2,1,2, ?, ?,?,?, ?,?,?
6,58,F,1,2012,4,?,?,1,?,1,1,1,1,1,1,1,1,2, ?,1,?,?, ?,?,?
6,58,F,3,2012,4,?,?,1,?,1,1,1,1,1,1,1,1,2, ?,2,?,?, ?,?,?
6,58,F,3,2012,3,7,?,1,?,1,1,2,1,1,1,1,?,?,14,1,?,?, ?,?,?
6,58,F,6,2012,4,?,?,1,2,1,4,1,1,1,1,1,1,2,9, ?,?,?, ?,?,?
7,58,F,1,2012,4,1,1,2,2,1,2,1,1,1,1,1,1,2,7,6,1,1, ?,2,1
7,58,F,3,2012,2,1,1,2,2,1,2,1,1,1,1,1,1,2,14,6,1,1, ?,2,2
7,58,F,5,2012,3,1,1,2,2,1,1,1,1,1,1,1,1,2,9,5,?,1, ?,?,?
7,65,F,1,2012,3,1,4,2,1,1,1,4,1,1,1,?,1,2,14,7,2,6, ?,1,2
7,65,F,2,2012,3,3,4,2,1,1,1,1,1,1,2,?,1,1,2,11,1,7, ?,2,2
5,65,G,4,2012,2,7,?,?,?,1,1,1,1,1,1,1,1,2,5,11,1,7,36,2,2
2,65,G,7,2012,4,1,8,2,2,2,4,1,2,1,1,?,1,1,14, ?,1,7, ?,?,?
3,59,F,3,2012,3,1,1,2,2,1,1,1,1,1,1,2,1,2,13,11,?,1,25,?,?
1,62,S,4,2012,1,7,1,2,2,1,3,2,1,1,1,2,1,1,9, ?,?,1, ?,?,?
1,60,F,3,2012,3,7,1,2,2,1,1,1,1,1,1,4,1,2, ?, ?,?,?, ?,?,?
1,60,F,6,2012,3,7,1,2,?,1,1,1,1,1,1,1,?,?, ?, ?,?,?, ?,?,?
3,59,F,3,2012,3,1,1,2,2,1,1,1,1,1,1,2,1,2,5,3,1,7, ?,?,?
1,59,F,9,2012,4,7,1,2,2,1,2,1,1,1,1,2,1,2,17,11,?,7, ?,1,2
1,59,G,10,2012,3,7,1,2,2,1,1,1,1,1,1,2,1,2,12,6,1,1, ?,2,2
1,59,F,11,2012,3,3,1,2,?,1,1,1,1,1,1,2,1,2,9,11,?,7, ?,?,?
5,59,F,11,2012,3,7,1,2,2,1,1,2,1,1,1,3,1,2,16,11,1,1, ?,1,1
3,59,F,12,2012,3,3,1,2,2,1,2,2,1,1,1,3,1,2,5,2,?,1, ?,?,?
8,59,F,9,2012,3,7,1,2,2,1,1,1,1,1,1,1,1,1,17,6,2,1,22,2,2
9,57,F,8,2012,3,7,1,2,?,1,1,2,1,1,1,1,1,2,14,6,?,1,35,2,2
3,58,G,9,2012,3,7,1,2,2,1,1,1,1,3,1,1,?,?,17, ?,2,7, ?,2,2
6,58,F,6,2012,2,2,1,1,?,1,1,1,1,1,1,1,?,2,16,11,?,7, ?,?,?
6,58,F,3,2012,2,7,?,1,2,1,4,1,1,1,1,1,1,2,9,5,?,?, ?,?,?
7,57,F,12,2012,1,7,1,1,2,1,1,1,1,1,1,2,1,2,6,6,1,1,25,1,2
6,57,S,8,2012,3,1,1,2,2,1,1,1,1,1,1,2,1,1,7,6,1,1, ?,2,2
9,63,F,1,2012,2,1,1,2,2,1,1,1,1,1,1,2,1,2,8,6,1,1,31,2,2
8,63,G,3,2012,1,1,1,2,2,1,4,1,1,1,2,1,1,2,9,5,1,1,36,2,2
9,63,F,3,2012,3,1,1,2,2,1,1,1,1,1,1,1,1,?,4,6,1,?, ?,2,2
9,63,F,2,2012,2,1,1,2,2,1,1,1,1,1,1,2,1,2,11,5,2,?,35,2,2
6,57,F,1,2012,4,1,4,2,2,1,2,1,1,1,1,3,1,2,4,6,1,1, ?,2,2
5,58,F,8,2012,3,1,1,2,2,2,1,1,2,1,1,1,1,2,14,6,1,1, ?,2,2
1,57,G,9,2012,3,4,1,2,2,1,1,1,1,1,1,4,1,1,4,6,1,1,21,2,2
2,65,F,12,2012,4,1,1,2,2,1,3,1,1,1,1,2,1,2,8,2,1,1,46,2,2
8,59,F,1,2012,3,1,1,2,2,1,1,2,1,1,1,2,1,2,1,4,1,1, ?,2,1
7,18,F,4,2012,2,1,8,2,2,1,1,1,1,1,2,1,1,2,9,6,2,7,1,2,2
5,46,F,5,2012,2,2,1,2,2,1,1,1,1,1,1,1,1,1,14,1,1,2, ?,2,2
1,46,F,5,2012,2,4,1,2,2,1,1,1,1,1,1,1,1,1,14,6,1,1, ?,2,2
1,49,F,5,2012,4,7,8,2,2,1,1,1,1,1,1,1,2,1,19,11,1,7,25,2,2
1,45,F,5,2012,3,1,1,2,1,1,1,1,1,1,1,1,2,1,9,11,1,7, ?,2,2
6,45,F,5,2012,3,1,1,2,2,1,1,1,1,1,1,1,1,1,9,6,1,7, ?,2,2
1,45,F,7,2012,2,1,1,2,2,2,1,2,1,2,1,2,1,2,14,6,1,7, ?,2,2
5,45,F,6,2012,3,1,8,2,1,1,1,1,1,1,1,1,2,1,14,11,2,1, ?,2,2
12,47,G,6,2012,2,1,7,2,2,1,2,2,1,2,2,2,1,2,12,3,2,7,35,2,2
3,45,G,9,2012,4,1,1,2,2,1,3,1,1,1,1,2,3,1,5,11,1,4, ?,2,1
1,45,F,8,2012,3,1,1,2,2,1,1,1,1,2,1,1,1,2,9,6,1,7, ?,1,2
1,45,F,8,2012,1,1,1,2,2,1,1,1,1,1,1,1,1,2,14,6,1,7, ?,2,2
5,45,F,8,2012,1,1,1,1,2,1,1,1,1,1,1,2,1,1,14,6,1,7, ?,1,2
6,45,G,8,2012,2,1,1,2,2,1,1,1,2,1,1,2,1,2,9,6,1,7, ?,2,2
9,47,F,8,2012,2,1,1,2,2,2,1,1,1,2,1,2,1,2,9,5,2,1, ?,2,2
12,47,F,8,2012,3,7,1,1,2,1,1,1,1,2,1,1,5,1,6,6,1,2, ?,1,2
12,47,F,8,2012,1,7,1,1,2,1,1,2,1,1,2,2,1,1,7,6,1,6, ?,2,2
1,39,G,7,2012,2,3,1,2,2,1,1,1,2,1,1,1,1,1,4,9,1,1,30,2,2
1,47,F,12,2012,3,1,8,2,2,1,1,1,1,1,1,1,1,1,9,11,2,7, ?,2,2
12,47,G,12,2012,3,1,1,2,2,1,1,1,1,1,1,1,1,2,14,6,1,7, ?,2,2
12,47,F,12,2012,1,7,1,2,2,4,4,1,2,1,1,1,2,1,14,5,1,1, ?,2,2
2,43,F,9,2012,4,1,1,1,2,1,1,3,1,1,1,3,2,2,9,5,2,7, ?,2,2
3,45,F,11,2012,3,1,1,1,1,1,1,1,1,1,1,2,1,2,9,5,1,7, ?,2,2
3,45,F,11,2012,2,1,1,2,2,1,1,1,1,1,1,2,1,2,9,11,1,7, ?,2,2
4,49,F,11,2012,3,1,1,2,2,4,2,1,1,1,1,3,1,2,14,5,1,7, ?,2,2
7,38,F,11,2012,3,1,1,2,2,1,1,1,1,1,2,2,4,2,8,6,1,7, ?,2,2
5,46,F,8,2012,3,1,1,2,2,1,1,1,1,1,1,1,1,1,2,6,2,7, ?,1,2
1,49,F,9,2012,2,1,1,2,2,2,1,1,2,1,1,1,1,2,9,11,2,7, ?,1,2
4,35,G,6,2012,2,1,1,2,2,1,1,1,1,1,1,1,1,2,4,5,1,7, ?,1,2
1,40,F,8,2012,4,1,1,2,2,1,4,5,1,1,1,1,5,2,14,11,2,7, ?,1,2
1,40,F,9,2012,4,1,1,2,2,1,4,1,1,1,1,1,1,2,9,1,2,7, ?,2,2
6,40,F,9,2012,4,1,1,2,2,1,1,1,1,1,1,1,1,2,7,3,2,7, ?,2,2
1,50,F,12,2012,3,7,1,2,2,1,1,1,1,1,1,5,1,2,14,4,1,1, ?,2,2
12,50,F,4,2012,2,1,1,2,2,1,1,1,1,1,1,1,1,2,9,6,1,7, ?,2,2
2,50,F,11,2012,2,1,1,2,2,1,2,1,1,1,1,1,1,2,9,6,1,1, ?,2,2
8,50,F,1,2012,3,1,1,2,2,1,1,1,1,1,1,1,1,2,14,11,1,1, ?,2,2
8,50,F,2,2012,3,1,1,2,2,1,1,1,1,1,1,1,1,2,14,5,1,1, ?,2,2
4,49,F,11,2012,3,1,1,2,2,4,2,1,1,1,1,3,1,2,14,5,1,7, ?,2,2
12,47,F,5,2012,1,1,1,2,2,1,2,1,1,2,1,1,2,1,19,6,2,1, ?,2,2
1,45,G,8,2012,1,1,1,2,2,1,3,1,1,1,1,1,1,1,14,6,1,1, ?,2,2
2,45,F,8,2012,2,1,1,2,2,1,1,1,1,1,1,1,2,?,9,6,1,1, ?,1,2
2,45,G,12,2012,3,1,1,2,2,1,1,1,1,1,1,1,1,1,7,6,1,7, ?,1,2
4,37,F,5,2012,3,1,1,1,1,4,1,2,?,?,?,?,?,?, ?, ?,?,?,35,2,2
1,51,F,2,2012,2,1,1,2,2,1,1,1,1,1,1,2,1,2,7,4,1,1,30,2,2
1,51,F,3,2012,3,1,1,2,2,1,1,2,2,1,1,2,2,1,9,6,1,1, ?,2,2
6,51,F,2,2012,2,1,1,2,2,1,4,1,1,2,3,1,2,?,4,6,1,7,45,2,2
4,39,F,1,2012,3,1,1,1,1,1,1,1,1,1,1,1,1,1,10,2,1,1,18,1,1
1,45,F,1,2012,4,2,1,2,1,1,1,1,1,1,1,1,1,1,14,3,1,1, ?,2,2
4,38,S,1,2012,3,1,2,2,2,1,1,1,1,1,1,4,1,2,19,11,2,7, ?,2,2
6,40,F,1,2012,2,2,1,2,2,1,1,1,1,1,1,4,1,1,12,5,?,7,52,2,2
3,40,G,1,2012,3,2,1,2,2,1,1,1,1,1,1,2,1,2,4,11,2,7, ?,2,2
1,49,F,2,2012,3,1,2,2,2,1,1,1,1,1,1,2,1,?,9,6,1,1, ?,1,2
7,47,F,2,2012,4,7,1,1,2,1,4,2,1,1,2,4,1,2,14,6,1,6,35,2,2
12,47,M,2,2012,3,7,1,1,2,1,1,1,1,1,1,1,1,1,1,5,2,6,45,2,2
10,47,F,3,2012,2,7,8,2,2,1,2,1,2,1,1,4,1,2,17,6,2,7, ?,2,2
3,38,F,4,2012,2,1,1,2,2,1,1,1,1,1,1,1,1,2,14,9,1,1, ?,2,2
4,35,F,3,2012,2,1,1,2,2,1,1,1,1,1,1,1,1,1,19,2,1,1, ?,2,2
7,37,F,1,2012,3,1,1,2,2,1,1,1,1,1,1,2,1,2,9,11,1,1,41,2,2
1,51,F,2,2012,2,2,1,2,2,1,1,1,1,1,1,1,1,2,7,4,1,1,30,2,2
1,51,F,3,2012,3,1,4,2,2,1,3,1,2,2,1,1,1,1,9,11,2,2, ?,2,2
2,42,F,2,2012,1,1,1,1,1,1,2,1,1,1,1,5,1,1,14,6,1,1,42,1,2
3,42,F,1,2012,3,7,1,2,2,2,1,1,1,1,1,5,1,1,13,6,1,1,23,2,2
27,42,F,2,2012,2,2,1,1,1,1,3,1,1,1,1,5,1,1,9,6,1,1,22,2,2
40,42,F,2,2012,3,1,4,1,1,1,1,1,1,1,1,5,1,1,9,6,1,1,42,2,2
18,42,F,1,2012,1,1,1,2,2,1,3,1,1,1,1,5,1,1,19,6,1,7, ?,1,2
12,42,F,2,2012,2,3,4,1,1,1,1,1,1,1,1,5,1,1,9,6,1,1,42,2,2
34,42,M,1,2012,2,1,1,1,1,1,1,1,1,1,1,5,1,1,9,6,1,1,42,2,2
22,42,F,1,2012,4,1,4,1,1,1,3,1,1,1,1,1,1,1,9,6,1,1,40,2,2
15,42,F,1,2012,1,3,1,2,2,1,2,4,1,1,1,5,1,1,14,6,1,1,42,2,2
15,42,M,1,2012,4,1,1,1,1,1,3,1,1,1,1,5,1,1,13,6,1,1,40,2,2
15,42,G,1,2012,3,3,1,2,2,1,1,1,1,1,1,5,1,1,8,6,1,1,18,2,2
20,42,F,4,2012,1,1,1,2,2,1,4,3,1,1,1,3,1,1,14,6,1,1,42,2,2