Thana,District,Accident_Severity,Month,Year,Time,Junction_Type,Traffic_Control,Movement,Divider,Weather,Light,Road_Geometry,Surface_Condition,Surface_Type,Surface_Quality,Road_Class,Road_Feature,Location_Type,Vehicle_Type,Vehicle_Movement,Vehicle_Loading,Vehicle_Defect,Vehicle_Driver_Age,Vehicle_Alcohol,Vehicle_Seat_Belt
24,42,G,4,2012,3,1,1,2,2,1,1,1,1,1,1,1,1,1,10,6,1,1,30,1,2
32,42,G,5,2012,3,3,1,1,1,1,1,1,1,1,1,5,1,1,8,6,1,1,40,2,2
25,42,F,3,2012,2,1,1,2,2,1,1,1,1,1,1,5,1,1,9,6,1,1,38,2,2
1,42,F,1,2012,2,3,4,1,1,1,1,1,1,1,1,5,1,1,9,6,1,1,38,2,2
1,42,F,1,2012,4,1,1,1,1,1,1,1,1,1,1,5,1,1,9,6,1,1,28,2,2
1,42,F,3,2012,1,1,1,1,1,1,3,1,1,1,1,5,1,1,7,6,1,1,32,2,2
9,42,M,6,2012,2,1,1,1,1,1,1,1,1,1,1,5,1,1,11,6,1,1,45,2,2
33,42,M,5,2012,4,1,1,1,1,1,3,1,1,1,1,1,1,1,14,6,1,1,45,2,2
14,42,F,2,2012,1,1,4,2,2,1,2,1,1,1,1,1,1,1,9,6,1,1,40,2,2
14,42,F,5,2012,4,1,4,1,1,1,1,1,1,1,1,1,1,1,14,6,1,1,42,1,2
14,42,G,5,2012,4,3,1,2,2,1,3,1,1,1,1,5,1,1,10,6,1,1,32,2,2
34,42,F,8,2012,3,3,1,1,1,1,1,5,1,1,1,1,1,1,13,6,1,1,38,2,2
11,42,F,7,2012,1,4,1,1,1,1,3,1,1,1,1,5,1,1,14,6,1,1,22,2,2
1,42,F,5,2012,3,1,1,1,1,1,1,1,1,1,1,5,1,1, ?, ?,1,1,25,2,2
1,42,F,6,2012,2,1,1,1,1,1,2,1,1,1,1,1,5,1,9,6,1,1,25,2,2
36,42,F,7,2012,1,1,1,2,2,1,2,1,1,1,1,3,1,1,14,6,1,1,37,2,2
15,42,F,8,2012,4,1,8,1,1,2,1,1,1,1,1,5,1,1,6,6,1,1,39,2,2
8,42,F,7,2012,4,2,6,1,1,1,3,1,1,1,1,5,1,1,9,6,1,1,40,2,2
8,42,G,8,2012,2,3,4,1,1,1,3,1,1,1,1,5,1,1,10,6,1,1,35,2,2
12,42,G,7,2012,2,2,1,2,2,1,1,1,1,1,1,5,1,1,8,6,1,1,28,2,2
14,42,F,6,2012,1,1,4,1,1,1,1,1,1,1,1,1,1,1,7,6,1,1,32,1,2
46,42,F,6,2012,2,1,1,2,2,1,1,1,1,1,1,5,1,1,14,6,1,1,37,2,2
25,42,F,8,2012,3,1,1,1,1,1,1,1,1,1,1,5,1,1,5,6,1,1,32,2,2
42,42,F,4,2012,2,3,4,1,2,1,1,1,1,1,1,1,1,1,7,6,1,1,32,2,2
42,42,F,5,2012,1,2,1,1,1,1,3,1,1,1,1,1,1,1,14,6,1,1,42,1,2
33,42,S,8,2012,2,1,8,1,2,1,1,1,1,1,1,1,1,1,8,6,1,1,35,2,2
14,42,S,1,2012,3,2,4,1,1,1,1,1,1,1,1,1,1,1,8,6,1,1,30,1,2
34,42,G,11,2012,2,7,8,2,1,1,1,1,1,1,1,1,1,1,4,1,1,7,28,2,1
34,42,F,9,2012,4,1,1,2,1,1,3,1,1,1,1,5,1,1,4,7,2,7,19,1,2
22,42,F,10,2012,3,2,8,1,?,1,1,1,1,1,1,5,1,1,9,4,1,1,40,2,2
25,42,S,9,2012,2,1,1,1,1,1,1,1,1,1,1,5,1,1,8,6,1,1,35,1,2
25,42,S,9,2012,4,1,1,2,2,1,4,1,1,1,2,5,1,1,12,6,1,1,30,1,2
40,42,F,9,2012,2,1,1,1,1,1,1,1,1,1,1,5,1,1,9,6,1,7,35,1,2
40,42,F,9,2012,4,1,1,1,1,1,3,1,1,1,1,5,1,1,9,5,1,1,35,1,2
12,42,F,6,2012,2,2,4,1,1,1,2,1,1,1,1,5,1,1,9,6,1,1,35,2,2
10,42,F,8,2012,4,1,1,2,2,1,3,1,1,1,1,5,1,1,10,6,1,1,28,2,2
11,42,G,11,2012,3,1,4,2,1,1,1,1,1,1,1,5,1,1,1,6,1,1,18,2,2
36,42,G,12,2012,3,2,8,2,1,1,1,1,1,1,1,1,1,1,4,6,1,1,45,2,2
46,42,F,6,2012,2,1,8,2,2,1,1,1,1,1,1,5,1,1,9,6,1,1,30,2,2
46,42,F,12,2012,3,1,8,2,2,1,1,1,1,1,1,5,1,1,5,6,1,1,28,2,2
5,42,F,12,2012,2,1,1,2,2,1,1,4,1,1,1,5,1,1,9,6,1,1,35,2,2
8,42,M,12,2012,3,2,6,2,1,1,2,1,1,1,1,5,1,1,10,6,1,1,25,2,2
8,42,G,12,2012,2,3,8,2,1,1,1,1,1,1,1,5,1,1,10,10,1,1,25,2,2
15,42,G,12,2012,2,3,1,2,2,1,1,1,1,1,1,5,1,1,1,6,1,1,21,2,2
39,42,F,2,2012,3,1,4,2,1,1,1,1,1,1,1,5,1,1,9,1,1,1, ?,2,2
39,42,F,9,2012,2,1,1,2,1,1,1,1,1,1,1,5,1,1,9,5,1,1,35,1,2
39,42,F,9,2012,4,1,1,2,1,1,3,1,1,2,1,5,1,1,9,5,1,1,35,1,2
10,42,F,2,2012,1,1,1,2,2,1,2,1,1,1,1,5,1,?,5,6,1,1,43,2,2
34,42,F,6,2012,4,1,1,2,1,1,3,1,1,1,1,5,1,1,14,6,1,1,35,2,2
4,26,F,1,2012,2,1,1,2,2,1,1,1,1,1,1,2,1,2,14,6,2,3,52,1,2
4,26,F,7,2012,2,1,1,2,1,1,1,2,1,1,1,3,1,2,9,6,2,3, ?,1,?
4,26,F,10,2012,2,1,1,2,2,1,1,1,1,2,1,2,1,2,9,6,1,1,42,1,2
5,26,G,1,2012,2,1,1,2,2,1,1,1,1,1,1,1,1,2,10,6,1,7,35,1,2
5,26,F,3,2012,3,1,1,2,2,1,1,1,1,1,1,1,1,2, ?,6,2,7,38,1,2
7,26,G,9,2012,2,1,1,2,2,1,1,1,1,1,1,2,1,2,9,6,1,1,40,1,2
8,26,G,7,2012,3,1,1,2,2,2,1,2,1,1,1,2,1,2,14,6,1,3, ?,1,2
9,26,M,10,2012,2,1,8,2,2,1,1,2,1,1,1,4,4,2,12,6,1,7,25,1,2
1,21,G,6,2012,2,1,1,2,2,1,1,1,1,1,1,2,1,2,8,6,1,1,40,1,2
1,21,F,6,2012,4,1,1,2,2,1,2,1,1,1,1,2,1,2,4,6,2,7,35,1,2
3,21,F,2,2012,2,1,1,2,2,1,1,1,1,1,1,1,1,2,14,6,2,7,20,1,2
2,1,G,6,2012,3,1,8,2,2,1,1,1,1,1,2,1,1,1,14,6,1,1,32,1,2
2,21,G,8,2012,3,1,1,2,2,1,1,2,1,2,2,4,1,2,4,6,2,7, ?,1,2
5,21,F,10,2012,2,1,1,2,2,1,1,1,1,1,1,4,1,2,14,6,1,1,30,1,2
3,29,F,5,2012,3,1,1,2,2,2,1,2,2,1,1,1,1,2,12,1,2,3,30,1,2
4,29,G,7,2012,2,3,8,2,2,1,1,1,1,1,1,1,1,2,9,5,2,7, ?,1,2
2,23,G,7,2012,4,2,8,2,2,1,4,1,5,1,1,2,1,2,6,6,1,2,23,1,2
1,22,F,5,2012,2,1,1,2,2,1,1,1,1,1,1,1,1,2,14,6,2,1, ?,1,2
2,25,F,9,2012,2,1,1,2,2,1,1,1,1,1,1,3,1,2,12,6,1,6, ?,1,2
3,25,G,3,2012,3,1,1,2,2,1,1,1,1,1,1,2,1,2,12,6,2,7, ?,1,2
3,25,F,3,2012,2,1,1,2,2,1,1,1,1,1,1,2,1,2,9,6,2,7, ?,1,2
4,25,F,11,2012,4,1,8,2,2,1,1,1,1,1,1,2,1,2,14,6,1,7,32,1,2
6,25,F,3,2012,3,1,1,1,1,1,1,1,1,1,1,3,1,1,4,6,2,7,32,1,2
8,25,F,7,2012,2,1,1,2,2,1,1,1,1,1,1,2,1,2,9,6,1,7,34,1,2
2,19,F,9,2012,2,1,1,2,2,1,1,1,1,1,1,2,1,2,9,6,1,6,32,1,2
1,20,G,1,2012,3,1,1,2,2,1,1,1,1,1,1,2,1,2,9,6,1,3, ?,1,2
2,20,F,12,2012,3,7,1,2,2,1,2,2,1,1,1,2,1,2,17,6,1,7,30,1,2
3,20,G,2,2012,3,7,8,2,2,1,1,1,1,1,1,3,1,2,14,6,2,7,43,1,2
1,24,G,4,2012,3,1,1,2,2,4,1,2,1,2,2,3,1,2,4,6,2,7, ?,1,2
1,24,F,5,2012,3,1,1,2,2,1,1,1,1,1,1,1,1,2,14,6,2,7, ?,1,2
1,24,F,8,2012,3,1,1,2,2,1,1,1,1,1,1,2,1,2,14,6,2,7, ?,1,2
1,24,F,9,2012,2,1,1,2,2,1,1,1,1,1,1,1,1,2,9,6,2,7, ?,1,2
1,24,F,12,2012,2,2,4,2,2,1,1,1,1,1,1,1,1,1,14,6,2,7, ?,1,2
1,24,F,12,2012,3,1,1,2,2,1,1,2,1,1,1,5,1,1,14,6,2,7, ?,1,2
1,24,F,10,2012,2,1,1,2,2,1,2,1,1,1,1,1,1,2,14,6,2,7, ?,1,2
3,24,F,10,2012,2,1,1,2,1,1,1,1,1,1,1,1,1,2,8,6,1,3, ?,1,2
3,24,G,12,2012,2,1,1,2,1,2,1,1,1,1,1,3,1,2,4,6,1,7,35,1,2
2,1,F,4,2012,2,1,1,2,2,1,1,1,1,1,1,1,1,2,9,6,2,7,30,1,2
5,24,F,7,2012,3,1,1,2,2,1,1,1,1,1,1,1,1,2,14,6,2,7, ?,1,2
6,24,F,6,2012,2,1,1,2,2,1,2,1,1,1,1,2,1,2,14,6,1,7,36,1,2
9,24,F,2,2012,3,1,1,1,2,1,1,1,1,1,1,1,1,1,9,6,1,7, ?,1,2
1,18,F,4,2012,1,1,1,2,2,1,1,1,1,1,1,1,1,2,14,6,1,7, ?,1,2
1,18,F,5,2012,3,7,1,2,2,1,1,1,1,1,1,4,1,2,1,6,1,7, ?,1,2
1,18,F,10,2012,3,1,1,2,2,1,1,1,1,1,1,5,1,2,14,6,1,7, ?,1,2
1,18,F,12,2012,3,1,1,2,2,1,1,1,1,1,1,1,1,2,9,6,1,7, ?,1,2
2,18,F,10,2012,3,7,8,2,2,1,1,1,1,1,1,3,1,2,9,6,1,7,27,1,2
2,18,F,10,2012,2,7,1,2,2,1,1,1,1,1,1,3,1,2,4,6,1,7, ?,1,2
3,18,F,12,2012,3,7,1,2,2,1,2,1,1,1,1,4,1,2,4,6,1,7,30,1,2
5,18,F,3,2012,2,7,8,1,2,1,1,2,1,1,1,3,1,2,4,6,1,7,25,1,2
7,18,F,6,2012,4,1,1,2,2,1,1,1,1,1,1,1,1,2,9,6,2,3, ?,1,2
7,29,F,6,2012,2,1,1,2,2,1,1,1,1,1,1,2,1,2,9,6,2,3, ?,1,2
8,26,F,3,2012,4,1,2,1,1,1,3,1,1,1,1,1,1,2,6,7,1,3, ?,1,2
5,24,F,4,2012,2,1,1,2,2,1,1,1,1,1,1,1,1,2,4,6,2,1, ?,1,2
4,21,F,6,2012,3,1,1,2,2,1,1,1,1,1,2,3,1,1,14,6,1,1,32,1,2
5,21,G,8,2012,3,1,1,2,2,1,1,2,1,2,2,4,1,2,13,6,2,1, ?,1,2
6,13,F,1,2012,2,1,1,2,2,4,2,1,1,1,1,2,1,2,14,6,1,1, ?,1,2
8,13,F,1,2012,2,4,1,1,2,1,1,2,2,1,1,1,?,2,17,6,1,1,59,2,2
8,13,F,2,2012,3,1,2,2,2,1,1,1,1,1,1,5,1,2,14,6,1,1, ?,2,2
2,13,F,3,2012,3,1,1,2,2,1,1,1,1,1,2,4,1,2,9,6,1,1,28,2,2
8,13,F,4,2012,3,1,1,2,2,1,1,1,1,1,1,1,1,2,14,6,1,1, ?,2,2
9,13,F,4,2012,3,1,1,2,2,1,1,1,1,1,1,3,1,2,19,6,1,1, ?,2,2
8,13,F,5,2012,3,1,1,2,2,1,1,1,1,1,1,3,1,2,17,1,1,1,32,2,2
7,17,F,12,2012,2,2,4,2,?,1,1,2,1,1,1,1,2,2,14,4,1,1, ?,2,2
7,17,F,7,2012,3,1,4,2,?,1,1,1,1,1,1,1,1,2,4,11,1,1, ?,?,?
7,17,F,7,2012,3,1,4,1,?,2,1,1,1,1,1,1,1,2,6,11,1,1, ?,2,2
7,17,F,5,2012,4,1,4,1,?,1,3,1,1,1,1,1,1,2,4,6,1,1,35,1,2
2,17,F,5,2012,3,1,1,1,?,1,1,2,1,1,1,4,1,2,6,1,1,1,22,2,2
8,17,F,2,2012,2,1,1,2,2,1,1,1,2,1,1,1,1,2,5,6,1,3,50,2,2
7,17,F,2,2012,3,1,1,2,2,1,1,1,1,1,1,1,1,2,9,4,1,1, ?,2,2
5,17,F,1,2012,3,1,1,2,2,1,1,1,1,1,1,2,1,2,16,6,1,1, ?,1,2
3,10,M,4,2012,2,1,1,2,2,1,1,1,1,1,1,1,1,2,7,5,1,7, ?,2,2
3,10,F,2,2012,3,1,1,2,2,1,1,1,1,1,1,1,1,2,14,6,1,1, ?,1,2
7,11,G,9,2012,2,1,1,2,2,1,1,1,1,1,1,3,1,2,9,5,1,1,30,1,2
5,11,F,10,2012,2,4,1,2,2,1,3,2,1,1,1,3,1,2,9,6,1,7,45,2,2
8,11,F,12,2012,3,2,1,2,2,1,1,1,1,1,1,5,1,2,8,4,1,1, ?,2,2
7,11,F,12,2012,3,1,1,2,2,1,2,1,1,1,1,1,1,2,9,6,1,1,42,2,2
6,11,F,12,2012,2,3,1,2,2,1,1,1,1,1,1,3,1,2,14,6,1,1, ?,2,2
11,11,F,10,2012,2,3,1,2,2,1,1,1,1,1,1,3,1,2,9,6,1,1, ?,2,2
5,11,F,7,2012,2,1,1,2,2,1,1,1,1,1,1,1,1,2,12,6,1,1,25,2,2
5,11,G,7,2012,3,1,1,2,2,1,1,1,1,1,1,2,1,2,9,6,1,1,40,2,2
1,15,F,8,2012,3,1,1,2,2,1,1,1,1,1,1,1,1,1,9,5,1,7, ?,2,2
3,15,F,4,2012,2,1,1,2,2,1,2,1,1,1,1,1,1,2,12,6,1,7, ?,2,2
3,15,F,6,2012,2,1,1,2,2,1,1,1,1,1,1,1,1,2,13,6,1,1,23,2,2
3,15,F,8,2012,2,1,1,2,2,1,1,1,1,1,1,1,1,2,9,6,1,1,25,2,2
1,15,F,3,2012,3,3,1,1,2,1,1,1,1,1,1,1,1,1,8,6,1,1, ?,2,2
1,15,F,3,2012,1,3,1,1,2,1,1,1,1,1,1,1,1,1,1,6,1,1, ?,2,2
1,15,S,9,2012,2,3,1,1,2,1,1,1,1,1,1,1,1,1,14,6,1,1, ?,2,2
1,15,F,10,2012,1,1,1,1,2,1,4,1,1,1,1,1,1,2,9,6,1,1, ?,2,2
1,15,M,12,2012,1,1,1,2,2,4,4,1,1,1,1,1,1,2,9,4,1,1, ?,2,2
3,15,F,9,2012,1,1,1,1,2,1,2,1,1,1,1,1,1,2,14,6,1,1, ?,2,2
12,9,S,1,2012,2,1,1,2,2,1,1,1,1,1,1,1,1,2,9,5,1,1, ?,2,2
12,9,G,11,2012,3,1,1,2,2,1,2,1,1,1,1,1,1,2,5,6,1,1,42,2,2
5,9,F,2,2012,1,1,1,2,2,1,1,1,1,1,1,4,1,2,17,1,1,7, ?,2,2
4,9,G,4,2012,1,1,4,2,2,1,4,1,1,1,1,1,1,1,19,6,1,1, ?,2,2
8,9,F,5,2012,4,1,8,1,2,1,3,1,1,1,1,2,1,2,5,6,1,1, ?,2,2
6,9,F,5,2012,3,1,1,1,2,1,1,1,1,1,1,1,1,2,9,6,1,7,38,2,2
8,9,F,5,2012,2,1,1,1,2,1,1,1,1,1,1,4,1,2,13,11,2,7,32,2,2
10,9,F,6,2012,2,7,1,1,2,1,1,1,1,1,1,1,1,2,12,6,1,1,35,2,2
12,9,F,7,2012,2,7,1,2,2,1,1,1,2,1,1,1,1,2,13,6,1,1, ?,2,2
12,9,G,9,2012,3,1,1,2,2,1,1,1,1,1,3,1,1,2,8,6,1,1,28,2,2
4,9,S,11,2012,3,1,1,1,2,1,1,1,1,1,1,1,1,1,14,2,1,1,27,1,2
10,9,S,11,2012,3,1,4,2,2,1,1,1,1,1,1,1,1,1,9,10,1,1,35,1,2
10,9,F,12,2012,3,3,1,2,2,1,1,2,1,1,1,1,1,2,14,6,1,7,38,2,2
10,9,F,12,2012,3,1,1,1,2,1,1,1,1,1,1,1,5,2,9,6,2,7, ?,1,2
1,9,S,3,2012,4,1,1,2,2,1,4,1,1,1,1,1,1,2,14,11,1,1,23,2,2
1,9,F,3,2012,3,1,1,1,2,1,1,1,1,1,1,1,1,2,5,6,1,1,40,1,2
10,9,F,3,2012,3,1,1,2,2,1,1,1,1,1,1,1,1,1,9,6,1,1, ?,2,2
1,12,F,4,2012,2,2,4,1,2,1,1,1,1,1,1,1,1,1,9,2,1,1, ?,2,2
3,12,F,4,2012,2,1,1,2,2,1,1,1,1,1,1,2,1,2,19,6,2,1,30,2,2
5,12,F,5,2012,3,1,1,2,2,1,1,1,1,1,1,2,1,2,8,6,1,1, ?,2,2
5,12,F,7,2012,2,1,1,2,2,1,1,1,1,1,1,2,1,2,14,6,1,1, ?,1,2
1,12,G,8,2012,3,1,3,1,2,1,1,1,1,1,1,1,1,2,2,6,1,1, ?,2,2
5,12,F,8,2012,4,1,1,2,2,1,4,1,1,1,1,1,1,2,14,5,1,1,40,2,2
5,12,F,10,2012,2,4,7,2,2,1,1,1,1,1,1,1,1,2,14,9,1,1,25,2,2
3,12,F,12,2012,2,7,8,1,2,4,2,1,1,1,1,4,1,2,14,6,2,1, ?,2,2
1,13,F,10,2012,3,1,8,2,2,1,1,2,1,1,1,2,1,2,14,6,1,1, ?,1,2
2,13,F,10,2012,4,3,1,2,2,1,1,2,1,1,1,2,1,2,8,6,1,1,38,2,2
8,13,G,11,2012,3,1,1,2,2,1,1,1,1,1,1,1,1,?,17,6,1,1,50,2,2
2,13,F,11,2012,3,1,1,2,2,1,1,1,1,1,1,3,1,2,6,6,2,7,25,2,2
8,13,F,12,2012,1,1,2,1,1,1,1,1,1,1,1,1,1,1,14,7,1,1,23,2,2
5,11,G,6,2012,3,1,1,2,2,1,1,1,1,1,1,2,1,2,8,2,1,1,35,2,2
5,11,G,6,2012,1,1,1,2,2,1,1,1,1,1,1,2,1,2,9,7,1,7,44,2,2
5,11,F,4,2012,4,1,1,2,2,1,1,1,1,1,1,5,1,2,9,6,1,1, ?,1,2
1,11,F,2,2012,3,1,1,2,2,2,1,2,2,1,1,1,1,2,13,5,1,1, ?,1,2
6,11,F,4,2012,4,1,3,2,2,1,4,1,1,1,1,5,2,1,13,4,1,1,22,2,2
8,11,F,3,2012,3,7,8,2,2,1,1,1,1,1,1,3,1,2,14,5,1,1,32,2,2
1,11,F,1,2012,3,7,1,2,2,1,1,1,1,1,1,1,1,2,4,6,2,1,17,2,2
11,12,F,1,2012,3,1,1,2,1,1,1,1,1,1,1,1,1,2,9,5,2,1, ?,1,2
7,16,F,2,2012,3,1,1,2,2,1,1,1,1,1,1,1,1,2,4,6,1,1,25,2,2
8,16,F,2,2012,1,1,1,2,2,1,4,1,1,1,1,1,1,2,9,11,1,7, ?,?,?
11,16,F,1,2012,3,1,1,2,2,1,1,1,5,1,1,1,1,2, ?, ?,?,?, ?,?,?
10,16,F,4,2012,3,3,1,2,2,1,1,1,1,1,1,1,1,2,9,6,1,1, ?,2,2
10,16,G,5,2012,1,1,8,2,2,1,2,1,1,1,1,1,1,2,14,6,1,1, ?,2,2
10,16,F,5,2012,2,1,1,1,2,1,1,1,1,1,1,1,1,2,14,5,1,1, ?,1,2
11,16,F,5,2012,4,1,1,2,2,1,2,1,1,1,1,1,1,2,19,11,1,3, ?,1,2
11,16,F,6,2012,1,1,1,2,2,1,1,1,1,1,1,1,1,2,13,6,1,1, ?,1,2
11,16,G,6,2012,4,1,8,2,2,1,4,1,1,1,1,1,1,2,14,6,1,7, ?,1,2
11,16,F,6,2012,2,1,1,2,2,1,1,1,1,1,1,1,1,2,14,6,1,1, ?,1,2
8,16,G,6,2012,4,1,1,2,2,1,4,1,1,1,1,1,1,2,14,6,1,1, ?,2,2
1,16,F,6,2012,2,5,1,2,2,1,2,2,2,1,1,1,1,2,8,2,1,1, ?,2,2
6,16,F,6,2012,3,1,1,2,2,1,1,1,1,1,1,1,1,2,13,6,2,1, ?,2,2
10,16,F,7,2012,1,1,1,2,2,2,2,1,2,1,1,1,1,2,14,6,1,1, ?,1,2
10,16,F,7,2012,3,1,1,2,2,1,1,1,1,1,1,1,1,2,16,6,1,1, ?,2,2
6,16,F,7,2012,3,1,1,2,2,1,1,1,1,1,1,1,1,2,19,6,2,1, ?,2,2
8,16,F,9,2012,2,1,1,2,2,1,1,1,1,1,1,1,1,2,14,6,1,1, ?,2,2
11,16,F,10,2012,3,1,1,2,2,1,1,1,1,1,1,1,1,2,14,6,1,1, ?,2,2
10,16,F,10,2012,1,1,1,2,2,1,2,1,1,1,1,5,1,2,9,6,1,1, ?,1,2
11,16,F,11,2012,1,1,1,2,2,1,1,1,1,1,1,1,1,2,14,6,1,1, ?,1,2
11,16,F,11,2012,3,1,1,2,2,1,1,1,1,1,1,1,1,2,14,6,1,1, ?,2,2
10,16,G,11,2012,1,1,1,2,2,1,3,1,2,1,1,1,1,2,4,6,1,1, ?,2,1
6,16,G,12,2012,1,1,1,2,2,1,4,1,1,1,1,1,1,2,14,6,1,1, ?,2,2
11,16,F,10,2012,1,1,1,1,1,1,1,1,1,1,1,1,1,2, ?,6,1,6, ?,2,2
7,16,F,5,2012,3,1,1,2,2,1,1,2,1,1,1,4,1,2,13,6,1,7, ?,2,2
10,16,F,7,2012,1,1,1,2,1,1,2,2,1,1,1,2,?,?,14,6,1,1, ?,1,2
5,11,G,10,2012,1,6,1,2,2,1,1,1,2,1,1,5,1,1,4,6,1,?,35,1,1
7,17,F,8,2012,3,5,4,2,2,1,1,2,1,1,1,1,1,2,9,6,?,?, ?,2,2
7,17,F,8,2012,3,1,4,2,2,1,1,1,1,1,1,1,1,1,1,6,?,?, ?,2,2
2,13,F,11,2012,3,3,1,1,2,1,1,1,1,1,1,2,1,2,6,5,2,6,32,2,2
1,14,G,2,2012,2,1,3,2,1,1,1,2,1,1,1,1,1,1,14,6,1,1,22,2,2
1,14,F,4,2012,3,7,3,2,2,1,1,1,1,1,1,1,1,1,10,6,2,4,22,2,2
3,14,S,4,2012,4,5,4,1,1,1,3,1,1,1,1,1,1,1,13,6,1,7,34,2,2
3,14,F,5,2012,3,3,1,2,1,1,1,1,1,1,1,5,1,2,4,2,1,7,45,2,2
2,14,F,7,2012,4,7,1,1,2,1,2,1,1,1,1,3,1,2,4,5,2,3,20,2,2
3,6,S,1,2012,2,1,1,2,2,4,1,1,1,1,1,3,1,2,12,6,1,1,35,2,2
1,2,F,3,2012,3,1,1,1,1,1,1,1,1,1,1,2,1,1,14,6,1,1, ?,2,2
1,2,F,3,2012,4,1,1,2,2,1,2,1,1,1,1,1,1,2,12,6,1,1, ?,2,2
1,2,F,5,2012,2,1,1,2,2,1,1,1,1,1,1,1,1,2,9,6,1,1, ?,2,2
1,2,F,11,2012,4,1,1,2,2,1,2,1,1,1,1,1,1,2,1,5,1,1, ?,1,2
1,7,F,2,2012,4,3,1,2,2,1,2,2,1,1,1,4,1,2,17,4,2,6, ?,2,2
3,1,F,11,2012,1,1,1,2,1,1,1,1,1,1,1,1,1,2,14,6,1,1,28,1,2
4,6,F,2,2012,3,1,1,2,2,1,1,1,1,1,1,1,1,2,8,6,1,1,35,2,2
2,6,F,2,2012,3,1,1,2,2,1,1,1,1,1,2,1,1,2,9,6,1,1, ?,2,2
3,6,F,3,2012,4,3,1,2,2,1,2,1,1,1,1,3,1,2,14,6,1,1, ?,2,2
3,6,F,6,2012,4,1,1,2,2,1,4,1,1,1,1,2,1,2,14,5,1,1, ?,2,2
1,6,F,9,2012,3,5,1,2,2,1,1,2,1,1,1,1,1,2,8,6,1,1,32,2,2
3,4,F,1,2012,3,1,1,2,2,1,1,1,1,1,1,3,4,2,17,6,2,1, ?,2,2
6,4,F,2,2012,2,1,1,2,2,1,1,1,1,1,1,3,1,2,14,6,1,1, ?,2,2
6,4,F,4,2012,3,1,1,2,2,1,1,1,1,1,1,3,1,2,4,5,1,1, ?,2,2
1,4,F,5,2012,3,1,1,2,2,1,1,1,1,1,1,3,4,2,8,6,1,3,40,2,2
1,4,F,6,2012,3,2,1,2,2,1,1,1,1,1,1,2,1,1,9,6,1,1,38,2,2
3,4,F,6,2012,1,1,1,2,2,1,1,2,1,1,3,3,2,?,12,6,1,1,22,2,2
6,4,F,6,2012,4,1,1,2,2,1,4,1,1,1,1,2,1,2,19,6,2,1,25,2,2
1,4,F,7,2012,3,1,1,2,2,1,1,1,1,1,1,2,1,2,14,6,1,1, ?,2,2
1,4,F,7,2012,2,1,1,2,2,1,1,1,1,1,1,2,1,2,8,6,1,3,37,2,2
3,8,F,2,2012,2,1,1,2,2,1,1,1,1,1,1,1,1,2,9,6,1,1, ?,2,2
3,8,F,3,2012,2,1,1,2,2,1,1,1,1,1,1,1,1,2,9,6,1,1, ?,2,2
5,8,G,3,2012,2,1,1,2,2,1,1,1,1,1,1,1,1,2,14,6,1,1, ?,2,2
3,8,F,6,2012,2,1,1,2,2,1,2,1,1,1,1,1,1,2,9,6,1,1, ?,2,2
3,8,F,11,2012,3,1,1,2,2,1,1,1,1,1,1,1,1,2,9,6,1,1, ?,2,2
1,5,G,1,2012,2,1,1,2,2,1,1,1,1,1,1,1,1,1,14,6,1,1, ?,2,2
4,5,F,1,2012,4,1,1,2,2,4,4,1,2,1,1,4,4,2,1,6,1,6, ?,2,2
5,5,F,2,2012,2,1,1,2,2,1,1,1,1,1,1,1,1,2,9,6,1,1, ?,2,2
8,5,F,3,2012,3,1,1,2,2,1,2,1,1,1,1,1,1,2,14,6,1,1, ?,2,2
1,5,F,3,2012,3,1,1,2,2,1,1,1,1,1,1,2,1,2,14,4,1,1, ?,2,2
8,5,F,3,2012,2,1,1,2,1,1,1,1,1,1,1,1,1,2,14,6,1,1, ?,2,2
6,5,S,3,2012,3,1,1,2,2,1,1,1,1,1,1,1,1,2,19,6,1,1, ?,2,2
8,5,G,3,2012,3,7,8,2,2,1,1,1,1,1,1,2,1,2,7,4,1,7,22,2,2
6,5,F,3,2012,3,1,1,2,2,1,1,1,1,1,1,1,1,2,14,6,1,1, ?,2,2
1,5,F,4,2012,2,1,1,2,2,1,1,1,1,1,1,1,1,2,9,6,1,1, ?,2,2
2,5,F,6,2012,4,1,1,2,2,1,4,1,1,1,1,1,1,2,9,6,1,1, ?,2,2
5,2,F,8,2012,2,1,1,2,2,1,1,1,1,1,1,1,1,2,12,6,1,1, ?,2,2
2,5,S,10,2012,3,1,1,2,2,4,1,2,1,1,1,2,1,2,11,6,1,1, ?,2,2
1,3,F,1,2012,3,1,1,2,2,1,1,1,1,1,1,4,1,2,14,6,1,1, ?,2,2
8,3,F,5,2012,3,1,1,2,2,1,1,1,1,1,1,2,1,2,14,6,1,1, ?,2,2
4,3,G,10,2012,4,1,1,2,2,1,2,1,1,2,2,3,1,2,19,6,2,2, ?,1,2
11,3,F,2,2012,1,1,1,2,1,1,1,1,1,1,1,3,1,2,17,6,1,6, ?,2,2
5,8,G,3,2012,2,1,1,2,2,1,1,1,1,1,1,2,1,1,9,6,1,1, ?,2,2
3,8,M,3,2012,4,1,1,2,1,1,1,1,1,1,1,1,1,2,19,6,1,1, ?,2,2