Thana,District,Accident_Severity,Month,Year,Time,Junction_Type,Traffic_Control,Movement,Divider,Weather,Light,Road_Geometry,Surface_Condition,Surface_Type,Surface_Quality,Road_Class,Road_Feature,Location_Type,Vehicle_Type,Vehicle_Movement,Vehicle_Loading,Vehicle_Defect,Vehicle_Driver_Age,Vehicle_Alcohol,Vehicle_Seat_Belt
1,8,F,5,2012,1,1,1,2,2,1,4,1,1,1,1,2,1,2,14,5,1,1,25,2,2
1,70,G,12,2012,2,2,1,2,2,1,4,2,1,1,1,5,1,1,12,2,1,2,26,2,2
3,70,F,3,2012,2,7,1,2,2,1,1,1,1,1,1,4,1,2,5,11,2,1,32,2,2
3,70,F,3,2012,3,1,1,2,2,1,1,1,1,1,1,4,1,2,5,6,2,1,1,2,2
16,54,F,1,2012,4,3,1,2,2,4,4,1,1,1,1,2,1,2,5,6,1,7, ?,2,2
9,56,F,1,2012,3,1,1,2,2,1,1,2,1,1,1,1,1,2,7,4,1,1, ?,2,2
1,56,F,3,2012,3,7,8,2,2,1,1,1,1,1,1,3,1,1,19,6,2,7, ?,2,2
5,56,F,2,2012,4,1,1,2,2,1,3,1,1,1,2,4,1,2,17,6,1,1,25,2,2
8,56,F,2,2012,3,3,1,2,2,1,2,1,1,1,1,1,1,2,9,5,1,1, ?,2,2
3,54,F,3,2012,3,2,1,2,2,1,1,1,1,1,1,2,1,2,10,11,1,1,38,2,2
6,55,F,3,2012,4,1,1,2,2,1,2,1,1,1,1,2,1,1,13,6,1,1, ?,2,2
3,55,F,4,2012,3,7,1,2,2,1,1,2,1,1,1,2,1,2,14,2,1,7,27,2,2
6,55,F,7,2012,3,1,1,2,1,1,1,1,1,1,1,1,1,2,8,8,1,1,36,2,2
6,55,F,7,2012,3,1,8,2,2,1,1,1,1,1,1,1,1,1,12,11,1,2, ?,1,2
3,53,F,11,2012,4,7,1,2,2,1,3,1,1,1,1,2,1,2,6,6,1,7, ?,1,2
6,55,F,9,2012,2,1,8,2,2,1,3,1,1,1,1,1,1,2,4,6,1,7,29,2,2
7,56,F,11,2012,3,7,1,2,2,1,1,1,1,1,1,1,1,2,14,4,1,1, ?,2,2
3,56,S,11,2012,1,7,1,1,2,1,4,1,1,1,1,1,1,2,9,6,1,1, ?,2,2
7,56,F,10,2012,3,7,1,2,2,1,1,1,1,1,1,1,1,2,9,5,1,7, ?,2,2
3,56,F,10,2012,3,2,1,2,2,1,1,1,1,1,1,1,1,2,19,8,1,1, ?,2,2
7,56,M,7,2012,3,7,1,2,2,1,1,1,1,1,1,1,1,2,9,11,1,1, ?,2,2
3,53,F,12,2012,3,7,1,2,2,1,1,1,1,1,1,2,1,2,19,6,2,7, ?,1,2
4,54,F,12,2012,3,1,1,2,2,1,1,1,1,1,1,4,1,2,9,11,1,1,25,2,2
3,54,G,1,2012,3,1,1,2,2,1,1,1,1,1,1,4,1,2,7,11,1,7,35,2,2
1,53,F,1,2012,3,1,1,2,2,1,1,1,1,1,1,2,2,?,8,6,1,1,38,2,2
13,54,G,2,2012,1,1,1,2,2,1,1,1,1,1,1,2,1,1,10,5,1,7,20,2,2
6,55,F,6,2012,2,1,1,2,2,1,1,1,1,1,3,5,1,1,5,6,1,7, ?,2,2
4,55,F,6,2012,4,1,1,2,2,1,1,1,1,1,3,1,2,?,13,6,2,7, ?,2,2
1,69,G,2,2012,3,1,1,2,2,1,1,1,1,1,1,5,1,1,4,6,1,1,22,2,2
3,34,G,2,2012,3,1,4,2,2,1,1,1,1,1,1,1,1,2,12,6,1,1, ?,2,2
6,34,F,6,2012,2,1,1,2,2,1,1,1,1,1,1,1,1,2,9,4,1,1, ?,2,2
5,33,F,4,2012,1,1,1,2,2,1,1,1,1,1,1,2,1,2,14,6,1,1, ?,2,2
4,64,F,6,2012,3,3,4,2,1,2,1,2,2,1,1,5,1,1,14,6,1,1, ?,1,2
4,64,F,12,2012,2,1,1,2,1,1,1,1,1,1,1,5,1,1,9,5,1,1, ?,1,2
5,64,F,3,2012,4,1,1,2,2,1,3,1,1,1,1,1,1,1,15,6,1,1, ?,1,2
5,64,F,10,2012,2,7,1,2,2,1,1,1,1,1,1,1,1,1,14,6,1,1, ?,1,2
5,64,F,11,2012,1,1,1,2,2,1,3,1,1,1,1,5,1,1,14,6,1,1,24,1,2
11,64,G,9,2012,3,3,1,2,2,1,1,1,1,1,1,5,1,1,5,6,1,1,35,1,2
2,64,M,2,2012,3,1,1,2,2,1,1,1,1,1,1,2,1,1,14,6,1,1,28,1,2
2,64,G,8,2012,4,2,1,2,1,1,3,1,1,1,1,5,1,1,14,5,1,1, ?,1,2
2,64,F,9,2012,2,3,4,2,1,1,2,1,1,1,1,5,1,1,8,5,1,1, ?,1,2
14,63,S,1,2012,1,?,8,2,1,1,1,1,1,1,1,1,2,?,15,6,1,1, ?,2,2
9,63,S,5,2012,2,1,1,2,2,1,1,1,1,1,1,1,1,2,9,6,1,1,22,2,2
6,63,F,5,2012,3,1,4,2,2,1,1,1,1,1,1,1,1,2,14,6,?,?, ?,2,2
7,58,G,7,2012,2,1,1,2,2,1,1,1,1,1,1,1,1,2,13,5,1,1,38,2,2
1,65,F,6,2012,4,1,1,2,2,1,2,1,1,1,1,1,1,1,2,6,1,1,20,2,2
2,65,F,6,2012,2,1,1,2,2,1,2,1,2,1,2,1,1,2,9,6,1,1, ?,2,2
5,46,F,5,2012,2,1,1,2,1,1,1,1,1,1,1,1,1,1,11,11,1,7, ?,2,2
1,47,F,5,2012,2,1,1,1,1,1,1,1,1,1,1,1,1,2,19,5,1,7,34,2,2
2,47,F,5,2012,1,7,1,1,2,1,1,1,1,1,1,1,1,2,9,3,1,1, ?,2,2
1,38,F,5,2012,3,7,1,2,2,1,1,1,1,1,1,1,1,2,9,6,1,6,39,2,2
4,47,F,7,2012,3,1,1,2,2,1,1,1,1,1,1,1,2,1,9, ?,2,2, ?,2,2
9,47,F,7,2012,4,1,1,2,2,2,4,1,2,1,1,2,2,1,10,11,1,7,40,2,2
9,47,F,7,2012,2,1,8,2,2,1,1,1,1,1,1,?,?,1,9,5,1,1, ?,2,2
12,47,F,7,2012,2,7,1,2,2,1,1,1,1,1,1,1,1,1,9,5,1,7, ?,2,2
7,47,F,7,2012,3,7,8,2,2,1,1,2,1,2,1,4,1,2,5,11,2,7,40,2,1
6,38,F,5,2012,4,1,1,2,2,1,1,1,1,1,1,1,1,1,9,6,1,7, ?,2,2
6,40,F,4,2012,3,1,1,2,1,1,1,1,1,1,1,1,1,2,3,5,1,2, ?,2,2
4,47,F,6,2012,1,1,1,2,2,1,1,1,2,1,1,1,1,2,13,5,1,2,25,2,2
4,47,F,6,2012,3,1,1,2,2,2,2,2,2,1,1,2,2,?,7,5,2,1,45,1,1
4,35,F,12,2012,3,1,1,2,2,1,1,1,1,1,1,1,1,2,9,6,1,7, ?,2,2
2,43,F,10,2012,2,1,1,1,1,1,2,1,1,1,1,1,1,2,7,6,1,1, ?,2,2
2,43,F,8,2012,3,1,1,2,2,1,1,1,1,1,1,1,1,2,8,11,2,7, ?,2,2
2,43,F,11,2012,1,1,1,2,1,2,1,1,1,1,1,1,1,2,14,6,1,1, ?,2,2
1,48,G,12,2012,2,1,1,2,2,4,2,1,1,1,1,1,1,2,14,11,2,7, ?,2,2
2,35,F,11,2012,4,1,1,2,2,1,2,1,1,1,1,1,1,2,9,5,1,5,45,2,2
9,47,F,9,2012,3,1,1,1,2,1,1,1,1,1,1,1,1,2,14,11,1,7, ?,2,2
2,47,F,11,2012,2,1,1,2,2,1,1,2,1,1,1,1,1,2,14,5,1,1, ?,2,2
9,47,F,11,2012,1,1,1,2,2,1,1,1,1,1,1,1,1,2,14,5,1,7,20,2,2
3,45,F,10,2012,3,1,1,2,2,1,1,1,1,1,1,1,1,2,9,6,1,7, ?,1,2
6,45,F,10,2012,3,1,1,2,2,1,1,1,1,1,1,1,1,2,9,6,1,7, ?,1,2
1,45,F,10,2012,2,1,1,2,1,1,1,1,1,1,1,2,1,2,4,6,1,7, ?,1,2
1,39,G,9,2012,2,1,8,2,1,2,1,2,1,1,1,1,1,2,14,1,1,1, ?,1,2
1,38,F,10,2012,3,1,1,2,2,2,1,2,1,1,2,1,1,2,14,2,1,7, ?,1,2
3,40,F,8,2012,2,1,1,2,2,2,2,2,2,1,1,1,1,2,9,3,2,7,45,2,2
1,40,F,9,2012,4,1,1,2,2,1,4,1,1,1,1,1,1,2,9,3,2,7, ?,2,2
1,40,F,10,2012,2,1,1,2,2,1,2,2,1,1,1,1,1,2,7,11,2,7, ?,2,2
5,40,F,12,2012,2,1,1,2,2,4,2,1,1,1,1,3,1,2,8,6,1,1, ?,2,2
1,50,F,12,2012,1,2,1,2,2,1,3,2,1,1,1,3,1,2,6,4,1,1,34,1,1
12,50,F,6,2012,3,7,1,2,2,1,1,1,1,1,1,1,1,2,9,6,1,7, ?,2,2
2,50,F,1,2012,3,1,1,2,2,2,1,1,2,1,1,1,1,2,14,11,2,7,40,2,2
5,50,G,6,2012,2,7,1,1,2,1,1,1,1,1,1,1,1,2,6,11,2,7, ?,2,2
9,47,F,4,2012,2,1,1,2,2,1,1,1,1,1,1,1,1,?,7,5,1,1,29,2,2
12,47,G,4,2012,4,7,1,1,2,1,1,1,1,1,1,1,1,2,14,6,2,1,38,2,2
1,51,F,1,2012,2,1,1,2,2,1,1,1,1,1,2,1,2,?,9,5,1,1, ?,2,2
3,40,F,2,2012,?,1,1,2,1,1,1,1,1,1,1,1,1,?,9,11,1,1, ?,2,2
2,40,G,1,2012,4,1,1,1,2,1,4,1,1,1,1,3,1,2,17,6,2,2,25,2,2
12,47,F,2,2012,2,1,1,2,2,1,4,1,1,1,1,5,1,2, ?,5,2,1, ?,2,2
12,47,F,2,2012,3,1,1,1,2,1,1,1,1,1,1,1,1,1,9,5,2,6, ?,2,2
1,45,F,2,2012,3,1,1,1,2,1,1,1,1,1,1,1,1,1,9,6,1,7,35,1,2
1,40,M,1,2012,2,4,8,2,1,1,1,1,1,1,1,1,1,2,9,5,1,1,27,1,1
9,47,F,2,2012,2,1,1,1,2,1,1,1,1,1,1,2,1,2,14,5,1,1, ?,2,2
12,47,S,3,2012,2,7,1,2,2,1,1,1,1,1,1,1,1,2,14,5,1,2,49,2,2
2,35,F,3,2012,2,1,1,2,2,1,1,1,1,1,1,1,1,1,12,6,2,?, ?,2,2
4,35,G,4,2012,3,1,1,1,2,1,1,1,1,1,1,1,1,1,9,6,1,7,28,2,2
9,47,F,4,2012,2,1,1,2,2,2,1,1,2,1,1,1,1,1,7,5,1,1,29,2,2
2,47,F,4,2012,4,1,1,2,2,2,2,1,2,1,1,1,1,1,10,6,1,7,45,2,2
12,47,G,4,2012,4,7,1,2,2,1,1,1,1,1,1,1,1,1,14,6,1,1,38,2,2
1,51,F,1,2012,2,1,1,1,2,1,1,1,1,1,1,1,1,2,9,5,1,1, ?,2,2
1,51,F,2,2012,3,3,1,2,2,1,1,1,1,1,1,4,1,2,4,6,1,?, ?,1,2
6,51,F,2,2012,2,2,1,2,2,1,4,1,1,1,1,1,1,?,4,6,1,7,45,2,2
28,42,M,2,2012,2,2,4,1,1,1,2,1,1,1,1,2,1,1,5,6,1,1,33,2,2
34,42,M,2,2012,3,1,4,1,1,1,1,1,1,1,1,1,1,1,10,6,1,1,38,2,2
15,42,F,1,2012,3,3,4,2,2,1,1,4,1,1,1,5,1,1,12,6,1,1,35,2,2
33,42,F,2,2012,1,1,1,1,1,1,2,1,1,1,1,1,1,1,14,6,1,1,45,2,2
32,42,M,4,2012,2,3,4,1,1,1,1,1,1,1,1,5,1,1,9,6,1,1,32,2,2
10,42,G,3,2012,4,1,1,2,2,1,2,1,1,1,1,5,1,1,13,6,1,1,36,2,2
1,42,M,2,2012,3,3,4,1,1,1,1,1,1,1,1,5,1,1,9,6,1,1,28,2,2
9,42,M,1,2012,3,1,4,1,1,1,1,1,1,1,1,5,1,1,9,6,1,1,25,1,2
9,42,M,2,2012,3,2,4,1,1,1,1,1,1,1,1,5,1,1,8,6,1,1,28,2,2
9,42,M,4,2012,3,3,4,1,1,1,1,1,1,1,1,5,1,1,14,6,1,1,30,2,2
9,42,M,5,2012,4,1,1,1,1,1,3,1,1,1,1,5,1,1,14,6,1,1,26,2,2
9,42,M,6,2012,4,1,1,1,1,1,3,1,1,1,1,5,1,1,10,6,1,1,43,2,2
22,42,F,4,2012,2,1,1,1,1,1,2,1,1,1,1,1,1,1,9,6,1,1,42,2,2
14,42,S,2,2012,1,1,3,1,1,1,1,1,1,1,1,1,1,1,14,6,1,1,42,2,2
14,42,M,4,2012,2,1,1,1,1,1,1,1,1,1,1,1,1,1,8,6,1,1,35,2,2
9,42,M,7,2012,4,3,4,1,1,1,2,1,1,1,1,5,1,1,12,6,1,1,22,2,2
9,42,F,8,2012,3,1,1,1,1,1,1,1,1,1,1,5,1,1,9,6,1,1,40,2,2
9,42,F,8,2012,2,3,4,1,1,1,1,1,1,1,1,5,1,1,9,6,1,1,38,2,2
33,42,F,6,2012,1,3,4,1,1,1,2,1,1,1,3,5,1,1,14,6,1,1,42,2,2
1,42,G,6,2012,4,3,1,1,1,1,3,1,1,1,1,5,1,1,10,6,1,1,21,2,2
18,42,G,8,2012,3,1,8,2,2,1,1,1,1,1,1,2,1,1,6,6,1,7,32,1,2
8,42,F,6,2012,3,1,4,1,1,1,2,1,1,1,1,5,1,1,8,6,1,1,38,2,2
8,42,M,7,2012,3,7,8,2,2,1,1,3,1,1,1,5,1,1,12,6,1,1,32,2,2
14,42,G,6,2012,1,1,1,1,1,1,2,1,1,1,1,1,1,1,13,6,1,1,30,2,2
14,42,M,6,2012,4,2,4,1,1,1,3,1,1,1,1,1,1,1,14,6,1,1,35,2,2
14,42,F,6,2012,4,5,4,1,1,1,3,1,1,1,1,1,1,1,13,6,1,1,40,2,2
14,42,G,7,2012,3,1,1,1,1,1,1,1,1,1,1,1,1,1,9,6,1,1,40,2,2
19,42,F,6,2012,4,1,1,2,2,1,3,1,1,1,1,5,1,1,13,6,1,1,27,2,2
34,42,S,9,2012,4,7,4,1,1,1,3,1,1,1,1,1,1,1,10,7,1,1,32,2,2
16,42,S,3,2012,4,1,1,1,1,1,3,1,1,1,1,1,1,1,10,10,1,1,33,2,2
16,42,F,6,2012,1,3,4,2,1,1,3,1,1,1,1,1,1,1,2,4,1,1,29,2,2
16,42,F,5,2012,3,1,1,1,1,1,1,1,1,1,1,1,1,1,4,4,1,1,35,1,2
18,42,F,9,2012,3,7,8,2,1,1,1,1,1,1,1,1,?,1,2,6,1,7,40,2,2
18,42,G,10,2012,3,7,8,2,2,1,1,1,1,1,1,5,1,1,1,6,1,1,15,1,2
8,42,G,10,2012,4,1,4,1,2,1,1,1,1,1,1,5,1,1,10,1,1,1,35,2,2
15,42,F,10,2012,3,4,4,2,2,1,1,1,1,1,1,5,1,1,9,5,1,1,35,1,2
37,42,M,3,2012,2,3,5,1,1,1,1,1,1,1,1,5,1,1,11,6,1,1, ?,1,2
37,42,S,5,2012,2,2,1,?,?,1,2,1,1,1,1,5,1,1,6,6,1,1,31,1,2
37,42,G,4,2012,3,3,6,1,1,1,1,1,1,1,1,5,1,1,4,6,1,1,26,1,1
37,42,S,7,2012,4,2,4,2,2,1,3,1,1,1,1,1,1,1,7,1,1,1,30,1,2
37,42,M,7,2012,3,1,4,2,1,1,1,1,1,1,1,5,1,1,7,6,1,1,30,2,2
37,42,M,5,2012,4,1,8,1,2,2,3,1,2,1,1,5,1,1,12,6,1,1,35,2,2
42,42,G,11,2012,4,7,4,1,1,1,3,2,1,1,1,1,2,1,10,6,1,1,32,2,2
37,42,F,11,2012,1,2,1,2,1,1,3,1,1,1,1,1,1,1,7,4,1,1,45,2,2
49,42,G,9,2012,2,7,8,1,2,1,1,1,1,1,1,5,1,1,2,6,1,1,28,1,2
6,42,F,8,2012,2,1,1,1,2,1,3,1,1,1,1,1,1,1,9,6,1,1,25,2,2
44,42,S,11,2012,3,5,1,2,1,1,1,1,1,1,1,1,1,1,8,6,1,1,32,2,2
37,42,F,12,2012,2,2,1,1,1,1,1,1,1,1,1,1,1,1,9,6,1,7,30,2,2
46,42,G,5,2012,3,7,8,2,2,1,1,2,1,1,1,5,1,2,14,10,1,1,35,2,2
3,42,F,11,2012,4,3,1,1,2,1,4,3,1,1,1,1,1,1,8,4,1,1,27,2,2
8,42,G,12,2012,2,1,8,2,1,1,1,1,1,1,1,5,1,1,2,6,1,1,28,2,2
34,42,M,12,2012,4,7,1,1,2,1,3,1,1,1,1,1,1,1,10,6,1,1,28,2,1
2,42,M,9,2012,2,1,2,1,1,1,1,1,1,1,1,5,1,1,9,6,1,1,30,1,2
28,42,F,12,2012,4,4,4,2,1,1,3,1,1,1,1,1,1,1,6,6,1,1,25,2,2
25,42,F,12,2012,2,3,1,2,2,1,1,2,1,1,1,3,1,1,9,2,1,1,27,2,2
19,42,F,8,2012,4,1,1,2,2,1,2,3,1,1,1,2,2,2,19,6,1,1,32,2,2
33,42,G,1,2012,2,1,1,2,2,1,1,1,1,1,1,1,1,1,9,6,1,1,42,2,2
8,26,F,3,2012,2,4,1,2,2,1,2,2,1,1,3,4,1,2,8,1,1,3,42,1,2
60,  ,2,A4,2006,1, , , ,?,F,1,2, ,?,1, ,?,G,  ,  , , ,  , , 
4,21,G,1,2012,3,3,1,2,2,1,1,1,1,1,1,3,1,2,4,6,1,1,52,1,2
5,29,F,5,2012,?,1,1,1,2,2,1,1,2,1,1,1,1,2,14,5,2,7, ?,1,2
1,22,F,11,2012,3,7,1,2,2,1,1,1,1,1,1,1,1,1,9,6,1,1, ?,1,2
2,20,F,1,2012,3,1,8,2,2,1,1,1,1,1,1,3,1,2,4,5,1,7,30,1,2
5,24,G,8,2012,2,1,1,2,2,1,1,1,1,1,1,1,1,2,9,6,2,7, ?,1,2
7,18,F,4,2012,2,1,8,2,2,1,1,1,1,1,2,1,1,2,9,6,1,7, ?,1,2
5,18,F,3,2012,2,3,1,1,2,1,1,1,1,3,1,3,1,2,17,4,1,1,30,2,2
8,13,F,5,2012,2,1,1,2,2,1,1,2,1,1,1,1,1,2,14,2,1,1,40,2,2
10,17,F,10,2012,3,7,1,2,1,1,1,2,1,1,1,1,1,2,9,5,1,1,30,2,2
5,11,G,10,2012,2,3,1,2,2,1,1,1,1,1,1,5,1,2,4,6,1,1, ?,2,2
4,15,F,7,2012,1,1,1,2,2,1,2,1,1,1,1,1,1,2,14,6,1,1,50,2,2
3,15,F,10,2012,2,1,1,2,2,1,1,1,1,1,1,1,1,2,14,6,1,1, ?,2,2
3,15,F,10,2012,3,1,1,1,2,1,1,1,1,1,1,1,1,2,14,6,1,1, ?,2,2
3,15,G,11,2012,3,1,1,2,2,1,1,1,2,1,1,1,1,2,9,6,1,1, ?,2,2
4,15,F,3,2012,1,1,1,2,2,1,4,1,1,1,1,1,1,2,9,6,1,1,44,2,2
4,15,F,8,2012,1,1,1,1,2,1,4,1,1,1,1,1,1,2,14,5,1,1, ?,2,1
1,15,F,3,2012,4,1,1,2,2,1,2,1,1,1,1,1,1,2,9,6,1,1,35,1,2
1,15,F,12,2012,2,1,1,2,2,1,1,2,1,1,1,1,1,2,9,5,1,1, ?,2,2
1,15,S,12,2012,2,1,1,2,2,1,1,1,1,1,1,1,1,2,9,6,1,1, ?,2,2
1,9,F,5,2012,3,1,1,2,2,1,1,1,1,1,1,1,1,2,12,6,1,1,50,2,2
11,9,M,2,2012,1,1,1,2,2,1,4,1,1,1,1,1,1,2,14,6,1,1, ?,2,2
10,9,F,6,2012,1,7,1,2,2,1,2,1,1,1,1,1,1,2,14,6,1,1, ?,2,2
10,9,F,6,2012,1,1,1,1,2,1,2,1,1,1,1,1,2,2,9,6,1,1,31,2,2
10,9,F,7,2012,3,7,1,2,2,1,1,1,1,1,1,1,1,2,9,6,1,1, ?,2,2
7,9,M,7,2012,2,7,1,2,2,1,1,1,1,1,1,1,1,2,14,6,1,1, ?,2,2
4,9,F,7,2012,3,1,1,1,2,1,1,1,1,1,1,1,1,2,9,6,1,1, ?,2,2
2,9,F,8,2012,3,1,1,2,2,1,1,1,1,1,1,1,2,?,13,6,1,7,35,2,2
4,9,F,9,2012,3,4,1,1,2,1,1,1,1,1,1,1,1,2,8,6,1,1, ?,2,2
10,9,F,9,2012,1,1,1,2,2,1,2,1,1,1,1,1,1,2,9,6,1,7,42,2,2
12,9,M,9,2012,3,1,1,2,2,1,1,1,1,1,1,1,1,1,11,2,1,1,27,2,2
11,9,F,3,2012,2,1,1,2,2,1,1,1,1,1,1,1,1,1,9,11,1,1,32,2,2
6,13,F,9,2012,2,1,1,2,2,1,2,1,1,1,1,1,1,2,9,6,1,1,30,2,2
5,13,F,12,2012,2,1,7,2,2,1,2,2,1,1,1,1,1,2,4,2,1,2, ?,2,2
10,16,G,2,2012,3,1,1,2,2,1,1,1,1,1,1,1,1,2,13,5,1,1, ?,2,2
11,16,F,2,2012,2,1,1,2,2,1,1,1,1,1,1,1,1,2,13,11,1,1, ?,2,2
10,16,F,3,2012,3,3,1,2,2,1,1,1,1,1,1,1,1,2,14,1,1,1,38,1,2
7,16,G,4,2012,2,1,2,2,1,1,2,1,1,1,1,4,1,2, ?,6,1,1, ?,?,?
2,16,F,4,2012,3,1,1,2,2,1,1,1,1,1,1,2,1,2,8, ?,1,1, ?,?,?
10,16,F,6,2012,3,1,3,2,2,1,1,1,1,1,1,1,1,2,4,6,1,1,28,2,1
11,16,S,7,2012,1,1,1,2,2,1,1,1,1,1,1,1,1,2,14,6,1,1, ?,1,1
11,16,F,7,2012,2,1,1,2,2,1,1,1,1,1,1,1,1,2,9,6,1,1, ?,2,2
10,16,F,10,2012,1,2,8,2,2,1,4,1,1,1,1,4,1,2, ?, ?,?,?, ?,?,?
7,16,F,5,2012,4,3,1,2,2,1,1,4,1,1,1,2,1,2,14,6,?,?,45,2,2
10,16,F,7,2012,2,1,1,2,2,1,1,1,1,1,1,1,1,1,1,6,1,1, ?,1,2
1,14,F,1,2012,3,3,6,2,1,1,1,1,1,1,1,5,1,1,14,1,1,1, ?,2,2
4,2,F,3,2012,2,1,1,2,2,1,1,1,1,1,1,3,1,2,9,6,1,1, ?,1,2
9,7,G,2,2012,2,1,1,2,2,1,1,1,1,1,2,4,4,2,19,5,2,6,30,2,2
1,7,G,11,2012,3,5,1,2,2,1,1,2,1,1,1,1,1,1,9,1,1,1,35,2,2
3,8,F,1,2012,2,1,1,2,2,1,1,1,1,1,1,1,1,2,9,6,1,1, ?,2,2
5,8,F,3,2012,4,1,1,2,2,1,4,1,1,1,1,1,1,2,9,6,1,1, ?,2,2
4,8,G,5,2012,3,1,1,2,2,2,1,1,2,1,1,1,1,2,8,6,1,1, ?,2,2
3,8,F,5,2012,2,1,1,2,2,1,2,1,1,1,1,1,1,2,9,6,1,1, ?,2,2
3,8,F,5,2012,2,1,1,2,2,1,1,1,1,1,1,1,1,2,9,6,1,1, ?,2,2
3,8,G,7,2012,2,1,1,2,2,1,1,1,1,1,1,1,1,2,14,6,1,1, ?,2,2
3,8,G,8,2012,3,1,1,2,2,1,1,1,1,1,1,1,1,2,9,6,1,1, ?,1,1
3,8,G,11,2012,1,1,1,2,2,1,4,1,1,1,1,1,1,2,9,6,1,1, ?,2,2
5,5,S,6,2012,3,1,1,2,2,1,1,1,1,1,1,1,1,2,14,6,1,1, ?,2,2
6,5,F,6,2012,2,1,1,2,2,1,2,1,1,1,1,1,1,2,9,5,1,1, ?,2,2
1,5,F,6,2012,3,1,1,2,2,1,1,1,1,1,1,1,1,2,14,6,1,1, ?,2,2
6,5,F,11,2012,2,1,1,2,2,1,1,1,1,1,1,1,1,2,13,6,1,1, ?,2,2
4,3,F,1,2012,2,1,1,2,2,1,1,2,1,1,1,1,1,2,8,6,1,1, ?,2,2
1,3,F,7,2012,2,1,1,2,2,1,2,1,1,1,1,1,1,2,9,6,1,1, ?,2,2
6,70,G,6,2012,4,3,3,2,2,1,4,1,1,1,1,1,1,2, ?, ?,?,?, ?,?,?
6,70,F,7,2012,3,1,3,2,2,1,1,1,1,1,1,1,1,1,9,7,1,1,30,1,2
6,70,F,8,2012,3,3,3,2,2,2,1,1,2,1,1,5,1,2,13,5,1,1,35,2,2
6,70,F,3,2012,1,7,1,2,2,1,2,1,1,1,1,1,1,1,14,2,1,1,50,2,2
6,70,F,8,2012,4,1,3,2,2,1,1,1,1,1,1,1,1,1,5,6,2,1,40,2,2
5,70,F,2,2012,3,7,1,2,2,1,1,1,1,1,1,1,1,1,4,4,1,7,30,2,2
5,56,F,1,2012,1,1,1,2,2,4,4,1,2,1,1,1,1,2,9,4,1,1,33,2,2
8,56,F,1,2012,4,1,2,2,2,1,4,1,1,1,1,1,1,2,9,4,1,1,30,2,2
5,56,S,3,2012,3,1,2,2,2,1,1,1,1,1,1,2,1,1,6,6,1,1,40,2,2
7,56,F,4,2012,1,1,1,2,2,1,2,1,1,1,1,1,1,2,14,5,2,7,30,1,2
6,53,F,4,2012,2,1,1,1,2,1,1,1,1,1,1,1,1,2,13,5,1,7,25,2,2
5,54,F,1,2012,3,7,2,2,2,1,1,1,1,1,1,2,1,2,14,6,1,1,55,2,2
1,55,F,2,2012,3,1,1,2,2,1,1,1,1,1,1,5,1,2,9,6,1,1, ?,2,2
5,55,F,4,2012,2,1,1,2,2,1,2,2,1,1,1,1,1,2,12,6,1,1,32,2,2
6,55,F,6,2012,3,1,1,2,2,1,1,1,1,1,1,1,5,2,14,5,1,1, ?,2,2
5,55,S,6,2012,4,4,8,2,2,2,4,1,2,1,1,1,1,2,5,2,1,7,40,2,2
2,55,F,6,2012,2,1,1,2,2,1,1,1,2,1,1,4,1,1,12,4,1,1, ?,2,2
7,56,F,5,2012,1,1,1,2,2,1,2,1,1,1,1,1,1,2,12,5,2,7,35,1,2
3,53,F,10,2012,4,7,1,2,1,2,1,1,1,1,1,1,1,2,19,11,2,7, ?,?,?
3,53,F,11,2012,1,1,8,2,2,1,2,1,1,1,1,1,1,2,13,5,2,7, ?,2,2
1,55,F,8,2012,3,7,1,2,2,1,1,1,1,1,1,1,1,2,9,6,1,1, ?,2,2
6,55,F,8,2012,2,7,8,2,2,1,1,1,1,1,1,4,1,2,8,6,1,7,40,2,2
3,54,F,12,2012,4,1,8,1,2,1,4,1,1,1,1,2,1,2,14,11,1,7,25,2,2
6,54,F,5,2012,3,1,1,2,2,1,1,1,1,1,1,4,1,2,12,6,1,7, ?,2,2
7,54,F,11,2012,4,1,1,2,2,1,2,1,1,1,1,1,1,2,5,6,1,1, ?,2,2
5,56,F,12,2012,4,1,1,2,2,4,3,1,1,1,1,1,1,1,9,5,1,1,32,2,2
4,54,G,6,2012,3,7,1,2,2,1,1,1,1,1,1,4,1,1,5,6,1,1, ?,2,2
7,54,F,9,2012,3,1,1,2,2,1,4,1,1,1,1,2,1,2,8,6,1,1,40,2,2
2,54,F,2,2012,3,1,1,2,2,1,1,1,1,1,1,2,1,2,14,4,2,1, ?,2,2
9,54,F,3,2012,3,7,1,2,2,1,1,1,1,1,1,1,1,2,8,5,1,1, ?,2,2
3,56,S,12,2012,2,1,1,2,2,1,1,2,1,1,1,1,1,2,9,2,1,1,60,2,2
13,54,F,6,2012,1,7,1,2,2,1,2,1,1,1,1,1,1,2,13,6,1,7,50,2,2
8,54,F,1,2012,4,7,1,2,2,1,4,1,1,1,1,1,1,2,14,2,1,7,40,2,2
9,54,F,12,2012,3,7,1,2,2,1,2,1,1,1,1,1,1,2,14,6,1,7,45,2,2
1,55,G,6,2012,2,1,5,2,2,1,1,1,1,1,1,1,1,2,8,5,1,3,30,2,2