Thana,District,Accident_Severity,Month,Year,Time,Junction_Type,Traffic_Control,Movement,Divider,Weather,Light,Road_Geometry,Surface_Condition,Surface_Type,Surface_Quality,Road_Class,Road_Feature,Location_Type,Vehicle_Type,Vehicle_Movement,Vehicle_Loading,Vehicle_Defect,Vehicle_Driver_Age,Vehicle_Alcohol,Vehicle_Seat_Belt
9,63,F,9,2014,4,1,?,?,?,1,2,1,1,1,1,1,1,2,13,5,1,?,30,?,2
9,63,F,10,2014,4,1,4,2,1,1,3,1,1,1,1,1,1,2,14,4,1,3,25,2,2
9,63,G,10,2014,4,1,4,2,1,1,3,1,1,1,1,1,1,2,9,6,1,3, ?,2,2
5,63,F,12,2014,3,1,?,2,2,1,1,1,1,1,1,2,1,2,14,2,?,?, ?,?,?
1,63,G,12,2014,3,1,1,2,2,1,1,1,1,1,1,4,1,2,9,1,?,?, ?,?,?
7,65,F,8,2014,3,1,1,2,2,1,1,2,1,1,1,1,1,2,4,2,1,1, ?,2,2
2,65,F,11,2014,2,?,1,2,2,1,2,1,1,1,1,1,1,2,14,6,1,?, ?,2,2
6,58,F,2,2014,2,7,8,2,2,1,1,1,1,1,1,1,1,1,12,11,?,?, ?,?,?
6,58,F,3,2014,3,7,8,2,2,1,1,1,1,1,1,4,1,2,5,6,?,?, ?,?,?
6,58,F,5,2014,3,7,8,2,2,1,1,1,1,1,1,1,1,1,9,6,?,?, ?,?,?
6,58,F,7,2014,3,7,8,2,2,1,1,1,1,1,1,1,1,1,14,6,?,?, ?,?,?
4,58,F,5,2014,3,1,5,2,2,1,1,1,1,1,1,2,1,2,5,6,1,?, ?,?,?
7,57,F,9,2014,3,2,1,2,2,1,1,1,1,1,1,2,1,2,5,1,1,1,30,2,2
3,57,F,7,2014,1,2,?,2,2,1,3,1,1,1,1,1,1,2,15,11,1,?,28,1,2
3,57,F,8,2014,4,2,?,2,2,1,4,1,1,1,1,1,1,2,5,6,1,?, ?,?,?
3,57,F,1,2014,4,7,1,2,2,1,2,1,1,1,1,1,?,2,14,6,?,?, ?,?,?
8,57,F,3,2014,3,7,1,2,2,1,1,1,1,1,1,1,1,2,11,6,?,?, ?,1,2
6,60,F,7,2014,2,7,1,2,1,1,4,1,1,1,1,1,1,1,13,11,1,1,32,2,2
6,60,F,3,2014,2,7,1,2,2,1,1,1,1,1,1,1,1,1,14,11,1,7, ?,2,2
3,60,F,4,2014,2,1,1,2,2,1,4,1,1,1,1,2,1,2,5,6,?,?,32,1,2
1,61,F,4,2014,4,7,1,2,2,1,4,1,1,1,2,1,1,2,14,11,1,?, ?,2,2
1,61,F,10,2014,4,7,8,2,2,2,2,1,2,1,1,1,1,2,4,11,1,7, ?,2,2
1,61,F,10,2014,3,7,8,2,2,1,1,1,1,1,1,1,1,2,19,6,?,?, ?,?,?
2,61,F,9,2014,3,1,8,2,2,1,1,1,1,1,1,2,1,2,14,4,1,1,29,2,2
5,67,F,10,2014,2,1,8,2,2,1,1,4,1,1,1,4,4,2,14,3,2,?, ?,1,2
5,66,F,11,2014,2,1,1,2,2,1,1,1,1,1,1,2,1,1,9,7,?,?,40,?,2
8,66,F,10,2014,3,1,8,2,2,1,1,4,1,1,2,1,1,2,8,2,?,1,35,2,2
9,66,F,12,2014,3,4,1,2,2,1,1,2,1,1,1,1,1,2,8,6,?,?, ?,?,?
9,66,F,5,2014,4,7,1,2,2,2,4,4,2,1,1,1,1,2,9,6,?,?,40,?,?
9,66,F,5,2014,3,?,8,2,2,2,1,2,2,1,1,1,1,2,9,2,1,1, ?,1,2
2,61,F,9,2014,3,1,8,2,2,1,1,1,1,1,1,2,1,2,14,4,1,1,29,2,2
1,61,F,12,2014,2,?,4,2,2,1,1,1,1,1,1,1,1,1,15,6,1,?,24,2,2
15,58,F,2,2014,4,7,8,2,2,1,2,1,1,1,1,2,1,2,19,6,?,?, ?,?,2
7,58,F,12,2014,1,4,2,2,1,2,2,2,1,1,3,1,3,2,12,5,?,?, ?,1,2
7,58,F,11,2014,3,?,1,2,1,1,1,1,1,1,1,1,1,2,12,8,?,?, ?,?,2
7,58,F,8,2014,3,2,1,1,2,1,1,1,1,1,1,1,1,2,9,6,?,?, ?,1,2
5,58,F,2,2014,3,1,1,2,2,1,1,1,1,1,1,1,1,2,7,6,1,1,30,2,2
5,58,G,4,2014,1,3,1,1,2,1,4,1,1,1,3,1,1,2,9,1,1,1, ?,2,1
10,47,G,2,2014,3,7,1,2,2,1,1,1,1,1,1,2,1,2,8,4,1,7, ?,2,2
5,39,F,3,2014,1,7,1,2,2,1,1,1,1,1,1,2,1,2,14,11,1,7,30,2,2
1,52,F,2,2014,3,2,1,2,2,1,1,1,1,1,1,2,1,2,14,11,1,7, ?,2,2
1,52,F,2,2014,4,2,1,2,2,1,1,1,1,1,1,2,1,2,9,11,1,7, ?,2,2
4,47,F,3,2014,3,7,1,2,2,1,1,1,1,1,1,2,1,2,14,11,1,7, ?,2,2
6,37,F,3,2014,4,7,1,2,2,1,1,1,1,1,1,2,1,2,14,11,1,7,42,2,2
9,52,G,3,2014,2,7,1,2,2,1,1,1,1,1,1,2,1,2,6,11,1,7, ?,2,2
1,39,F,4,2014,2,1,1,2,2,1,1,1,1,1,1,2,1,2,9,11,1,7, ?,2,2
5,45,G,3,2014,4,1,1,2,2,1,1,1,1,1,1,2,1,2,14,11,1,7, ?,2,2
5,45,F,3,2014,3,1,1,2,2,1,1,1,1,1,1,2,1,2,10,11,1,7, ?,2,2
3,38,F,3,2014,2,1,1,2,2,1,1,1,1,1,1,2,1,2,11,11,1,7, ?,2,2
1,37,G,4,2014,1,3,1,2,2,1,1,1,1,1,1,2,1,2,19,11,1,7,1,2,2
1,45,G,4,2014,4,1,1,2,2,1,1,1,1,1,1,2,1,2,14,11,1,7, ?,2,2
6,45,F,4,2014,4,1,1,2,2,1,1,1,1,1,1,2,1,2,9,11,1,7,35,2,2
6,38,F,4,2014,1,3,1,2,2,1,1,1,1,1,1,1,1,2,17,11,1,7, ?,2,2
1,38,F,4,2014,4,3,1,2,2,1,1,1,1,1,1,2,1,2,9,6,1,7,49,2,2
3,44,F,2,2014,3,1,1,2,2,1,1,1,1,1,1,2,1,2,14,11,1,7,22,2,2
12,51,F,4,2014,3,1,1,2,2,1,1,1,1,1,1,2,1,2,9,11,1,7, ?,2,2
3,40,F,3,2014,3,3,1,2,2,1,1,1,1,1,1,2,1,2,9,11,1,7, ?,2,2
5,46,F,4,2014,4,1,1,2,2,1,1,1,1,1,1,2,1,2,9,11,1,7, ?,2,2
1,46,F,1,2014,4,7,1,2,2,1,1,1,1,1,1,2,1,2,2,11,1,7, ?,2,2
1,46,F,4,2014,3,7,1,2,2,1,1,1,1,1,1,2,1,2,9,11,1,7, ?,2,2
6,46,F,5,2014,2,7,1,2,2,2,1,1,1,1,1,2,1,2,9,11,1,7, ?,2,2
6,46,F,5,2014,2,7,1,2,2,1,1,1,1,1,1,2,1,2,9,11,1,7,18,2,2
4,50,G,2,2014,3,7,1,2,2,1,1,1,1,1,1,2,1,2,4,11,1,7, ?,2,2
2,50,F,1,2014,4,7,1,2,2,1,1,1,1,1,1,2,1,2,9,11,1,7,22,2,2
2,50,F,4,2014,4,7,1,2,2,2,1,1,1,1,1,2,1,2,9,11,1,7, ?,2,2
2,50,F,5,2014,4,7,1,2,2,1,1,1,1,1,1,2,1,2,9,11,1,7, ?,2,2
6,40,F,5,2014,2,7,1,2,2,1,1,1,1,1,1,2,1,2,9,11,1,7, ?,2,2
1,49,F,5,2014,3,7,1,2,2,1,1,1,1,1,1,2,1,2,19,11,1,7, ?,2,2
2,47,F,6,2014,2,1,1,2,2,1,1,1,1,1,1,1,1,2,13,11,1,7,37,2,2
3,39,F,6,2014,1,1,1,2,2,1,1,1,1,1,1,2,1,2,9,11,1,7, ?,2,2
4,44,F,7,2014,4,1,1,2,2,1,1,1,1,1,1,1,1,2,14,11,1,7,22,2,2
7,37,F,7,2014,4,1,1,2,2,1,1,1,1,1,1,1,1,2,14,11,1,7,30,2,2
1,40,F,6,2014,3,1,1,2,2,1,1,1,1,1,1,1,1,2,9,11,1,7, ?,2,2
3,40,F,6,2014,3,7,1,2,2,1,1,1,1,1,1,1,1,2,9,11,1,7, ?,2,2
1,45,G,7,2014,3,1,1,2,2,1,1,1,1,1,1,1,1,2,14,11,1,7, ?,2,2
5,45,F,7,2014,4,1,1,2,2,1,1,1,1,1,1,1,1,2,19,11,1,7, ?,2,2
6,45,F,7,2014,2,1,1,2,2,1,2,1,1,1,1,2,1,2,7,11,1,7, ?,2,2
3,39,F,7,2014,3,1,1,2,2,1,1,1,1,1,1,1,1,2,9,11,1,7, ?,2,2
1,49,F,6,2014,3,7,1,2,2,1,1,1,1,1,1,2,1,2,9,11,1,7, ?,2,2
1,38,F,7,2014,2,1,1,2,2,1,1,1,1,1,1,1,1,2,9,6,1,7, ?,2,2
6,37,F,8,2014,2,7,1,2,2,1,1,1,1,1,1,2,1,2,14,11,1,7,42,2,2
9,47,F,7,2014,3,7,1,2,2,2,1,1,1,1,1,1,1,2,6,6,1,7,47,2,2
10,52,F,8,2014,3,1,2,2,1,1,1,1,1,1,1,2,1,2,19,11,1,7, ?,2,2
1,45,F,8,2014,3,1,1,2,2,1,1,1,1,1,1,1,1,2,14,11,1,7, ?,2,2
6,45,F,8,2014,4,1,1,2,2,1,1,1,1,1,1,1,1,2,9,11,1,7, ?,2,2
2,45,F,8,2014,4,1,1,2,2,1,1,1,1,1,1,1,1,2,9,11,1,7, ?,2,2
3,49,F,9,2014,3,7,1,2,2,1,1,1,1,1,1,2,1,2,9,11,1,7,29,2,2
1,45,F,8,2014,4,1,1,2,2,1,4,1,1,1,1,1,1,2,14,11,1,7, ?,2,2
5,45,F,9,2014,3,1,1,2,2,1,1,1,1,1,1,2,1,2,19,11,1,7, ?,2,2
6,45,F,9,2014,3,1,1,2,2,1,1,1,1,1,1,1,1,2,19,11,1,7, ?,2,2
2,45,F,9,2014,2,1,1,2,2,1,1,1,1,1,1,1,1,2,12,11,1,7, ?,2,2
5,45,F,10,2014,3,1,1,2,2,1,1,1,1,1,1,1,1,2,14,11,1,7, ?,2,2
6,45,G,10,2014,4,1,1,2,2,1,1,1,1,1,1,1,1,2,14,11,1,7,30,2,2
3,39,F,11,2014,4,7,1,2,2,1,1,1,1,1,1,1,1,2,13,11,1,7, ?,2,2
3,39,G,11,2014,3,1,1,2,2,1,1,1,1,1,1,1,1,2,9,11,1,7, ?,2,2
12,47,F,8,2014,4,1,1,2,2,1,1,1,1,1,1,1,1,2,9,11,1,7, ?,2,2
4,47,F,8,2014,4,1,1,2,2,1,1,1,1,1,1,1,1,2,4,11,1,7,24,2,2
4,47,F,8,2014,1,1,1,2,2,1,1,1,1,1,1,1,1,2,14,11,1,7,35,2,2
1,47,G,8,2014,4,1,1,2,2,1,1,1,1,1,1,1,1,2,14,11,1,7, ?,2,2
5,46,F,9,2014,2,1,1,2,2,1,1,1,1,1,1,1,1,2,13,11,1,7, ?,2,2
1,46,F,10,2014,2,7,1,2,2,1,1,1,1,1,1,1,1,2,14,11,1,7, ?,2,2
10,52,F,9,2014,4,7,1,2,2,1,1,1,1,1,1,1,1,2,14,11,1,7, ?,2,2
3,39,F,11,2014,3,1,1,2,2,1,1,1,1,1,1,1,1,2,13,5,1,7, ?,2,2
1,38,F,12,2014,3,7,1,2,2,1,1,1,1,1,1,1,1,2,9,11,1,7, ?,2,2
6,52,G,12,2014,2,1,1,2,2,1,1,1,1,1,1,1,1,2,12,11,1,7,32,2,2
1,40,F,10,2014,4,7,1,2,2,1,1,1,1,1,1,1,1,2,4,11,1,7,19,2,2
1,36,F,3,2014,4,3,1,2,2,1,4,1,1,1,1,1,1,2,9,11,1,7,30,2,2
1,40,F,12,2014,4,1,1,2,2,1,1,1,1,1,1,1,1,2,14,11,1,7,30,2,2
1,40,F,11,2014,2,3,1,2,2,1,1,1,1,1,1,1,1,2,4,6,1,7,27,2,2
1,40,S,11,2014,1,1,1,2,2,1,1,1,1,1,1,1,1,2,9,11,1,7,48,2,2
7,40,F,11,2014,2,1,1,2,2,1,1,1,1,1,1,1,1,2,14,11,1,7, ?,2,2
6,40,F,11,2014,3,1,1,2,2,1,1,1,1,1,1,1,1,2,6,11,1,7, ?,2,2
2,46,F,5,2014,1,7,1,1,2,1,1,2,1,1,1,1,1,2,8,11,1,7, ?,2,2
1,39,F,2,2014,2,1,1,2,2,1,1,1,1,1,1,1,1,1,8,6,1,7, ?,2,2
16,42,F,1,2014,1,3,4,2,1,1,2,1,1,1,1,2,1,1,9,5,1,1,35,2,2
33,42,F,1,2014,2,1,8,2,1,1,1,1,1,1,1,5,1,1,9,6,1,1,30,2,2
15,42,F,1,2014,1,5,4,2,1,1,3,1,1,1,1,5,1,1,14,6,1,1,40,1,2
29,42,S,1,2014,3,1,4,2,1,2,1,1,1,1,1,5,1,1,9,5,1,1,35,2,2
41,42,F,1,2014,1,2,1,2,1,1,3,1,1,1,1,3,1,1,13,11,1,1,35,1,2
41,42,S,1,2014,2,2,1,2,1,1,1,1,1,1,1,3,1,1,8,11,1,1,32,2,2
32,42,G,2,2014,3,7,4,2,1,1,1,1,5,1,1,2,1,1,9,6,1,1,40,2,2
33,42,F,2,2014,1,2,4,2,1,1,2,1,1,1,3,5,1,1,13,6,1,1,40,1,2
13,42,G,2,2014,3,7,8,1,2,1,1,1,1,1,1,5,1,1,9,6,1,1,35,2,2
25,42,F,2,2014,4,1,1,2,1,1,3,1,1,1,1,5,1,1,14,6,1,1,40,2,2
34,42,G,2,2014,4,1,1,2,1,1,3,1,1,1,1,5,1,1,14,6,1,1,35,1,2
28,42,F,3,2014,1,2,5,2,1,1,4,1,1,1,1,5,1,1,9,4,1,1,35,1,2
42,42,F,3,2014,2,3,1,2,1,1,2,1,1,1,1,5,1,1,8,11,1,1,34,2,2
10,42,M,3,2014,4,2,8,1,2,1,4,1,1,1,1,1,5,1,14,6,1,1,30,1,2
33,42,M,3,2014,2,7,4,2,1,1,1,1,1,1,1,5,1,1,19,6,1,1,30,1,2
34,42,G,4,2014,3,1,1,2,1,1,1,1,1,1,1,5,1,1,12,5,1,7,28,1,2
33,42,F,4,2014,1,7,4,2,1,1,3,1,1,1,1,1,1,1,12,6,1,1,40,1,2
37,42,M,3,2014,1,7,1,2,1,1,2,1,1,1,1,5,1,1,7,6,1,1,28,1,2
29,42,F,5,2014,4,1,4,1,2,1,2,1,1,1,1,5,1,1,10,6,1,1,30,2,2
42,42,G,5,2014,4,3,4,2,2,1,2,1,1,1,1,5,1,1,10,6,1,1,28,2,2
42,42,S,5,2014,2,2,5,2,2,1,2,1,1,1,1,5,1,1,9,6,1,1,40,2,2
16,42,G,5,2014,1,3,4,1,2,1,2,1,1,1,1,3,1,1,14,6,1,1,35,1,2
34,42,F,5,2014,1,1,1,1,2,2,1,1,1,1,1,1,2,1,6,5,1,3,25,1,2
9,42,F,2,2014,1,1,1,2,2,1,2,1,1,1,1,5,1,1,9,6,1,1,30,1,2
19,42,F,6,2014,2,1,1,2,2,1,1,1,1,1,1,5,1,1,14,6,1,1,50,2,2
32,42,M,5,2014,2,2,6,1,1,1,1,1,1,1,3,5,1,1,9,5,1,3,45,1,2
34,42,F,7,2014,1,3,4,2,1,1,1,1,1,1,1,5,1,1,13,6,1,1,35,2,2
10,42,S,7,2014,3,3,8,1,1,1,1,1,1,1,1,5,1,1,9,5,1,7,32,1,2
33,42,F,7,2014,2,7,1,2,1,1,1,1,1,1,1,1,1,1,19,6,1,1,40,2,2
13,42,F,6,2014,4,2,1,1,1,1,2,1,1,1,1,5,1,1,2,6,2,1,28,2,2
28,42,S,7,2014,2,1,4,1,2,1,1,1,2,1,1,5,1,1,9,6,1,1,30,2,2
13,42,M,6,2014,3,1,8,2,1,1,1,1,1,1,1,1,1,1,10,6,1,7,48,2,2
15,42,G,8,2014,2,1,4,2,1,1,1,1,1,1,1,5,1,1,10,5,1,1,28,2,1
46,42,F,8,2014,2,1,1,1,1,1,1,1,1,1,1,4,1,1,8,6,1,1,45,2,2
33,42,F,8,2014,4,1,4,2,1,1,3,4,1,1,1,5,1,1,13,5,1,1,35,2,2
33,42,F,7,2014,2,3,4,2,2,1,1,1,1,1,1,1,1,1,9,6,1,1,30,2,2
36,42,F,9,2014,2,4,1,2,1,1,1,1,1,1,1,5,1,1,16,6,1,1,30,2,2
16,42,F,9,2014,4,3,1,2,2,1,3,1,1,1,1,5,2,1,9,5,1,1,35,2,2
21,42,F,9,2014,1,3,1,2,2,1,2,1,1,1,2,3,1,1,14,5,1,1,40,1,2
1,42,F,9,2014,2,2,6,1,1,1,2,1,1,1,1,5,1,1,9,6,1,1,40,1,2
26,42,M,9,2014,4,1,4,1,1,1,2,1,1,1,1,5,1,1,7,6,1,1,30,2,2
15,42,F,9,2014,4,1,1,1,2,1,3,1,1,1,1,5,1,1,9,5,1,1,30,2,2
34,42,S,9,2014,2,1,1,2,1,1,1,1,1,1,1,5,1,1,9,7,1,1,28,1,2
10,42,S,9,2014,1,1,4,2,1,1,2,1,1,1,1,5,1,1,14,6,1,1,45,1,2
37,42,F,9,2014,3,1,1,2,1,1,1,1,1,1,1,5,1,1,9,4,1,1,30,1,2
37,42,G,9,2014,4,3,1,1,2,1,4,1,1,1,1,5,1,1,10,5,1,1,48,2,1
37,42,F,9,2014,4,4,4,1,1,1,3,1,1,1,1,5,1,1,14,6,1,1,30,1,2
32,42,G,10,2014,1,1,4,1,1,1,3,1,1,1,1,5,1,1,9,5,1,1,40,2,2
25,42,G,10,2014,2,3,4,2,2,1,1,1,1,1,1,3,1,1,6,2,1,7,30,2,2
24,42,F,10,2014,3,3,1,2,2,1,1,1,1,1,1,5,1,1,9,5,1,1,30,2,2
28,42,G,9,2014,2,1,1,1,1,1,2,1,1,1,1,5,1,1,8,5,1,1,30,2,2
44,42,F,10,2014,1,1,1,2,2,1,3,1,1,1,1,1,1,1,10,6,1,1,30,2,2
44,42,S,10,2014,1,2,4,2,2,1,2,1,1,1,1,1,1,1,9,2,1,1,40,1,2
22,42,F,10,2014,4,1,4,1,2,1,2,1,1,1,1,1,1,1,9,5,1,1,35,2,2
18,42,F,7,2014,2,1,1,2,2,1,1,1,1,1,1,5,1,1,6,6,1,1,33,1,2
12,42,G,11,2014,2,1,4,2,1,1,2,1,1,1,1,5,1,1,9,5,1,1,40,2,2
40,42,F,1,2014,2,1,4,2,1,1,1,1,1,1,1,5,1,1,9,6,1,1,40,2,2
40,42,F,6,2014,1,1,4,2,1,1,3,1,1,1,1,5,1,1,14,6,1,1,40,1,2
40,42,F,3,2014,2,1,4,2,1,1,1,1,1,1,1,5,1,1,9,6,1,1,40,2,2
14,42,F,11,2014,1,1,4,1,2,1,2,1,1,1,1,1,1,1,12,6,1,1,30,2,2
1,42,F,11,2014,4,1,4,1,2,1,2,2,1,1,1,5,1,1,8,1,1,1,38,2,2
33,42,F,12,2014,3,1,4,1,1,1,1,1,1,1,1,1,1,1,8,6,1,3,35,2,2
33,42,F,12,2014,2,1,4,1,2,1,1,1,1,1,3,1,1,1,9,5,1,1,40,2,2
36,42,G,12,2014,2,1,4,2,1,1,1,1,1,1,1,5,1,1,8,7,1,1,34,2,2
36,42,G,12,2014,2,1,4,2,1,1,1,1,1,1,1,5,1,1,8,6,1,1,40,2,2
10,42,S,11,2014,1,2,4,1,1,1,3,1,1,1,1,5,1,1,10,6,1,1,28,2,2
48,42,M,1,2014,2,1,4,2,1,1,2,1,1,1,1,5,1,1,10,6,1,1,40,2,1
1,42,F,9,2014,2,2,6,1,1,1,3,1,1,1,1,5,1,1,8,1,?,?,35,2,2
39,42,F,1,2014,2,1,4,2,1,1,1,1,1,1,1,5,1,1,9,6,1,1,40,2,2
39,42,F,3,2014,2,1,4,2,1,1,1,1,1,1,1,5,1,1,9,6,1,1,40,2,2
3,24,F,1,2014,2,1,1,2,2,1,1,1,1,1,1,1,1,1,9,6,2,7, ?,1,2
3,21,F,5,2014,2,1,1,2,2,1,2,1,1,1,1,2,1,2,9,6,1,1, ?,2,2
3,21,F,2,2014,3,1,1,2,2,1,1,1,1,1,1,1,1,1,9,6,1,1,28,2,2
1,29,F,2,2014,2,1,1,2,2,1,1,1,1,1,1,1,1,1,14,5,1,1, ?,2,2
4,29,F,1,2014,2,1,1,2,2,1,1,1,1,1,1,1,1,1,9,6,1,1, ?,2,2
1,19,F,4,2014,2,1,1,2,2,1,1,1,1,1,1,2,1,1,14,6,1,1, ?,2,2
1,18,F,2,2014,4,1,1,2,2,1,1,1,1,1,1,5,1,2,14,6,1,1, ?,2,2
1,18,F,4,2014,4,1,1,2,2,1,2,1,1,1,1,5,1,1,14,6,1,1,40,2,2
2,18,F,4,2014,3,1,1,2,2,1,1,1,1,1,1,1,1,1,14,6,1,2, ?,2,2
3,18,F,2,2014,3,1,1,2,2,1,1,1,1,1,1,4,4,2,14,6,1,1,46,2,2
5,18,F,1,2014,3,1,1,2,2,1,1,1,1,1,1,1,1,1,17,6,2,1, ?,2,2
2,18,F,6,2014,3,1,1,2,2,1,1,1,1,1,1,3,1,2,19,6,2,7, ?,2,2
5,18,F,3,2014,1,1,2,2,1,1,1,1,1,1,1,2,1,2,14,6,1,1, ?,2,2
5,18,F,5,2014,3,1,1,2,2,1,1,1,1,1,1,2,1,2,4,6,1,1,38,2,2
3,20,S,6,2014,3,1,1,2,2,1,1,1,1,1,1,2,3,2,6,2,1,1,30,2,2
4,20,F,2,2014,3,2,1,2,2,1,2,1,1,1,1,3,1,2,14,6,2,1, ?,2,2
4,20,F,6,2014,1,1,1,2,2,1,2,2,1,1,1,3,1,2,4,6,1,1,52,1,2
1,21,F,6,2014,2,3,1,2,2,1,1,2,1,1,1,1,1,1,9,6,1,1, ?,2,2
1,24,F,11,2014,2,1,7,2,2,1,1,1,1,1,1,1,1,2,5,6,1,1, ?,2,2
1,24,F,11,2014,3,1,1,2,2,1,2,1,1,1,1,1,1,1,12,6,1,1,30,2,2
8,26,G,9,2014,2,1,1,2,2,1,1,1,1,1,1,2,1,2,17,5,2,1,22,2,2
1,19,F,12,2014,1,1,1,2,2,1,2,1,1,1,1,5,1,1,14,6,1,1,40,2,2
2,19,F,7,2014,3,1,1,2,2,1,1,1,1,1,1,2,?,?,14,6,2,1,32,2,2
1,24,F,12,2014,3,1,7,2,2,1,1,1,1,1,1,1,1,2,9,6,1,1,24,2,2
2,24,F,6,2014,2,3,1,2,2,1,1,1,1,1,1,1,1,1,14,6,1,1, ?,2,2
3,29,F,10,2014,3,1,1,2,2,1,1,1,1,1,1,2,1,2,12,6,1,1, ?,2,2
7,29,F,7,2014,4,7,1,2,2,1,2,1,1,1,1,3,3,2,9,6,1,1,30,2,2
8,24,F,12,2014,2,1,1,2,2,1,1,1,1,1,1,2,1,2,9,6,1,1,40,2,2
1,23,G,6,2014,4,3,1,2,2,1,2,2,1,1,1,5,1,1,4,1,1,1, ?,2,1
3,23,F,6,2014,1,7,1,2,2,1,1,1,1,1,1,3,1,2,14,6,1,7, ?,2,2
1,21,G,12,2014,2,3,1,2,2,1,1,1,1,2,2,5,1,1,12,6,1,1,46,2,2
3,21,F,10,2014,3,1,1,2,2,1,1,1,1,1,1,4,1,2,9,6,2,1, ?,2,2
4,21,G,11,2014,2,2,1,2,2,1,1,1,1,1,1,4,1,1,14,6,1,7,35,2,2
6,21,F,12,2014,1,1,1,2,1,1,1,1,1,1,1,1,1,2,13,5,2,1, ?,2,2
1,18,F,12,2014,4,1,1,2,2,1,2,1,1,1,1,3,1,2,19,6,2,3,19,2,2
3,25,S,6,2014,1,1,1,2,2,1,1,1,1,1,1,4,1,2,13,11,1,1, ?,2,2
1,25,F,1,2014,4,1,1,2,2,1,2,1,1,1,1,2,1,2,9,6,1,1, ?,2,2
1,25,F,3,2014,4,1,1,2,2,1,2,1,1,1,1,4,1,2,7,6,1,1, ?,2,2
1,25,G,4,2014,2,1,1,2,2,1,1,1,1,1,1,2,1,2,9,5,1,1, ?,2,2
7,18,F,7,2014,2,1,1,2,2,2,1,1,2,1,2,1,1,2,9,6,1,1, ?,2,2
1,29,F,2,2014,3,4,1,2,2,1,1,1,1,1,1,2,1,2,14,6,2,1, ?,2,2
3,20,S,12,2014,2,1,1,2,2,1,1,1,1,1,1,4,1,2,14,6,1,1,45,2,2
5,18,F,2,2014,3,1,2,1,1,1,2,2,1,1,1,1,1,1,14,6,2,1, ?,2,2
3,21,F,11,2014,3,7,1,2,2,1,1,4,1,1,1,1,1,1,14,5,2,7,42,2,2
2,24,G,11,2014,3,3,1,2,1,1,1,1,1,1,1,1,1,2,11,5,1,1, ?,1,2
1,24,F,12,2014,2,3,7,2,2,1,1,1,1,1,1,1,1,2,14,6,1,1,40,2,2
3,24,F,3,2014,3,1,1,1,2,1,1,1,1,1,2,3,1,2,19,5,1,7, ?,1,2
7,24,F,5,2014,3,1,1,1,2,1,1,1,1,1,1,1,1,1,9,5,1,1, ?,2,2
8,24,F,10,2014,3,1,1,2,2,1,1,1,1,1,1,2,1,2,14,6,1,1, ?,2,2
3,25,G,8,2014,2,1,1,2,2,1,1,1,1,1,1,4,1,2,14,5,1,1, ?,2,2
4,28,G,11,2014,4,1,8,2,2,1,3,1,1,1,1,5,1,1,7,11,1,1, ?,1,2
6,28,F,5,2014,4,7,1,2,2,1,3,1,1,1,1,5,1,2,14,11,1,7, ?,1,2
5,13,F,1,2014,1,1,1,1,2,1,2,1,1,1,1,1,1,2,14,6,1,1,38,2,2
1,13,F,1,2014,1,1,1,1,2,4,1,1,1,1,2,1,2,?,13,1,1,1, ?,1,2
7,13,S,2,2014,4,1,1,2,2,1,4,1,1,1,1,1,2,?,9,1,1,1,35,2,1
1,13,S,3,2014,1,3,1,1,2,1,1,2,1,1,1,2,1,2,13,1,1,1, ?,?,2
5,13,F,4,2014,3,2,1,2,2,1,1,1,1,1,1,1,1,2,9,6,1,1,40,2,2
8,13,F,5,2014,4,1,1,2,2,1,2,1,1,1,1,1,1,1,14,6,1,1, ?,1,2
4,13,G,7,2014,2,1,1,2,2,1,1,1,1,1,1,1,4,2,4,4,1,1, ?,?,?
8,13,M,9,2014,1,1,1,2,2,2,1,1,2,1,1,1,1,1,10,6,1,1,25,2,2
8,13,S,10,2014,1,1,1,2,2,1,1,1,1,1,1,1,1,2,9,6,1,1,30,2,1
5,12,G,1,2014,2,1,1,2,2,1,1,1,1,1,1,1,1,2,14,6,1,1, ?,2,1
1,12,F,1,2014,3,1,1,2,2,1,1,1,1,1,1,1,1,1,16,1,1,1, ?,1,2
5,12,F,3,2014,2,1,1,2,2,1,1,1,1,1,1,1,1,2,14,6,1,1,40,2,2
1,12,F,5,2014,2,1,1,2,2,1,1,1,1,1,1,1,1,1,14,6,1,1,30,2,2
1,12,F,6,2014,3,1,1,2,2,1,3,5,1,1,2,4,1,2,14,6,1,1,30,2,2
5,12,F,7,2014,2,1,1,2,2,1,1,1,1,1,1,1,1,2,14,6,1,1, ?,2,2
9,11,G,3,2014,4,1,1,2,2,1,2,2,1,1,2,2,1,2,4,6,1,1,36,2,1
4,11,S,4,2014,3,2,1,2,1,1,1,1,1,2,1,2,1,1,12,6,1,1, ?,2,2
8,11,G,2,2014,4,1,1,2,2,1,1,1,1,1,1,1,1,2,19,6,1,1, ?,2,2
5,11,F,8,2014,3,1,1,1,1,1,1,1,1,1,1,1,1,2,14,6,1,1,40,2,2