Thana,District,Accident_Severity,Month,Year,Time,Junction_Type,Traffic_Control,Movement,Divider,Weather,Light,Road_Geometry,Surface_Condition,Surface_Type,Surface_Quality,Road_Class,Road_Feature,Location_Type,Vehicle_Type,Vehicle_Movement,Vehicle_Loading,Vehicle_Defect,Vehicle_Driver_Age,Vehicle_Alcohol,Vehicle_Seat_Belt
4,28,F,2,2014,3,7,8,2,2,1,1,1,1,1,1,5,1,1,4,6,1,7,28,1,2
3,8,M,1,2014,4,3,1,2,1,1,4,1,1,1,1,1,1,2,9,6,1,1, ?,2,2
3,8,F,5,2014,2,1,1,2,2,1,1,1,1,1,1,1,1,2,9,5,1,1, ?,2,2
3,8,S,6,2014,1,1,1,2,1,1,2,1,1,1,1,1,1,1,14,10,1,1, ?,2,2
1,1,F,7,2014,3,1,1,2,2,1,1,1,1,1,1,1,1,1,8,6,1,1,41,2,2
1,70,F,1,2014,1,2,8,2,2,1,3,1,1,1,1,5,1,1,14,4,1,1,38,1,2
1,70,G,2,2014,4,1,1,2,2,1,3,3,1,1,1,5,1,1,10,6,1,7,27,2,2
2,56,G,7,2014,2,3,1,2,2,1,2,2,1,1,2,3,1,2,14,1,1,1,32,2,2
2,70,G,7,2014,2,3,1,2,2,1,2,2,1,1,2,5,1,2,14,1,1,1,32,2,2
4,70,F,4,2014,3,1,1,2,2,1,1,1,1,1,1,5,2,1,9,11,1,7,42,2,2
4,56,F,3,2014,2,1,1,2,2,1,2,1,1,1,1,1,1,2,10,5,1,1,25,2,2
4,70,F,2,2014,3,1,1,2,2,1,1,1,1,1,1,5,1,1,14,11,1,7,38,2,2
5,56,F,12,2014,4,1,1,2,2,4,1,1,1,1,1,1,1,1,13,11,1,1,35,2,2
6,70,F,6,2014,3,1,8,2,2,1,1,1,1,1,2,5,1,2,19,6,1,7,35,2,2
6,70,F,7,2014,2,1,1,1,2,1,1,1,1,1,1,5,2,2,9,6,1,7,43,2,2
6,56,F,7,2014,4,7,1,1,2,1,1,1,1,1,1,1,1,2,7,6,1,1,27,2,2
6,56,F,10,2014,3,3,4,2,2,1,1,1,1,1,1,1,1,2,9,6,1,5,45,2,1
6,70,F,11,2014,2,3,4,2,2,1,4,1,1,1,1,5,1,2,14,6,1,7,28,2,1
6,70,F,12,2014,2,7,1,2,2,1,1,1,1,1,1,5,1,2,8,5,1,1,30,2,2
5,70,F,12,2014,1,1,1,2,2,4,2,1,1,1,1,5,1,1,13,11,1,1,35,2,2
6,70,F,7,2014,3,7,1,1,2,1,1,1,1,1,1,5,1,2,7,6,1,1,27,2,2
6,70,F,10,2014,2,3,4,2,2,1,1,1,1,1,1,1,1,2,9,6,1,5,45,2,1
3,56,F,3,2014,4,7,1,2,2,1,1,1,1,1,1,1,1,2,7,2,1,5,27,2,2
2,27,G,1,2014,2,1,8,2,2,1,4,2,1,1,1,1,1,2,14,6,1,7,30,2,2
3,32,F,6,2014,1,1,2,2,2,1,4,1,1,1,1,2,1,2,9,6,1,1, ?,2,2
11,54,F,11,2014,4,2,1,1,2,1,1,1,1,1,1,1,1,2,14,6,1,1,40,2,2
4,55,M,3,2014,4,7,8,2,2,1,1,1,1,1,1,5,1,2,7,6,1,7,25,2,2
3,56,F,5,2014,4,7,1,2,1,1,1,1,1,1,1,1,2,1,13,2,1,7,28,2,2
7,56,F,5,2014,4,7,1,2,2,1,1,1,1,1,1,1,1,2,19,11,1,7,40,2,2
3,56,F,10,2014,3,7,1,2,2,1,1,1,1,1,1,1,1,2,19,11,2,7,30,2,2
11,54,F,12,2014,4,7,1,2,1,1,1,1,1,1,1,2,1,2,9,11,1,1,40,2,2
1,55,F,3,2014,4,3,1,1,2,1,1,1,1,1,1,1,1,1,9,6,2,1,30,2,2
7,56,F,5,2014,4,7,1,2,2,1,1,1,1,1,1,1,1,2,7,11,1,7,25,2,2
3,56,F,5,2014,4,7,1,2,2,1,2,1,1,1,1,1,1,2,7,7,1,7,35,2,2
3,56,F,8,2014,4,7,1,2,2,1,1,1,1,1,1,1,1,2,9,6,1,7,32,2,2
1,55,F,2,2014,3,2,8,2,2,1,1,1,1,1,1,1,1,2,14,6,1,1,32,2,2
11,54,F,1,2014,4,3,1,2,1,1,1,1,1,1,1,1,2,1,12,6,1,1,1,2,2
1,54,F,1,2014,1,1,1,2,1,1,2,1,1,1,1,1,2,1,9,2,1,1,0,2,2
11,54,G,10,2014,3,7,2,1,2,1,2,1,1,1,1,1,1,2,12,6,1,7,24,2,2
9,54,F,10,2014,4,7,1,2,2,1,2,1,1,1,1,1,1,2,8,6,1,1,35,2,2
6,55,F,5,2014,3,7,8,2,2,1,1,1,1,1,1,4,1,2,14,6,1,1,32,2,2
6,55,F,10,2014,4,7,8,2,2,1,1,1,1,1,1,1,1,2,14,6,1,1,30,2,2
8,56,F,6,2014,4,7,1,2,2,1,2,1,1,1,1,1,1,2,14,6,1,1,40,2,2
9,56,F,6,2014,2,7,1,2,2,1,1,1,1,1,1,1,1,2,10,6,1,7,25,2,2
3,56,F,7,2014,3,7,1,2,2,1,1,1,1,1,1,1,1,2,14,2,1,7,25,2,2
3,56,F,7,2014,4,7,1,2,2,1,2,1,1,1,1,1,1,2,14,2,1,7,14,2,2
9,56,F,8,2014,4,7,1,2,2,1,1,1,1,1,1,1,1,2,15,6,1,1,35,2,2
9,56,G,8,2014,4,7,1,2,2,1,1,1,1,1,1,1,1,2,14,5,1,7,26,2,2
6,56,F,8,2014,2,7,1,1,2,1,2,1,1,1,1,1,1,2,8,2,2,7,25,2,2
7,56,F,10,2014,3,7,1,2,2,1,4,1,1,1,1,1,1,2,14,6,1,7,40,2,2
3,56,F,11,2014,4,4,1,2,2,1,1,2,1,1,1,1,1,2,13,1,1,7,29,2,2
3,56,F,11,2014,4,7,1,2,2,1,4,1,1,1,1,1,1,2,14,6,1,7,44,2,2
10,34,F,6,2014,2,1,1,2,2,1,4,2,1,1,1,1,1,2,6,1,1,5,45,2,2
4,34,F,11,2014,2,1,1,2,2,1,1,1,1,1,1,3,1,2,9,5,1,1, ?,1,2
1,40,F,6,2014,4,7,1,2,2,1,1,1,1,1,1,1,1,2,4,11,1,7,25,2,2
3,14,F,12,2014,3,1,2,2,2,1,1,1,1,1,1,5,1,2,9,2,1,7,43,2,2
4,14,F,4,2014,4,1,1,2,2,1,2,1,1,1,1,5,1,2,14,4,1,7, ?,2,2
3,14,F,12,2014,3,7,8,2,2,1,1,1,1,1,1,5,1,1,14,4,1,7, ?,2,2
1,56,F,2,2014,4,1,1,2,2,1,2,1,1,1,1,1,1,2,9,5,1,2,35,2,2
7,56,F,3,2014,4,7,1,2,2,1,1,1,1,1,1,1,1,2,14,11,1,7,25,2,2
8,56,F,3,2014,3,3,1,1,2,1,1,1,1,1,1,1,1,2,10,6,1,1,30,2,2
2,56,F,3,2014,4,7,1,2,2,1,1,1,1,1,1,2,1,2,11,6,1,6,25,2,2
7,56,F,11,2014,3,7,1,2,2,1,4,1,1,1,1,1,1,2,14,2,1,7,29,2,2
6,56,F,1,2014,2,1,4,2,2,1,1,1,1,1,1,2,1,2,19,6,1,1,30,2,2
7,54,F,3,2014,3,2,8,2,2,1,1,1,1,1,1,1,1,2,14,6,1,1,30,2,2
11,54,F,4,2014,4,2,1,2,2,1,2,1,1,1,1,1,2,1,14,2,1,7,37,2,2
11,54,F,4,2014,1,2,1,2,2,1,1,1,1,1,1,1,1,1,14,2,1,7,30,2,2
8,54,F,7,2014,2,2,8,1,1,1,2,1,1,1,1,1,1,2,14,6,1,1,39,2,2
4,28,F,9,2014,4,1,8,2,1,1,2,1,1,1,1,5,1,1,5,2,1,1, ?,1,2
6,28,G,7,2014,3,2,8,2,2,2,1,2,1,1,1,5,2,1,13,6,1,7,38,1,2
8,28,F,1,2014,4,2,8,2,2,1,3,1,1,1,1,1,1,1,9,11,1,1, ?,2,2
1,28,F,1,2014,1,2,8,2,2,1,3,1,1,1,1,5,1,1,9,11,1,1, ?,2,2
7,60,F,10,2014,4,7,1,2,2,1,2,1,1,1,1,2,1,2,9,11,1,1, ?,2,?
4,69,G,1,2014,4,1,1,1,2,1,1,1,1,1,1,1,1,2,9,5,2,1, ?,1,2
6,27,G,7,2015,4,1,1,2,2,1,2,2,2,1,1,4,1,2,13,2,1,1, ?,1,2
10,34,F,4,2015,3,1,1,1,2,1,1,1,1,1,1,1,1,2,9,6,1,7, ?,1,2
1,31,F,10,2015,2,7,1,2,2,1,1,1,1,1,1,3,1,1,9,6,1,1,30,2,2
6,30,F,2,2015,2,7,8,2,2,1,1,2,1,1,1,4,?,?,14,1,1,1,42,1,2
5,31,F,11,2015,2,1,1,1,2,1,1,1,2,1,2,3,1,2,9,6,1,1, ?,2,2
2,1,F,8,2015,2,1,1,1,2,1,1,1,1,1,1,4,1,1,17,6,1,7,22,1,2
3,33,F,4,2015,3,1,1,2,1,1,2,1,1,1,1,4,1,2,14,4,1,7, ?,1,2
2,30,F,5,2015,2,3,1,2,2,1,1,2,1,1,1,4,1,2,9,5,1,1,40,2,2
2,31,F,5,2015,4,7,1,1,2,1,2,1,1,1,1,2,1,2,9,6,1,7, ?,2,2
6,31,F,8,2015,4,1,1,1,2,2,2,1,2,1,1,4,1,2,9,6,1,7, ?,1,2
2,33,F,10,2015,4,7,1,2,1,1,1,1,1,1,1,2,1,2,9,6,2,7, ?,1,2
1,27,G,9,2015,3,1,1,2,2,1,1,1,1,1,1,3,1,2,9,6,1,1, ?,2,2
10,34,F,11,2015,3,7,8,2,2,1,2,1,1,1,1,1,1,2,12,6,1,1,45,2,2
10,34,G,9,2015,3,7,8,1,2,1,2,1,1,1,1,1,1,2,14,11,1,1,50,2,2
4,34,F,10,2015,3,1,1,1,2,4,1,4,1,1,1,4,?,2,19,5,2,1, ?,2,?
4,34,F,11,2015,2,3,1,1,2,4,1,1,1,1,2,1,1,2,9,5,1,1, ?,2,2
6,34,F,8,2015,2,1,1,1,2,1,1,1,1,1,1,1,1,1,2,6,1,4,40,2,2
10,34,F,8,2015,3,1,1,1,2,1,4,1,1,1,1,1,1,2,19,6,2,1, ?,2,2
9,34,F,11,2015,4,7,1,2,2,1,2,2,1,1,1,3,?,?,4,1,1,1,25,2,2
5,34,G,12,2015,4,1,1,2,2,1,1,1,1,1,1,1,?,?,9,6,1,1, ?,2,2
3,32,F,8,2015,2,7,1,1,2,1,1,1,1,1,1,2,1,2,12,6,1,1, ?,2,2
1,30,F,6,2015,3,1,1,2,2,1,1,3,1,1,1,1,1,2,8,5,1,1,40,2,2
6,30,F,9,2015,4,1,1,2,2,1,2,1,1,1,1,2,1,2,9,6,1,1,35,2,2
5,30,F,12,2015,4,1,1,2,1,1,2,1,1,1,1,2,1,2,10,5,1,3,30,1,2
4,31,F,11,2015,2,1,1,1,1,1,1,1,2,2,3,3,2,?,2,6,1,1, ?,2,2
4,33,F,8,2015,2,1,1,2,2,1,1,1,1,1,1,4,1,1,17,6,1,7,22,1,2
2,27,F,9,2015,2,7,1,2,2,1,1,1,1,1,1,4,1,2,12,11,1,1, ?,1,2
3,27,F,8,2015,3,7,1,1,2,1,1,2,1,1,1,4,1,2,8,6,1,?, ?,2,2
4,32,F,2,2015,3,7,1,2,2,1,1,1,1,1,1,2,1,1,14,6,1,1, ?,2,2
2,30,F,2,2015,2,1,1,2,2,4,2,1,1,1,1,4,1,2,17,6,1,1, ?,2,2
6,34,G,4,2015,2,1,1,2,1,1,1,1,1,1,1,1,1,2,4,6,?,?,22,1,2
6,34,F,7,2015,3,1,1,2,2,2,1,1,2,1,1,1,1,2,9,6,1,1, ?,2,2
1,30,F,9,2015,2,1,3,1,2,1,2,1,1,1,1,1,1,1,8,6,1,1,35,2,2
1,64,S,8,2015,3,7,1,2,1,1,1,1,1,1,1,5,1,1,10,6,1,1, ?,2,2
5,64,F,4,2015,2,7,4,2,1,1,1,1,1,1,1,5,1,1,8,6,1,1,4,1,2
5,64,F,8,2015,3,1,4,2,1,1,1,1,5,1,1,5,1,?,9,5,1,1, ?,1,2
5,64,M,9,2015,3,1,4,2,1,1,1,1,1,1,1,5,1,1,10,6,1,1, ?,2,2
5,64,F,10,2015,3,2,4,2,2,1,1,1,1,1,1,5,1,1,14,6,1,1, ?,1,2
5,64,G,12,2015,2,3,8,2,1,1,1,1,1,1,1,5,1,1,8,6,1,1, ?,2,2
9,64,G,4,2015,1,1,1,2,2,1,2,1,1,1,1,1,1,1,14,6,1,1,33,1,?
11,64,G,8,2015,3,7,4,2,2,1,1,1,1,1,1,5,1,1,10,6,1,1,18,2,2
11,64,F,9,2015,1,1,2,1,1,1,1,1,1,1,1,5,1,1,19,6,1,1, ?,2,2
11,64,G,10,2015,2,7,1,2,2,1,1,3,1,1,1,5,4,1,7,11,1,1,35,2,2
10,64,F,8,2015,4,2,4,1,1,1,3,1,1,1,1,5,1,1,4,6,1,1, ?,?,?
10,64,F,8,2015,4,2,4,2,?,1,3,1,1,1,1,5,1,1,14,6,1,3, ?,1,2
2,64,F,6,2015,3,7,4,2,1,1,1,1,1,1,2,5,1,1,15,6,1,1, ?,1,2
2,64,F,6,2015,1,2,1,1,1,1,1,1,1,1,1,5,1,1,15,6,1,1, ?,1,2
13,64,G,1,2015,4,7,1,2,2,1,3,1,1,1,1,5,1,1,8,11,1,1, ?,?,2
13,64,F,3,2015,2,2,4,2,1,1,2,1,1,1,1,5,1,1,16,6,2,7, ?,1,2
14,64,F,1,2015,2,1,1,2,1,1,1,1,1,1,1,5,1,1,9,5,1,1, ?,2,2
14,64,F,2,2015,3,3,1,2,1,1,3,1,1,1,1,1,1,1,14,5,1,1, ?,1,2
14,64,F,3,2015,3,1,4,2,1,1,1,1,1,1,1,5,1,1,14,5,1,1,30,1,2
14,64,G,3,2015,1,1,1,2,1,1,2,1,1,1,1,5,1,1,8,2,1,3,22,2,2
14,64,F,10,2015,2,4,1,2,1,1,2,2,1,1,1,5,1,1,14,5,1,1, ?,1,2
7,59,F,1,2015,2,7,8,2,1,1,1,2,1,1,1,2,1,2,14,5,?,?,30,2,2
2,59,F,1,2015,3,3,1,2,2,1,1,2,1,1,1,2,1,2,5,6,?,?, ?,?,2
4,59,F,2,2015,4,1,8,2,2,1,4,1,1,1,1,2,1,2,5,6,?,1,25,2,2
2,59,F,5,2015,3,3,8,2,2,1,1,1,1,1,1,2,1,2,19,5,1,?,29,2,2
2,59,F,5,2015,2,3,8,2,2,1,2,2,1,1,1,2,1,2,4,5,1,?,40,2,2
4,59,F,6,2015,3,1,?,1,1,1,1,1,1,1,1,1,1,2,9,6,?,?, ?,?,?
2,59,F,6,2015,3,7,1,2,2,2,1,1,2,1,1,2,1,2,5,4,1,7, ?,1,2
4,59,G,7,2015,1,1,1,1,2,1,3,1,1,1,1,2,1,2,10,7,?,?, ?,?,2
4,59,F,7,2015,4,1,1,2,2,1,2,1,1,1,1,2,1,2,14,4,?,?,50,2,2
4,59,S,7,2015,4,1,1,2,2,1,3,1,1,1,1,4,1,2,5,6,?,?, ?,?,?
6,59,G,7,2015,2,7,1,?,?,1,1,1,1,1,1,4,1,2,17,5,?,?,22,?,?
2,59,G,8,2015,3,2,7,2,2,1,1,1,1,1,1,1,1,2,5,7,?,?, ?,?,?
4,59,F,9,2015,1,1,1,2,2,1,3,1,1,1,1,2,1,1,14,7,?,?, ?,?,?
3,59,G,9,2015,3,1,8,2,2,1,2,3,1,1,2,3,5,2,6,11,1,7, ?,1,?
14,63,F,8,2015,4,3,?,1,1,1,4,4,1,1,1,1,1,1,14,5,1,1,55,?,2
14,63,F,5,2015,2,1,?,1,1,1,1,1,1,1,1,1,1,2,14,11,1,?, ?,?,2
14,63,S,11,2015,4,7,1,2,2,4,4,4,2,1,3,1,2,1,9,6,2,1, ?,?,2
14,63,F,10,2015,2,2,1,2,2,4,1,2,5,1,3,1,1,1,9,6,2,1,28,?,?
6,63,F,10,2015,1,7,1,2,2,1,4,1,1,1,1,2,1,2,9,6,1,?,43,2,2
5,63,G,5,2015,3,1,1,2,2,1,1,1,1,1,1,1,1,2,12,5,?,1, ?,2,2
5,63,F,8,2015,2,7,1,2,2,1,1,1,1,1,1,1,1,2,9,4,1,1, ?,2,2
15,63,S,5,2015,2,1,1,2,2,1,1,2,1,1,1,2,1,2,13,11,1,1,32,2,2
1,63,F,10,2015,2,7,1,2,2,1,1,1,1,1,1,4,1,2,5,6,?,?,25,2,2
13,63,F,10,2015,2,1,2,2,2,1,1,1,1,1,1,3,1,2,9,11,?,7, ?,?,?
7,65,F,1,2015,3,1,1,2,2,1,2,2,1,1,1,1,1,2,12,6,?,?, ?,?,?
2,65,F,1,2015,2,3,1,2,2,3,1,1,2,1,1,1,1,2,9,11,1,?, ?,1,2
2,65,F,1,2015,3,1,1,2,2,1,1,1,1,1,1,1,1,2,13,6,1,?, ?,1,2
2,65,G,1,2015,3,1,1,2,2,1,1,2,1,1,1,1,1,2,19,6,?,?,20,2,2
5,65,F,5,2015,2,7,1,2,2,2,1,2,2,1,1,1,1,2,9,11,1,1, ?,1,2
6,65,F,7,2015,3,7,8,2,2,1,1,1,1,1,1,1,1,2,7,6,?,?, ?,?,?
6,65,F,7,2015,3,7,1,2,2,1,1,1,1,1,1,1,1,2,9,6,?,?, ?,?,?
6,65,G,11,2015,3,7,7,2,2,1,1,3,1,1,2,1,1,2,15,6,?,?, ?,?,?
7,65,F,1,2015,3,1,1,2,2,1,2,2,1,1,1,1,1,2,12,6,?,?, ?,?,?
7,65,S,12,2015,3,7,8,2,2,2,1,1,2,1,2,4,1,2,8,6,?,7, ?,2,2
1,65,G,5,2015,3,3,1,2,2,1,1,1,1,1,1,1,1,2,13,6,1,1, ?,1,2
1,65,F,10,2015,1,7,1,2,2,1,4,1,1,1,1,1,1,1,9,2,?,?, ?,2,2
1,58,F,8,2015,3,1,8,2,2,1,1,1,1,1,3,1,1,1,9,7,1,1, ?,2,2
1,58,F,7,2015,2,1,8,2,2,1,1,1,?,?,3,1,1,2,9,6,1,1,40,2,2
13,58,F,6,2015,4,1,1,2,2,1,4,1,1,1,1,1,1,2,9,6,1,1, ?,2,2
13,58,F,2,2015,2,7,8,2,2,1,1,1,1,1,1,1,1,1,14,6,?,?, ?,1,2
13,58,F,2,2015,3,7,8,2,2,1,1,1,1,1,1,2,1,1,19,6,?,?, ?,1,?
7,58,F,7,2015,3,1,1,2,2,1,1,1,1,1,1,1,1,2,14,11,1,7,60,?,2
7,58,F,1,2015,4,1,1,1,?,1,2,1,1,1,1,1,1,2,14,6,1,1,29,2,2
7,58,M,2,2015,?,2,1,1,1,1,1,1,1,1,1,1,1,1,19,6,?,?, ?,?,?
7,58,F,4,2015,3,3,1,1,1,1,1,1,1,1,1,3,1,1,7,1,1,1, ?,2,1
7,58,F,6,2015,1,1,1,1,?,1,2,1,1,1,1,1,1,2,14,8,1,1, ?,2,2
7,58,F,6,2015,1,2,1,2,1,1,1,1,1,1,1,4,1,2,14,10,?,6, ?,?,?
7,58,F,7,2015,3,2,1,1,1,1,1,1,1,1,1,1,1,2,14,11,2,1, ?,2,2
6,58,F,9,2015,1,1,1,2,2,1,4,1,1,1,1,1,1,2,14,11,1,7, ?,1,2
15,58,F,5,2015,1,7,8,2,2,2,1,?,2,1,1,1,1,2,5,6,?,?, ?,?,?
15,58,F,3,2015,4,7,?,1,2,1,2,1,1,1,1,2,1,2,17,6,?,?, ?,?,?
2,58,F,6,2015,1,1,1,2,2,1,2,1,1,1,1,1,1,2,16,6,1,1, ?,2,2
1,58,F,10,2015,3,1,1,2,1,1,1,1,1,1,1,1,1,2,9,6,1,1, ?,2,2
1,58,F,11,2015,3,1,1,2,2,1,1,1,1,1,1,1,1,2,14,6,1,1, ?,2,2
2,58,F,1,2015,1,1,?,2,2,1,4,1,1,1,1,1,1,2,14,6,?,?, ?,?,?
2,58,F,6,2015,2,1,8,2,2,1,1,1,1,1,1,1,1,2,9,7,1,1, ?,2,2
2,58,F,9,2015,2,1,1,2,2,1,1,1,1,1,1,1,1,2,7,8,1,1, ?,2,2
2,58,F,10,2015,3,1,1,2,2,1,1,1,1,1,1,1,1,2,14,2,1,1, ?,2,2
2,58,F,9,2015,1,7,8,1,2,1,4,4,5,1,2,1,1,2,19,11,?,7, ?,1,?
2,58,G,5,2015,4,1,1,2,2,1,4,1,1,1,1,1,1,2,16,6,1,1,28,2,?
6,58,S,2,2015,1,7,1,2,1,1,1,1,1,1,1,1,1,2,10,6,1,1,48,1,1
13,58,F,5,2015,1,1,2,1,2,1,3,1,1,1,3,1,1,1,13,2,1,1, ?,2,2
13,58,F,6,2015,3,1,1,2,2,1,?,1,1,1,1,1,1,2,9,6,1,?,44,?,?
13,58,F,7,2015,3,1,1,2,2,1,1,1,1,1,1,1,1,2,9,6,1,1, ?,2,2
13,58,F,8,2015,3,1,1,2,2,1,1,1,1,1,1,1,1,2,9,6,1,1,36,2,2
13,58,F,9,2015,2,1,8,1,2,1,2,2,5,1,2,1,1,1,19,6,?,7,42,2,?
13,58,F,11,2015,3,1,1,2,2,1,1,1,1,1,1,2,1,2,19,6,2,1, ?,2,2
13,58,F,11,2015,2,7,8,1,2,1,4,1,1,1,3,1,1,2,14,6,1,7, ?,2,2
13,58,F,11,2015,2,1,1,2,2,1,1,1,1,1,1,1,1,2,19,6,2,1,30,2,2
13,58,F,11,2015,1,7,?,2,2,1,2,1,1,1,1,2,1,2,5,6,1,1, ?,2,2
10,58,F,5,2015,3,7,8,2,2,1,1,1,1,1,1,2,1,2,14,6,?,6, ?,1,2
10,58,F,11,2015,2,7,1,2,2,1,1,2,1,1,1,2,1,1,14,6,?,?, ?,?,?
7,58,F,11,2015,3,1,1,1,2,1,1,1,1,1,1,1,1,2,14,6,1,1,30,2,2
7,58,F,12,2015,3,1,1,1,2,1,1,1,1,1,1,1,1,2,9,6,1,1,54,1,2
12,58,F,9,2015,2,7,1,2,2,1,1,1,1,1,1,1,1,2,14,5,?,?, ?,?,?
3,57,F,8,2015,2,7,1,2,2,1,1,1,1,1,1,4,1,2,14,6,?,?,34,?,?
8,57,F,7,2015,2,7,?,2,2,1,1,1,1,1,1,4,1,2,9,7,?,?, ?,?,?
5,57,F,4,2015,2,1,6,2,2,2,1,?,1,1,1,1,2,2,12,6,1,?, ?,?,2
2,57,F,7,2015,2,7,8,1,2,1,1,1,1,1,1,4,1,2,7,5,1,7,22,2,2
9,57,F,7,2015,3,1,1,2,2,1,2,1,1,1,1,4,1,2,12,6,?,?, ?,?,?
9,57,F,7,2015,2,7,?,2,2,1,2,1,1,1,1,4,1,2,9,6,?,7, ?,2,2
2,61,F,12,2015,1,7,8,2,1,1,2,1,1,1,1,1,1,2,9,6,?,?, ?,?,2
1,61,F,7,2015,3,?,1,1,1,2,1,1,2,1,1,1,1,2,9,6,?,?, ?,1,2
1,61,F,6,2015,4,3,1,2,2,1,4,1,1,1,1,1,1,2,4,6,?,7,57,2,2
1,61,F,4,2015,4,7,?,2,2,1,4,1,1,1,1,1,1,2,9,6,?,?, ?,?,?
8,67,G,5,2015,2,1,8,2,2,1,1,1,1,1,1,1,1,1,14,1,1,?, ?,2,2
1,67,G,10,2015,2,7,8,2,2,1,1,4,1,1,1,1,1,1,14,11,1,1,55,1,2
7,67,F,7,2015,1,1,1,1,2,1,2,4,1,1,1,2,1,2,14,5,2,?,35,2,2
8,67,F,1,2015,3,7,8,2,2,1,1,4,1,1,1,1,1,2,9,6,1,?,34,2,2
1,66,S,1,2015,2,1,8,2,2,1,1,4,1,1,1,4,1,2,14,11,1,7,35,2,2
1,66,F,1,2015,2,1,1,2,2,1,1,3,1,1,1,2,1,2,5,6,?,?,28,2,2
2,66,F,11,2015,2,3,4,2,2,1,1,4,1,1,1,2,1,2,8,5,2,2,30,1,2
8,66,G,7,2015,1,7,1,2,2,1,1,4,1,1,1,2,1,2,12,6,1,2,30,2,2
9,66,S,1,2015,2,3,1,2,2,1,1,2,1,1,1,1,1,2,8,4,1,1,25,?,2
1,68,F,2,2015,2,1,?,2,2,1,1,4,1,1,1,2,1,1,5,2,?,?, ?,1,?
1,68,F,4,2015,2,1,1,2,2,1,1,1,1,1,1,2,1,2,12,6,?,?, ?,1,2
1,61,F,9,2015,1,1,?,2,1,1,4,1,1,1,1,1,1,2,14,10,1,5, ?,?,?
4,58,F,12,2015,2,7,8,2,2,1,1,2,1,1,1,?,1,2,19,6,1,?,28,2,2
7,40,F,10,2015,2,7,3,2,2,1,1,1,1,1,1,1,1,2,9,1,1,7,46,2,2
7,41,F,6,2015,3,7,3,2,2,1,1,1,1,1,1,2,1,2,12,2,1,7,48,2,2
7,41,F,12,2015,4,7,8,2,2,1,4,1,1,1,1,1,2,1,8,6,1,7,40,2,2
5,41,F,12,2015,1,1,8,2,2,4,4,5,5,1,2,4,2,2,13,7,1,3,22,2,2
1,41,S,7,2015,3,1,1,2,1,1,1,1,2,1,1,1,1,2,5,6,1,1,28,2,2
6,41,F,7,2015,4,7,8,2,2,1,4,1,1,1,1,1,1,2,19,11,1,1,35,2,2
1,40,G,10,2015,2,1,8,2,2,1,1,1,1,1,1,1,1,1,14,5,1,6,40,2,2
1,40,F,11,2015,2,1,1,2,1,1,1,1,1,1,1,1,1,2,7,6,1,1,28,2,1
6,40,G,9,2015,3,1,1,2,2,1,1,1,1,1,1,1,1,2,14,6,1,7,33,2,2
6,40,F,9,2015,1,1,1,2,2,1,1,1,1,1,1,1,1,2,14,10,1,1,40,2,2
3,40,G,12,2015,3,1,1,1,1,1,1,1,1,1,1,1,1,2,9,5,1,7,30,2,2
6,43,G,9,2015,2,7,8,2,2,1,4,2,1,1,1,2,2,2,19,5,1,7,30,2,2
1,43,G,7,2015,2,7,1,2,2,1,1,2,1,1,1,4,1,2,13,1,1,1,30,2,2
1,43,G,10,2015,3,7,1,2,2,1,1,1,1,1,1,4,1,2,12,1,1,1,31,2,2
5,47,F,1,2015,2,3,8,1,1,1,1,1,1,1,1,1,1,2,14,11,1,7,38,2,2
4,47,F,3,2015,3,1,1,2,2,1,1,1,1,1,1,1,1,2,14,6,1,2,38,2,2
5,39,F,4,2015,3,1,1,2,2,1,1,1,1,1,1,2,1,2,9,6,2,7,25,2,2
1,39,F,6,2015,2,7,2,2,2,1,1,1,1,1,1,1,1,1,9,6,1,1,45,2,2
1,39,S,7,2015,4,7,1,2,2,1,4,1,2,1,1,2,1,2,14,11,1,7,28,2,2
3,39,F,8,2015,2,7,8,2,2,1,1,1,1,1,1,1,1,2,9,11,1,7,25,2,2
7,38,F,1,2015,1,7,1,2,2,1,1,1,1,1,1,1,1,2,9,6,1,7,35,2,2
1,38,F,2,2015,2,7,1,2,2,1,1,1,1,1,1,1,1,1,13,11,1,7,40,2,2
1,27,F,12,2015,2,1,1,2,2,1,1,1,1,1,1,1,1,2,10,5,1,7,35,2,2
1,38,F,3,2015,4,7,8,2,2,1,2,1,1,1,1,1,1,1,14,11,1,1,19,2,2
7,38,F,7,2015,3,1,8,2,1,1,1,1,1,1,1,1,1,2,9,11,1,7,40,2,2
1,38,F,8,2015,1,7,1,1,2,1,3,1,1,1,1,5,2,1,7,4,1,7,40,2,2
1,38,F,9,2015,4,1,1,2,2,1,1,1,1,1,1,1,1,2,8,6,1,7,35,2,2
3,38,F,5,2015,4,1,1,2,2,1,2,1,1,1,1,1,1,2,7,6,1,7,42,2,2
1,38,F,5,2015,3,7,1,2,2,1,1,2,1,1,1,1,1,2,9,5,1,7,43,2,2
7,38,F,10,2015,3,7,8,2,2,1,2,2,1,1,1,3,1,2,19,11,1,7,40,2,2