Thana,District,Accident_Severity,Month,Year,Time,Junction_Type,Traffic_Control,Movement,Divider,Weather,Light,Road_Geometry,Surface_Condition,Surface_Type,Surface_Quality,Road_Class,Road_Feature,Location_Type,Vehicle_Type,Vehicle_Movement,Vehicle_Loading,Vehicle_Defect,Vehicle_Driver_Age,Vehicle_Alcohol,Vehicle_Seat_Belt
1,9,F,6,2015,1,1,1,1,?,1,1,1,1,1,1,1,?,?,16,6,2,?,40,2,2
12,9,F,12,2015,3,1,?,2,2,1,1,1,1,1,1,1,1,2,9,11,1,1,50,2,2
1,10,F,5,2015,3,1,1,2,2,1,2,2,1,1,1,4,1,2,14,2,1,7, ?,1,2
1,10,F,8,2015,4,7,1,1,?,1,4,2,1,1,1,3,4,2,19,1,?,6,30,1,2
8,13,F,7,2015,2,7,8,2,2,2,1,1,2,1,1,1,1,1,14,6,1,1,26,2,2
8,13,F,1,2015,3,1,1,2,2,1,1,1,1,1,1,1,1,1,14,6,1,1,28,2,2
8,13,G,5,2015,3,2,1,2,2,1,1,1,1,1,1,3,1,2,13,5,1,1, ?,2,2
8,13,F,8,2015,3,1,1,2,2,1,1,1,1,1,1,2,1,2,14,6,1,1, ?,2,2
1,9,M,8,2015,3,3,8,?,1,1,1,1,1,1,1,1,1,1,9,6,1,7,45,2,2
1,9,F,7,2015,2,1,8,2,2,1,1,1,1,1,1,1,1,2,4,6,?,?,16,2,2
5,15,F,4,2015,2,1,1,2,2,1,1,1,2,1,1,2,1,2,14,6,1,7,49,1,2
5,15,F,2,2015,2,3,3,2,2,1,1,2,1,1,1,?,1,2,13,6,2,1,30,1,2
1,15,F,12,2015,1,1,1,1,1,1,1,1,1,1,1,1,1,1,19,6,1,1, ?,2,2
1,15,F,12,2015,4,?,1,?,?,1,2,?,1,1,1,1,?,?,14,6,1,1, ?,2,2
1,15,G,5,2015,1,?,1,2,?,1,2,1,1,1,1,1,?,?,13, ?,1,1, ?,2,2
1,15,F,4,2015,3,?,?,2,?,1,?,1,1,1,1,1,1,?, ?,6,1,1, ?,2,2
1,15,F,4,2015,2,1,1,2,?,1,1,1,1,1,1,1,1,1,14, ?,1,1, ?,2,2
1,15,F,3,2015,1,1,1,2,?,1,4,1,1,1,1,1,?,?,4,6,1,1,45,2,2
1,15,F,1,2015,4,?,1,2,2,1,2,1,1,1,1,1,?,2, ?,6,1,1, ?,2,2
3,15,F,11,2015,3,1,1,2,?,1,1,1,1,1,1,1,?,?,9,6,1,1, ?,2,2
3,15,F,10,2015,2,2,1,2,?,1,1,1,1,1,1,1,?,?,9,6,1,1, ?,2,2
3,15,F,5,2015,4,1,1,2,2,1,1,1,1,1,1,1,1,2,9, ?,1,1, ?,2,2
3,15,F,9,2015,3,1,1,2,2,1,1,1,1,1,1,1,1,2,1,9,1,7,43,2,2
3,15,F,8,2015,3,1,1,2,?,1,1,1,1,1,1,1,?,?,14,6,1,1, ?,2,2
3,15,G,7,2015,2,1,1,2,?,1,1,1,1,1,1,1,1,?,9,6,1,1, ?,2,2
3,15,F,7,2015,1,1,1,?,?,1,2,1,1,1,1,1,1,2,14,11,1,7, ?,2,2
3,15,G,5,2015,2,1,1,2,?,1,1,1,1,1,1,1,1,2,14,1,1,1, ?,2,2
3,15,F,3,2015,4,1,1,2,?,1,2,1,1,1,1,1,?,2,9,6,1,1,27,2,2
3,15,F,3,2015,2,2,1,2,?,2,1,1,1,1,1,1,1,2,11,6,1,1,28,2,2
3,15,F,2,2015,3,1,1,2,2,1,1,1,1,1,1,1,1,2,2,4,1,1,35,?,2
3,15,F,1,2015,3,1,1,2,2,1,1,2,1,1,1,1,1,2,1,4,2,?, ?,?,2
3,10,F,6,2015,2,1,1,2,?,1,1,1,1,1,1,2,1,2,5,6,1,1, ?,2,2
3,10,F,7,2015,3,1,1,2,2,1,1,1,1,1,1,2,1,2,12,5,1,7, ?,2,2
11,9,F,12,2015,3,1,1,2,2,1,2,2,1,1,?,1,1,2,14, ?,1,1, ?,2,2
11,9,F,8,2015,2,1,1,2,2,1,1,1,1,1,1,1,1,2,9,4,1,?, ?,2,2
11,9,F,9,2015,2,1,1,2,?,1,1,1,1,1,1,1,1,2,9,6,1,1, ?,2,2
11,9,F,8,2015,3,1,1,2,1,1,1,1,1,1,1,1,2,?,9,6,1,1, ?,2,2
7,9,F,12,2015,2,?,1,2,2,1,1,1,1,1,1,1,1,2,9,5,1,?, ?,2,2
5,13,F,6,2015,2,1,1,1,2,2,1,1,2,1,1,2,1,2,14,6,1,1, ?,2,2
9,13,F,5,2015,2,3,1,2,2,1,1,1,1,1,1,2,1,2,9,6,1,1,50,2,2
5,12,G,8,2015,4,1,1,2,2,1,4,2,1,1,1,2,1,2,4,4,1,1, ?,?,2
7,17,F,5,2015,2,1,1,2,1,1,1,1,1,1,1,2,1,2,9,6,1,7,28,2,2
8,17,F,5,2015,2,?,6,2,2,2,1,2,2,1,1,2,1,1,6,6,1,1,30,1,1
7,17,G,5,2015,3,?,1,2,?,1,1,1,1,1,1,1,1,2,4,6,1,1,28,2,2
17,7,S,9,2015,?,1,2,?,1,1,1,1,1,1,1,1,1,2,14,6,1,1,28,?,?
7,17,F,9,2015,3,1,1,2,2,1,1,1,1,1,1,1,1,2,4,6,1,1,30,2,2
10,17,F,3,2015,2,3,1,2,2,1,1,1,1,1,1,2,1,2,14,6,1,1,40,1,2
10,17,F,2,2015,2,3,1,2,2,1,1,1,1,1,1,1,1,1,14,6,2,7,40,1,1
20,17,F,7,2015,4,7,1,1,?,1,2,2,1,1,1,1,1,2,8,11,1,1,33,2,2
1,17,F,4,2015,2,1,4,2,1,1,1,1,1,1,1,1,1,2,9,6,1,1, ?,2,2
1,17,F,6,2015,2,2,4,2,1,1,1,1,1,1,1,1,1,2,5,6,1,1, ?,2,2
1,17,S,1,2015,3,7,1,1,?,1,1,1,1,1,1,1,1,2,14,6,1,1,21,2,2
7,56,F,1,2015,3,7,8,2,2,1,1,1,?,1,1,1,1,2,5,6,1,1,30,2,2
7,56,F,3,2015,4,1,8,2,2,1,2,1,1,1,1,1,1,1,14,6,2,7, ?,1,2
1,5,F,4,2015,2,4,2,2,2,1,1,1,1,1,1,4,1,1,15,6,1,7, ?,2,2
3,56,F,4,2015,3,1,1,2,2,1,1,1,1,1,1,1,1,2,14,11,2,7, ?,2,2
7,56,F,5,2015,1,1,1,2,2,1,3,1,1,1,1,1,1,2,9,11,2,7, ?,1,2
9,56,F,5,2015,2,1,4,2,2,1,1,?,1,1,1,1,1,2,14,6,2,1, ?,2,2
8,56,G,5,2015,4,3,8,1,2,1,3,1,2,1,1,3,1,1,12,11,1,4,27,2,2
8,56,F,6,2015,1,1,1,2,2,1,4,2,1,1,1,1,1,2,2,1,1,1,30,2,2
8,56,G,6,2015,4,1,1,2,2,1,4,1,1,1,1,1,1,2,14,6,1,1,29,2,2
1,11,F,3,2015,2,1,1,2,2,1,1,1,1,1,1,3,1,2,17,6,1,7, ?,2,2
1,11,F,2,2015,3,4,1,2,2,1,1,1,1,1,1,1,1,1,17,6,1,3, ?,1,2
1,11,F,7,2015,3,1,1,2,2,1,1,1,1,1,1,3,1,1,13,6,1,7,28,1,2
7,11,F,3,2015,2,3,3,2,1,1,1,2,1,1,1,?,1,2,8,6,1,3,45,2,2
3,11,F,2,2015,2,3,1,2,2,1,1,2,1,1,1,2,1,2,8,5,1,?,42,2,2
10,11,F,4,2015,3,1,8,2,2,1,1,1,1,1,1,2,1,2,11,6,1,1, ?,2,?
6,11,F,3,2015,4,1,1,2,2,1,2,1,1,1,1,2,1,2,6,4,2,7, ?,?,2
6,11,F,5,2015,2,2,1,2,2,1,1,1,1,3,1,4,1,2,13,4,1,7, ?,2,2
6,11,F,3,2015,1,1,1,2,2,1,2,1,1,1,1,2,1,2,14,6,2,7, ?,1,2
6,11,F,3,2015,4,7,1,?,2,1,4,1,1,1,1,2,1,2,9,6,1,?, ?,?,2
32,11,F,5,2015,3,1,?,2,2,1,1,1,1,1,1,2,1,2,14,6,?,?, ?,?,2
6,11,F,3,2015,2,2,1,2,2,1,1,1,1,1,1,2,1,2,8,1,?,7, ?,?,2
4,11,G,2,2015,3,1,1,2,2,1,1,2,1,1,1,2,1,2,13,2,1,1,50,1,2
4,11,F,6,2015,3,7,?,2,2,1,1,1,1,1,1,2,1,2,14,6,1,1, ?,2,2
8,7,S,7,2015,3,1,1,2,1,1,1,1,1,1,1,1,1,2,14,4,1,1, ?,2,2
1,7,F,10,2015,3,3,1,2,2,1,1,1,1,1,1,2,1,2,14,6,1,1,48,2,2
1,7,G,11,2015,1,1,2,2,2,1,4,1,1,1,1,2,1,2,7,5,1,1, ?,2,2
8,7,F,11,2015,3,3,1,2,2,1,1,1,1,1,1,2,1,1,14,4,1,1,30,2,2
9,7,F,5,2015,2,1,1,2,2,1,1,1,1,1,2,2,1,2,19,6,1,1,30,2,2
5,2,G,12,2015,2,1,1,2,2,1,1,1,1,1,2,3,1,2,1,6,1,1,14,2,2
5,1,F,6,2015,3,1,1,2,2,1,1,1,1,1,1,1,1,2,14,5,1,1, ?,1,2
5,1,G,2,2015,4,1,1,2,2,1,4,1,1,1,1,1,1,2,12,6,1,1,22,1,2
1,1,G,5,2015,4,1,1,2,2,1,3,2,1,1,1,1,1,1,14,6,1,1, ?,2,2
12,3,G,1,2015,3,1,1,2,2,1,1,1,1,1,1,1,1,2,14,6,1,1,38,2,2
2,3,G,5,2015,3,2,1,2,2,1,1,1,1,1,1,3,1,2,14,2,1,7,38,2,2
1,2,F,5,2015,3,1,1,2,2,1,1,1,1,1,1,1,1,2,9,6,1,1, ?,2,2
8,3,G,6,2015,2,1,1,2,2,1,1,1,1,1,1,3,1,2,12,6,1,1,30,2,2
13,3,F,6,2015,4,3,1,2,2,1,3,1,1,1,1,3,1,2,14,4,2,1,45,2,2
8,3,G,7,2015,2,3,1,2,2,1,1,2,1,1,1,3,1,2,14,1,1,1,30,2,2
1,3,F,7,2015,2,1,1,2,2,1,1,1,1,1,1,3,1,2,9,5,1,7, ?,2,2
1,3,F,7,2015,4,1,1,2,2,1,2,1,1,1,1,3,1,1,9,6,1,7, ?,2,2
6,3,F,9,2015,2,1,1,2,2,1,1,1,1,1,1,1,1,2,9,6,1,1,30,2,2
1,3,F,10,2015,2,1,1,2,2,1,1,1,1,1,1,3,1,2,17,4,1,7, ?,2,2
12,3,F,11,2015,1,1,1,2,2,1,2,1,1,1,1,4,1,2,14,6,1,1, ?,2,2
8,3,F,12,2015,3,1,1,2,2,1,1,2,1,1,1,1,1,2,14,1,1,7, ?,1,2
1,2,F,2,2015,3,3,1,2,2,1,1,1,1,1,1,2,1,1,19,2,1,1, ?,2,2
1,1,F,5,2015,2,1,1,2,2,1,1,1,1,1,1,1,1,2,14,6,1,1,26,2,2
4,1,F,6,2015,3,1,1,2,2,1,1,1,1,1,1,1,1,2,14,6,1,1, ?,2,2
5,6,G,7,2015,3,3,1,2,2,1,1,1,1,1,2,4,1,2,19,10,1,3,20,2,2
5,6,F,7,2015,4,1,1,2,1,4,2,1,1,1,1,1,1,1,14,6,1,2, ?,2,2
5,6,F,8,2015,2,1,1,2,2,1,1,1,1,1,1,1,1,2,14,6,1,1, ?,2,2
5,6,F,11,2015,4,1,1,2,2,1,4,2,1,1,1,1,1,1,14,6,1,1,40,2,2
4,6,F,5,2015,1,1,1,2,2,1,1,1,1,1,1,1,1,2,14,6,1,1, ?,2,2
4,6,F,5,2015,2,4,1,2,2,1,4,1,1,1,1,1,1,2,14,6,1,1, ?,2,2
1,6,F,4,2015,2,1,1,2,2,1,1,1,1,1,1,1,1,2,9,6,1,1, ?,2,2
1,6,F,2,2015,3,3,1,2,2,1,1,1,1,1,1,1,1,1,14,6,1,1, ?,2,2
1,6,G,6,2015,2,1,1,2,2,2,1,1,2,1,1,5,1,1,14,6,1,1,25,2,2
1,8,S,1,2015,3,1,1,2,2,1,2,1,1,1,1,5,1,1,9,6,1,1, ?,1,2
7,8,F,1,2015,3,1,1,2,2,1,1,1,1,1,1,3,1,2,17,6,1,1,21,1,2
1,8,F,3,2015,2,1,1,2,2,1,1,1,1,1,1,2,1,1,14,6,1,1, ?,2,2
4,8,F,3,2015,4,1,1,2,2,2,4,1,2,1,2,3,1,2,17,6,1,1, ?,1,2
3,8,G,3,2015,2,1,1,2,2,1,1,2,1,1,1,1,1,2,9,6,1,7,40,2,2
4,8,F,5,2015,3,1,1,2,2,1,1,1,1,1,2,4,1,2,9,6,2,1,43,2,2
7,8,F,6,2015,2,1,1,2,2,2,1,1,2,1,1,3,1,2,14,6,1,1,38,2,2
3,8,F,7,2015,2,1,1,2,2,1,4,1,1,1,1,3,1,2,8,4,1,1, ?,2,2
5,8,F,8,2015,2,1,1,2,2,2,1,1,2,1,1,3,1,2,9,6,1,1, ?,2,2
7,8,F,9,2015,3,1,1,2,2,1,1,2,1,1,1,3,1,2,9,11,1,1,52,2,2
3,8,F,10,2015,3,1,1,2,2,1,1,1,1,1,1,1,1,2,9,6,1,7, ?,2,2
1,8,F,11,2015,2,7,4,2,2,1,1,1,1,1,1,2,1,1,8,11,1,7, ?,2,2
3,8,F,12,2015,1,1,1,2,2,1,4,1,1,1,1,1,1,2,9,6,1,7, ?,2,2
3,6,F,8,2015,3,1,1,2,2,1,1,1,1,1,1,4,1,2,17,4,1,3,20,2,2
1,5,F,2,2015,3,1,4,2,2,1,1,1,1,1,1,1,1,2,9,6,1,1,52,1,2
1,5,F,5,2015,3,5,3,2,2,1,1,1,1,1,1,5,1,2,9,6,1,7, ?,2,2
1,5,G,6,2015,3,7,1,2,2,1,1,1,1,1,3,2,1,1,6,6,1,7,28,2,2
1,5,F,11,2015,2,1,1,2,2,1,1,1,1,1,1,3,1,2,9,6,1,7,80,2,2
8,5,F,7,2015,3,1,1,2,2,1,1,1,1,1,1,3,1,2,12,6,1,7, ?,2,2
8,5,F,10,2015,4,1,1,2,2,1,4,1,1,1,1,1,1,2,9,5,1,1, ?,2,2
6,5,F,9,2015,2,1,1,2,2,4,1,1,1,1,1,1,1,2,14,10,1,7, ?,2,2
6,5,F,10,2015,1,3,4,2,2,1,2,1,1,1,1,1,1,2,14,5,1,7, ?,2,2
6,5,S,11,2015,4,1,1,2,2,4,4,1,1,1,1,1,1,2,12,5,2,1, ?,2,2
6,5,F,11,2015,3,1,4,2,2,1,1,1,1,1,1,1,1,2,9,5,1,7, ?,2,2
4,5,F,3,2015,4,3,1,2,2,1,4,1,1,1,1,3,1,2,8,6,2,7, ?,2,2
4,5,F,6,2015,2,1,1,2,2,1,1,1,1,1,1,3,1,2,9,6,1,7, ?,2,2
4,5,F,6,2015,2,7,8,2,2,1,1,1,1,1,1,3,1,2,7,6,1,7, ?,2,2
4,5,F,7,2015,3,1,1,2,2,1,1,1,1,1,1,2,1,2,6,6,1,6, ?,2,2
3,8,F,7,2015,3,1,1,2,2,1,1,1,1,1,1,1,1,2,8,6,1,7, ?,2,2
2,3,G,5,2015,3,7,8,2,2,1,1,1,1,1,1,1,1,2,14,1,1,1,60,1,2
5,3,G,5,2015,3,2,8,2,2,1,1,1,1,1,1,3,1,1,14,2,1,7,38,2,2
3,8,F,1,2015,4,1,1,2,2,1,4,1,1,1,1,1,1,2,10,6,1,?, ?,?,2
4,8,F,2,2015,1,1,2,2,2,4,1,2,1,1,3,1,2,?,14,9,?,?, ?,2,2
5,6,F,6,2015,3,3,1,1,2,1,1,2,1,1,1,1,1,2,9,6,1,1, ?,2,2
3,8,F,11,2015,2,3,4,2,?,1,1,1,1,1,1,2,1,1,8,11,1,1, ?,?,2
3,14,F,11,2015,2,1,8,2,2,1,1,1,1,1,1,5,1,1,19,6,1,7, ?,2,2
3,14,F,6,2015,1,1,3,2,1,2,1,1,1,1,1,5,1,1,9,6,1,7, ?,2,2
2,14,F,7,2015,2,1,1,1,2,1,1,1,1,1,1,5,1,2,14,6,?,7, ?,?,2
2,14,F,9,2015,3,1,1,2,2,1,1,1,1,1,1,1,1,2,14,6,1,1, ?,2,2
7,14,F,11,2015,1,3,1,1,2,1,1,1,1,1,1,1,1,1,9,6,?,7, ?,2,2
4,14,F,12,2015,3,6,1,1,1,1,3,1,1,1,1,5,1,2,14,9,2,7, ?,2,2
4,14,F,7,2015,3,3,1,2,2,1,1,1,1,1,1,1,1,1,14,6,?,7, ?,2,2
4,14,F,7,2015,1,1,1,2,1,2,1,1,1,1,1,1,1,1,19,6,?,7, ?,?,?
4,14,F,5,2015,2,2,1,2,2,1,1,1,1,1,1,1,1,1,9,6,1,1, ?,2,2
4,14,F,12,2015,3,1,1,2,2,1,1,1,1,1,1,1,1,1,17,6,?,7, ?,2,2
4,14,F,3,2015,2,1,1,2,2,1,1,1,?,1,1,5,1,1,14, ?,1,1,35,2,2
1,14,F,6,2015,1,2,1,2,1,1,3,1,1,1,1,5,1,1,10,6,1,7, ?,2,2
1,70,F,5,2015,2,7,8,2,1,1,1,1,1,1,1,5,1,1,14,6,1,1,25,2,2
3,70,F,4,2015,2,7,8,1,1,2,1,4,2,1,3,5,4,1,5,8,1,1,32,2,2
4,70,F,6,2015,4,1,1,1,1,1,2,1,1,1,1,5,1,1,4,2,1,1,65,2,2
9,56,F,10,2015,2,1,4,2,2,1,1,2,1,1,1,1,1,2,9,6,1,1,43,2,2
7,56,F,12,2015,2,7,4,2,2,1,1,1,1,1,1,1,1,2,9,5,1,7, ?,2,2
7,55,G,5,2015,3,1,1,2,2,1,1,2,?,1,1,2,1,2,6,5,1,7, ?,2,2
1,5,F,10,2015,2,1,8,2,2,1,1,1,1,1,1,1,1,?,14,11,1,7,23,2,2
6,55,F,11,2015,4,3,1,2,2,4,4,1,1,1,1,1,1,2,1,1,1,7, ?,2,2
11,54,F,2,2015,3,7,8,2,2,1,1,1,1,1,1,1,1,2,9,3,1,7, ?,2,2
8,54,G,1,2015,2,2,1,1,2,1,2,1,1,1,1,1,1,2,2,8,1,1, ?,2,2
6,54,F,8,2015,2,7,1,2,2,1,1,1,1,1,1,2,1,2,13,5,1,1,22,2,2
3,53,F,7,2015,3,1,1,2,2,1,1,1,1,1,1,2,1,2,6,10,1,7, ?,2,2
3,8,F,4,2015,1,2,1,2,2,1,2,1,1,1,1,1,1,2,9,5,1,1, ?,2,2
5,8,F,5,2015,4,1,1,2,2,1,4,1,1,1,1,1,1,2,9,6,1,1, ?,2,2
3,8,F,9,2015,3,1,1,2,2,1,1,1,1,1,1,1,1,2,9,6,1,7, ?,2,2
6,5,F,9,2015,3,7,1,2,2,4,1,1,1,1,1,1,1,2,9,6,1,7, ?,1,2
3,14,F,10,2015,2,1,4,2,2,1,1,1,1,1,1,5,1,1,7,6,1,7, ?,?,?
2,14,F,5,2015,3,1,1,2,2,1,1,1,1,1,1,5,5,1,9,6,1,7, ?,2,2
3,14,F,12,2015,3,2,1,2,2,1,1,1,1,1,1,1,1,1,9,5,1,1,45,2,2
1,14,F,3,2015,2,3,1,2,2,1,1,1,1,1,1,5,1,2,14,2,1,1,35,1,2
3,70,F,4,2015,3,3,8,2,1,2,1,1,2,1,1,5,1,2,5,7,1,1,28,2,2
6,70,F,2,2015,2,1,8,2,2,1,1,1,1,1,3,5,1,1,12,11,1,1,25,2,2
6,70,G,8,2015,3,2,1,2,2,1,1,1,1,1,2,5,1,1,12,11,1,1,28,2,2
5,70,F,12,2015,4,7,1,2,2,1,3,1,1,1,1,1,1,2,14,6,1,7, ?,2,2
4,70,F,12,2015,1,1,1,1,2,4,4,1,1,1,1,5,1,2,10,6,1,1,28,1,1
5,70,G,5,2015,3,1,8,2,2,2,1,2,2,1,1,5,1,2,14,6,1,7,34,2,2
8,54,G,6,2015,4,7,1,2,2,2,1,2,2,1,1,2,1,2,14,1,1,1,35,2,2
2,55,F,2,2015,4,1,8,2,1,4,1,1,1,1,1,2,2,1,19,6,1,7,45,2,2
1,55,F,3,2015,2,2,1,2,2,1,1,1,1,1,1,1,1,1,14,6,1,1,25,2,2
1,55,F,8,2015,3,7,1,2,2,1,1,1,1,1,1,1,1,1,14,1,1,1,2,2,2
4,55,F,7,2015,2,1,1,2,1,1,1,1,1,1,1,2,1,2,10,5,1,1,23,2,2
4,55,F,12,2015,3,1,1,2,1,1,1,1,1,1,2,2,1,1,5,1,1,1,30,2,2
7,56,F,1,2015,2,7,8,2,2,1,1,1,1,1,1,1,2,1,5,6,1,1,30,2,2
7,56,F,3,2015,3,1,8,2,2,1,2,1,1,1,1,1,1,1,14,6,1,1,30,2,2
1,56,G,4,2015,3,4,2,2,2,1,1,1,1,1,1,4,1,1,17,6,1,7,50,2,2
9,56,F,5,2015,3,1,4,2,2,1,1,1,1,1,1,1,1,2,14,6,1,1,35,2,2
8,56,G,5,2015,4,3,8,2,2,1,1,1,2,1,1,3,1,1,12,6,2,7,27,2,2
8,56,F,6,2015,4,1,1,2,2,1,4,1,1,1,1,1,1,2,14,6,1,7,30,2,2
8,56,G,6,2015,2,1,1,2,2,1,4,1,1,1,1,1,1,2,14,6,2,7,29,2,2
9,56,F,11,2015,2,3,4,2,2,1,1,1,1,1,1,1,1,2,14,6,1,1,27,2,2
7,56,F,12,2015,3,7,4,2,2,1,1,1,1,1,1,1,1,2,9,6,1,7,36,2,2
9,56,F,12,2015,4,7,4,2,2,1,1,1,1,1,1,1,1,2,7,11,1,1,30,2,2
1,53,G,3,2015,4,7,4,2,1,1,1,1,1,1,1,1,1,1,4,8,1,1,25,2,2
1,53,F,5,2015,2,1,8,1,2,1,1,1,1,1,1,1,1,1,17,4,1,1,35,2,2
1,53,F,7,2015,3,7,1,2,2,1,1,1,1,1,1,2,1,2,19,11,1,7,35,2,2
1,53,G,11,2015,3,1,1,2,2,1,1,1,1,1,1,2,1,1,8,11,1,7,30,2,2
1,53,G,11,2015,2,7,4,2,1,1,1,1,1,1,1,1,2,1,4,5,1,7,40,2,2
8,56,F,10,2015,4,2,1,2,2,1,4,1,1,1,1,1,1,2,9,5,1,1,48,1,2
6,55,F,3,2015,3,3,8,2,2,1,1,1,1,1,1,1,1,1,13,5,1,7, ?,1,2
6,55,F,5,2015,3,1,1,2,2,1,1,1,1,1,1,1,1,2,9,6,1,7,35,2,2
7,54,F,2,2015,3,3,1,2,2,1,1,1,1,1,1,4,1,2,1,1,2,7,25,2,2
6,54,G,6,2015,3,7,1,2,2,2,1,2,2,1,1,?,1,2,14,1,1,1, ?,2,2
3,54,F,6,2015,1,7,1,2,2,1,4,2,1,1,1,1,1,2,14,3,1,7,28,2,2
3,53,F,9,2015,2,1,8,2,2,2,1,1,2,1,1,2,1,2,5,11,1,1,25,2,2
16,42,F,1,2015,2030,1,4,2,1,1,3,1,1,1,1,5,1,1,14,6,1,1,38,2,2
14,42,M,1,2015,1600,1,7,2,1,1,1,1,1,1,1,1,1,1,8,6,1,1,26,2,2
48,42,G,1,2015,1540,1,1,2,2,1,1,1,1,1,1,5,1,1,9,5,1,2,40,2,2
23,42,G,1,2015,1020,4,1,2,2,1,1,3,1,1,1,5,2,1,13,7,1,1,30,2,2
33,42,F,1,2015,345,2,4,2,1,1,4,1,1,1,1,1,1,1,9,5,1,1,40,2,2
33,42,S,1,2015,1800,7,1,2,1,1,2,1,1,1,1,5,2,1,4,6,1,1,35,2,1
44,42,F,1,2015,1845,5,6,2,1,1,2,1,1,1,1,1,1,1,9,9,1,1,29,1,2
10,42,G,1,2015,1550,1,4,1,1,1,1,1,1,1,1,5,1,1,10,6,1,1,30,1,1
37,42,M,1,2015,730,2,4,2,1,1,1,1,1,1,1,5,1,1,10,4,1,1,48,2,2
2,42,F,1,2015,545,2,6,2,1,1,2,1,1,1,1,5,1,1,9,6,1,1,49,2,2
43,42,F,1,2015,405,3,4,2,1,1,2,1,1,1,1,5,1,1,14,6,1,1,38,1,2
43,42,G,2,2015,355,1,4,1,1,1,3,1,1,1,1,2,1,1,12,5,1,1,21,2,2
25,42,F,2,2015,2130,1,1,2,2,1,4,1,1,1,1,5,1,1,8,5,1,6,22,2,2
40,42,F,2,2015,500,2,4,2,1,1,2,1,1,1,1,5,1,1,13,5,1,1,35,2,2
9,42,M,2,2015,920,7,1,1,1,1,1,1,1,1,1,1,1,1,10,6,1,1,32,2,1
18,42,F,2,2015,20,2,7,2,1,1,4,2,1,1,1,5,4,1,14,5,2,7,40,1,2
40,42,F,3,2015,1800,1,4,2,1,1,2,1,1,1,1,5,1,1,9,5,1,1,32,2,2
28,42,S,3,2015,630,2,5,2,1,1,1,1,1,1,1,5,1,1,8,6,1,1,45,2,2
33,42,F,3,2015,15,5,4,2,2,1,4,4,1,1,1,1,1,1,14,6,1,1,40,2,2
22,42,F,3,2015,1120,1,4,1,1,1,1,1,1,1,1,1,1,1,9,6,1,1,40,2,2
9,42,M,3,2015,30,1,1,1,1,1,3,1,1,1,1,5,1,1,10,6,1,1,35,2,1
13,42,F,2,2015,1550,1,4,2,2,1,1,1,1,1,1,5,1,1,12,6,1,1,36,2,2
18,42,S,3,2015,2230,2,1,1,1,1,3,1,1,1,1,1,1,1,10,6,1,1,40,2,1
1,42,M,3,2015,1845,2,4,2,1,1,3,1,1,1,1,5,1,1,10,10,1,1,34,2,1
1,42,G,3,2015,2200,2,4,2,1,1,3,1,1,1,1,5,1,1,9,6,1,1,40,2,2
1,42,G,4,2015,925,2,4,2,1,1,1,1,1,1,1,5,1,1,8,6,1,1,35,2,2
34,42,M,4,2015,805,1,1,1,2,1,1,1,1,1,1,5,1,1,7,6,1,1,28,2,1
6,42,F,4,2015,1030,1,4,2,2,1,1,1,1,1,1,5,1,1,11,6,1,1,40,2,2
40,42,S,4,2015,2330,1,4,2,1,1,3,1,1,1,1,5,1,1,9,6,1,1,35,2,2
25,42,S,5,2015,2030,2,1,2,1,1,3,2,1,1,1,5,1,1,15,7,1,1,30,1,2
33,42,F,5,2015,1440,5,4,1,2,1,1,2,1,1,1,1,1,1,9,6,1,1,35,2,2
37,42,G,5,2015,640,3,4,2,2,1,2,1,1,1,1,5,1,1,6,6,1,1,38,2,2
10,42,G,5,2015,1315,1,4,2,1,1,1,1,1,1,1,5,1,1,9,7,1,1,32,1,2
10,42,F,5,2015,30,2,4,2,2,1,3,1,1,1,1,5,1,1,14,6,1,1,40,2,2
9,42,F,5,2015,300,1,1,2,2,1,3,1,1,1,1,1,1,1,9,6,1,1,30,2,2
9,42,F,6,2015,1800,7,1,1,1,1,1,1,1,1,1,1,1,1,9,5,1,2,40,2,2
16,42,F,6,2015,2300,3,1,2,1,2,3,1,2,1,1,5,1,1,14,6,1,1,28,2,2
22,42,F,6,2015,315,1,4,1,1,1,3,1,1,1,1,1,1,1,13,5,1,1,30,1,2
29,42,M,7,2015,930,2,4,2,1,1,1,1,1,1,1,1,1,1,9,1,1,1,30,2,2
43,42,G,7,2015,30,1,1,1,1,1,3,1,1,1,1,1,1,1,8,6,1,1,22,1,2
44,42,G,7,2015,1730,7,4,2,2,2,2,1,1,1,1,5,1,1,9,4,1,1,40,1,2
11,42,M,7,2015,900,3,1,1,1,1,1,1,1,1,1,2,1,1,8,6,1,1,30,2,2
11,42,F,7,2015,2245,1,1,1,1,1,4,1,1,1,1,5,1,1,14,6,1,1,35,2,2
34,42,M,7,2015,1730,1,1,1,1,1,1,1,1,1,1,5,1,1,10,6,1,1,40,2,1
12,42,G,7,2015,145,7,1,1,1,1,3,1,1,1,1,1,1,1,19,6,1,1,35,2,1
8,42,G,2,2015,840,7,4,1,1,1,1,1,1,1,1,5,1,1,19,5,1,1,30,2,2