Thana,District,Accident_Severity,Month,Year,Time,Junction_Type,Traffic_Control,Movement,Divider,Weather,Light,Road_Geometry,Surface_Condition,Surface_Type,Surface_Quality,Road_Class,Road_Feature,Location_Type,Vehicle_Type,Vehicle_Movement,Vehicle_Loading,Vehicle_Defect,Vehicle_Driver_Age,Vehicle_Alcohol,Vehicle_Seat_Belt
26,42,F,7,2015,1515,1,1,2,1,1,1,1,1,1,1,1,1,1,9,5,1,1,40,1,2
9,42,F,7,2015,1430,1,1,1,1,1,1,1,1,1,1,1,1,1,9,6,1,1,45,2,2
26,42,F,7,2015,2015,3,1,2,2,1,4,1,1,1,1,5,1,1,14,6,1,1,40,2,2
29,42,G,8,2015,1430,2,4,1,1,1,1,1,1,1,1,1,1,1,14,6,1,1,35,2,2
36,42,S,8,2015,1715,3,4,2,1,2,1,3,2,1,1,1,1,1,10,6,1,1,28,2,1
42,42,F,8,2015,1730,2,4,1,2,1,1,5,1,1,1,1,1,1,9,6,1,1,35,2,2
1,42,F,8,2015,600,3,4,1,1,1,2,1,1,1,1,5,1,1,8,6,1,1,40,2,2
17,42,F,8,2015,630,2,4,2,1,1,2,1,2,1,1,5,1,1,9,9,1,1,45,2,2
22,42,F,8,2015,1350,2,4,2,1,1,1,1,1,1,1,1,1,1,8,6,1,1,45,2,2
8,42,M,8,2015,400,3,4,1,1,1,2,1,1,1,1,3,4,1,14,6,2,1,50,1,2
8,42,F,7,2015,1335,3,4,1,1,1,1,1,1,1,1,5,1,1,9,6,1,1,40,2,2
23,42,F,8,2015,1930,2,4,2,2,1,3,1,1,1,1,1,1,1,12,6,1,1,35,2,2
23,42,S,8,2015,10,4,1,1,1,2,1,4,2,1,1,3,4,1,7,2,1,1,40,2,1
9,42,G,9,2015,1315,7,4,1,1,1,1,1,1,1,1,1,1,1,19,6,1,1,18,2,2
29,42,S,8,2015,800,2,4,1,1,1,1,1,1,1,1,1,2,1,9,6,1,1,42,2,2
22,42,F,8,2015,2100,2,4,2,1,1,1,1,1,1,1,1,1,1,4,6,1,1,30,2,1
5,42,G,9,2015,1330,2,4,2,1,1,1,1,1,1,1,5,1,1,9,6,1,1,29,2,2
1,42,F,9,2015,330,2,3,2,1,1,3,1,1,1,1,5,1,1,9,6,1,1,40,1,2
1,42,F,9,2015,1510,3,1,2,1,1,3,2,1,1,1,5,1,1,10,1,1,1,35,2,1
2,42,G,10,2015,1030,2,4,1,1,1,1,1,1,1,1,5,1,1,9,6,1,6,40,2,2
21,42,F,10,2015,1430,1,4,1,1,1,1,1,1,1,1,1,1,1,9,6,1,1,30,2,2
1,42,F,10,2015,345,2,4,2,1,1,4,1,1,1,1,5,1,1,10,2,1,1,30,2,2
12,42,F,11,2015,630,1,4,1,2,1,2,1,1,1,1,5,1,1,8,6,1,1,30,2,2
47,42,F,11,2015,2230,7,1,2,2,1,3,1,1,1,1,5,1,1,14,6,1,1,50,2,2
1,42,G,11,2015,2310,2,4,2,1,1,2,2,3,1,1,5,1,1,14,6,1,1,50,2,2
22,42,F,11,2015,2230,2,4,2,1,1,3,1,1,1,1,1,1,1,9,6,1,1,35,2,2
2,42,M,11,2015,1800,3,4,1,1,1,3,1,1,1,1,5,1,1,9,5,1,7,30,2,2
18,42,F,12,2015,400,2,4,2,1,4,2,1,1,1,1,5,1,1,6,6,1,1,35,2,2
16,42,F,12,2015,230,1,4,1,1,1,1,1,1,1,1,1,1,1,8,8,1,1,30,2,2
13,42,F,12,2015,1430,2,4,1,1,1,1,1,1,1,1,1,1,1,9,6,1,1,35,2,2
11,42,G,12,2015,1345,2,4,1,1,1,1,1,1,1,1,1,1,1,8,6,1,1,30,2,2
24,42,F,12,2015,845,2,4,2,2,1,4,1,1,1,1,5,1,1,14,6,1,1,35,2,2
44,42,F,12,2015,2115,2,4,2,2,1,1,1,1,1,1,1,1,1,14,6,1,1,30,2,2
44,42,F,12,2015,1420,5,4,2,1,1,2,1,1,1,1,2,1,1,9,6,1,1,35,2,2
19,42,G,3,2015,1445,1,1,2,2,1,1,5,1,1,1,2,2,1,14,4,1,7,40,2,2
19,42,G,6,2015,400,1,4,2,2,1,2,1,1,2,3,1,1,1,9,5,1,1,35,2,2
19,42,F,6,2015,1015,1,1,2,2,1,3,1,1,1,1,5,1,1,14,7,1,1,46,1,2
47,42,F,2,2015,600,3,4,2,1,1,2,1,1,1,1,5,1,1,16,6,1,3,38,2,2
16,42,G,6,2015,1310,1,1,2,1,1,1,1,1,1,1,5,1,1,10,6,1,1, ?,2,1
41,42,G,6,2015,1000,3,4,2,2,1,1,1,1,1,1,5,1,1,7,5,1,2,28,2,1
14,42,F,12,2015,1340,1,3,2,1,1,1,1,1,1,1,1,1,1,9,4,1,7,44,2,2
22,42,F,1,2015,1130,1,4,2,1,1,1,1,1,1,1,1,1,1,9,5,1,1,45,2,2
2,47,F,1,2001,3,1,1,2,2,1,2,1,1,1,3,1,1,2,8,6,1,1, ?,2,2
8,47,F,1,2001,1,1,1,2,2,4,2,2,1,1,1,1,1,2,12,6,1,1,27,2,2
12,47,F,1,2001,2,1,1,2,2,1,1,1,1,1,1,1,1,2,14,6,1,1,30,2,2
12,47,S,1,2001,3,1,1,2,2,1,1,1,1,1,1,1,1,2,10,6,1,1,30,2,2
13,47,F,1,2001,3,1,1,2,2,1,1,1,1,1,1,1,1,2,14,6,1,1,35,2,2
1,40,S,1,2001,3,1,1,2,2,1,1,1,1,1,1,1,1,2,14,6,1,1, ?,2,2
3,40,S,1,2001,4,1,1,2,2,1,4,4,1,1,1,1,1,2,14,6,1,1, ?,2,2
6,40,F,1,2001,3,1,1,2,2,1,1,1,1,1,1,1,1,2,9,6,1,1,33,2,2
6,40,G,1,2001,2,1,1,2,2,1,1,1,1,1,1,1,1,2,14,6,1,1,40,2,2
6,40,G,1,2001,3,1,1,2,2,1,1,1,1,1,1,1,1,2, ?,6,1,1, ?,2,2
6,40,G,1,2001,?,1,1,2,2,1,1,1,1,1,1,1,1,2,14,6,1,1, ?,2,2
4,51,F,1,2001,2,1,1,2,2,1,1,1,1,1,1,2,1,2,9,6,1,1, ?,2,2
12,51,F,1,2001,2,1,1,2,2,1,1,3,1,3,2,3,1,2,19,6,1,1, ?,2,2
4,43,F,1,2001,4,1,1,2,2,1,4,1,1,1,1,1,1,2,9,6,1,1, ?,2,2
5,43,F,1,2001,3,1,1,2,2,1,1,1,1,1,1,1,1,2,9,6,1,1, ?,2,2
1,39,G,1,2001,3,1,1,2,2,1,1,1,1,1,1,3,1,2,14,6,1,1, ?,2,2
3,39,M,1,2001,3,1,1,2,2,1,1,1,1,1,1,1,1,2,9,6,1,1, ?,2,2
1,36,G,1,2001,3,1,1,2,2,1,1,1,1,1,1,3,1,2,14,6,1,1, ?,2,2
3,36,M,1,2001,3,1,1,2,2,1,1,2,1,1,1,2,1,2,9,6,1,1, ?,2,2
1,50,F,1,2001,2,1,1,2,2,1,1,1,1,1,1,1,1,1,14,6,1,1, ?,2,2
2,50,F,1,2001,4,1,1,2,2,1,4,1,1,1,1,1,1,2,14,6,1,1, ?,2,2
3,50,F,1,2001,2,1,1,2,2,1,1,2,1,3,2,3,1,2,9,6,1,1, ?,2,2
5,50,F,1,2001,3,1,1,2,2,1,1,1,1,1,1,2,1,2,9,6,1,1, ?,2,2
5,50,F,1,2001,3,1,1,2,2,1,1,1,1,1,1,2,1,2,8,6,1,1, ?,2,2
12,50,F,1,2001,3,1,1,2,2,1,1,1,1,1,1,3,1,2,9,6,1,1, ?,2,2
1,52,F,1,2001,3,1,1,2,2,1,1,1,1,1,1,3,1,2,9,6,1,1, ?,2,2
2,52,F,1,2001,2,1,1,2,2,1,1,1,1,1,1,3,1,2,8,6,1,1,32,2,2
3,52,F,1,2001,2,1,1,2,2,1,1,1,1,1,1,3,1,2,9,6,1,1,26,2,2
8,52,F,1,2001,3,1,1,2,2,1,1,1,1,1,1,3,1,2,8,6,1,1,28,2,2
6,37,F,1,2001,3,1,1,2,2,1,1,2,1,1,1,3,1,2,9,6,1,1, ?,2,2
4,49,G,1,2001,3,1,1,2,2,1,1,1,1,1,1,3,1,2,6,6,1,1,28,?,?
5,49,F,1,2001,2,1,1,2,2,1,1,1,1,1,1,3,1,2,14,6,1,1, ?,2,2
1,49,F,1,2001,3,1,1,2,2,1,1,1,1,1,1,3,1,1,14,6,1,1, ?,2,2
1,38,F,1,2001,1,1,1,2,2,1,4,1,1,1,1,1,1,2,6,6,1,1,35,2,2
3,46,F,1,2001,2,1,1,2,2,1,1,1,1,1,1,3,1,2,5,6,1,1,27,2,2
5,46,F,1,2001,3,1,1,2,2,1,1,1,1,2,2,3,1,2,14,6,1,1, ?,2,2
6,46,G,1,2001,2,1,1,2,2,1,1,1,1,1,1,1,1,1,12,6,1,1, ?,2,2
1,35,F,1,2001,4,1,1,2,2,1,3,1,1,1,1,2,1,1,8,6,1,1, ?,2,2
4,35,F,1,2001,2,1,1,2,2,1,1,1,1,1,1,2,1,2,9,6,1,1,30,2,2
4,35,S,1,2001,3,1,1,2,2,1,1,1,1,1,1,2,1,2,9,6,1,1, ?,2,2
4,35,F,1,2001,2,1,1,2,2,1,2,2,1,1,1,3,1,2,4,6,1,1,18,2,2
1,44,F,1,2001,3,1,1,2,2,1,1,1,1,1,1,2,1,2,9,6,1,1, ?,2,2
4,44,F,1,2001,3,1,1,2,2,1,1,1,1,1,1,2,1,1,9,6,1,1,30,2,2
5,44,F,1,2001,2,1,1,2,2,1,1,1,1,1,1,1,1,2,8,6,1,1, ?,2,2
5,44,F,1,2001,2,1,1,2,2,1,1,1,1,1,1,1,1,2,9,6,1,1, ?,2,2
5,44,F,1,2001,2,1,1,2,2,1,2,1,1,3,1,3,1,2,14,6,1,1, ?,2,2
6,44,F,1,2001,4,1,1,2,2,1,2,1,1,1,1,1,1,1,14,6,1,1,50,2,2
6,44,F,1,2001,4,1,1,2,2,4,2,1,1,1,1,1,1,2,7,6,1,1, ?,2,2
6,44,F,1,2001,3,1,1,2,2,1,1,1,1,1,1,1,1,1,9,6,1,1, ?,2,2
7,44,F,1,2001,1,1,1,2,2,1,2,1,1,1,1,1,2,2,13,6,1,1, ?,2,2
7,44,F,1,2001,2,1,1,2,2,1,1,2,1,1,1,3,1,1,8,6,1,1, ?,2,2
1,45,F,1,2001,2,1,1,2,2,1,1,1,1,1,1,1,1,1,9,6,1,1, ?,2,2
1,45,F,1,2001,3,1,1,2,2,1,1,1,1,1,1,1,1,2, ?,6,1,1, ?,2,2
2,45,F,1,2001,3,1,1,2,2,1,1,1,1,1,1,1,1,2,8,6,1,1, ?,2,2
4,45,F,1,2001,3,1,1,2,2,1,1,1,1,1,1,3,1,2,9,6,1,1, ?,2,2
4,51,G,1,2001,3,1,1,2,2,1,1,3,1,1,1,2,1,2,9,6,1,1,35,2,2
8,51,F,2,2001,3,1,1,2,2,1,1,1,1,1,1,2,1,2,8,6,1,1, ?,2,2
1,40,G,2,2001,2,1,1,2,2,1,1,1,1,1,1,1,1,2,6,6,1,1, ?,2,2
1,40,G,2,2001,2,1,4,2,2,1,1,1,1,1,1,1,1,1,14,6,1,1, ?,2,2
1,52,F,2,2001,2,1,4,2,2,1,1,1,1,1,1,2,1,1,9,6,1,1, ?,2,2
6,52,F,2,2001,3,1,1,2,2,1,1,1,1,1,1,3,1,2,7,6,1,1, ?,2,2
3,36,G,2,2001,3,1,1,2,2,1,1,1,1,1,1,2,1,2,14,6,1,1, ?,2,2
5,37,F,2,2001,3,1,1,2,2,1,1,1,1,1,1,3,1,2,8,6,1,1,40,2,2
5,37,F,1,2001,3,1,1,2,2,1,1,1,1,1,1,3,1,2,8,6,1,1, ?,2,2
5,43,F,2,2001,3,1,1,2,2,1,1,1,1,1,1,3,1,2,9,6,1,1, ?,2,2
5,43,F,2,2001,3,1,1,2,2,1,1,1,1,1,1,1,1,2,12,6,1,1, ?,2,2
5,43,F,2,2001,4,1,1,2,2,1,4,3,1,1,1,1,1,2,9,6,1,1, ?,2,2
5,43,G,2,2001,4,1,1,2,2,1,2,3,1,1,2,3,4,2,13,6,1,1,33,2,2
5,47,F,2,2001,3,1,1,2,2,1,1,1,1,1,1,3,1,2,9,6,1,1, ?,2,2
6,47,F,2,2001,3,1,1,2,2,1,1,1,1,1,1,3,1,2,6,6,1,1, ?,2,2
7,47,F,2,2001,3,1,1,2,2,1,1,2,1,1,1,1,1,2,9,6,1,1, ?,2,2
1,50,F,2,2001,2,1,1,2,2,1,1,1,1,1,1,1,1,1,12,6,1,1,32,2,2
1,50,F,2,2001,2,1,1,2,2,1,1,1,1,1,1,1,1,1,6,6,1,1, ?,2,2
1,50,F,2,2001,1,1,1,2,2,1,2,1,1,1,1,1,1,2,14,6,1,1, ?,2,2
2,50,F,2,2001,4,1,1,2,2,1,3,1,1,1,1,1,1,1,9,6,1,1, ?,2,2
2,50,F,2,2001,2,1,1,2,2,1,2,1,1,1,1,1,1,2,14,6,1,1,48,2,2
10,50,F,2,2001,2,1,1,2,2,1,1,1,1,1,1,1,1,2,14,6,1,1, ?,2,2
12,50,G,2,2001,4,1,1,2,2,1,4,1,1,1,1,1,1,2,8,6,1,1,30,2,2
1,41,F,1,2001,3,1,1,2,2,1,1,3,1,1,1,3,1,2,6,6,1,1,30,2,2
3,41,F,1,2001,2,1,1,2,2,4,1,1,1,1,1,1,1,2,9,6,1,1, ?,2,2
5,41,F,1,2001,3,1,1,2,2,1,1,1,1,1,1,1,1,2,8,6,1,1,25,2,2
5,41,S,1,2001,3,1,2,2,2,1,1,1,1,1,1,1,1,2,14,6,1,1, ?,2,2
5,41,F,1,2001,4,1,1,2,2,1,4,1,1,1,1,1,1,2,13,6,1,1, ?,2,2
5,41,F,1,2001,2,1,4,2,2,1,1,1,1,1,1,1,1,1,14,6,1,1, ?,2,2
5,41,M,1,2001,3,1,1,2,2,1,1,1,1,1,1,1,1,1,9,6,1,1,45,2,2
5,41,F,1,2001,4,1,1,2,2,1,4,1,2,1,1,1,1,2, ?,6,1,1, ?,2,2
5,41,F,1,2001,4,1,1,2,2,1,4,1,1,1,1,1,1,2, ?,6,1,1, ?,2,2
1,35,F,2,2001,3,1,1,2,2,1,1,1,1,1,1,2,1,2,12,6,1,1, ?,2,2
1,35,G,2,2001,2,1,1,2,2,1,1,1,1,1,1,3,1,2,1,6,1,1,27,2,2
2,35,F,2,2001,2,1,1,2,2,1,1,1,1,1,1,3,1,2,14,6,1,1, ?,2,2
2,35,F,2,2001,3,1,1,2,2,1,1,1,1,1,1,3,1,2,14,6,2,1,29,2,2
1,38,F,2,2001,3,1,1,2,2,1,1,1,1,1,1,1,1,2,9,6,1,1, ?,2,2
1,45,F,2,2001,2,1,1,2,2,1,1,1,1,1,1,2,1,2,14,6,1,1, ?,2,2
1,45,F,2,2001,2,1,1,2,2,1,1,1,1,1,1,1,1,2,9,6,1,1, ?,2,2
1,45,F,2,2001,2,1,1,2,2,1,1,1,1,1,1,1,1,2,9,6,1,1, ?,2,2
1,45,G,2,2001,2,1,1,2,2,1,1,1,1,1,1,1,1,2,12,6,1,1, ?,2,2
1,45,F,2,2001,1,1,1,2,2,1,2,1,1,1,1,1,1,2,9,6,1,1, ?,2,2
2,45,F,2,2001,1,1,1,2,2,1,4,2,1,1,1,3,1,2,6,6,1,1, ?,2,2
4,45,G,1,2001,3,1,1,2,2,1,1,1,1,1,1,3,1,2,14,6,1,1, ?,2,2
5,45,G,2,2001,2,1,1,2,2,1,1,1,1,1,1,1,1,2,8,6,1,1, ?,2,2
6,45,F,2,2001,3,1,1,2,2,1,1,1,1,1,1,1,1,2,14,6,1,1,38,2,2
3,40,F,3,2001,4,1,1,2,2,1,3,1,1,1,1,1,1,2,9,6,1,1,32,2,2
6,40,G,3,2001,3,1,1,2,2,1,1,1,1,1,1,1,1,2,9,6,1,1, ?,2,2
1,45,F,2,2001,4,1,1,2,2,1,4,1,1,1,1,1,1,1,8,6,1,1, ?,2,2
3,46,F,2,2001,3,1,1,2,2,1,1,1,1,1,1,3,1,2,19,6,1,1, ?,2,2
2,36,F,3,2001,4,1,1,2,2,1,4,1,1,1,1,3,1,2,6,6,1,1,30,2,2
4,37,G,3,2001,3,1,1,2,2,1,1,2,1,1,2,3,1,2,9,6,1,1, ?,2,2
5,37,F,3,2001,2,1,1,2,2,1,1,1,1,1,1,3,1,2,8,6,1,1, ?,2,2
1,38,F,3,2001,2,1,1,2,2,1,1,1,1,1,1,1,1,2,9,6,1,1, ?,2,2
1,39,F,2,2001,2,1,1,2,2,4,2,1,1,1,1,2,1,2,8,6,1,1,32,2,2
1,39,F,3,2001,3,1,1,2,2,1,1,1,1,1,1,1,1,2,6,6,1,1, ?,2,2
1,35,G,3,2001,3,1,1,2,2,1,1,1,1,1,1,2,1,2,8,6,1,1,28,2,2
1,35,F,3,2001,3,1,1,2,2,1,1,1,1,1,1,2,1,1,9,6,1,1,35,2,2
1,35,F,3,2001,3,1,1,2,2,1,1,1,1,1,1,2,1,2,9,6,1,1, ?,2,2
1,35,G,3,2001,2,1,1,2,2,4,1,1,1,1,1,2,1,2,14,6,1,1,35,2,2
1,35,F,3,2001,4,1,1,2,2,1,3,1,1,1,1,2,1,2,14,6,1,1, ?,2,2
2,35,F,3,2001,3,1,1,2,2,1,1,1,1,1,1,3,1,2,8,6,1,1, ?,2,2
3,35,S,3,2001,2,1,1,2,2,1,1,1,1,1,1,3,1,2,9,6,1,1,35,2,2
3,35,F,3,2001,2,1,1,2,2,1,1,1,1,1,1,3,1,2,9,6,1,1,30,2,2
4,35,F,2,2001,4,1,1,2,2,1,4,1,1,1,1,1,1,2, ?,6,1,1, ?,2,2
4,35,F,3,2001,3,1,1,2,2,1,1,1,1,1,1,3,1,2,11,6,1,1,40,2,2
4,35,F,3,2001,3,1,1,2,2,1,1,1,1,1,1,3,2,2,14,6,1,1, ?,2,2
4,35,F,3,2001,2,1,1,2,2,1,1,2,1,1,1,2,1,2,14,6,1,1,32,2,2
4,35,F,3,2001,3,1,1,2,2,1,1,1,1,1,1,2,1,2,9,6,1,1,26,2,2
4,35,F,3,2001,4,1,1,2,2,1,4,2,1,3,2,3,1,2,14,6,1,1,49,2,2
5,47,G,3,2001,3,1,1,2,2,1,1,1,1,1,1,1,1,2,14,6,1,1,40,2,2
5,47,F,3,2001,3,1,1,2,2,1,1,1,1,1,1,1,1,2,9,6,1,1, ?,2,2
8,47,F,3,2001,2,1,1,2,2,1,1,1,1,1,1,1,1,2,8,6,1,1,35,2,2
8,47,F,3,2001,3,1,1,2,2,1,1,1,1,1,1,1,1,2,14,6,1,1,35,2,2
9,47,F,3,2001,1,1,1,2,2,1,4,1,1,1,1,1,1,2,9,6,1,1, ?,2,2
12,47,F,3,2001,4,1,1,2,2,1,3,1,1,1,1,1,5,2,14,6,1,1, ?,2,2
12,47,F,3,2001,3,1,1,2,1,1,1,2,1,1,1,1,1,2,9,6,1,1, ?,2,2
12,47,F,3,2001,1,1,1,2,2,1,4,1,1,1,1,1,5,2,14,6,1,1,35,2,2
12,47,F,3,2001,2,1,1,2,2,1,1,1,1,1,1,1,1,2,8,6,1,1, ?,2,2
1,45,F,3,2001,?,1,1,2,2,1,1,1,1,1,1,1,1,1, ?,6,1,1, ?,2,2
1,45,G,3,2001,3,1,1,2,2,1,1,1,1,1,1,1,1,2,9,6,1,1, ?,2,2
1,45,G,3,2001,3,1,1,2,2,1,1,1,1,1,1,3,1,1,14,6,1,1, ?,2,2
4,45,G,2,2001,3,1,1,2,2,1,1,1,1,1,1,2,1,2,6,6,1,1, ?,2,2
6,45,F,3,2001,3,1,1,2,2,1,1,1,1,1,1,1,1,2,4,6,1,1, ?,2,2
2,44,F,2,2001,2,1,1,2,2,1,1,1,1,1,1,3,1,2,14,6,1,1, ?,2,2
3,44,G,2,2001,4,1,1,2,2,1,4,1,1,1,1,1,1,1,14,6,1,1, ?,2,2
4,44,F,2,2001,2,1,1,2,2,1,1,1,1,1,1,2,1,2,9,6,1,1,35,2,2
5,44,F,2,2001,1,1,1,2,2,1,2,1,1,1,1,1,1,2,12,6,1,1, ?,2,2
6,44,F,2,2001,3,1,1,2,2,1,2,1,1,1,1,1,1,2,8,6,1,1, ?,2,2
6,44,F,2,2001,2,1,1,2,2,1,1,3,1,1,1,1,1,2,8,6,1,1, ?,2,2
7,44,F,2,2001,1,1,1,2,2,1,4,1,1,1,1,1,1,2, ?,6,1,1, ?,2,2
6,51,F,2,2001,2,1,1,2,2,1,1,1,1,1,1,3,1,2,8,6,1,1, ?,2,2
7,51,F,3,2001,3,1,1,2,2,1,1,1,1,3,2,3,3,2,17,6,1,1, ?,2,2
8,51,F,3,2001,3,1,1,2,2,1,1,1,1,1,1,2,1,2,8,6,1,1, ?,2,2
8,51,F,3,2001,3,1,1,2,2,1,1,1,1,1,1,2,1,2,8,6,1,1, ?,2,2
3,51,F,3,2001,3,1,1,2,2,1,1,1,1,1,1,2,1,2,10,6,1,1, ?,2,2
12,51,F,2,2001,3,1,1,2,2,1,1,1,1,1,1,2,1,2,9,6,1,1, ?,2,2
12,51,F,3,2001,3,1,1,2,2,1,1,1,1,1,1,3,1,2,14,6,1,1, ?,2,2
1,40,F,4,2001,3,1,1,2,2,1,1,1,1,1,1,1,1,2,8,6,1,1,27,2,2
3,40,F,4,2001,2,1,1,2,2,1,2,1,1,1,1,1,1,2,14,6,1,1, ?,2,2
3,48,F,4,2001,3,1,1,2,2,1,1,1,1,1,1,3,3,2,8,6,1,1,31,2,2
2,43,F,3,2001,1,1,1,2,2,1,4,1,1,1,1,1,1,2, ?,6,1,1, ?,2,2
2,43,F,3,2001,2,1,1,2,2,1,1,3,1,1,1,1,1,2,9,6,1,1, ?,2,2
5,43,F,3,2001,2,1,1,2,2,1,2,1,1,1,1,1,1,2,14,6,1,1, ?,2,2
5,43,F,3,2001,2,1,1,2,2,1,1,1,1,1,1,1,1,2,14,6,1,1, ?,2,2
5,43,F,3,2001,3,1,1,2,2,1,1,1,1,1,1,1,1,2,9,6,1,1,32,2,2
2,43,F,3,2001,4,1,1,2,2,1,2,4,1,1,1,1,1,2,10,6,1,1, ?,2,2
2,36,F,4,2001,2,1,1,2,2,1,1,1,1,1,1,3,1,2,9,6,1,1, ?,2,2
1,50,F,3,2001,1,1,1,2,2,1,2,1,1,1,1,1,1,1,9,6,1,1, ?,2,2
1,50,F,3,2001,2,1,1,2,2,1,1,1,1,1,1,2,1,1,9,6,1,1, ?,2,2
2,50,F,3,2001,2,1,1,2,2,1,2,1,1,1,3,1,1,2,9,6,1,1,40,2,2
4,50,F,3,2001,4,1,1,2,2,1,4,2,1,1,1,3,3,2,14,6,1,1, ?,2,2
7,50,F,3,2001,2,1,1,2,2,1,1,1,1,1,1,1,1,2, ?,6,1,1, ?,2,2
11,50,F,3,2001,3,1,1,2,2,1,1,1,1,1,1,2,1,2,9,6,1,1,35,2,2
1,41,F,2,2001,1,1,1,2,2,1,2,1,1,1,1,1,1,2,14,6,1,1, ?,2,2
1,41,F,2,2001,2,1,1,2,2,1,1,1,1,1,1,1,1,2,14,6,1,1, ?,2,2
1,41,F,3,2001,2,1,1,2,2,1,1,1,1,1,1,1,1,2,14,6,1,1, ?,2,2
1,41,F,3,2001,3,1,1,2,2,1,1,1,1,1,1,1,1,2,14,6,1,1, ?,2,2
3,41,F,3,2001,3,1,1,2,2,1,1,1,1,1,1,1,1,2,8,6,1,1, ?,2,2
3,41,F,3,2001,2,1,1,2,2,1,1,2,1,1,1,1,1,2,14,6,1,1, ?,2,2
5,41,F,2,2001,2,1,1,2,2,1,1,1,1,1,1,1,1,1,9,6,1,1, ?,2,2
5,41,F,2,2001,2,1,1,2,2,1,1,1,1,1,1,2,1,1,14,6,1,1, ?,2,2
5,41,F,2,2001,1,1,1,2,2,1,4,1,1,1,1,1,1,2,9,6,1,1, ?,2,2
5,41,F,2,2001,1,1,1,2,2,1,4,1,1,1,1,2,1,2,14,6,1,1,30,2,2
5,41,M,2,2001,1,1,1,2,2,1,4,1,1,1,1,2,1,2,14,6,1,1, ?,2,2
5,41,G,3,2001,1,1,1,2,2,1,2,1,1,1,1,2,1,2,9,6,1,1,38,2,2
5,41,F,3,2001,4,1,1,2,2,1,3,1,1,1,1,2,1,1,9,6,1,1, ?,2,2
5,41,F,3,2001,3,1,1,2,2,1,1,1,1,1,1,2,1,2,7,6,1,1, ?,2,2
5,41,F,3,2001,3,1,1,2,2,1,1,1,1,1,1,1,1,2,9,6,1,1, ?,2,2
5,41,F,3,2001,2,1,1,2,2,1,2,1,1,1,1,1,1,2,9,6,1,1, ?,2,2
1,47,F,3,2001,1,1,1,2,2,1,4,1,1,1,1,1,1,1,14,6,1,1, ?,2,2
8,47,F,4,2001,4,1,1,2,2,1,2,1,1,1,1,1,1,2,14,6,1,1, ?,2,2
9,47,F,4,2001,2,1,1,2,2,1,1,1,1,1,1,3,1,1,9,6,1,1, ?,2,2
10,52,F,4,2001,3,1,1,2,2,1,2,1,1,1,1,3,1,2,2,6,1,1, ?,2,2
5,43,S,4,2001,1,1,1,2,2,1,4,1,1,1,1,1,1,2,9,6,1,1,29,2,2
5,43,F,4,2001,3,1,1,2,2,1,1,3,1,1,1,1,1,2,9,6,1,1, ?,2,2
5,37,F,4,2001,2,1,1,2,2,1,1,1,1,1,1,3,1,2,9,6,1,1, ?,2,2
1,51,F,4,2001,4,1,1,2,2,1,4,1,1,1,1,2,1,2,14,6,1,1, ?,2,2
3,51,F,2,2001,3,1,1,2,2,1,1,1,1,1,1,3,1,2,9,6,1,1, ?,2,2
3,51,F,3,2001,3,1,1,2,2,1,1,1,1,1,1,3,1,2,10,6,1,1, ?,2,2
1,38,F,4,2001,3,1,1,2,2,1,1,1,1,1,1,1,1,2,14,6,1,1, ?,2,2
4,38,F,4,2001,?,1,1,2,2,1,4,1,1,1,1,3,1,2, ?,6,1,1, ?,2,2
1,45,G,4,2001,3,1,1,2,2,1,1,1,1,1,1,1,1,2,4,6,1,1, ?,2,2
1,45,F,4,2001,4,1,1,2,2,1,4,1,1,1,1,1,1,2, ?,6,1,1, ?,2,2
4,45,F,4,2001,2,1,1,2,2,1,1,1,1,1,1,3,1,2,14,6,1,1, ?,2,2
1,35,F,4,2001,2,1,1,2,2,1,1,1,1,1,1,3,1,2,8,6,1,1, ?,2,2
2,35,F,4,2001,2,1,1,2,2,1,1,1,1,2,2,3,1,2,8,6,1,1, ?,2,2
2,35,F,4,2001,2,1,1,2,2,1,1,3,1,1,1,3,1,2,17,6,1,1, ?,2,2
3,35,G,4,2001,2,1,1,2,2,1,1,2,1,1,1,3,1,2,9,6,1,1,35,2,2
4,35,S,4,2001,3,1,1,2,2,1,1,2,1,1,1,2,1,2,9,6,1,1, ?,2,2
4,35,F,4,2001,3,1,1,2,2,1,1,1,1,1,1,1,1,2,13,6,1,1,24,2,2
1,50,F,4,2001,2,1,1,2,2,1,1,2,1,1,1,3,1,1,9,6,1,1, ?,2,2
11,50,F,4,2001,3,1,1,2,2,1,1,1,1,1,1,2,1,2,13,6,1,1, ?,2,2
12,50,F,4,2001,2,1,1,2,2,1,1,1,1,1,1,1,1,2,8,6,1,1,42,2,2
4,36,G,5,2001,2,1,1,2,2,1,1,1,1,1,1,3,2,2,11,6,1,1, ?,2,2
1,49,F,2,2001,4,1,1,2,2,1,3,3,5,2,2,2,3,2,14,6,1,1,28,2,2
1,49,F,3,2001,1,1,1,2,2,4,2,1,2,1,1,1,1,2,14,6,1,1, ?,2,2
1,49,F,4,2001,3,1,1,2,2,1,1,1,1,1,1,2,1,2,7,6,1,1, ?,2,2
1,49,S,4,2001,2,1,1,2,2,1,1,2,5,3,3,3,1,2,9,6,1,1, ?,2,2