Thana,District,Accident_Severity,Month,Year,Time,Junction_Type,Traffic_Control,Movement,Divider,Weather,Light,Road_Geometry,Surface_Condition,Surface_Type,Surface_Quality,Road_Class,Road_Feature,Location_Type,Vehicle_Type,Vehicle_Movement,Vehicle_Loading,Vehicle_Defect,Vehicle_Driver_Age,Vehicle_Alcohol,Vehicle_Seat_Belt
1,49,F,5,2001,3,1,1,2,2,1,1,1,1,1,1,2,1,1,14,6,1,1, ?,2,2
2,49,F,4,2001,3,1,1,2,2,1,1,1,1,1,1,3,1,2,14,6,1,1, ?,2,2
4,49,G,4,2001,3,1,1,2,2,1,1,1,1,1,1,3,1,2,14,6,1,1, ?,2,2
1,44,F,3,2001,4,1,1,2,2,1,3,1,1,1,1,2,1,1,4,6,1,1, ?,2,2
3,44,F,3,2001,?,1,1,2,2,1,1,1,1,1,1,1,1,2,14,6,1,1, ?,2,2
7,44,F,3,2001,1,1,1,2,2,1,2,2,1,1,1,1,1,2,14,6,1,1, ?,2,2
7,44,F,3,2001,2,1,1,2,2,1,1,1,1,1,1,1,1,2,9,6,1,1, ?,2,2
1,50,G,5,2001,4,1,1,2,2,1,2,1,1,1,1,1,1,1,10,6,1,1,22,2,2
1,50,F,5,2001,2,1,1,2,2,1,1,1,1,1,1,1,1,2,8,6,1,1, ?,2,2
2,50,G,5,2001,2,1,1,2,2,1,1,1,1,1,1,1,1,2,14,6,1,1, ?,2,2
2,50,G,5,2001,3,1,1,2,2,1,1,1,1,1,1,1,1,2,6,10,1,1,30,2,2
4,50,G,5,2001,2,1,1,2,2,1,1,1,1,1,1,3,1,2,19,6,1,1, ?,2,2
5,50,F,5,2001,3,1,1,2,2,1,1,1,1,1,1,2,1,2,14,6,1,1, ?,2,2
5,50,F,5,2001,4,1,1,2,2,1,4,1,1,1,1,2,1,2,14,6,1,1, ?,2,2
10,50,F,5,2001,4,1,1,2,2,1,2,1,1,1,1,3,1,2,19,6,1,1, ?,2,2
11,50,F,5,2001,2,1,1,2,2,1,1,1,1,1,1,2,1,2,14,6,1,1, ?,2,2
12,50,F,5,2001,3,1,1,2,2,1,1,1,1,1,1,1,1,2,8,6,1,1, ?,2,2
1,47,G,5,2001,2,1,1,2,2,1,1,1,1,1,1,1,1,1,9,6,1,1,40,2,2
1,47,S,5,2001,3,1,1,2,2,1,1,1,1,1,1,1,1,1,8,6,1,1, ?,2,2
2,47,F,5,2001,1,1,1,2,2,1,4,1,1,1,1,1,1,2,14,6,1,1, ?,2,2
3,47,F,5,2001,3,1,1,2,2,1,1,1,1,1,1,3,1,2,14,6,1,1, ?,2,2
5,47,F,5,2001,3,1,1,2,2,1,1,1,1,1,1,1,1,2,9,6,1,1, ?,2,2
5,47,F,5,2001,3,1,1,2,2,1,1,1,1,1,1,3,1,2,9,6,1,1, ?,2,2
9,47,F,5,2001,4,1,1,2,2,2,3,1,2,1,3,1,1,2,14,6,1,1, ?,2,2
9,47,F,5,2001,4,1,1,2,2,1,4,1,1,1,1,1,1,2,14,6,1,1, ?,2,2
12,47,F,5,2001,2,1,1,2,2,1,1,1,1,1,1,1,5,2,9,6,1,1, ?,2,2
12,47,F,5,2001,4,1,1,2,2,1,1,1,1,1,1,1,2,2,9,6,1,1,40,2,2
3,39,G,5,2001,1,1,1,2,2,1,4,1,1,1,1,1,1,2,14,6,1,1, ?,2,2
2,43,F,5,2001,2,1,1,2,2,1,1,1,1,1,1,1,1,2,9,6,1,1, ?,2,2
2,43,G,5,2001,1,1,1,2,2,1,4,1,1,1,1,1,2,2,9,6,1,1, ?,2,2
4,43,F,5,2001,3,1,1,2,2,1,1,1,1,1,1,1,3,2,7,6,1,1, ?,2,2
5,43,F,5,2001,2,1,1,2,2,1,1,1,1,1,1,1,1,2,9,6,1,1, ?,2,2
5,43,F,5,2001,4,1,1,2,2,2,2,1,2,1,1,1,1,2,9,6,1,1, ?,2,2
3,37,F,5,2001,3,1,1,2,2,1,1,1,1,1,1,3,1,2,8,6,1,1, ?,2,2
1,36,F,6,2001,2,1,1,2,2,1,1,1,1,1,1,3,1,2,9,6,1,1, ?,2,2
3,36,G,6,2001,1,1,1,2,2,1,4,1,1,1,1,2,2,2,14,6,2,1, ?,2,2
4,47,F,6,2001,3,1,1,2,2,1,1,1,1,1,1,3,1,2,9,6,1,1,30,2,2
4,47,F,6,2001,1,1,1,2,2,1,4,3,1,2,3,1,1,2,14,6,1,1, ?,2,2
9,47,F,6,2001,2,1,1,2,2,1,1,1,1,1,1,1,1,2,8,6,1,1, ?,2,2
1,52,F,6,2001,2,1,1,2,2,1,1,1,1,1,1,3,1,2,9,6,1,1,38,2,2
2,38,F,5,2001,4,1,1,2,2,1,1,1,1,1,1,3,1,2,14,6,1,1,40,2,2
1,38,F,6,2001,3,1,1,2,2,1,1,1,1,1,1,1,1,2,14,6,1,1,40,2,2
1,38,G,6,2001,3,1,1,2,2,2,1,1,2,1,1,1,1,2,9,6,1,1, ?,2,2
1,38,F,6,2001,3,1,1,2,2,1,1,1,1,1,1,1,1,2,9,6,1,1, ?,2,2
6,38,F,6,2001,3,1,1,2,2,1,1,1,1,1,1,1,1,2,9,6,1,1, ?,2,2
1,50,M,6,2001,4,1,1,2,2,1,3,1,1,1,1,1,1,2,8,6,1,1, ?,2,2
2,50,F,6,2001,4,1,1,2,2,1,4,1,1,1,1,1,1,2,9,6,1,1,45,2,2
5,50,F,6,2001,3,1,1,2,2,1,1,1,1,1,1,3,1,2,8,6,1,1, ?,2,2
10,50,G,5,2001,3,1,1,2,2,1,1,1,1,1,1,1,1,2,6,6,1,1, ?,2,2
10,50,F,6,2001,3,1,1,2,1,1,1,1,1,1,1,1,1,2,7,6,1,1, ?,2,2
13,50,F,6,2001,3,1,1,2,2,1,1,1,1,1,1,3,1,2,8,6,1,1, ?,2,2
1,50,F,7,2001,2,1,1,2,2,1,2,2,1,1,1,1,1,2,14,3,1,1, ?,2,2
2,50,F,7,2001,3,1,1,2,2,1,2,1,1,1,1,1,1,2,8,6,1,1,30,2,2
4,50,F,7,2001,3,1,1,2,2,1,1,1,1,1,1,3,1,2,17,6,1,1, ?,2,2
12,50,F,7,2001,3,1,1,2,2,1,1,1,1,1,1,1,1,1,14,6,1,1,28,2,2
12,50,F,7,2001,3,1,3,2,2,1,1,1,1,1,1,1,1,2,14,6,1,1, ?,2,2
1,40,F,8,2001,3,1,1,2,2,1,1,1,1,1,1,3,1,2,9,6,1,1, ?,2,2
3,40,F,8,2001,4,1,1,2,2,1,4,1,1,1,1,1,1,2,14,6,1,1, ?,2,2
6,40,F,8,2001,2,1,1,2,2,1,1,1,1,1,1,1,1,2,14,6,1,1, ?,2,2
1,45,F,5,2001,3,1,1,2,2,1,1,1,1,1,1,1,1,2,9,6,1,1, ?,2,2
1,45,F,5,2001,2,1,1,2,2,1,1,1,1,1,1,1,1,1,14,6,1,1, ?,2,2
2,45,G,5,2001,2,1,1,2,2,2,1,2,2,1,1,1,1,2,9,6,1,1, ?,2,2
1,45,F,5,2001,4,1,1,2,2,1,3,1,1,1,1,1,1,1,9,6,1,1, ?,2,2
1,45,F,6,2001,2,1,1,2,2,1,1,1,1,1,1,3,1,1,14,6,1,1, ?,2,2
2,45,G,6,2001,4,1,1,2,2,1,4,5,1,1,1,1,2,2,7,6,1,1,35,2,2
2,45,F,6,2001,3,1,1,2,2,1,1,1,1,1,1,1,1,2,9,6,1,1,31,2,2
2,45,F,7,2001,2,1,1,2,2,1,1,1,1,1,1,3,1,2,5,6,1,1, ?,2,2
3,45,G,5,2001,4,1,1,2,2,1,1,1,1,1,1,3,1,2,7,6,1,1,40,2,2
3,45,F,6,2001,3,1,1,2,2,1,1,1,1,1,1,3,1,2,8,6,1,1,30,2,2
1,35,G,5,2001,3,1,1,2,2,1,1,1,1,1,1,2,1,2,7,6,1,1,40,2,2
1,35,G,5,2001,3,1,1,2,2,1,2,1,1,1,1,2,1,2,10,6,1,1, ?,2,2
1,35,G,5,2001,2,1,1,2,2,1,1,1,1,1,1,2,1,2,9,6,1,1, ?,2,2
3,35,G,5,2001,2,1,1,2,2,1,1,1,1,1,1,3,1,2,9,6,1,1,35,2,2
4,35,G,5,2001,2,1,1,2,2,1,1,1,1,1,1,1,1,2,13,6,1,1, ?,2,2
1,38,F,7,2001,3,1,1,2,2,1,1,1,1,1,1,1,1,2,9,6,1,1, ?,2,2
1,38,F,7,2001,3,1,1,2,1,1,1,1,1,1,1,1,1,2,10,6,1,1, ?,2,2
3,38,F,7,2001,4,1,1,2,2,1,4,1,1,1,1,3,1,2,9,6,1,1, ?,2,2
6,38,F,7,2001,3,1,1,2,2,1,1,1,1,1,1,1,1,2,12,6,1,1,31,2,2
6,38,F,7,2001,3,1,1,2,2,1,1,1,1,1,1,3,2,2,9,6,1,1, ?,2,2
1,35,G,6,2001,4,1,1,2,2,1,4,1,1,1,1,2,1,2,14,6,1,1,42,2,2
1,35,G,6,2001,2,1,1,2,2,1,1,1,1,1,1,2,1,2,8,6,1,1,28,2,2
1,35,G,6,2001,2,1,1,2,2,1,1,1,1,1,1,1,1,2,8,6,1,1,20,2,2
1,35,F,6,2001,4,1,1,2,2,1,1,1,1,1,1,3,1,2,6,6,1,1,25,2,2
1,35,F,6,2001,3,1,1,2,2,1,1,1,1,1,1,3,1,2,9,6,1,1, ?,2,2
2,35,F,6,2001,2,1,1,2,2,1,1,1,1,1,3,3,1,2,4,6,1,1, ?,2,2
5,37,F,7,2001,2,1,1,2,2,1,1,5,1,1,1,3,1,2,4,6,1,1, ?,2,2
6,37,G,7,2001,3,1,1,2,2,1,1,1,1,1,1,3,1,2,9,6,1,1, ?,2,2
3,36,G,7,2001,2,1,1,2,2,1,1,1,1,1,1,3,1,2,14,6,1,1, ?,2,2
4,36,F,7,2001,2,1,1,2,2,1,1,1,1,1,1,1,1,2,10,6,1,1, ?,2,2
4,36,F,7,2001,3,1,1,2,2,1,1,1,1,1,1,3,1,2,9,6,1,1, ?,2,2
3,52,F,6,2001,3,1,1,2,2,1,1,1,1,1,1,3,1,2,9,6,1,1, ?,2,2
1,47,F,7,2001,2,1,1,2,2,2,1,1,2,1,1,1,1,1,14,6,1,1, ?,2,2
3,47,F,7,2001,3,1,1,2,2,1,1,1,1,1,1,3,1,2,8,6,1,1, ?,2,2
9,47,F,7,2001,1,1,1,2,2,1,4,1,1,1,1,1,1,2,9,6,1,1, ?,2,2
12,47,F,7,2001,3,1,1,2,2,1,1,1,1,1,1,1,2,2,9,6,1,1, ?,2,2
12,47,F,7,2001,4,1,1,2,2,2,4,1,2,1,1,1,1,2,9,6,1,1, ?,2,2
6,48,F,5,2001,3,1,1,2,2,1,1,1,1,1,1,3,1,2,6,6,1,1,35,2,2
1,43,F,7,2001,3,1,1,2,2,1,1,1,1,1,1,3,1,2,14,6,1,1, ?,2,2
2,43,G,6,2001,2,1,1,2,2,1,1,1,1,1,1,1,1,2,4,6,1,1, ?,2,2
2,43,F,6,2001,3,1,1,2,2,1,1,1,1,1,1,1,1,2,14,6,1,1, ?,2,2
2,43,F,6,2001,1,1,1,2,2,2,2,2,1,1,1,1,1,2,14,6,1,1, ?,2,2
5,43,F,6,2001,3,1,1,2,2,1,1,1,1,1,1,1,1,2,9,6,1,1, ?,2,2
1,50,F,8,2001,2,1,1,2,2,1,1,1,1,1,1,1,1,2,14,6,?,?, ?,2,2
1,50,F,8,2001,3,1,1,2,2,1,1,1,1,1,1,1,1,1,9,6,1,1, ?,2,2
6,50,F,3,2001,4,1,1,2,2,1,2,1,1,1,1,3,1,2,14,6,1,1, ?,2,2
9,50,F,8,2001,2,1,1,2,2,1,1,1,1,1,1,2,1,2,9,6,1,1, ?,2,2
10,50,F,8,2001,2,1,1,2,2,1,1,1,1,1,1,1,1,2,5,6,1,1, ?,2,2
11,50,F,8,2001,3,1,1,2,2,1,1,1,1,1,1,3,1,2,9,6,1,1, ?,2,2
2,43,F,8,2001,2,1,1,2,2,1,1,1,1,1,1,1,1,2,14,6,1,1, ?,2,2
2,43,F,8,2001,2,1,1,2,2,1,1,1,1,1,1,1,1,2,9,6,1,1,40,2,2
5,43,G,8,2001,4,1,1,2,2,1,2,1,1,1,1,3,2,2,8,6,1,1,22,2,2
5,43,F,8,2001,3,1,1,2,2,1,1,1,1,1,1,1,1,2,9,6,1,1, ?,2,2
1,36,F,8,2001,3,1,1,2,2,1,1,1,1,1,1,3,1,2,9,6,1,1,40,2,2
3,36,F,8,2001,3,1,1,2,2,2,1,2,2,1,1,3,1,2,14,6,1,1, ?,2,2
1,35,F,7,2001,3,1,1,2,2,1,1,1,1,1,1,2,1,2,13,6,1,1, ?,2,2
2,35,S,7,2001,3,1,1,2,2,2,1,2,2,1,3,3,1,2,9,6,1,1, ?,2,2
4,35,F,7,2001,2,1,1,2,2,1,1,1,1,1,1,2,1,2, ?,6,1,1, ?,2,2
1,47,F,8,2001,2,1,1,2,2,1,1,1,1,1,1,1,1,1,9,6,1,1,38,2,2
1,47,F,8,2001,2,1,1,2,2,1,2,1,1,1,1,1,1,1,14,6,1,1,40,2,2
1,47,F,8,2001,3,1,1,2,2,1,2,1,1,1,1,1,1,2,9,6,1,1, ?,2,2
4,47,F,8,2001,3,1,1,2,2,1,1,1,1,1,1,3,1,2,12,6,1,1,35,2,2
5,47,G,8,2001,3,1,1,2,2,1,1,1,1,1,1,1,1,2,9,6,1,1, ?,2,2
9,47,F,8,2001,4,1,1,2,2,1,1,1,1,1,1,1,1,2,9,6,1,1, ?,2,2
12,47,F,8,2001,4,1,1,2,2,2,4,1,2,1,1,1,1,2,9,6,1,1, ?,2,2
12,47,G,8,2001,2,1,1,2,2,1,1,1,1,1,1,1,1,2,14,6,1,1, ?,2,2
12,47,F,8,2001,1,1,1,2,2,1,4,1,1,1,1,1,1,2,14,6,1,1, ?,2,2
1,45,F,7,2001,4,1,1,2,2,1,4,1,1,1,1,1,1,2,14,6,1,1, ?,2,2
3,45,F,7,2001,3,1,1,2,2,1,1,1,1,1,1,3,1,2,19,6,1,1, ?,2,2
5,45,F,7,2001,3,1,1,2,2,1,1,1,1,1,1,1,1,2,6,6,1,1, ?,2,2
6,45,F,7,2001,1,1,1,2,2,1,2,1,1,1,1,1,1,2,12,6,1,1, ?,2,2
4,35,F,7,2001,3,1,1,2,2,1,1,1,1,1,1,2,1,2, ?,6,1,1, ?,2,2
4,35,F,8,2001,3,1,1,2,2,1,1,1,1,1,1,2,1,2,9,6,1,1, ?,2,2
5,37,F,8,2001,3,1,1,2,2,1,1,1,1,1,1,3,1,2,8,6,1,1, ?,2,2
6,38,F,8,2001,1,1,1,2,2,2,2,1,2,1,1,1,2,2,13,6,1,1, ?,2,2
4,35,F,9,2001,3,1,1,2,2,1,1,1,1,1,1,1,1,2, ?,6,1,1, ?,2,2
3,39,F,9,2001,3,1,1,2,2,1,1,1,1,1,1,1,1,2,12,6,1,1, ?,2,2
1,36,F,9,2001,2,1,1,2,2,1,1,1,1,1,1,1,1,2,9,6,1,1, ?,2,2
2,43,F,9,2001,3,1,1,2,2,1,1,1,1,1,1,1,1,2,14,6,1,1, ?,2,2
2,43,F,9,2001,2,1,1,2,2,1,1,1,1,1,1,1,1,2,8,6,1,1, ?,2,2
5,43,G,9,2001,4,1,1,2,2,1,4,1,1,1,1,1,1,2,8,6,1,1, ?,2,2
5,43,G,9,2001,2,1,1,2,2,1,1,1,1,1,1,1,2,2,8,6,1,1, ?,2,2
5,43,G,9,2001,2,1,1,2,2,1,1,1,1,1,1,1,3,2,10,6,1,1, ?,2,2
5,43,F,9,2001,2,1,1,2,2,1,1,1,1,1,1,1,1,2,14,6,1,1, ?,2,2
5,43,G,9,2001,2,1,1,2,2,1,1,1,1,1,1,1,1,2,8,6,1,1, ?,2,2
5,43,F,9,2001,2,1,1,2,2,1,1,1,1,1,1,3,1,2,9,6,1,1, ?,2,2
1,45,F,7,2001,?,1,1,2,2,1,1,1,1,1,1,1,1,2,9,6,1,1, ?,2,2
1,45,F,8,2001,2,1,1,2,2,1,1,1,1,1,1,3,1,2,9,6,1,1, ?,2,2
4,45,F,8,2001,3,1,1,2,2,1,1,1,1,1,1,3,1,2,9,6,1,1, ?,2,2
4,45,F,8,2001,?,1,1,2,2,1,1,1,1,1,1,3,1,2,14,6,1,1, ?,2,2
6,45,G,7,2001,4,1,1,2,2,1,2,1,1,1,1,3,1,2,8,6,1,1, ?,2,2
6,45,F,8,2001,2,1,1,2,2,1,1,1,1,1,1,1,1,2,8,6,1,1,35,2,2
1,50,G,9,2001,4,1,1,2,2,1,2,1,1,1,1,3,1,2,9,6,2,1, ?,2,2
2,50,F,9,2001,1,1,1,2,2,1,4,1,1,1,1,1,1,2,14,6,1,1, ?,2,2
4,50,G,9,2001,4,1,1,2,2,1,4,1,1,1,1,2,1,2,14,6,1,1, ?,2,2
7,50,F,9,2001,2,1,1,2,2,1,1,1,1,1,1,2,1,2,9,6,1,1, ?,2,2
10,50,F,9,2001,2,1,1,2,2,1,1,1,1,1,1,1,1,2,14,6,1,1, ?,2,2
12,50,F,9,2001,1,1,1,2,2,1,4,1,1,1,1,1,1,1,14,6,1,1,35,2,2
12,50,F,9,2001,4,1,1,2,2,1,4,1,1,1,1,1,1,2,9,6,1,1, ?,2,2
12,50,F,9,2001,2,1,1,2,2,1,1,1,1,1,1,1,1,2,9,6,2,1, ?,2,2
5,47,F,9,2001,3,1,1,2,2,1,1,1,1,1,1,1,1,2,11,6,1,1, ?,2,2
7,47,G,9,2001,3,1,1,2,2,1,1,1,1,1,1,3,1,2,6,6,1,1, ?,2,2
8,47,F,9,2001,2,1,1,2,2,2,1,2,2,1,1,1,3,2,11,6,1,1, ?,2,2
9,47,F,9,2001,4,1,1,2,2,1,4,1,1,1,1,1,2,2,14,6,1,1, ?,2,2
12,47,M,9,2001,3,1,1,2,2,1,1,1,1,1,1,1,1,2,9,6,1,1, ?,2,2
1,41,F,4,2001,4,1,1,2,2,1,2,1,1,1,1,1,1,2, ?,6,1,1, ?,2,2
1,41,F,4,2001,4,1,1,2,2,1,4,1,1,1,1,1,1,2, ?,6,1,1, ?,2,2
1,41,F,4,2001,4,1,1,2,2,1,4,1,1,1,1,1,1,2,9,6,1,1, ?,2,2
1,41,F,4,2001,4,1,1,2,2,1,4,1,1,1,1,1,1,2,9,6,1,1, ?,2,2
5,41,G,4,2001,2,1,1,2,2,1,1,1,1,1,1,2,1,2,9,6,1,1, ?,2,2
5,41,F,4,2001,4,1,1,2,2,1,4,1,1,1,1,1,1,2,14,6,1,1, ?,2,2
1,41,F,5,2001,3,1,1,2,2,1,1,1,1,1,1,1,1,2,9,6,1,1, ?,2,2
1,41,F,5,2001,2,1,1,2,2,1,1,1,1,1,1,1,1,2, ?,6,1,1, ?,2,2
3,41,F,5,2001,3,1,1,2,2,1,1,1,1,1,1,1,1,2,8,6,1,1,30,2,2
4,41,F,5,2001,3,1,1,2,2,1,1,1,1,1,1,3,1,2,4,6,1,1, ?,2,2
5,41,G,5,2001,4,1,1,2,2,1,4,1,1,1,1,1,1,2,10,6,1,1, ?,2,2
5,41,M,5,2001,3,1,1,2,2,1,1,1,1,1,1,1,1,1,9,6,1,1, ?,2,2
5,41,F,5,2001,4,1,1,2,2,2,2,1,2,1,1,1,1,2,9,6,1,1, ?,2,2
5,41,F,5,2001,4,1,1,2,2,2,2,1,1,1,1,1,1,2,9,6,1,1, ?,2,2
5,41,F,5,2001,3,1,1,2,2,1,1,1,1,1,1,1,1,2,14,6,1,1, ?,2,2
5,41,F,5,2001,4,1,1,2,2,1,2,1,1,1,1,1,1,2,14,6,1,1, ?,2,2
5,41,F,5,2001,3,1,1,2,2,1,1,1,1,1,1,1,1,1, ?,6,1,1, ?,2,2
5,41,F,5,2001,3,1,1,2,2,1,1,1,1,1,1,1,1,1,10,6,1,1,30,2,2
1,41,F,6,2001,3,1,1,2,2,1,1,1,1,1,1,1,1,2,9,6,1,1, ?,2,2
1,41,F,6,2001,3,1,1,2,2,1,1,1,1,1,1,1,1,2,9,6,1,1, ?,2,2
1,41,F,6,2001,3,1,1,2,2,1,1,1,1,1,1,1,1,2,9,6,1,1, ?,2,2
5,41,F,6,2001,2,1,1,2,2,1,1,1,1,1,1,2,1,2,14,6,1,1, ?,2,2
5,41,F,6,2001,3,1,1,2,2,2,1,1,2,1,1,1,1,1,9,6,1,1, ?,2,2
5,41,F,6,2001,2,1,1,2,2,1,1,1,1,1,1,1,1,1,9,6,1,1,35,2,2
5,41,F,6,2001,3,1,1,2,2,1,1,2,1,1,1,2,1,2,9,6,1,1, ?,2,2
5,41,F,6,2001,3,1,1,2,2,1,1,1,1,1,1,1,1,2,9,6,1,1, ?,2,2
5,41,F,6,2001,1,1,1,2,2,1,4,1,1,1,1,2,1,1,9,6,1,1, ?,2,2
4,47,F,10,2001,4,1,1,2,2,1,2,1,1,1,1,1,1,2,9,6,1,1, ?,2,2
5,47,S,10,2001,2,1,1,2,2,1,1,1,1,1,1,1,1,1,9,6,1,1,42,2,2
7,47,F,10,2001,2,1,1,2,2,1,1,2,1,1,1,1,1,2,8,6,1,1,27,2,2
9,47,F,10,2001,2,1,1,2,2,1,1,1,1,1,1,3,1,2,13,6,1,1, ?,2,2
12,47,G,10,2001,2,1,1,2,2,1,1,1,1,1,1,1,1,2,9,6,1,1, ?,2,2
1,35,F,10,2001,3,1,1,2,2,1,1,1,1,1,1,3,1,2,9,6,1,1, ?,2,2
1,38,F,9,2001,3,1,1,2,2,1,1,1,1,1,1,1,1,2,9,6,1,1, ?,2,2
1,38,F,10,2001,3,1,1,2,2,1,1,1,1,1,1,1,1,2,9,6,1,1, ?,2,2
1,38,F,10,2001,2,1,1,2,2,1,2,1,1,1,1,1,1,2,9,6,1,1, ?,2,2
4,38,F,10,2001,3,1,1,2,2,1,1,1,1,1,1,3,1,2,7,6,1,1, ?,2,2
4,38,F,10,2001,4,1,1,2,2,1,1,2,1,1,1,3,1,2,13,6,1,1, ?,2,2
6,38,F,10,2001,2,1,1,2,2,1,1,1,1,1,1,1,1,2,9,6,1,1, ?,2,2
6,38,F,10,2001,3,1,1,2,2,1,1,1,1,1,2,3,1,2,14,6,1,1, ?,2,2
6,38,G,10,2001,2,1,1,2,2,1,1,1,1,1,1,1,1,2,9,6,1,1, ?,2,2
1,45,G,8,2001,2,1,1,2,2,1,1,1,1,1,1,3,1,1,10,6,1,1, ?,2,2
1,45,G,9,2001,3,1,1,2,2,1,1,1,1,1,1,1,1,2,9,6,1,1, ?,2,2
6,45,F,9,2001,2,1,1,2,2,1,1,1,1,1,1,1,1,2,8,6,1,1,33,2,2
6,45,G,9,2001,2,1,1,2,2,1,1,1,1,1,1,3,1,2,8,6,1,1,38,2,2
1,45,F,10,2001,3,1,1,2,2,1,1,1,1,1,1,2,1,2,8,6,1,1, ?,2,2
3,37,G,10,2001,3,1,1,2,2,1,1,1,1,1,1,3,1,2,9,6,1,1, ?,2,2
1,36,S,11,2001,2,1,1,2,2,1,1,1,1,1,1,3,1,2,9,6,1,1, ?,2,2
2,36,F,11,2001,2,1,1,2,2,1,1,1,1,1,1,1,1,2,12,6,1,1, ?,2,2
4,36,F,11,2001,3,1,1,2,2,1,1,1,1,1,1,1,1,2,14,6,1,1, ?,2,2
4,36,F,11,2001,1,1,1,2,2,4,4,1,1,1,2,1,1,2,9,6,1,1, ?,2,2
4,36,F,11,2001,3,1,1,2,2,1,1,1,1,1,1,1,1,2,9,6,1,1, ?,2,2
1,38,G,11,2001,4,1,1,2,2,1,4,1,1,1,1,1,1,2,9,6,1,1, ?,2,2
1,38,F,11,2001,2,1,1,2,2,1,1,1,1,1,1,1,1,2,9,6,1,1, ?,2,2
6,38,F,11,2001,4,1,1,2,2,1,4,1,1,1,1,1,1,2,19,6,1,1, ?,2,2
6,38,F,11,2001,2,1,1,2,2,1,1,2,1,1,1,1,1,2,9,6,1,1, ?,2,2
7,38,F,11,2001,4,1,1,2,2,1,4,1,1,1,1,3,1,2,14,6,1,1, ?,2,2
8,38,F,11,2001,4,1,1,2,2,1,4,1,1,1,1,3,1,2, ?,6,1,1, ?,2,2
1,45,F,12,2001,3,1,1,2,2,1,1,1,1,1,1,1,1,2,9,6,1,1, ?,2,2
6,45,F,11,2001,2,1,1,2,2,1,2,1,1,1,1,1,1,2,14,6,1,1, ?,2,2
5,47,F,11,2001,3,1,1,2,2,1,1,1,1,1,1,1,1,2,9,6,1,1, ?,2,2
5,47,F,11,2001,?,?,?,2,2,1,1,1,1,1,1,1,1,2,9,6,1,1,35,2,2
7,47,F,11,2001,3,1,1,2,2,1,1,1,1,1,1,1,1,2,14,6,1,1, ?,2,2
9,47,F,11,2001,3,1,1,2,2,1,1,1,1,1,1,1,1,2,14,6,1,1, ?,2,2
9,47,F,11,2001,4,1,1,2,2,1,2,1,1,1,1,1,1,2,9,6,1,1, ?,2,2
9,47,F,11,2001,2,1,1,2,2,1,1,1,1,1,1,1,1,2,9,6,1,1, ?,2,2
11,47,F,11,2001,3,1,1,2,2,1,1,1,1,1,1,3,1,2,9,6,1,1, ?,2,2
3,43,F,11,2001,3,1,1,2,2,1,1,1,1,1,1,1,1,1,9,6,1,1, ?,2,2
6,43,F,11,2001,4,1,1,2,2,1,4,1,1,1,1,3,1,2,14,6,1,1, ?,2,2
1,38,F,12,2001,3,1,1,2,2,1,1,1,1,1,1,1,1,2,9,6,1,1, ?,2,2
1,38,F,12,2001,3,1,1,2,2,1,1,1,1,1,1,1,1,2,9,6,1,1, ?,2,2
1,38,F,12,2001,3,1,1,2,2,1,1,2,1,1,1,1,1,2,14,6,1,1, ?,2,2
3,38,F,12,2001,3,1,1,2,2,1,1,1,1,1,1,1,1,2,9,6,1,1, ?,2,2
6,38,F,12,2001,3,1,1,2,2,1,1,1,1,1,1,1,1,2,10,6,1,1, ?,2,2
8,38,F,12,2001,2,1,1,2,2,1,1,2,1,1,1,3,1,2,8,6,1,1, ?,2,2
4,36,F,12,2001,3,1,1,2,2,1,1,1,1,1,1,1,1,2,9,6,1,1,40,2,2
1,39,F,11,2001,2,1,1,2,2,1,1,1,1,1,1,2,1,2,14,6,1,1, ?,2,2
1,35,F,11,2001,2,1,1,2,2,1,1,1,1,1,1,2,1,2,14,6,1,1, ?,2,2
4,35,F,11,2001,3,1,1,2,2,1,1,1,1,1,1,1,1,2,9,6,1,1, ?,2,2
3,35,F,12,2001,4,1,1,2,2,1,2,1,1,1,1,3,1,2,14,6,1,1, ?,2,2
4,35,F,12,2001,2,1,1,2,2,1,1,1,1,1,1,1,1,2,14,6,1,1, ?,2,2
1,43,F,12,2001,1,1,1,2,2,1,2,1,1,1,1,3,1,2,6,6,1,1, ?,2,2
1,43,F,12,2001,1,1,1,2,2,4,2,1,1,1,1,3,1,2,9,6,1,1, ?,2,2
2,43,G,12,2001,3,1,1,2,2,1,1,1,1,1,1,1,1,2,14,6,1,1, ?,2,2
2,43,F,12,2001,2,1,1,2,2,1,1,1,1,1,1,1,1,2,8,6,1,1, ?,2,2
3,43,F,12,2001,2,1,1,2,2,1,1,1,1,1,1,1,1,2,9,6,1,1, ?,2,2
5,43,F,12,2001,2,1,1,2,2,1,1,1,1,1,1,1,1,2,8,3,1,1, ?,2,2
5,43,F,12,2001,4,1,1,2,2,1,4,1,1,1,2,3,1,2,9,6,1,1, ?,2,2
5,43,F,12,2001,3,1,1,2,2,1,2,1,1,1,1,3,1,2,8,6,1,1, ?,2,2
6,43,F,12,2001,4,1,1,2,2,1,2,1,1,1,1,3,1,2,9,6,1,1, ?,2,2
1,49,F,5,2001,3,1,1,2,2,1,1,1,1,1,1,2,1,2,4,6,1,1,45,2,2
3,49,F,5,2001,3,1,1,2,2,1,1,1,1,1,1,3,1,2,12,6,1,1, ?,2,2
1,49,F,7,2001,4,1,1,2,2,1,4,1,1,1,1,3,1,2,9,6,1,1, ?,2,2
5,49,F,7,2001,3,1,1,2,2,1,1,1,1,1,1,3,1,2,9,6,1,1, ?,2,2