Thana,District,Accident_Severity,Month,Year,Time,Junction_Type,Traffic_Control,Movement,Divider,Weather,Light,Road_Geometry,Surface_Condition,Surface_Type,Surface_Quality,Road_Class,Road_Feature,Location_Type,Vehicle_Type,Vehicle_Movement,Vehicle_Loading,Vehicle_Defect,Vehicle_Driver_Age,Vehicle_Alcohol,Vehicle_Seat_Belt
3,22,F,1,2001,3,1,1,2,2,1,1,1,1,1,2,1,1,2,4,6,1,1,35,2,2
3,20,F,1,2001,1,1,1,2,2,1,4,1,1,1,1,3,1,2, ?,6,?,?, ?,2,2
3,21,F,1,2001,2,1,1,2,2,1,1,1,1,1,1,1,1,1,9,6,1,1,38,2,2
2,21,F,1,2001,2,1,1,2,2,1,1,1,1,1,1,3,1,2,15,6,2,6, ?,2,2
1,21,F,1,2001,4,2,3,2,1,1,2,1,1,1,1,1,1,1,4,5,1,?,32,2,2
5,29,F,1,2001,2,1,1,2,2,1,1,1,1,1,1,2,1,2,9,11,1,1, ?,2,2
3,29,F,1,2001,2,3,4,2,2,1,1,1,1,1,1,2,1,2,14,6,1,1, ?,2,2
3,29,G,1,2001,3,1,1,2,2,1,1,1,1,1,1,1,1,2,14,6,1,1, ?,2,2
4,25,F,1,2001,2,3,1,2,2,1,1,1,1,1,1,3,1,2,12,6,1,1, ?,1,2
7,30,G,1,2001,2,3,1,2,2,4,1,1,1,1,1,1,1,2,7,6,1,?, ?,2,2
7,30,G,1,2001,2,7,1,1,2,1,1,1,1,1,1,2,1,2,9,6,1,1, ?,2,2
4,30,G,1,2001,3,3,1,1,2,1,1,1,1,2,1,4,1,2,6,6,1,?, ?,2,2
4,30,F,1,2001,3,1,1,1,2,1,1,1,1,2,1,4,1,2,4,6,1,?, ?,1,2
4,30,F,1,2001,2,1,1,1,2,1,1,1,1,2,1,3,1,1,6,11,1,7,25,2,2
1,30,F,1,2001,4,1,1,2,2,1,4,1,1,1,1,1,1,2,8,6,1,1,30,2,2
1,24,G,1,2001,2,1,1,2,2,1,1,1,1,1,1,1,1,2,9,6,1,1, ?,2,2
1,24,G,1,2001,1,6,1,2,1,1,2,2,1,1,1,1,1,2,9,6,1,?, ?,2,2
1,24,F,1,2001,2,1,1,2,2,1,1,1,1,1,1,2,1,2, ?,6,?,?, ?,?,?
1,24,F,1,2001,3,1,1,2,2,1,1,1,1,1,1,1,1,2,9,6,1,1, ?,2,2
1,24,F,1,2001,3,1,1,2,2,1,1,1,1,1,1,1,1,2,14,6,1,1, ?,2,2
3,24,F,1,2001,3,1,1,2,2,1,1,1,1,1,1,1,1,1,12,6,?,?, ?,?,2
4,24,F,1,2001,3,7,1,1,2,1,1,1,1,2,2,4,1,2,14,6,?,?, ?,1,2
5,24,F,1,2001,3,1,2,2,2,1,1,1,1,1,1,1,1,2,9,6,1,1,40,2,2
1,22,F,2,2001,3,1,1,2,2,1,1,1,1,1,1,1,1,2,9,6,1,?, ?,2,2
4,28,F,3,2001,2,1,1,2,2,1,1,1,1,1,1,5,1,2,12,6,1,1,34,2,2
2,28,G,2,2001,2,3,3,1,1,1,1,1,1,1,1,5,1,1,11,6,1,1, ?,1,2
5,26,F,1,2001,3,3,1,1,2,1,1,1,1,1,1,3,4,2,14,6,1,?, ?,2,2
2,33,F,2,2001,3,3,1,2,2,1,1,1,1,1,1,3,1,2,7,11,1,?, ?,2,2
3,34,F,2,2001,2,3,1,1,2,1,1,1,1,1,1,4,1,2,9,6,1,1, ?,2,2
1,28,F,3,2001,2,1,1,2,2,1,1,1,1,1,2,5,1,1,14,6,1,1,25,2,2
1,28,F,3,2001,2,1,1,1,1,1,1,1,1,1,3,5,1,1,2,6,2,1, ?,2,2
2,28,G,3,2001,2,1,1,2,2,1,1,1,1,1,1,5,1,1,9,6,1,1,40,2,2
4,28,F,3,2001,2,1,1,2,2,1,1,1,1,1,1,5,1,1,9,2,1,1,38,2,2
1,31,G,2,2001,3,1,4,1,2,1,1,1,1,1,1,3,1,1,6,5,1,?, ?,2,2
2,31,F,2,2001,3,1,1,2,1,1,1,1,1,1,1,3,1,1,9,6,1,1, ?,2,2
3,31,G,3,2001,4,3,1,2,2,1,4,1,1,1,1,4,1,2,5,2,2,7,19,2,2
7,30,G,2,2001,2,1,1,2,2,1,1,1,1,1,1,3,1,2,8,6,1,1,35,2,2
1,32,G,3,2001,2,1,1,1,2,1,1,1,1,2,2,4,1,2,6,6,2,6,25,2,2
5,33,F,1,2001,3,1,1,2,2,1,1,1,1,1,1,3,1,2,9,6,2,1, ?,2,2
5,33,F,3,2001,2,1,1,2,2,1,1,1,1,1,1,3,1,2,9,6,?,?, ?,2,2
5,33,F,3,2001,3,1,1,2,2,1,1,1,1,1,1,3,1,2,9,6,1,?, ?,2,2
2,24,F,3,2001,3,1,1,2,2,1,1,1,1,1,1,1,1,2,9,6,1,1, ?,2,2
1,20,G,2,2001,4,1,1,2,2,1,2,1,1,1,1,2,1,1,4,2,1,1,25,1,2
1,20,G,3,2001,2,1,1,2,2,1,1,1,1,1,1,2,1,2,8,6,1,1,30,2,2
1,20,F,3,2001,3,1,3,2,2,1,1,1,1,1,1,3,1,1,14,6,1,1,30,2,2
4,20,F,3,2001,3,1,1,2,2,1,1,1,1,1,1,3,1,2,9,5,1,1, ?,2,2
3,29,S,2,2001,2,1,1,2,2,4,1,1,2,1,1,1,1,2,9,6,1,1,28,2,2
3,29,G,3,2001,3,7,1,2,2,1,1,4,1,1,1,2,5,1,12,6,1,1,35,2,2
7,29,F,1,2001,2,7,1,2,2,1,1,1,1,1,1,3,1,2,14,6,1,1, ?,1,2
8,29,F,1,2001,4,1,1,2,2,1,4,1,1,1,1,1,1,2,14,6,?,?, ?,?,2
4,21,F,3,2001,3,1,1,2,2,1,1,1,1,1,1,3,1,1,14,6,2,1, ?,1,2
4,21,F,3,2001,3,1,1,2,2,1,1,1,1,1,1,3,1,1,17,6,1,?, ?,2,2
2,25,G,2,2001,3,1,1,2,2,1,1,1,1,2,1,3,1,2,4,6,1,1, ?,2,2
3,25,F,2,2001,3,2,1,2,2,1,1,1,1,1,1,3,1,2,12,7,1,?, ?,2,2
2,18,F,3,2001,3,1,1,2,2,1,1,1,1,1,1,3,1,2,4,6,1,1, ?,2,2
7,18,F,3,2001,3,1,1,2,2,1,1,1,1,1,1,1,1,2,16,6,1,1, ?,2,2
1,22,F,3,2001,3,1,1,2,2,1,1,1,1,1,1,1,1,2,9,6,1,1,65,2,2
1,22,F,3,2001,3,1,1,2,2,1,1,1,1,1,1,4,1,2,14,6,1,1, ?,2,2
3,22,F,3,2001,2,2,1,2,2,1,1,1,1,1,1,1,1,1,9,5,1,1, ?,1,2
3,22,F,3,2001,2,1,1,2,2,1,1,1,1,1,1,1,1,2,9,6,1,1,35,1,2
4,28,F,3,2001,4,3,1,2,2,1,3,1,1,1,1,5,1,1,9,6,?,?, ?,2,2
4,28,F,4,2001,3,3,1,2,2,1,1,1,1,1,1,5,1,1,16,2,1,1,40,2,2
3,22,F,4,2001,3,1,1,2,2,1,1,1,1,1,1,4,1,2,7,3,1,1, ?,2,2
1,19,F,4,2001,3,1,1,2,2,1,1,1,1,1,1,4,1,2,17,11,2,1,38,2,2
5,33,F,2,2001,2,7,1,2,2,1,1,1,1,1,1,3,1,2,9,6,1,1, ?,2,2
2,30,G,4,2001,3,1,1,2,2,1,1,1,1,1,1,1,1,2,8,6,1,1,28,2,2
5,30,F,4,2001,3,1,1,1,2,1,1,1,1,1,2,4,1,2,6,11,2,7, ?,1,2
3,21,F,4,2001,4,1,1,2,2,1,4,1,1,1,1,2,1,2,14,6,1,1, ?,2,2
3,21,F,4,2001,3,1,1,2,2,1,1,1,1,1,1,1,1,2,14,6,1,1,33,2,1
3,21,F,4,2001,4,1,1,2,2,2,4,1,2,1,1,1,1,1,12,6,1,1, ?,2,1
3,20,F,4,2001,3,1,1,2,2,1,1,1,1,1,1,3,1,2,10,6,1,7, ?,2,2
5,18,F,4,2001,2,1,1,2,2,1,1,2,1,1,1,2,1,2,14,1,1,1,30,2,2
1,24,F,4,2001,2,1,1,2,2,1,1,1,1,1,1,1,1,1,9,4,1,1,35,2,2
1,24,G,4,2001,4,1,1,2,2,1,4,1,1,1,1,1,1,2,9,5,2,1, ?,1,2
1,24,F,4,2001,4,1,1,2,2,1,4,1,1,1,1,1,1,2,14,6,1,1, ?,1,2
4,20,F,5,2001,2,1,8,2,2,1,2,1,1,1,1,3,1,2,6,1,1,1, ?,1,2
1,34,F,3,2001,3,2,1,1,2,1,1,1,1,1,1,1,1,2,14,1,1,1,38,2,2
3,34,F,5,2001,4,4,1,2,2,2,4,2,1,1,1,1,1,2,14,11,2,7, ?,1,2
3,28,F,5,2001,4,1,1,2,1,1,4,1,1,1,1,5,1,1,1,9,1,1, ?,2,2
2,28,G,5,2001,4,3,4,2,1,1,3,1,1,1,1,1,1,1,6,2,1,1,28,1,2
4,28,F,5,2001,3,1,4,2,2,1,1,1,1,1,1,1,1,1,9,6,1,1, ?,1,2
6,18,F,5,2001,2,1,1,2,2,1,1,1,1,1,1,2,1,2,14,11,1,1, ?,2,2
6,18,G,5,2001,2,1,1,2,2,1,1,1,1,1,1,2,1,2,14,11,?,1, ?,2,2
2,18,F,5,2001,2,1,1,2,?,1,1,1,1,1,1,2,1,2,7,6,1,1, ?,2,2
2,18,F,5,2001,3,1,1,2,?,1,1,1,1,2,1,2,1,?,19,6,2,?, ?,2,2
3,18,F,5,2001,3,7,8,2,2,1,1,1,1,1,1,2,1,2,14,6,1,1, ?,2,2
1,24,F,5,2001,2,1,1,2,2,1,1,1,1,1,1,1,1,2,9,6,1,?, ?,1,2
8,24,F,5,2001,2,1,1,2,2,1,1,1,1,1,1,1,1,2,9,6,1,1, ?,1,2
8,24,F,5,2001,4,1,1,2,2,1,1,1,1,1,1,4,1,2,14,6,1,1, ?,1,2
9,24,F,6,2001,2,1,1,2,1,1,1,2,1,1,1,1,1,2,14,6,1,1, ?,1,2
5,24,G,6,2001,4,1,1,2,2,2,4,1,2,1,1,1,1,2,9,11,1,1,31,2,2
7,24,G,6,2001,2,1,1,1,2,1,1,1,1,1,1,1,1,1,9,2,2,3, ?,1,2
1,24,F,6,2001,2,1,1,1,2,1,1,1,1,1,1,1,1,2,7,6,1,1, ?,1,2
1,24,F,6,2001,?,1,1,1,2,1,1,1,1,1,1,2,1,2,8,1,1,1,35,2,2
1,24,F,6,2001,2,3,4,1,1,1,1,1,1,1,1,1,1,2,9,8,2,1, ?,1,2
1,24,G,6,2001,3,?,?,1,2,1,1,2,1,1,2,1,1,2,8,6,1,1, ?,1,2
1,24,S,6,2001,2,3,3,1,2,1,1,1,1,1,1,2,1,2,10,6,1,1, ?,1,2
1,24,F,6,2001,2,1,4,2,2,1,1,1,1,1,1,1,1,2,9,6,1,1, ?,?,?
1,29,F,4,2001,2,1,1,2,2,1,1,1,1,1,1,2,1,1,9,6,1,1,35,1,2
1,29,F,6,2001,3,1,1,1,2,2,1,1,2,1,2,3,1,2,8,11,1,5,30,1,2
1,29,G,5,2001,1,7,1,2,2,1,2,1,1,1,1,1,1,2,14,11,1,1,37,2,2
3,29,F,5,2001,4,1,7,2,1,1,4,1,1,1,1,1,1,2,8,6,1,1, ?,1,2
5,29,F,5,2001,2,1,1,2,2,1,1,1,1,1,1,2,1,2,4,6,1,1, ?,1,2
1,29,G,5,2001,2,1,1,2,2,1,1,1,1,1,1,2,1,1,4,6,1,1, ?,2,2
1,29,F,6,2001,1,7,1,2,2,2,2,1,2,1,1,1,1,2,14,11,2,1,32,2,2
1,29,F,7,2001,2,3,8,2,2,1,1,1,1,1,1,1,1,2,8,11,1,5, ?,1,2
3,29,F,6,2001,2,3,1,1,1,1,1,1,1,1,1,2,1,2,8,11,1,1,23,1,2
1,19,F,6,2001,3,7,8,2,2,1,1,1,1,1,1,4,1,2,8,6,1,1,33,2,2
1,23,F,2,2001,2,1,1,2,2,1,1,1,1,1,1,3,1,2,9,6,1,1,38,1,2
1,25,G,4,2001,3,7,1,1,2,1,1,1,1,1,1,1,1,1,8,6,1,1,38,2,2
3,25,F,4,2001,3,2,2,1,2,1,1,1,1,1,1,1,1,2,19,6,1,1, ?,2,2
1,21,F,5,2001,2,1,2,2,2,1,1,1,1,1,1,4,1,2,14,11,1,1,35,2,2
1,21,S,5,2001,2,1,5,2,1,1,1,1,1,1,1,1,1,1,9,6,1,1,35,2,2
1,21,F,5,2001,2,7,1,2,2,1,1,1,1,1,1,1,1,2,8,11,1,1,30,2,2
1,22,F,6,2001,2,7,1,1,2,1,1,5,1,1,2,4,1,2,6,11,1,1, ?,1,2
1,22,G,6,2001,3,1,1,2,2,1,1,1,1,1,1,1,1,1,9,6,1,1,55,2,2
4,22,F,6,2001,2,7,1,2,2,1,1,1,1,1,1,2,1,2,6,6,1,7,35,2,2
1,22,F,6,2001,3,1,2,1,2,1,1,1,1,1,1,1,1,2,13,6,1,1, ?,1,2
3,25,F,6,2001,4,1,1,2,2,1,4,1,1,1,1,1,1,2,4,6,1,7,30,1,2
3,25,F,6,2001,2,1,1,2,2,1,1,1,1,1,1,1,1,2,9,6,1,7, ?,2,2
5,25,F,5,2001,2,1,1,2,2,1,1,1,1,1,1,4,2,2,13,6,1,1,26,2,1
7,25,F,4,2001,3,1,4,2,1,2,1,1,1,1,2,1,2,?,14,6,1,1, ?,1,2
4,25,S,4,2001,3,1,1,2,2,1,1,2,1,1,2,4,1,2,9,1,1,1, ?,2,2
1,25,F,3,2001,4,1,1,2,2,1,1,1,1,1,1,3,1,2,8,6,1,7,38,1,2
3,33,F,5,2001,3,1,7,1,1,1,1,1,1,1,2,2,1,2,6,6,1,1, ?,2,2
1,33,F,5,2001,2,3,1,2,2,1,1,1,1,1,1,2,1,2,19,6,2,1,36,2,2
1,33,F,6,2001,2,1,1,2,2,1,1,1,1,1,1,3,1,2,9,2,1,1, ?,2,2
7,30,G,6,2001,3,1,7,2,1,1,1,2,1,1,2,1,2,?,8,6,1,1, ?,1,2
4,28,F,6,2001,3,1,3,2,2,1,1,2,1,1,1,1,1,1,14,1,1,1, ?,1,1
3,28,F,6,2001,2,1,1,2,2,1,1,1,1,1,1,5,1,1,4,6,1,1, ?,1,2
8,26,F,1,2001,3,1,2,2,2,1,1,1,1,1,2,2,1,2,14,8,1,1, ?,2,2
8,26,F,2,2001,4,3,2,1,1,1,2,1,1,1,1,1,1,2,8,1,1,1,28,2,2
3,26,F,6,2001,1,7,8,1,1,1,3,5,2,2,2,4,1,2,6,1,2,7, ?,1,1
1,22,F,7,2001,2,7,1,1,2,1,1,1,1,1,1,1,1,2,14,6,1,1, ?,1,2
1,22,G,7,2001,3,4,8,1,2,1,1,1,1,1,1,1,1,2,9,6,1,1, ?,2,2
1,22,S,7,2001,2,7,1,2,2,2,2,3,2,1,1,3,1,2,14,2,1,1,33,2,2
1,18,F,7,2001,4,7,1,2,2,1,4,1,1,1,1,1,1,2,14,6,1,1, ?,1,1
2,18,F,7,2001,2,3,1,2,2,1,1,2,1,1,1,5,1,1,14,2,1,1, ?,2,2
3,18,F,7,2001,3,1,6,2,1,1,1,1,1,1,1,2,1,2,14,6,1,1,35,2,2
1,28,G,7,2001,2,3,3,2,2,1,1,1,1,1,1,1,1,1,4,1,1,1, ?,1,2
1,24,F,7,2001,3,3,1,1,2,1,1,1,1,1,1,1,1,2,9,6,1,1, ?,1,2
1,24,F,7,2001,3,1,1,1,1,1,1,1,1,1,1,1,1,2,9,6,1,1, ?,1,2
6,24,F,7,2001,3,3,4,2,1,1,1,1,1,1,1,4,1,2,12,5,1,1, ?,1,2
2,24,F,7,2001,2,1,1,2,2,1,1,1,1,1,1,1,1,2,11,6,1,1,28,1,2
5,24,F,7,2001,4,1,1,2,2,1,1,1,1,1,1,1,1,1,14,11,1,1,36,1,2
5,24,G,7,2001,2,1,2,2,2,1,1,1,1,1,1,1,?,?,7,6,1,1, ?,1,2
2,28,F,7,2001,2,1,3,1,1,1,1,1,1,1,1,1,1,1,9,6,1,1,40,1,2
3,28,F,7,2001,3,1,1,2,2,1,1,1,1,1,1,1,1,1,14,5,?,1, ?,?,?
1,21,F,6,2001,2,1,8,1,2,1,1,1,1,1,1,1,1,2,9,6,1,1,34,1,2
1,21,F,6,2001,2,1,1,2,2,1,1,1,1,1,1,1,1,2,9,6,1,1, ?,1,2
3,21,F,6,2001,2,1,1,2,2,1,1,1,1,1,1,1,1,2,9,6,1,1,45,2,2
3,21,G,6,2001,4,1,1,2,2,1,3,1,1,1,1,1,1,?,16,6,1,1, ?,1,2
4,21,F,6,2001,2,1,8,2,2,2,1,1,1,1,1,3,1,1,19,6,1,1,35,2,2
1,18,F,6,2001,2,7,1,2,2,1,1,1,1,1,1,1,1,1,14,6,1,1, ?,1,2
4,18,F,6,2001,4,1,1,2,2,1,2,2,1,1,1,1,1,2,4,6,2,3,22,1,2
3,18,F,6,2001,2,1,1,2,2,1,2,1,1,1,1,2,1,2,14,6,1,1,28,2,1
1,28,M,6,2001,2,1,1,2,2,1,1,1,1,1,1,5,1,1,10,6,1,1, ?,2,1
7,18,S,8,2001,2,1,8,2,2,1,2,1,1,1,1,1,1,2,14,10,1,1,35,2,2
1,28,F,8,2001,4,4,5,2,2,1,3,4,1,2,1,1,1,1,14,6,1,1, ?,1,2
1,28,F,8,2001,2,7,3,2,2,1,1,2,1,1,1,2,1,2,9,6,1,1,40,2,2
2,27,F,8,2001,3,1,1,2,2,1,1,1,1,1,1,2,1,2,8,6,1,7, ?,2,2
2,27,G,8,2001,2,1,1,2,2,1,1,2,1,1,1,2,1,2,9,1,1,1, ?,2,2
2,27,F,9,2001,4,1,1,2,2,1,2,1,1,1,2,2,1,2,9,7,1,1, ?,2,2
1,26,F,9,2001,2,7,1,1,2,1,1,1,1,1,1,2,1,1,13,2,1,7,31,2,2
4,26,F,8,2001,4,1,8,2,2,1,4,2,1,1,1,5,1,1,14,6,2,1, ?,1,2
1,28,F,8,2001,2,1,1,2,2,1,1,1,1,1,1,1,1,1,9,4,1,1, ?,1,2
7,24,F,9,2001,2,1,1,1,2,1,1,3,5,3,2,4,1,2,9,6,1,1, ?,2,2
7,24,F,9,2001,3,1,1,1,2,1,1,1,1,1,1,2,1,2,14,6,1,1, ?,2,2
2,28,F,9,2001,2,7,8,2,2,1,1,1,1,1,1,1,1,1,2,6,1,1,35,1,2
8,24,S,9,2001,4,1,1,2,2,1,3,1,1,1,1,1,1,2,12,6,1,1, ?,1,2
5,28,F,8,2001,3,1,1,1,1,1,1,1,1,1,1,1,1,1,5,6,1,1,22,2,2
1,28,G,8,2001,3,3,7,2,1,2,1,1,1,1,2,1,1,?,14,1,1,1,45,2,2
1,19,G,8,2001,2,1,1,1,2,1,1,1,1,1,1,2,1,2,14,1,1,7, ?,1,2
1,19,G,9,2001,3,3,1,2,2,1,1,1,1,1,1,5,1,1,13,6,1,1,32,2,2
1,27,S,9,2001,3,3,1,1,2,1,1,1,1,1,1,1,1,1,7,6,1,1, ?,1,1
4,28,F,10,2001,4,7,1,2,2,1,2,1,1,1,1,1,1,2,14,11,1,7, ?,1,2
5,28,S,10,2001,4,1,1,2,2,1,1,1,1,1,1,5,1,1,8,4,1,1,35,2,2
1,18,F,8,2001,2,2,8,2,2,1,3,1,1,1,1,1,1,1,14,7,1,7,32,2,2
1,21,F,8,2001,4,1,5,2,1,2,4,1,1,1,1,2,2,?,8,6,1,1,43,1,2
1,21,F,8,2001,3,1,1,2,2,1,1,1,1,1,1,2,1,2,14,6,1,1, ?,1,2
6,21,F,8,2001,4,7,1,2,2,1,1,1,1,1,1,2,1,2,14,11,1,7, ?,1,2
3,21,F,8,2001,4,1,1,2,2,1,1,1,1,1,1,1,1,2,9,1,1,1, ?,1,2
2,28,G,10,2001,2,1,1,2,2,1,1,1,1,1,1,1,1,1,9,4,2,7, ?,1,2
1,22,F,10,2001,3,1,3,1,2,1,1,1,1,1,1,1,1,1,9,6,1,1, ?,1,2
1,24,S,10,2001,4,3,8,1,1,1,4,1,1,1,1,1,2,?,6,1,1,1, ?,1,2
1,24,F,10,2001,1,1,1,2,2,1,2,1,1,1,1,2,1,2,14,6,1,1, ?,2,2
1,24,F,10,2001,2,1,1,2,2,1,1,2,1,1,1,1,1,2,14,2,1,1, ?,2,2
1,24,F,10,2001,3,1,1,2,2,1,1,1,1,1,1,2,1,2,9,6,1,1, ?,1,2
5,24,F,10,2001,2,1,1,2,2,1,2,1,1,1,1,1,1,1,1,4,1,1, ?,1,2
7,24,F,10,2001,2,1,3,1,2,1,1,1,1,1,1,4,1,2,9,6,1,1, ?,2,2
3,24,F,8,2001,3,7,1,1,1,1,1,1,1,1,1,2,1,2,9,6,1,1,30,2,2
1,19,F,10,2001,4,3,1,2,2,1,3,1,1,1,1,2,1,2,2,6,1,1, ?,2,2
2,19,F,10,2001,2,1,1,2,2,1,1,1,2,1,1,2,1,2,9,6,1,1, ?,1,2
6,18,F,10,2001,2,1,3,2,1,1,2,3,1,1,1,4,1,2,14,1,1,3, ?,1,2
2,28,G,11,2001,3,1,3,2,1,1,3,1,1,1,1,5,1,1,14,6,1,7,55,2,2
3,28,F,11,2001,3,1,1,2,2,1,1,1,1,1,1,1,1,1,9,6,1,1, ?,1,2
5,28,G,11,2001,2,1,1,2,1,1,1,1,1,1,1,5,1,1,12,6,1,1, ?,1,2
5,27,F,11,2001,4,7,1,1,2,4,4,2,1,1,1,2,1,2,12,6,1,1,35,1,2
1,22,F,11,2001,2,7,1,2,2,4,2,1,1,1,1,1,1,2,9,11,1,1,40,2,2
1,21,F,10,2001,3,1,1,2,2,1,1,1,1,1,1,1,1,2,9,6,1,1,35,1,2
3,21,S,10,2001,2,1,1,2,2,1,1,1,1,1,1,1,1,2,10,9,1,1,42,2,2
1,30,F,9,2001,3,1,8,2,2,1,1,1,2,1,1,3,1,2,9,1,1,1,28,2,2
1,30,G,9,2001,2,1,8,2,2,1,1,1,1,1,1,3,1,1,7,9,1,1,37,2,2
1,31,F,9,2001,3,7,1,2,2,1,2,1,1,1,1,2,1,2,9,11,1,1, ?,2,2
1,29,F,8,2001,2,7,8,1,2,1,2,1,5,1,1,2,1,1,14,6,1,7, ?,1,2
3,29,S,9,2001,3,7,8,1,2,1,1,1,1,1,1,1,1,2,14,6,1,1,29,1,2
3,29,F,9,2001,2,1,4,2,1,1,1,1,1,1,1,1,1,2,9,6,1,1, ?,1,2
2,29,F,8,2001,4,1,1,2,2,1,2,1,1,1,1,4,1,2,9,6,1,1,45,2,2
2,29,G,9,2001,2,1,1,2,2,1,1,1,1,1,1,1,1,2,9,6,1,1,40,2,2
2,29,G,10,2001,2,1,1,2,2,1,1,1,1,1,1,4,1,2,12,6,1,7, ?,1,2
8,29,M,7,2001,3,2,1,2,1,1,1,1,1,1,1,1,1,2,14,6,1,1, ?,2,2
2,19,F,11,2001,2,1,7,2,2,2,1,1,2,1,1,1,1,2,13,6,1,1,35,1,2
1,21,S,9,2001,3,1,1,2,2,1,1,1,1,1,1,2,1,2,9,11,1,1,35,2,2
1,24,F,11,2001,2,1,1,2,2,1,1,1,1,1,1,1,1,2,9,6,2,1, ?,1,2
1,24,F,11,2001,?,1,1,2,2,1,1,1,1,1,1,1,1,2,11,4,1,7, ?,1,2
1,24,F,11,2001,3,2,1,1,2,1,1,1,1,1,1,2,1,2,13,6,1,1, ?,1,2
1,24,F,11,2001,?,1,1,2,2,1,1,1,1,1,1,1,1,2,9,4,1,7,45,1,2
1,24,G,11,2001,?,4,4,2,2,1,1,2,1,1,1,1,1,1,9,3,1,1, ?,2,2
4,24,F,11,2001,4,7,1,1,2,1,4,1,1,1,1,2,1,2,9,6,1,7, ?,1,2
9,24,F,11,2001,3,1,4,2,2,1,1,1,1,1,1,1,1,1,14,6,1,1, ?,1,2
1,21,F,11,2001,3,1,1,2,2,1,1,1,1,1,1,1,1,2,14,6,1,1,38,2,2
3,21,F,11,2001,4,1,1,1,2,1,4,1,1,1,1,3,1,2,14,6,1,1,44,2,2
1,18,F,11,2001,3,3,1,2,2,1,1,1,1,1,1,1,1,1,8,11,1,7, ?,1,2
5,28,M,12,2001,3,3,1,2,2,1,1,1,1,1,3,5,1,1,7,2,1,1,27,2,2
4,23,F,8,2001,4,1,1,2,2,1,4,1,1,1,1,3,1,2,8,9,1,1, ?,2,2
7,30,F,11,2001,4,1,1,2,2,1,4,1,1,1,1,1,3,2,13,6,1,1, ?,?,?
4,30,F,11,2001,3,3,1,2,1,1,1,2,1,2,2,4,1,2,4,6,1,3,38,2,1
1,30,F,11,2001,3,1,1,2,2,1,1,1,1,1,1,1,1,2,9,6,2,1, ?,2,2
4,28,G,12,2001,1,1,1,2,2,1,4,1,1,1,1,1,1,1,12,6,1,1, ?,2,2
1,18,F,12,2001,2,2,1,2,2,1,1,1,1,1,1,1,1,1,9,11,1,7, ?,1,2
6,18,F,12,2001,3,1,1,2,2,1,1,1,1,1,1,3,1,2,9,6,1,1,40,1,2
1,21,G,12,2001,3,1,1,2,2,1,1,1,1,1,1,1,1,1,14,6,1,1, ?,2,2
1,21,F,12,2001,4,1,1,2,2,1,3,1,1,1,1,1,1,1,7,6,1,1,32,2,2
4,21,F,12,2001,3,1,1,2,2,1,2,1,1,1,1,3,1,2,10,6,1,3,38,2,2
1,24,F,10,2001,2,3,1,2,1,1,2,1,1,1,1,1,1,1,9,6,1,1, ?,1,2
5,29,F,12,2001,3,7,8,1,2,1,1,1,1,1,1,2,1,2,14,11,1,1, ?,2,2
4,25,F,11,2001,3,7,1,2,2,1,1,1,1,1,1,3,1,2,9,6,1,1,35,2,2
4,25,F,5,2001,3,7,1,2,2,1,1,1,1,1,1,3,1,2,18,6,1,1, ?,2,2
4,25,F,3,2001,2,1,1,2,2,1,1,1,1,1,1,3,1,2,18,6,1,1, ?,2,2
4,25,F,5,2001,2,7,1,2,2,1,1,1,1,1,1,3,1,2,12,6,1,1, ?,2,2
4,25,F,7,2001,2,7,1,2,2,1,1,1,1,1,1,3,1,2,9,6,1,1,38,2,2
3,32,S,4,2001,1,1,2,2,1,1,4,1,1,1,1,2,1,2,11,1,1,1,38,1,2
3,32,F,6,2001,1,1,4,2,1,1,1,1,1,1,1,2,1,2,9,5,1,1, ?,1,2
1,32,F,11,2001,3,1,1,2,1,1,1,1,1,1,1,3,4,2,7,4,1,1,30,2,2
4,32,F,5,2001,3,7,1,1,2,1,1,1,1,1,1,3,3,2,7,6,1,1, ?,2,2
1,32,F,4,2001,2,7,1,2,2,1,1,1,1,1,1,4,1,2,6,9,2,1, ?,2,2
3,32,F,4,2001,2,1,1,2,2,1,1,1,1,1,1,2,1,2,12,6,1,3,37,2,2
4,32,F,4,2001,2,7,8,2,2,1,1,1,1,1,1,2,3,2,14,8,1,1,55,2,2
1,32,S,4,2001,4,7,8,2,2,1,1,2,1,1,1,2,1,2,10,6,1,1,23,2,2
3,32,F,5,2001,1,1,1,2,2,1,1,1,1,1,1,2,1,2,9,6,1,1, ?,1,2
3,32,F,5,2001,3,7,1,1,2,1,1,1,1,1,1,3,2,2,9,5,1,1,42,2,2
3,32,F,5,2001,2,7,1,2,2,1,1,1,1,1,1,3,1,2,13,6,1,1,38,1,2
1,32,S,7,2001,2,1,1,2,2,1,1,2,2,1,1,3,3,2,8,6,2,7,27,2,2
1,32,F,7,2001,1,1,1,2,2,1,2,1,1,1,1,2,1,2,6,6,1,1,25,2,2
1,31,G,11,2001,3,1,1,2,2,1,1,1,1,1,1,3,1,2,10,6,2,3,35,1,2
1,31,G,6,2001,3,7,1,2,2,1,1,1,1,1,1,4,1,2,9,6,2,3, ?,1,2
2,31,F,5,2001,2,1,1,2,2,1,1,1,2,1,1,3,1,1,6,6,1,7, ?,1,2