Thana,District,Accident_Severity,Month,Year,Time,Junction_Type,Traffic_Control,Movement,Divider,Weather,Light,Road_Geometry,Surface_Condition,Surface_Type,Surface_Quality,Road_Class,Road_Feature,Location_Type,Vehicle_Type,Vehicle_Movement,Vehicle_Loading,Vehicle_Defect,Vehicle_Driver_Age,Vehicle_Alcohol,Vehicle_Seat_Belt
7,6,F,6,2001,3,1,1,2,2,2,1,1,2,1,1,3,1,2,8,6,1,1,37,1,2
1,11,F,5,2001,?,1,1,2,2,1,1,1,1,1,1,2,1,2,14,6,1,1, ?,1,2
1,11,S,9,2001,3,1,1,2,2,1,1,1,1,1,1,2,1,1,10,6,1,1,35,2,2
1,11,F,9,2001,4,1,1,2,2,1,2,1,1,1,1,1,1,2,4,6,1,1,35,2,2
1,11,F,12,2001,2,1,1,2,2,1,1,1,1,1,1,2,1,1,8,6,1,1, ?,2,2
6,11,G,8,2001,3,1,1,2,2,1,1,1,1,1,1,2,1,2,9,6,1,1, ?,2,2
8,11,F,8,2001,4,1,1,2,2,1,4,1,1,1,1,4,1,2,14,6,1,1, ?,2,2
8,11,G,9,2001,3,1,1,2,2,1,1,1,1,1,1,4,1,2,14,6,1,1, ?,1,2
8,11,F,12,2001,3,1,1,2,2,1,1,1,1,1,1,3,1,2,4,6,1,1, ?,2,1
5,11,F,8,2001,1,1,1,2,2,1,4,2,1,1,1,2,1,2,19,6,2,7, ?,1,2
5,11,F,8,2001,2,1,1,2,2,1,1,1,1,1,1,2,1,2,14,6,1,1, ?,2,2
5,11,F,12,2001,1,1,1,2,2,1,2,1,1,1,1,1,1,2,14,6,2,1, ?,1,2
11,11,F,10,2001,3,1,1,2,2,1,1,1,1,1,1,3,1,2,14,6,1,1, ?,2,2
7,11,F,8,2001,3,1,1,1,2,1,1,1,1,1,2,3,1,2,9,4,1,1, ?,2,2
3,11,F,12,2001,3,2,1,2,2,1,1,1,1,1,1,3,1,2,4,6,1,1,30,2,2
1,4,S,10,2001,3,1,1,2,2,1,1,4,1,1,1,5,1,1,19,6,1,1,25,2,2
6,4,F,12,2001,2,1,1,2,2,1,1,1,1,1,1,1,1,2,8,6,1,1, ?,2,2
2,4,F,12,2001,3,1,1,2,2,1,1,1,1,1,1,3,1,2,14,6,1,1,39,2,2
1,1,F,6,2001,3,1,1,2,2,1,1,1,1,1,1,1,1,2,14,6,1,1, ?,2,2
1,1,G,6,2001,3,1,1,2,2,1,1,1,1,1,1,1,1,2,14,6,1,1, ?,2,2
1,1,S,7,2001,4,1,1,2,2,1,1,1,1,1,1,1,1,2,8,6,1,1, ?,2,2
1,1,F,7,2001,2,1,1,2,2,1,1,1,1,1,1,1,1,2,14,6,1,1, ?,1,2
2,1,F,7,2001,3,1,1,2,2,1,1,1,1,1,1,4,1,2,17,6,2,6, ?,2,2
3,1,F,6,2001,3,1,1,2,2,1,1,1,1,1,1,1,1,2,7,6,1,1, ?,2,2
3,1,F,7,2001,4,1,1,2,2,1,1,2,1,1,1,1,1,2,14,6,1,1,42,2,2
5,1,F,8,2001,2,1,1,2,2,1,1,1,1,1,1,1,1,1,8,6,1,1, ?,2,2
4,1,F,7,2001,3,1,1,2,2,1,1,1,1,1,1,3,1,2,8,6,1,1, ?,2,2
4,1,F,8,2001,4,3,1,2,2,1,4,1,1,1,1,3,1,1,14,6,1,1, ?,2,2
1,7,F,5,2001,4,1,1,2,2,1,2,1,1,1,1,3,1,2,14,1,1,1, ?,2,2
1,7,F,6,2001,4,1,1,2,2,1,4,1,1,1,1,5,1,1,4,6,1,1,26,2,2
7,7,F,5,2001,4,1,1,2,2,1,4,1,1,1,1,3,1,2,4,6,1,1, ?,2,2
8,7,F,10,2001,2,1,1,2,2,1,1,1,1,1,1,1,1,2,9,8,1,1, ?,2,2
10,7,G,10,2001,3,1,1,2,2,1,1,1,1,1,1,3,1,2,9,5,1,1, ?,2,2
1,6,G,6,2001,3,1,1,2,2,1,1,1,1,1,1,1,1,2,7,6,1,1, ?,2,2
1,6,F,11,2001,4,1,1,2,2,1,4,1,1,1,1,1,1,1,14,6,1,1,32,2,2
1,6,F,12,2001,4,3,1,2,2,1,4,1,1,1,1,1,1,2,9,6,1,1,40,2,2
3,6,F,8,2001,4,1,1,2,2,1,1,1,1,1,1,1,1,1,8,6,1,1,38,2,2
2,6,F,6,2001,3,1,1,2,2,1,1,1,1,1,1,1,1,2,14,6,1,1, ?,2,2
2,6,F,7,2001,3,1,1,2,2,1,1,1,1,1,1,1,1,2,16,6,1,1,38,2,2
2,6,F,8,2001,2,1,1,2,2,1,1,1,1,1,1,1,1,2,12,6,1,1, ?,2,2
2,6,F,8,2001,3,1,1,1,2,1,1,1,1,1,1,1,1,2,12,6,1,1, ?,2,2
2,6,F,11,2001,3,4,1,2,2,1,1,2,1,1,1,1,1,2,14,2,1,1, ?,2,2
2,6,F,11,2001,3,1,1,2,2,1,2,1,1,1,1,2,1,2,12,6,1,1,26,2,2
4,6,F,5,2001,3,1,1,2,2,1,1,1,1,1,1,1,1,2,12,6,1,1, ?,2,2
4,6,F,6,2001,3,1,1,2,2,1,1,1,1,1,1,1,1,2,14,6,1,1, ?,2,2
5,6,F,7,2001,2,1,1,2,2,1,1,1,1,1,1,4,1,2,14,6,1,1, ?,2,2
1,17,F,1,2001,3,1,1,2,2,1,1,1,1,1,1,1,1,2,8,6,1,1,28,2,2
1,17,G,6,2001,2,2,4,2,2,1,1,2,1,1,1,1,1,1,14,6,2,1, ?,2,2
1,17,F,6,2001,2,1,1,2,2,1,1,4,1,1,2,5,1,2,14,6,1,1, ?,2,2
1,17,F,7,2001,4,1,1,2,1,1,2,1,1,1,1,1,1,2,14,6,1,1, ?,2,2
1,17,F,7,2001,3,1,1,2,2,1,2,1,1,1,1,1,1,2,8,6,1,1,35,1,2
1,17,F,7,2001,4,1,1,2,2,1,1,1,1,1,1,3,1,2,8,6,1,1,29,2,2
1,17,F,7,2001,3,1,1,2,2,1,1,1,1,1,1,1,1,2,12,6,1,1, ?,2,2
1,17,F,8,2001,2,1,1,2,2,2,1,1,2,1,1,1,1,2,9,6,1,1,29,2,2
1,17,G,8,2001,4,1,1,2,2,2,4,3,2,1,2,3,1,2,8,6,1,1, ?,2,2
1,17,F,8,2001,3,1,1,2,1,2,1,1,2,1,1,1,1,1,9,11,1,1,35,2,2
1,17,F,10,2001,1,1,1,2,2,1,4,3,1,2,2,4,1,2,14,7,1,1, ?,2,2
1,17,F,10,2001,2,1,1,2,2,1,1,1,1,1,1,4,1,2,9,6,1,1, ?,2,2
1,17,F,11,2001,3,1,1,2,2,1,1,1,1,1,1,1,1,2,9,5,1,1,38,2,2
1,17,F,11,2001,3,1,1,2,2,1,1,1,1,1,1,1,1,1,14,6,1,1,48,2,2
1,17,M,11,2001,2,1,1,2,2,1,1,3,1,1,2,4,1,1,10,6,1,1,35,2,2
1,17,G,11,2001,1,1,1,2,2,1,1,1,1,1,1,1,1,2,4,6,1,1,32,2,2
1,17,F,12,2001,2,1,1,2,2,1,1,1,1,1,1,1,1,2,14,2,1,1, ?,2,2
1,17,F,12,2001,3,1,1,2,2,1,1,3,1,1,2,4,1,2,9,6,1,1, ?,2,2
7,17,F,4,2001,4,1,1,2,2,1,4,1,1,1,1,1,1,2,14,6,1,1, ?,2,2
7,17,F,6,2001,2,1,1,2,2,1,1,1,1,1,1,1,1,2,14,6,1,1, ?,2,2
7,17,F,9,2001,1,1,1,2,2,1,2,1,1,1,1,1,1,2,14,8,1,1, ?,2,2
7,17,F,9,2001,2,1,1,2,2,1,1,1,1,1,1,1,4,2,14,8,1,1,45,2,2
7,17,F,10,2001,2,3,4,2,2,1,1,1,1,1,1,1,1,1,8,6,1,1, ?,2,2
7,17,F,11,2001,2,4,4,2,2,1,1,2,1,1,1,1,1,1,14,6,1,1, ?,2,2
7,17,F,11,2001,2,1,1,2,2,1,1,2,1,1,1,1,1,2,9,9,2,1,35,2,2
7,17,F,12,2001,3,1,1,2,2,1,1,1,1,1,1,3,1,2,9,6,1,1, ?,2,2
7,17,F,12,2001,3,1,1,2,2,1,1,1,1,1,1,1,1,2,14,6,1,1, ?,2,2
9,17,F,6,2001,2,1,1,2,2,1,1,1,1,1,2,4,1,2,19,6,1,1,25,2,2
9,17,F,7,2001,1,1,1,2,2,1,1,1,1,1,1,1,1,2,14,6,2,1,43,1,2
9,17,F,8,2001,4,1,1,2,2,1,1,3,1,1,2,1,2,?,9,6,1,1, ?,2,2
9,17,F,10,2001,4,1,1,2,2,1,2,1,1,1,1,1,1,2,9,6,1,1,25,2,2
9,17,F,10,2001,4,1,1,1,2,1,4,2,1,1,2,4,1,2,14,6,1,1, ?,2,2
10,17,G,5,2001,1,1,1,2,2,1,2,1,1,1,1,1,1,2,9,6,1,1, ?,2,2
10,17,F,5,2001,1,3,1,2,2,2,1,2,2,1,1,1,1,2,10,1,1,1, ?,2,2
10,17,F,7,2001,4,2,1,2,2,1,1,1,1,1,1,1,1,2,9,6,1,1,40,2,2
10,17,F,7,2001,3,1,1,2,2,1,1,1,1,1,1,1,1,2,9,6,1,1,35,2,2
10,17,F,7,2001,2,3,1,2,2,1,1,1,1,1,1,1,1,2,9,6,1,1,35,1,1
10,17,F,9,2001,3,3,1,2,2,1,1,1,1,1,1,4,1,2,6,6,1,1, ?,2,2
10,17,F,10,2001,3,1,1,2,2,1,1,1,1,1,1,4,1,2,9,6,1,1, ?,2,2
5,17,F,3,2001,2,1,1,2,2,1,1,1,1,1,1,4,1,2,8,6,1,1,38,2,2
5,17,F,8,2001,2,1,1,2,2,1,1,1,1,1,1,4,1,2,8,6,1,1,35,2,2
5,17,G,10,2001,3,7,8,2,2,1,1,1,1,1,1,4,1,2,8,6,1,1,35,2,2
2,17,G,10,2001,2,1,1,2,2,1,1,1,1,1,1,5,1,2,4,6,1,1, ?,2,1
3,17,F,2,2001,1,1,1,2,2,1,2,1,1,2,1,3,1,2,14,6,1,1,25,2,2
3,17,F,3,2001,3,1,1,2,2,1,1,1,1,1,1,1,1,2,8,6,1,1,35,2,2
3,17,F,4,2001,4,1,1,2,2,1,4,1,1,1,1,3,1,2,14,6,1,1,25,2,2
3,17,F,6,2001,2,1,1,2,2,1,1,1,1,1,1,1,1,2,14,6,1,1, ?,2,2
3,17,G,11,2001,3,1,1,2,2,1,1,2,1,1,1,1,1,2,14,6,1,1,38,2,2
8,17,F,8,2001,4,1,1,2,2,1,2,2,1,1,1,3,4,2,17,6,1,1,40,2,2
8,17,F,11,2001,2,1,1,2,2,1,1,1,1,1,1,4,1,2,9,6,2,1,32,2,2
8,17,F,12,2001,3,4,1,2,2,1,1,1,1,1,1,4,1,2,9,6,1,1,25,2,2
8,17,F,6,2001,2,1,1,2,2,1,2,1,1,1,1,4,1,2,9,6,1,1,41,2,2
8,17,G,12,2001,2,1,1,2,2,1,1,1,1,1,1,5,1,2,7,6,1,1,35,2,2
1,15,F,11,2001,?,3,1,2,2,1,1,1,1,1,1,1,1,1,14,5,1,1,30,2,2
6,15,F,12,2001,3,1,1,2,2,1,1,2,1,1,1,3,1,2,19,6,1,1, ?,2,2
2,15,G,7,2001,3,1,1,2,2,1,1,1,1,1,1,3,1,2,8,6,1,1, ?,2,2
5,15,F,12,2001,4,1,1,2,2,1,4,1,1,1,1,4,1,2,14,6,1,1, ?,2,2
5,9,F,11,2001,3,3,1,2,2,1,1,1,1,1,1,1,1,2,7,6,1,1, ?,2,2
9,9,F,2,2001,1,2,1,2,2,1,4,3,1,3,1,4,1,2,14,4,1,1, ?,2,2
6,9,F,7,2001,2,1,1,2,2,1,1,1,1,1,1,3,1,2,9,6,1,1, ?,2,2
11,9,F,11,2001,3,1,1,2,2,1,1,1,1,1,1,1,1,2,8,6,1,1, ?,2,2
3,9,G,8,2001,4,1,1,2,2,1,2,1,1,1,1,3,4,2,8,6,1,1,36,2,2
3,14,G,10,2001,3,1,1,2,2,1,1,1,1,1,1,5,1,2,4,6,1,1, ?,2,2
3,14,F,11,2001,4,1,1,2,2,1,4,1,1,1,1,5,1,2,14,6,1,1,35,2,2
3,14,F,12,2001,2,1,1,2,2,1,1,1,1,1,1,5,1,1,4,6,1,1,42,2,1
3,14,F,12,2001,4,1,1,2,2,4,4,1,1,1,2,5,1,1,4,6,1,1,30,2,1
3,14,G,11,2001,4,2,1,2,2,1,4,1,1,1,1,1,1,1,4,6,1,1,22,2,2
1,10,F,10,2001,4,1,1,2,2,1,4,1,1,1,1,2,1,2,14,6,1,1,32,2,2
5,10,G,3,2001,3,1,1,2,2,1,1,1,1,1,1,3,1,2,14,5,1,1,32,2,2
5,10,F,5,2001,2,1,1,2,2,1,1,1,1,1,1,3,1,2,14,2,1,1,35,2,2
5,10,F,5,2001,3,1,1,2,2,1,1,1,1,1,1,3,1,2,14,5,1,1,40,2,2
5,10,F,9,2001,2,1,1,2,2,1,1,1,1,1,1,3,1,2,14,6,1,1, ?,2,2
5,10,F,12,2001,3,1,1,2,2,1,1,1,1,1,1,3,1,2,17,6,1,1,45,2,2
1,14,F,12,2001,2,1,1,2,2,1,1,1,1,1,1,1,1,1,8,6,1,1, ?,2,2
2,14,M,11,2001,3,1,1,2,2,1,1,1,1,1,1,1,1,1,10,2,1,1,45,2,2
1,59,F,1,2001,3,7,8,2,2,1,1,1,1,1,1,2,1,2,7,11,1,7, ?,2,2
1,57,F,1,2001,3,1,1,2,2,1,1,1,1,1,1,2,1,2,9,6,1,3,30,2,2
2,57,G,2,2001,3,1,8,2,2,1,1,1,1,1,1,1,1,2,9,6,1,1,40,2,2
6,57,F,1,2001,3,1,1,2,2,1,1,1,1,1,1,2,1,2,8,6,1,1,40,2,2
8,57,F,1,2001,1,1,1,2,2,1,2,1,1,1,1,1,1,2,14,6,1,7, ?,2,2
1,62,F,1,2001,2,1,1,2,2,1,1,1,1,1,1,3,1,1,9,6,1,1,30,2,2
6,63,F,2,2001,3,1,1,2,2,1,1,1,1,2,2,4,1,2,14,6,1,1,38,2,2
2,59,F,3,2001,2,2,8,2,2,1,1,1,1,1,1,2,1,1,14,6,1,1,35,1,2
4,59,F,1,2001,3,1,1,1,2,1,1,1,1,1,1,1,1,2,5,6,1,1,30,2,2
5,59,F,3,2001,1,7,1,1,2,1,2,1,5,1,1,4,1,2,8,11,1,1,1,1,2
5,59,F,3,2001,3,2,1,2,2,1,1,1,5,1,3,3,1,1,8,11,1,1, ?,2,2
1,57,F,3,2001,4,1,1,2,2,1,2,1,1,1,1,1,1,2,14,6,1,1, ?,1,2
3,57,F,3,2001,1,7,4,2,2,1,3,1,1,1,1,1,1,2,14,6,1,1, ?,1,2
3,57,F,3,2001,3,7,4,2,2,1,1,1,1,1,1,1,1,2,9,6,1,1, ?,2,2
5,57,F,3,2001,4,1,8,2,2,1,4,1,1,1,2,4,1,2,14,6,1,1,35,2,2
6,57,G,3,2001,1,1,1,2,2,1,4,1,1,1,1,4,1,2,6,6,1,3, ?,2,2
5,62,F,2,2001,4,1,2,2,2,1,4,1,1,1,1,5,1,2,5,6,1,1, ?,1,2
4,62,F,2,2001,3,1,1,1,2,1,1,1,1,1,1,2,1,2,12,6,1,1, ?,2,2
4,62,F,2,2001,3,1,1,1,2,1,1,1,1,1,1,2,1,2,14,6,1,1, ?,2,2
1,65,F,1,2001,2,1,1,2,2,1,1,1,1,1,1,1,1,1,9,9,1,1, ?,1,2
1,65,G,1,2001,4,1,3,2,2,1,2,1,1,1,1,1,1,2,11,6,1,1, ?,2,2
1,65,F,3,2001,3,1,3,2,2,1,1,1,1,1,1,1,1,1,12,6,1,1, ?,2,2
2,65,S,1,2001,3,1,1,2,2,1,1,1,1,1,1,1,1,2,8,6,1,1, ?,2,2
2,65,F,1,2001,1,1,1,2,2,4,4,1,2,1,1,1,1,2,19,6,1,1, ?,2,2
2,65,F,1,2001,4,1,8,2,2,1,2,2,1,1,2,4,2,2,14,6,1,7,45,1,2
2,65,F,2,2001,4,1,1,2,2,1,2,2,1,1,1,1,1,2,11,5,2,1,16,1,2
2,65,F,3,2001,3,1,1,2,2,1,1,1,1,1,1,1,1,2,10,6,1,1, ?,2,2
2,65,G,3,2001,4,1,1,2,2,1,4,1,1,1,1,1,1,2,14,6,1,7, ?,1,2
2,65,F,4,2001,1,1,1,2,1,1,2,2,1,1,1,1,1,2,14,1,1,1,38,2,2
2,65,F,4,2001,2,3,1,2,2,1,2,2,1,1,1,1,1,2,9,1,1,1, ?,2,2
3,65,G,3,2001,2,1,1,2,2,1,1,1,1,1,1,2,1,2,3,6,1,1,35,2,2
6,65,F,3,2001,2,1,8,2,2,1,1,1,1,1,1,1,1,2,7,6,1,1, ?,2,2
7,65,F,1,2001,3,1,2,2,2,1,1,2,1,1,1,1,1,2,9,6,1,1,28,2,2
7,65,F,1,2001,3,1,2,2,2,1,1,2,1,1,1,1,1,2,5,6,1,1,20,1,2
7,65,F,2,2001,2,7,2,2,2,1,1,1,1,1,1,4,1,2,4,6,1,1,35,2,2
4,63,F,2,2001,2,7,1,2,2,1,1,1,1,1,1,1,1,2,13,6,1,1,32,2,2
6,63,F,2,2001,3,1,1,2,2,1,1,1,1,2,2,4,1,2,14,6,1,1,38,2,2
7,63,F,1,2001,3,1,1,1,2,1,1,1,1,1,1,1,1,2,14,11,1,7,24,2,2
7,63,F,1,2001,2,7,6,1,2,1,1,4,1,3,2,4,1,2,14,6,1,1, ?,1,2
13,63,F,1,2001,2,7,1,2,2,1,1,1,1,1,1,1,1,2,12,9,1,7, ?,2,2
13,63,G,2,2001,3,7,8,2,2,1,1,1,1,1,1,1,1,2,9,11,1,1,27,2,2
14,63,F,1,2001,3,1,1,2,2,1,1,1,1,1,1,1,1,2,14,6,1,1,32,2,2
14,63,F,1,2001,2,1,5,2,2,1,1,1,1,1,1,1,1,2,14,6,1,1, ?,1,2
14,63,F,1,2001,2,3,1,2,2,1,4,1,1,1,1,1,1,2,9,6,1,1, ?,2,2
14,63,F,1,2001,1,1,1,2,2,1,4,1,1,1,1,1,1,2,9,6,1,1,28,1,2
14,63,F,1,2001,2,1,1,2,2,1,1,1,1,1,1,1,1,2,9,6,1,1, ?,2,2
14,63,F,1,2001,1,1,1,2,2,1,4,1,1,1,1,1,1,2,14,6,1,1,31,1,2
14,63,F,3,2001,2,1,1,2,2,1,1,1,1,1,1,1,1,2,19,6,1,1, ?,2,2
14,63,F,3,2001,1,1,1,2,2,1,4,1,1,1,1,1,1,2,7,6,1,1,33,2,2
14,63,F,3,2001,3,1,1,2,2,1,1,1,1,1,1,1,1,2,14,6,1,1, ?,2,2
14,63,F,3,2001,2,1,1,2,2,1,1,1,1,1,1,1,1,1,9,6,1,7, ?,2,2
5,66,F,3,2001,2,1,1,2,2,1,1,4,1,1,1,4,1,2,8,6,1,1, ?,2,2
5,66,G,3,2001,2,1,1,2,2,1,1,4,1,1,1,4,1,2,8,6,1,1,36,2,2
4,66,F,3,2001,4,1,1,2,2,1,4,4,1,1,1,1,1,2,1,6,2,1,30,2,2
6,66,F,2,2001,2,1,1,2,2,1,1,4,1,1,1,1,1,2,8,6,1,1,30,2,2
8,66,F,1,2001,2,1,1,2,2,1,1,2,1,1,1,1,1,2,14,1,1,1,45,2,2
8,66,F,1,2001,2,1,1,2,2,1,1,2,1,1,1,2,1,2,14,1,1,1,45,2,2
5,66,F,1,2001,4,1,1,2,2,1,2,4,1,3,2,4,1,2,14,6,1,1,32,2,2
5,66,F,1,2001,2,1,1,2,2,1,1,1,1,1,2,1,1,2,8,6,1,1,30,2,2
5,66,F,2,2001,3,1,1,2,2,1,1,2,1,1,1,4,1,2,11,6,2,6,35,2,2
5,66,F,2,2001,3,1,1,2,2,1,1,5,1,3,1,4,1,2,11,6,2,3,23,2,2
5,66,F,3,2001,2,1,1,2,2,1,1,4,1,1,1,2,1,2,11,2,2,1,45,2,2
7,67,S,3,2001,4,7,1,2,2,1,4,4,1,1,1,1,3,2,9,2,1,1, ?,1,2
11,67,F,1,2001,4,4,1,2,2,1,3,2,1,1,2,2,4,2,9,6,1,7, ?,2,2
11,67,F,2,2001,2,4,1,1,2,1,1,2,1,1,1,4,1,2,14,1,1,1,23,2,2
1,68,F,1,2001,3,1,1,2,2,1,1,5,1,2,2,4,4,2,11,6,1,1,25,2,1
3,68,F,2,2001,4,4,1,2,2,1,2,4,1,1,1,2,1,2,9,2,2,1,45,2,2
5,68,F,2,2001,1,1,1,2,2,1,4,1,1,2,2,3,4,2, ?, ?,?,?, ?,?,?
14,63,F,4,2001,4,1,1,2,2,1,4,1,1,1,1,1,2,2,19,6,1,1, ?,1,2
14,63,F,4,2001,3,1,1,2,2,1,1,1,1,1,1,1,1,2,9,6,1,1, ?,1,2
14,63,F,4,2001,1,1,1,2,2,1,2,1,1,1,1,1,1,2,14,6,1,1, ?,2,2
14,63,F,4,2001,2,3,1,2,2,1,1,2,1,1,1,1,1,2,14,2,1,1,30,2,2
14,63,F,4,2001,1,1,1,2,2,1,2,1,1,1,1,1,1,2,19,6,1,1, ?,2,2
14,63,F,4,2001,3,1,1,2,2,1,1,1,1,1,1,1,1,2,14,6,1,6, ?,1,2
6,63,F,4,2001,2,1,1,2,2,1,2,1,1,1,1,2,1,2,7,6,1,1,27,2,2
2,59,F,4,2001,3,7,1,2,2,1,1,1,1,1,1,4,1,2,17,6,1,1, ?,2,2
4,59,F,4,2001,4,1,1,2,2,1,4,1,1,1,1,2,1,2,9,6,1,1, ?,2,2
6,59,F,4,2001,3,1,1,2,2,1,1,1,1,1,1,2,1,2,4,6,1,7,27,2,2
7,59,F,4,2001,2,7,8,2,2,1,1,1,1,1,1,2,1,2,19,5,1,1, ?,1,2
1,68,F,4,2001,1,3,1,1,2,2,4,4,2,1,1,2,1,2,14,2,1,1,40,1,2
1,68,F,4,2001,3,1,1,1,2,1,1,3,5,2,3,4,3,2,13,6,1,1,28,2,2
1,67,F,4,2001,2,1,1,2,2,1,1,1,1,1,1,2,1,2,9,2,2,1,42,2,2
1,67,F,4,2001,3,1,1,2,2,1,1,4,1,1,1,2,1,2,11,9,2,1, ?,2,2
8,64,F,2,2001,4,1,1,2,2,1,3,1,1,1,1,5,1,1,14,6,1,1, ?,2,2
8,64,G,2,2001,4,1,1,2,2,1,3,1,1,1,1,5,1,1,9,6,1,1, ?,1,2
8,64,G,2,2001,1,1,1,2,2,1,3,1,1,1,1,5,1,1,6,6,1,3, ?,1,2
1,60,F,1,2001,4,1,4,2,2,1,3,1,1,1,1,1,1,1,9,6,1,1, ?,2,2
1,60,S,3,2001,1,1,1,1,2,1,2,1,1,1,1,1,1,2,19,6,1,1, ?,2,2
1,60,M,3,2001,4,1,1,2,2,1,4,1,1,1,1,1,1,2,12,6,1,1,35,2,2
1,60,G,3,2001,4,1,1,2,2,1,3,1,1,1,1,1,1,1,9,6,1,1, ?,2,2
3,57,F,3,2001,4,3,4,2,2,1,3,3,1,1,1,1,1,1,14,5,1,1,45,2,2
3,57,F,4,2001,2,3,1,2,2,1,1,1,1,1,1,1,1,2,9,6,?,?, ?,?,?
8,57,F,4,2001,3,3,1,2,2,1,1,2,1,1,1,1,1,2,14,1,?,?, ?,?,?
3,64,F,3,2001,2,1,1,2,2,1,1,1,1,1,1,5,1,1,14,6,1,1,32,2,2
3,64,F,4,2001,4,1,1,2,2,1,2,1,1,1,1,5,1,1,12,6,1,1, ?,2,2
11,64,F,1,2001,3,3,1,2,2,1,1,1,1,1,1,5,1,1,14,1,1,3, ?,2,2
2,59,F,5,2001,2,1,1,2,2,1,1,3,5,2,2,4,4,2,17,6,1,1, ?,2,2
7,59,G,5,2001,4,1,1,2,2,1,3,1,1,1,1,2,1,2,14,6,1,1, ?,2,2
1,63,F,3,2001,3,1,1,2,2,1,1,1,1,1,1,2,1,2,4,1,1,1, ?,1,2
1,63,F,3,2001,4,3,1,2,2,1,4,1,1,1,1,2,1,2,14,6,1,1, ?,1,2
5,63,F,5,2001,1,1,1,2,2,1,4,1,1,1,1,1,1,2,11,2,1,1, ?,2,2
8,63,F,6,2001,1,1,1,2,2,1,2,1,2,1,1,1,1,2,14,6,1,1,31,2,2
1,65,G,5,2001,3,1,3,2,2,1,1,1,1,1,1,1,1,2,7,6,1,1,40,2,2
1,65,F,5,2001,2,1,1,2,2,1,1,1,1,1,1,1,1,2,12,6,?,?, ?,1,?
1,65,F,5,2001,3,1,3,2,2,1,1,1,1,1,1,1,1,2,14,6,1,1, ?,2,2
2,65,G,5,2001,3,1,1,2,2,1,1,1,1,1,1,1,1,2,7,6,1,6,40,1,2
2,65,F,5,2001,3,1,1,2,2,1,1,1,1,1,1,1,1,2,12,6,1,1, ?,1,2
5,65,F,5,2001,1,1,1,2,2,1,4,1,1,1,1,1,1,2,7,6,1,1, ?,2,2
6,65,F,5,2001,3,1,1,2,2,2,2,4,3,2,2,2,1,2, ?, ?,?,?, ?,?,?
6,65,F,5,2001,3,1,1,2,2,1,1,1,1,1,1,1,1,2,14, ?,?,?, ?,?,?
7,67,G,5,2001,3,1,1,2,2,2,1,1,2,1,1,2,1,2,9,6,1,1,35,1,2
3,64,F,6,2001,4,1,1,2,2,2,3,1,2,1,1,5,1,1,14,6,1,1, ?,2,2
11,67,G,6,2001,2,1,1,2,2,1,1,3,1,1,1,3,1,2,8,6,1,1,32,1,2
1,65,F,6,2001,2,1,1,2,2,2,1,1,2,1,1,1,1,1,9,6,1,1,45,1,2
2,65,S,6,2001,3,1,1,2,2,2,1,2,2,1,1,1,1,2,9,1,1,1, ?,2,2
2,65,F,6,2001,4,1,1,2,2,1,4,1,1,1,1,1,1,2,5,1,1,1,22,2,2
1,68,F,5,2001,2,4,1,2,2,1,1,4,1,1,1,2,1,2,11,2,2,6,40,2,2
1,68,G,6,2001,2,1,1,2,2,1,1,1,1,1,1,2,1,1,5,6,1,1,28,1,2
1,65,F,6,2001,3,1,3,2,2,1,2,1,1,1,1,1,1,2,9,6,1,1, ?,1,2
2,65,F,7,2001,3,1,1,2,2,1,1,1,1,1,1,2,1,2,9,6,1,3,35,2,2
2,65,F,7,2001,2,1,1,2,2,1,1,1,1,1,1,1,1,1,9,6,1,1, ?,2,2
2,65,F,7,2001,4,7,1,2,2,1,4,1,1,1,1,1,1,2,11,1,1,1,28,2,2
2,65,F,7,2001,3,1,1,2,2,1,1,1,1,1,1,1,1,2,9,11,1,1, ?,1,2
7,65,F,7,2001,2,1,1,2,2,1,1,1,1,1,2,2,1,2,11,5,1,1,28,2,2
6,65,F,7,2001,3,1,1,2,2,1,1,1,1,1,1,1,1,2,11,6,1,1, ?,1,2
11,63,F,6,2001,4,1,1,2,2,2,4,1,2,1,3,2,1,2,13,10,1,1, ?,2,2
5,66,S,5,2001,4,1,1,2,2,1,1,4,1,1,1,2,1,2,11,6,1,1,40,1,2
1,66,F,4,2001,3,1,1,2,2,1,1,1,1,1,1,2,1,2,9,6,1,1,32,2,2
1,66,G,7,2001,3,3,1,2,2,1,1,1,1,2,1,3,1,2,10,6,1,1,35,2,2
8,66,F,5,2001,3,1,1,2,2,1,1,1,1,1,1,1,1,2,8,6,1,1,40,2,2
14,63,G,5,2001,3,1,1,2,2,1,1,1,1,1,1,1,1,2,14,6,1,1,35,1,2
14,63,F,5,2001,3,1,1,2,2,1,1,1,1,1,1,1,1,2,14,5,2,1, ?,1,2
2,66,G,9,2001,2,1,1,2,2,1,1,2,1,1,1,2,1,2,14,6,1,1,30,2,2
7,59,F,8,2001,1,1,1,2,2,2,4,2,2,1,1,2,1,2,10,2,1,1, ?,2,2
1,65,F,8,2001,3,1,1,2,2,1,1,1,1,1,1,1,1,2,9,6,1,1,50,2,2
1,65,G,8,2001,3,1,1,2,2,1,1,1,1,1,1,1,1,1,9,6,1,1, ?,2,2