Thana,District,Accident_Severity,Month,Year,Time,Junction_Type,Traffic_Control,Movement,Divider,Weather,Light,Road_Geometry,Surface_Condition,Surface_Type,Surface_Quality,Road_Class,Road_Feature,Location_Type,Vehicle_Type,Vehicle_Movement,Vehicle_Loading,Vehicle_Defect,Vehicle_Driver_Age,Vehicle_Alcohol,Vehicle_Seat_Belt
2,65,G,8,2001,3,1,1,2,2,1,1,1,1,1,1,1,1,2,9,1,1,1, ?,2,2
2,65,F,8,2001,3,7,1,2,2,1,1,2,1,1,1,1,1,2,8,2,1,1,42,2,2
2,65,F,8,2001,3,1,1,2,2,1,1,1,2,1,1,1,1,2,14,6,1,7,20,2,2
2,65,F,8,2001,3,1,1,2,2,1,1,1,1,1,1,1,1,2,14,6,1,1,25,1,2
5,65,F,8,2001,2,1,1,2,2,2,1,1,2,1,1,2,1,2,9,6,1,1, ?,2,2
7,65,F,8,2001,2,1,1,2,2,1,1,1,1,1,1,1,1,2,11,5,1,1,27,1,2
14,63,S,8,2001,3,1,1,2,2,1,1,1,1,1,1,1,1,1,14,6,1,1, ?,2,2
14,63,F,8,2001,3,1,1,1,2,1,1,1,1,1,1,1,1,2,14,6,1,1, ?,1,2
14,63,F,9,2001,4,1,1,2,2,1,1,1,1,1,1,1,1,2,14,6,1,1,38,2,2
6,63,F,7,2001,2,1,1,2,2,1,2,1,1,1,1,2,1,2,8,6,1,1,41,2,2
4,63,S,8,2001,3,1,1,2,2,1,1,3,1,1,1,1,1,2,7,6,1,1,22,2,2
13,63,F,8,2001,4,7,8,2,2,2,1,1,2,1,1,1,1,2,9,6,1,1, ?,2,2
13,63,F,8,2001,2,1,1,2,2,1,1,1,1,1,1,1,1,2,8,6,1,1, ?,2,2
1,63,F,8,2001,2,7,1,2,2,1,1,4,1,1,1,2,1,2,8,1,1,1, ?,2,2
3,64,F,10,2001,4,3,4,2,2,1,3,2,1,1,1,5,1,1,14,6,1,6, ?,1,2
13,63,F,9,2001,3,1,1,2,2,1,1,1,1,1,1,4,1,2,9,6,1,1, ?,1,2
2,67,F,8,2001,2,1,1,2,2,1,1,4,1,1,1,2,1,2,11,6,1,1,39,2,2
7,66,S,7,2001,2,1,1,2,2,1,1,1,1,1,1,4,1,2,9,6,1,1,30,2,2
8,57,F,6,2001,2,1,1,2,2,1,1,1,1,1,1,1,1,2,9,6,2,1,40,2,2
5,57,G,6,2001,3,3,1,2,2,1,1,1,1,1,1,2,1,2,9,6,1,1,45,2,2
1,57,G,5,2001,2,1,1,2,2,1,1,1,1,1,1,1,1,2,14,6,1,1, ?,1,2
1,57,F,5,2001,2,1,1,2,2,1,1,1,1,1,1,1,1,2,11,1,1,1, ?,2,2
1,57,G,6,2001,3,1,1,2,2,1,1,1,1,1,1,1,1,2,14,1,1,1,25,2,2
1,57,F,7,2001,4,1,1,2,2,1,1,1,1,1,1,1,1,2,14,6,1,1,30,2,2
14,63,M,10,2001,2,1,1,2,2,1,1,1,1,1,1,1,1,2,14,1,1,1,40,1,2
14,63,S,8,2001,4,1,1,2,2,1,3,1,1,1,1,1,1,2,14,6,1,1,30,1,2
7,63,F,8,2001,3,1,4,2,2,2,1,1,2,1,1,1,1,2,9,6,1,1,33,1,2
2,65,F,10,2001,3,1,1,2,2,1,1,1,1,1,1,1,1,1,9,6,1,1, ?,2,2
2,65,F,10,2001,4,1,1,2,2,2,4,4,2,1,1,1,1,2,9,2,1,1, ?,1,2
4,65,F,10,2001,3,1,2,2,2,1,1,4,1,1,2,2,1,2,14,6,1,1, ?,1,2
5,65,F,10,2001,3,1,1,2,2,1,1,1,1,1,1,1,1,2,9,6,1,1, ?,2,2
5,65,F,10,2001,2,1,1,2,2,2,1,1,2,1,1,2,1,2,5,6,1,1, ?,1,2
1,59,F,10,2001,2,1,1,2,2,1,1,2,1,1,1,2,1,2,4,4,1,1,38,2,1
4,59,F,11,2001,3,1,1,2,2,1,1,1,1,1,1,2,1,2,17,6,1,1, ?,2,2
4,65,F,11,2001,3,1,1,2,2,1,1,1,1,1,1,2,1,2,13,6,1,1, ?,2,2
5,65,F,11,2001,3,1,1,2,2,1,1,1,1,1,1,4,1,2,13,6,1,1, ?,2,2
8,63,G,11,2001,3,1,1,2,2,1,1,1,1,1,1,1,1,2,14,6,1,1,36,2,2
1,63,G,10,2001,3,1,1,2,2,1,1,2,1,1,1,2,1,2,13,4,1,1,30,2,2
1,63,F,10,2001,3,1,1,2,2,1,1,1,1,1,1,2,4,2,4,4,1,1,18,2,2
3,63,F,7,2001,3,1,1,2,2,1,1,1,1,1,1,1,1,2,14,5,1,1,35,2,2
3,63,S,8,2001,1,1,1,2,2,1,3,1,1,1,1,1,1,2,8,6,1,1,35,2,2
3,63,F,8,2001,4,1,1,2,2,1,4,1,1,1,1,1,1,2,5,6,1,1, ?,2,2
2,59,F,12,2001,2,1,1,2,2,1,1,1,1,3,1,2,1,2,17,6,1,1, ?,2,2
3,57,F,10,2001,1,1,1,2,2,1,4,1,1,1,1,1,1,2,9,11,1,1,32,2,2
3,57,F,7,2001,2,1,1,2,2,1,1,1,1,1,1,2,1,2,9,6,1,1, ?,2,2
1,57,F,8,2001,3,1,1,2,2,1,1,1,1,1,1,1,1,2,14,1,1,1,32,2,2
1,57,F,9,2001,3,1,1,2,2,1,1,1,1,1,1,1,1,2,9,1,1,1,30,2,2
4,57,F,9,2001,3,1,1,2,2,1,1,1,1,1,1,4,1,2,7,6,1,1,28,2,2
8,57,F,8,2001,4,1,4,2,2,1,2,3,1,1,1,1,1,2,4,6,1,1, ?,2,2
1,66,F,11,2001,3,1,1,2,2,1,1,1,1,1,1,2,1,2,9,6,1,1,30,2,2
5,65,F,12,2001,3,1,1,2,2,1,2,1,1,1,1,2,1,2,11,6,1,1, ?,2,2
7,66,F,12,2001,2,1,1,2,2,1,1,1,1,1,1,2,1,1,9,6,2,1, ?,2,2
2,65,F,12,2001,2,1,1,2,2,1,1,1,1,1,1,1,1,2,8,2,1,1,36,2,2
1,65,G,12,2001,2,1,1,2,2,1,1,1,1,1,1,1,1,1,7,6,1,1, ?,2,2
1,65,F,12,2001,1,1,1,2,2,1,1,1,1,1,1,1,1,2,9,6,1,1, ?,2,2
1,65,F,12,2001,3,1,1,2,2,1,1,1,1,1,1,1,1,1,9,6,2,1, ?,2,2
1,64,S,10,2001,1,1,1,1,1,1,1,1,1,1,1,5,1,1,14,11,1,1, ?,2,2
7,64,F,10,2001,1,1,1,2,2,2,1,1,2,1,1,5,1,1, ?,6,1,1, ?,2,2
7,64,F,11,2001,2,1,1,2,2,1,1,1,1,1,1,5,1,1,9,1,1,1, ?,2,2
7,64,S,11,2001,4,1,3,2,2,1,3,1,1,1,1,5,1,1,14,1,1,1, ?,2,2
7,64,F,12,2001,2,7,4,2,1,1,1,1,1,1,1,5,1,1,7,1,1,1,29,2,2
1,61,G,9,2001,1,1,1,2,2,1,4,1,1,1,1,1,1,2,9,1,1,1,35,1,2
1,61,M,9,2001,3,1,1,2,2,1,1,1,1,1,1,1,1,2,14,1,1,1,32,1,2
1,61,M,9,2001,1,1,1,2,2,1,4,1,1,1,1,1,1,2,14,1,1,1,35,1,2
1,61,G,9,2001,4,1,1,2,2,1,4,1,1,1,1,1,1,2,9,1,1,1,32,2,2
1,61,F,9,2001,2,1,1,2,2,1,2,3,1,1,1,1,1,2,14,6,2,1, ?,2,2
1,61,G,10,2001,3,1,1,2,2,1,1,1,1,1,1,1,1,2,8,5,1,1,40,2,2
1,61,F,10,2001,4,1,1,2,2,1,4,1,1,1,1,1,1,2,9,1,1,1,40,1,2
1,61,M,10,2001,1,1,1,2,2,2,4,1,2,1,1,1,1,2,9,1,1,1,40,1,2
1,61,G,11,2001,1,1,1,2,2,1,4,1,1,1,1,1,1,2,7,1,1,1,35,1,2
1,61,F,11,2001,1,1,1,2,2,1,2,1,1,1,1,1,1,2,14,6,1,1,30,2,2
1,61,G,12,2001,1,1,1,2,2,1,4,1,1,1,1,1,1,2,14,2,1,1,40,2,2
1,61,S,12,2001,3,1,1,2,2,1,1,1,1,1,1,1,1,2,9,6,1,1,35,2,2
1,61,G,12,2001,1,1,1,2,2,1,2,1,1,1,1,1,1,2,10,1,1,1,32,1,2
1,61,M,12,2001,1,1,1,2,2,1,4,1,1,1,1,1,1,2,9,1,1,1,42,1,2
3,61,F,12,2001,3,1,1,2,2,1,1,1,1,1,1,2,1,2,9,6,1,1, ?,2,2
2,61,F,11,2001,2,1,1,2,2,1,1,1,1,1,1,1,1,2,14,6,1,1,45,2,2
1,63,F,11,2001,3,1,2,2,2,1,1,1,1,1,1,2,1,2,8,5,1,1,32,1,2
1,63,F,11,2001,2,1,1,2,2,1,1,1,1,1,1,2,1,2,11,6,1,1, ?,2,2
3,63,M,10,2001,1,1,2,2,2,1,2,1,1,1,1,2,1,2,14,6,1,1, ?,2,2
13,63,F,11,2001,2,1,1,2,2,1,2,1,1,1,1,2,1,2,14,6,1,1, ?,2,2
13,63,F,11,2001,3,1,1,2,2,1,1,1,1,1,1,2,1,2,9,6,1,1, ?,2,2
1,68,F,8,2001,2,1,1,2,2,1,1,2,1,1,1,2,1,2,9,6,1,1,32,1,2
1,68,G,8,2001,2,4,1,2,2,1,1,3,1,1,1,2,4,1,5,6,1,1, ?,2,2
1,68,G,10,2001,3,4,1,2,2,1,2,3,1,1,1,2,4,1,14,6,1,1,22,2,2
1,68,F,11,2001,2,1,1,2,2,1,1,1,1,1,1,2,2,2,14,6,1,1,26,1,2
3,68,F,10,2001,4,1,1,2,2,2,2,5,2,2,2,4,3,2,11,6,2,1, ?,2,2
2,66,F,12,2001,2,1,1,2,2,1,1,1,1,1,1,2,1,2,11,6,1,1, ?,2,2
1,57,F,12,2001,3,1,1,2,2,1,1,1,1,1,1,2,1,1,14,6,1,1,48,2,2
1,57,F,12,2001,1,1,1,2,2,4,2,1,2,1,1,2,1,2,9,6,1,1,38,2,2
2,57,S,12,2001,2,1,1,2,2,4,2,1,1,1,1,2,1,2,11,6,1,1,30,2,1
5,57,F,12,2001,2,3,1,2,2,1,1,1,1,1,1,2,1,2,9,8,1,1,35,2,2
6,57,S,11,2001,2,1,1,2,2,1,1,1,1,1,1,2,1,2,6,6,1,1,22,2,2
8,57,S,10,2001,4,1,1,2,2,1,4,1,1,1,1,2,1,2,9,6,1,1,35,2,2
8,57,F,10,2001,2,1,1,2,2,1,1,1,1,1,1,2,1,2,14,6,1,1,40,2,2
8,57,F,10,2001,3,1,1,2,2,1,1,1,1,1,1,2,1,2,9,6,1,1,40,2,2
8,57,F,12,2001,3,1,1,2,2,1,1,1,1,1,1,2,1,2,14,6,1,1,40,2,2
8,57,F,12,2001,2,1,1,2,2,1,1,1,1,1,1,2,1,2, ?, ?,?,?, ?,?,?
7,64,F,10,2001,2,1,1,2,2,1,1,1,1,1,1,5,1,1,14,1,1,1, ?,2,2
1,57,F,10,2001,2,3,4,2,2,4,1,4,1,1,1,2,1,1,14,2,1,5, ?,2,2
5,64,F,1,2001,3,1,1,2,2,1,1,1,1,1,1,5,1,1,7,6,1,1,36,2,2
5,64,F,2,2001,3,1,1,2,2,1,1,1,1,1,1,5,1,1,15,6,1,1, ?,2,2
5,64,F,4,2001,3,1,1,2,2,1,1,1,1,1,1,5,1,1,14,6,1,1,43,2,2
5,64,F,4,2001,1,1,1,2,2,1,3,1,1,1,1,5,1,1, ?, ?,?,?, ?,?,?
5,64,F,5,2001,2,1,1,2,2,1,1,1,1,1,1,5,1,1,9,6,1,1,45,2,2
5,64,G,7,2001,4,1,1,2,2,1,2,1,1,1,1,5,1,1,15,6,1,1, ?,2,2
5,64,G,9,2001,4,2,1,2,2,1,3,1,1,1,1,5,1,1,12,6,1,1,37,2,2
10,64,F,3,2001,3,1,1,2,2,1,1,1,1,1,1,5,1,1,14,6,1,1,38,1,2
10,64,F,6,2001,2,1,1,2,2,1,2,1,1,1,1,5,1,1,9,6,1,1,34,1,2
10,64,F,9,2001,3,1,1,2,2,1,1,1,1,1,1,5,1,1,14,6,1,1,51,1,2
10,64,F,10,2001,4,1,1,2,2,1,3,1,1,1,1,5,1,1,14,6,1,1,48,2,2
10,64,G,11,2001,4,1,1,2,2,1,2,1,1,1,1,5,1,1,14,6,1,1,50,2,2
10,64,F,11,2001,3,1,1,2,2,1,2,1,1,1,1,5,1,1,14,6,1,1,29,2,2
10,64,G,11,2001,2,1,1,2,2,1,1,1,1,1,1,5,1,1,14,6,2,1,42,2,2
10,64,F,11,2001,2,1,1,2,2,1,1,1,1,1,1,5,1,1,14,6,1,1,45,2,2
10,64,G,12,2001,2,1,1,2,2,1,2,1,1,1,1,5,1,1,9,6,1,1,37,2,2
11,64,G,2,2001,1,1,1,2,2,1,4,1,1,1,1,5,1,1,10,6,1,1,28,1,2
11,64,G,3,2001,2,1,1,2,2,1,1,1,1,1,1,5,1,1,12,6,1,1,30,2,2
11,64,F,5,2001,2,1,1,2,2,1,1,1,1,1,1,5,1,1,12,6,1,1,28,2,2
11,64,G,7,2001,3,1,4,2,2,1,1,1,1,1,1,5,1,1,14,6,1,1,39,2,2
11,64,F,8,2001,4,1,1,2,1,1,3,1,1,1,1,5,1,1,8,6,1,1,45,2,2
11,64,F,10,2001,4,1,4,2,2,1,3,1,1,1,1,5,1,1,10,6,1,1, ?,2,2
11,64,F,11,2001,3,1,1,2,2,1,1,1,1,1,1,5,1,1, ?, ?,?,?, ?,?,?
11,64,G,12,2001,3,1,1,2,2,1,1,1,1,1,1,5,1,1,7,2,1,1,25,2,2
11,64,G,12,2001,3,1,1,2,2,1,1,1,1,1,1,5,1,1,8,6,1,1,26,2,2
11,64,F,12,2001,4,3,1,2,2,1,2,1,1,1,1,5,1,1,14,6,1,1, ?,2,2
11,63,F,11,2001,4,1,1,2,2,1,4,1,1,1,1,1,1,2,13,6,1,1,26,1,2
8,64,F,9,2001,3,1,1,2,2,1,1,1,1,1,1,5,1,1,14,6,1,1, ?,1,2
16,42,F,1,2002,2,?,5,2,1,1,2,1,1,1,1,5,1,1,9,6,?,1, ?,?,?
16,42,F,1,2002,2,1,5,2,1,1,1,1,1,1,1,2,1,1,9,6,?,?, ?,?,?
16,42,F,1,2002,2,?,5,2,1,1,1,1,1,1,1,5,1,1,8,6,?,?, ?,2,2
16,42,F,1,2002,4,?,?,2,1,1,3,1,1,1,1,5,1,1,4,6,?,?, ?,?,?
16,42,M,1,2002,1,?,5,1,1,1,2,1,1,1,1,5,1,1,13,6,?,7, ?,?,?
16,42,F,1,2002,3,?,6,?,1,1,1,1,1,1,1,5,1,1,14,6,?,?, ?,?,?
16,42,F,2,2002,1,?,5,1,1,1,2,1,1,1,1,5,1,1,14,6,?,?, ?,1,2
16,42,G,2,2002,2,3,8,1,1,1,2,1,1,1,1,5,1,1,10,6,1,1, ?,?,2
16,42,F,2,2002,4,1,1,2,1,1,3,1,1,1,1,5,1,1,7,6,?,?, ?,?,2
16,42,F,2,2002,4,3,5,2,1,1,3,1,1,1,1,5,1,1,9,6,?,?, ?,?,2
16,42,F,2,2002,2,?,5,1,1,1,3,1,1,1,1,5,1,1,8,6,?,?, ?,?,?
16,42,F,2,2002,1,?,5,1,1,1,3,1,1,1,1,5,1,1,14,6,?,?, ?,?,?
16,42,F,2,2002,2,1,5,1,1,1,1,1,1,1,1,5,1,1,14,6,?,?, ?,?,?
16,42,G,3,2002,2,3,4,2,1,1,1,1,1,1,1,5,1,1,7,6,?,?, ?,?,2
16,42,G,3,2002,2,1,?,2,1,1,1,1,1,1,1,5,1,1,9,6,1,1, ?,?,?
16,42,G,3,2002,3,?,?,2,1,1,1,1,1,1,1,5,1,1,10,6,1,1, ?,?,2
16,42,F,3,2002,2,1,3,2,1,1,2,1,1,1,1,5,1,1,9,6,1,1, ?,?,2
16,42,F,3,2002,1,1,1,2,1,1,2,1,1,1,1,5,1,1,14,6,1,1, ?,?,2
22,42,M,1,2002,2,7,1,1,1,1,1,1,1,1,1,5,1,1,7,6,?,?, ?,1,2
22,42,M,1,2002,2,1,1,2,1,1,2,1,1,1,1,5,1,1,14,6,1,1, ?,1,2
22,42,F,2,2002,4,1,6,2,1,1,3,1,1,1,1,5,1,1, ?,6,?,?, ?,?,?
22,42,F,2,2002,4,1,8,2,1,1,3,1,1,1,1,5,1,1, ?,6,1,1, ?,?,?
22,42,G,2,2002,3,1,8,1,1,1,1,1,1,1,1,5,1,1,13,6,?,?, ?,?,?
22,42,G,2,2002,4,2,3,2,1,1,3,1,1,1,1,5,1,1,14,6,?,?, ?,2,2
22,42,G,4,2002,2,5,4,2,1,1,1,1,1,1,1,5,1,1,10,6,1,1, ?,1,?
11,42,F,1,2002,4,3,3,1,1,2,1,1,1,1,1,5,1,1,7,6,1,?, ?,?,2
11,42,F,1,2002,1,7,2,2,1,1,2,1,1,1,1,5,1,1, ?,6,?,?, ?,?,?
11,42,F,1,2002,2,1,1,2,1,1,1,1,1,1,1,5,1,1,7,6,?,?, ?,?,?
11,42,F,1,2002,2,1,1,2,1,1,1,1,1,1,1,5,1,1,14,6,1,1,40,1,2
11,42,F,2,2002,2,1,1,2,1,1,1,1,1,1,1,5,1,1,14,6,1,1,27,1,2
11,42,F,3,2002,1,1,1,1,1,1,3,1,1,1,1,5,1,1,9,6,1,?, ?,?,?
11,42,F,3,2002,3,1,4,1,1,1,1,1,1,1,1,5,1,1,10,6,?,?, ?,?,?
11,42,F,3,2002,2,?,?,1,2,1,1,1,1,1,1,5,1,1, ?,6,?,?, ?,?,?
11,42,F,3,2002,3,1,3,2,1,1,1,1,1,1,1,5,1,1,8,9,1,1, ?,1,2
11,42,F,3,2002,4,1,1,2,2,1,2,1,1,1,1,5,1,1,6,6,1,1, ?,?,?
10,42,F,1,2002,3,3,6,2,1,1,1,1,1,1,1,5,1,1,8,6,1,1,35,2,2
10,42,F,1,2002,3,1,1,2,1,1,1,1,1,1,1,5,1,1,12,6,1,1, ?,?,2
10,42,M,1,2002,1,1,6,2,1,1,2,1,1,1,1,5,1,1,14,6,1,1, ?,?,2
10,42,G,1,2002,4,2,6,2,1,1,3,1,1,1,1,5,1,1,8,6,1,1,24,1,2
10,42,F,2,2002,2,7,8,2,1,1,1,1,1,1,1,5,1,1,7,6,?,?, ?,?,?
10,42,F,2,2002,1,3,6,2,1,1,3,1,1,1,1,5,1,1, ?,6,?,?, ?,?,?
10,42,F,2,2002,1,3,6,2,1,1,3,1,1,1,1,5,1,1,14,6,1,1,40,1,2
10,42,F,3,2002,3,7,8,2,1,1,1,1,1,1,1,5,1,1,14,6,?,?, ?,?,2
10,42,G,3,2002,2,7,8,2,1,1,1,1,1,1,1,5,1,1,10,6,1,1,25,2,2
10,42,F,3,2002,?,3,6,2,1,1,3,1,1,1,1,5,1,1,19,6,?,?, ?,?,?
10,42,F,4,2002,2,7,1,2,1,1,1,1,1,1,1,5,1,1,19,6,1,1, ?,?,?
10,42,G,4,2002,4,7,6,2,1,1,3,1,1,1,1,5,1,1,8,6,1,1, ?,?,2
15,42,F,2,2002,1,1,1,1,1,1,2,1,1,1,1,5,1,1,8,6,1,1, ?,?,?
15,42,F,2,2002,2,1,2,1,1,1,2,1,1,1,1,5,1,1,19,6,1,1, ?,?,?
15,42,G,4,2002,4,1,2,1,1,1,3,1,1,1,1,5,1,1,10,6,?,?,35,?,?
15,42,F,4,2002,3,?,3,2,1,1,1,1,1,1,1,5,1,1,8,6,?,?,23,?,2
16,42,F,4,2002,1,1,5,1,2,1,2,1,1,1,1,5,1,1,14,6,1,1, ?,1,2
4,42,F,1,2002,2,3,4,1,1,1,1,1,1,1,1,5,1,1,8,5,1,1, ?,2,2
4,42,F,1,2002,3,3,4,1,1,1,1,1,1,1,1,5,1,1,8,6,2,?,45,1,2
4,42,F,2,2002,3,1,1,1,1,1,1,1,1,1,1,5,1,1,9,6,1,1, ?,1,2
4,42,G,2,2002,2,1,1,1,2,1,1,1,1,1,1,5,1,1,9,6,1,1, ?,1,2
3,42,F,1,2002,1,3,1,2,2,1,4,1,1,1,1,5,1,1,8,6,?,?, ?,?,2
3,42,G,3,2002,4,3,1,1,1,1,1,1,1,1,1,5,1,1,13,6,?,?, ?,1,2
2,42,F,1,2002,3,3,4,2,1,1,1,1,1,1,1,5,1,1,10,6,?,?, ?,?,2
2,42,F,1,2002,2,2,6,2,1,1,2,1,1,1,1,5,1,1,9,6,?,?, ?,2,2
2,42,G,1,2002,2,1,1,2,1,1,1,1,1,1,1,5,1,1,6,6,1,1, ?,2,2
2,42,F,1,2002,1,1,1,2,1,1,3,1,1,1,1,5,1,1,14,6,?,?, ?,1,2
2,42,F,2,2002,3,1,1,2,1,1,1,1,1,1,1,5,1,1,9,6,1,1,27,1,2
18,42,G,2,2002,2,1,1,2,1,1,1,1,1,1,1,5,1,1,11,6,?,?, ?,?,2
18,42,F,3,2002,1,1,1,2,1,1,3,1,1,1,1,5,1,1,11,6,1,1, ?,2,2
18,42,G,4,2002,1,1,1,2,1,1,2,1,1,1,1,5,1,1,12,6,1,1, ?,2,2
18,42,F,4,2002,4,1,1,2,1,1,3,1,1,1,1,5,1,1,14,7,?,?, ?,2,2
18,42,F,4,2002,1,1,1,2,1,1,3,1,1,1,1,5,1,1,19,6,?,?, ?,?,?
18,42,F,4,2002,4,1,1,2,1,1,3,1,1,1,1,5,1,1,8,6,?,?, ?,2,2
1,42,F,2,2002,4,1,4,2,1,1,3,1,1,1,1,5,1,1,8,6,?,?,23,2,2
1,42,G,2,2002,4,3,6,2,1,1,3,1,1,1,1,5,1,1,9,6,?,?, ?,2,2
1,42,M,2,2002,4,1,1,2,1,1,3,1,1,1,1,5,1,1,9,6,?,?,20,2,2
1,42,F,2,2002,3,7,6,2,1,1,1,1,1,1,1,5,1,1,5,6,?,?, ?,2,2
1,42,M,2,2002,2,3,4,2,1,1,1,1,1,1,1,5,1,1,14,6,?,?, ?,2,2
1,42,F,2,2002,2,2,6,2,1,1,2,1,1,1,1,5,1,1,9,6,?,?, ?,1,2
19,42,F,2,2002,2,1,1,2,1,1,1,1,1,1,1,5,1,1,7,6,?,?,25,2,2
19,42,M,4,2002,1,2,1,2,1,1,2,1,1,1,1,5,1,1,14,6,1,1,28,2,2
4,42,F,5,2002,3,1,1,1,2,1,1,1,1,1,1,5,1,1,8,6,?,?,30,2,2
4,42,F,5,2002,3,1,1,2,1,1,1,1,1,1,1,5,1,1,9,6,?,?, ?,2,2
9,42,G,5,2002,2,7,1,2,1,1,1,1,1,1,1,5,1,1,14,6,1,1, ?,?,2
9,42,F,5,2002,1,7,8,1,2,1,3,1,1,1,1,5,1,1,14,6,?,?, ?,?,2
9,42,G,5,2002,3,6,4,1,1,1,1,1,1,1,1,5,1,1,5,6,1,1, ?,2,2
9,42,F,5,2002,3,1,1,1,1,1,1,1,1,1,1,5,1,1,9,6,1,1, ?,2,2
10,42,S,5,2002,4,3,6,2,1,1,3,1,1,1,1,5,1,1,8,6,1,1, ?,2,2
16,42,F,5,2002,2,1,1,2,2,1,1,1,1,1,1,5,1,1,9,6,?,?, ?,1,2
16,42,F,5,2002,1,1,1,2,1,1,2,1,1,1,1,5,1,1,9,6,?,?, ?,2,2
16,42,G,5,2002,1,1,1,2,1,1,3,1,1,1,1,5,1,1,14,6,1,1, ?,?,2
10,42,F,6,2002,2,7,1,2,2,1,1,1,1,1,1,5,1,1,5,6,1,1, ?,2,2
10,42,G,6,2002,4,7,1,2,1,1,3,1,1,1,1,5,1,1,14,6,1,1,32,2,2
10,42,F,6,2002,2,7,1,2,1,1,2,1,1,1,1,5,1,1,8,6,1,1, ?,2,2
12,42,G,2,2002,1,3,1,2,2,1,3,1,1,1,1,5,1,1,13,6,2,?,25,1,2
12,42,F,3,2002,1,3,4,2,1,1,2,1,1,1,1,5,1,1,9,5,1,1, ?,1,2
12,42,G,4,2002,2,1,1,2,1,1,1,1,1,1,1,5,1,1,10,6,?,?, ?,2,2
12,42,F,4,2002,4,3,4,2,1,1,2,1,1,1,1,5,1,1,9,5,?,?, ?,2,2
14,42,F,1,2002,2,1,1,2,1,1,1,1,1,1,1,5,1,1,5,6,1,1, ?,2,2
14,42,G,1,2002,2,1,1,2,1,1,1,1,1,1,1,5,1,1,10,6,1,1,26,?,2
14,42,F,1,2002,1,2,4,2,1,1,3,1,1,1,1,5,1,1,14,6,?,?, ?,2,2
14,42,F,2,2002,1,1,1,2,1,1,2,1,1,1,1,5,1,1,14,6,?,?,45,2,2
14,42,F,2,2002,4,1,1,2,1,1,3,1,1,1,1,5,1,1,19,6,?,?, ?,2,2
14,42,F,2,2002,1,1,1,2,1,1,2,1,1,1,1,5,1,1,19,6,?,?, ?,?,2
14,42,F,3,2002,1,1,4,2,2,1,2,1,1,1,1,5,1,1,14,6,?,?, ?,2,2
8,42,S,1,2002,1,3,4,2,1,1,3,1,1,1,1,5,1,1,13,6,?,?,20,2,2
8,42,G,1,2002,3,3,1,2,1,1,1,1,1,1,1,5,1,1,10,6,?,?, ?,2,2
8,42,F,1,2002,4,1,1,2,1,1,3,1,1,1,1,5,1,1,19,6,?,?, ?,?,2
8,42,M,1,2002,1,1,1,2,1,1,3,1,1,1,1,5,1,1,14,6,?,?, ?,?,2
8,42,G,2,2002,3,1,1,2,1,1,1,1,1,1,1,5,1,1,10,6,?,?,27,2,2
8,42,G,2,2002,4,1,1,2,1,1,3,1,1,1,1,5,1,1,8,6,2,1, ?,2,2
8,42,F,4,2002,2,1,1,2,1,1,2,1,1,1,1,5,1,1,14,6,1,1, ?,2,2
8,42,G,5,2002,?,1,1,2,1,1,3,1,1,1,1,5,1,1,7,6,1,1, ?,2,2
8,42,F,6,2002,3,1,1,2,1,1,1,1,1,1,1,5,1,1, ?,6,?,?, ?,?,2
9,42,F,6,2002,2,1,1,1,1,1,1,1,1,1,1,5,1,1,9,6,1,1,22,2,2
9,42,S,6,2002,2,1,8,1,1,1,1,1,1,1,1,5,1,1,8,6,?,?, ?,2,2
9,42,F,6,2002,1,1,1,1,1,1,3,1,1,1,1,5,1,1,14,6,?,?, ?,?,2
9,42,S,6,2002,2,3,4,1,1,1,1,1,1,1,1,5,1,1,8,6,1,1, ?,2,2
9,42,G,6,2002,4,1,1,2,1,1,3,1,1,1,1,5,1,1,19,6,1,1,40,2,2
9,42,G,6,2002,3,7,8,2,2,1,1,1,1,1,1,5,1,1,19,6,1,1,38,2,2
9,42,G,6,2002,3,7,8,1,1,1,1,1,1,1,1,5,1,1,8,6,?,?, ?,2,2
9,42,G,6,2002,4,7,4,1,1,1,3,1,1,1,1,5,1,1,10,6,1,1,38,2,2
15,42,M,6,2002,3,1,1,2,1,1,1,1,1,1,1,5,1,1,9,6,1,1, ?,2,2
15,42,G,6,2002,4,1,1,1,2,1,3,1,1,1,1,5,1,1,8,6,1,1, ?,2,2
11,42,F,6,2002,2,2,1,1,1,1,1,1,1,1,1,5,1,1,6,2,1,1, ?,2,2
11,42,G,6,2002,3,3,3,2,1,1,1,1,1,1,1,5,1,1,8,2,1,1,28,2,2
11,42,F,7,2002,4,1,1,1,1,1,3,1,1,1,1,5,1,1,14,6,?,?, ?,2,2
11,42,G,7,2002,1,?,2,1,1,1,1,1,1,1,1,5,1,1,8,6,?,?,22,2,2
11,42,G,7,2002,2,1,1,2,1,1,1,1,1,1,1,5,1,1,7,6,?,?,23,1,2
11,42,F,7,2002,1,3,3,2,1,1,3,1,1,1,1,5,1,1,17,6,?,?, ?,1,2
10,42,F,7,2002,3,7,8,2,2,1,1,1,1,1,1,5,1,1,14,6,?,?, ?,?,2