Thana,District,Accident_Severity,Month,Year,Time,Junction_Type,Traffic_Control,Movement,Divider,Weather,Light,Road_Geometry,Surface_Condition,Surface_Type,Surface_Quality,Road_Class,Road_Feature,Location_Type,Vehicle_Type,Vehicle_Movement,Vehicle_Loading,Vehicle_Defect,Vehicle_Driver_Age,Vehicle_Alcohol,Vehicle_Seat_Belt
10,42,F,7,2002,3,7,6,2,1,1,1,1,1,1,1,5,1,1,8,6,?,?, ?,?,2
10,42,S,8,2002,2,7,8,2,2,1,1,1,1,1,1,5,1,1,8,6,1,1,29,1,2
10,42,F,10,2002,4,7,6,2,2,1,3,1,1,1,1,5,1,1,14,6,?,?, ?,?,2
10,42,F,10,2002,3,7,8,2,1,1,1,1,1,1,1,5,1,1,11,6,?,?, ?,?,2
11,42,F,8,2002,3,4,1,2,1,1,1,1,1,1,1,5,1,1,11,6,1,1,48,2,2
11,42,M,8,2002,?,2,1,1,1,1,3,1,1,1,1,5,1,1,8,6,?,?, ?,2,2
11,42,F,8,2002,?,1,4,1,1,1,1,1,1,1,1,5,1,1,8,6,1,1, ?,2,2
11,42,G,8,2002,4,2,4,2,1,1,3,1,1,1,1,5,1,1,13,6,1,1, ?,2,2
11,42,F,8,2002,3,?,3,1,1,1,1,1,1,1,1,5,1,1,8,6,1,2, ?,2,2
11,42,F,1,2002,2,?,2,2,1,1,1,1,1,1,1,5,1,1,7,6,1,1, ?,2,2
11,42,G,10,2002,?,1,1,1,1,1,1,1,1,1,1,5,1,1,8,6,?,?,20,2,2
11,42,F,9,2002,3,1,1,2,1,1,1,1,1,1,1,5,1,1,8,6,?,?, ?,2,2
11,42,F,9,2002,1,1,8,1,1,1,2,1,1,1,1,5,1,1,7,6,1,1, ?,2,2
11,42,G,9,2002,1,1,1,2,1,1,3,1,1,1,1,5,1,1,14,6,1,1, ?,2,2
11,42,G,8,2002,4,3,1,2,1,1,3,1,1,1,1,5,1,1,4,2,?,?,38,2,2
11,42,G,9,2002,2,1,1,1,2,1,1,1,1,1,1,5,1,1,9,6,1,1,35,2,2
11,42,F,9,2002,3,?,2,1,2,1,1,1,1,1,1,5,1,1,19,6,1,1,30,1,2
11,42,F,10,2002,3,1,1,2,1,1,1,1,1,1,1,5,1,1,8,6,?,?, ?,2,2
11,42,F,10,2002,3,1,1,2,1,1,1,1,1,1,1,5,1,1,14,6,?,?, ?,?,?
11,42,F,10,2002,2,1,4,1,1,1,1,1,1,1,1,5,1,1,8,6,1,1, ?,2,2
11,42,F,11,2002,2,?,8,1,1,1,1,1,1,1,1,5,1,1,8,11,1,1, ?,2,2
11,42,F,11,2002,4,7,8,1,1,1,3,1,1,1,1,5,1,1,8,6,?,?, ?,2,2
11,42,F,11,2002,3,1,2,1,2,1,1,1,1,1,1,5,1,1,8,6,?,?,24,2,2
11,42,F,11,2002,2,1,1,1,1,1,1,1,1,1,1,5,1,1,8,6,1,1,24,2,2
11,42,G,11,2002,4,1,1,2,1,1,3,1,1,1,1,5,1,1,8,6,1,1,35,2,2
11,42,G,11,2002,2,1,2,1,2,1,1,1,1,1,1,5,1,1,10,6,1,1, ?,2,2
5,42,F,2,2002,2,1,1,2,2,1,1,1,1,1,1,5,1,1,9,6,1,1, ?,2,2
5,42,F,3,2002,1,1,1,2,2,1,1,1,1,1,1,5,1,1,19,6,1,1, ?,2,2
5,42,F,3,2002,1,1,1,2,1,1,3,1,1,1,1,5,1,1,19,6,?,?, ?,?,?
5,42,F,4,2002,1,1,1,2,1,1,3,1,1,1,1,5,1,1,9,6,2,1, ?,2,2
5,42,F,5,2002,2,3,4,2,1,1,1,1,1,1,1,5,1,1,9,6,1,1, ?,2,2
5,42,F,6,2002,3,1,4,2,1,1,1,1,1,1,1,5,1,1,9,6,1,1, ?,2,2
5,42,F,6,2002,4,7,1,2,1,1,3,1,1,1,1,5,1,1,14,6,1,1, ?,2,2
5,42,F,7,2002,2,1,1,2,1,1,1,1,1,1,1,5,1,1,7,6,1,1, ?,2,2
5,42,G,7,2002,1,1,1,2,1,1,3,1,1,1,1,5,1,1,5,6,1,1, ?,2,2
5,42,F,8,2002,3,1,1,2,2,1,1,1,1,1,1,5,1,1,19,6,?,?, ?,1,2
5,42,G,10,2002,4,3,4,2,1,1,3,1,1,1,1,5,1,1,10,6,1,1, ?,2,2
5,42,F,11,2002,4,3,4,2,1,1,3,1,1,1,1,5,1,1,19,6,1,1, ?,?,?
19,42,G,5,2002,3,1,1,2,2,1,1,1,1,1,1,5,1,1,12,6,1,1, ?,2,2
19,42,G,6,2002,3,1,1,2,2,1,1,1,1,1,1,5,1,1,4,6,1,1, ?,2,2
19,42,F,7,2002,3,1,1,2,2,1,1,1,1,1,1,5,1,1,14,6,1,1, ?,2,2
19,42,G,9,2002,3,1,1,2,2,1,1,1,1,1,1,5,1,1,12,6,?,?,30,2,2
7,42,G,2,2002,4,7,1,2,2,1,2,1,1,1,1,5,1,1,19,6,1,?, ?,2,2
7,42,F,3,2002,3,7,1,2,2,1,1,1,1,1,1,5,1,1,8,6,1,?, ?,1,1
7,42,G,3,2002,4,2,1,2,1,1,3,1,1,1,1,5,1,1,7,5,1,1,35,2,2
7,42,F,4,2002,1,1,1,2,2,1,4,1,1,1,1,5,1,1,14,6,2,1, ?,1,2
7,42,G,5,2002,3,7,1,2,2,1,1,1,1,1,1,5,1,1,5,11,1,1, ?,2,2
7,42,G,6,2002,3,1,1,2,2,1,1,1,1,1,1,5,1,1,12,6,?,?, ?,?,2
8,42,F,7,2002,1,1,1,2,1,1,3,1,1,1,1,5,1,1,14,6,1,1, ?,2,2
8,42,M,8,2002,4,2,6,2,2,1,3,1,1,1,1,5,1,1,9,5,1,1, ?,2,2
8,42,F,9,2002,2,2,4,2,1,1,1,1,1,1,1,5,1,1,9,6,1,1, ?,1,2
8,42,M,9,2002,2,1,1,2,1,1,1,1,1,1,1,5,1,1,7,5,1,1, ?,2,2
8,42,F,10,2002,1,1,1,2,1,1,3,1,1,1,1,5,1,1,19,6,?,?, ?,2,2
8,42,G,10,2002,4,3,4,2,1,1,3,1,1,1,1,5,1,1,9,6,1,1,30,2,2
8,42,F,10,2002,?,2,4,2,1,1,3,1,1,1,1,5,1,1,10,6,?,?, ?,?,?
8,42,F,10,2002,4,1,1,2,1,1,3,1,1,1,1,5,1,1,10,6,1,?,30,2,2
8,42,G,11,2002,3,3,1,2,1,1,1,1,1,1,1,5,1,1,8,6,1,?, ?,2,2
1,42,F,2,2002,4,1,1,2,1,1,3,1,1,1,1,5,1,1,9,6,1,1, ?,2,2
1,42,G,3,2002,3,3,6,2,1,1,1,1,1,1,1,5,1,1,9,6,1,1, ?,2,2
1,42,M,3,2002,4,1,1,2,1,1,1,1,1,1,1,5,1,1,8,5,1,7, ?,2,2
1,42,F,4,2002,4,1,1,2,1,1,3,1,1,1,1,5,1,1,19,6,?,?, ?,?,?
1,42,F,5,2002,3,6,4,2,1,1,1,1,1,1,1,5,1,1,6,6,1,1, ?,2,2
1,42,F,5,2002,1,1,1,2,1,1,3,1,1,1,1,5,1,1,14,6,?,1, ?,2,2
1,42,M,5,2002,3,3,6,2,1,1,1,1,1,1,1,5,1,1,8,6,1,1, ?,2,2
1,42,F,6,2002,2,1,1,2,1,1,2,1,1,1,1,5,1,1,9,6,?,?, ?,?,?
1,42,F,7,2002,3,1,1,2,1,1,1,1,1,1,1,5,1,1,14,6,1,1, ?,2,2
1,42,M,7,2002,3,5,6,2,1,1,1,1,1,1,1,5,1,1,8,6,1,1, ?,2,2
1,42,M,7,2002,3,5,6,2,1,1,1,1,1,1,1,5,1,1,9,6,1,1, ?,2,2
1,42,G,7,2002,4,3,5,2,1,1,3,1,1,1,1,5,1,1,12,5,?,?, ?,2,2
1,42,F,7,2002,3,1,1,2,1,1,1,1,1,1,1,5,1,1,19,6,1,?, ?,2,2
1,42,F,7,2002,3,1,1,2,1,1,1,1,1,1,1,5,1,1,19,6,?,?, ?,?,?
1,42,G,7,2002,4,2,6,2,1,1,3,1,1,1,1,5,1,1,9,6,1,1, ?,2,2
1,42,M,8,2002,1,1,1,2,1,1,3,1,1,1,1,5,1,1,14,6,1,1, ?,1,2
1,42,G,9,2002,3,2,6,2,1,1,1,1,1,1,1,5,1,1,9,6,1,1, ?,2,2
1,42,G,9,2002,3,3,6,2,1,1,1,1,1,1,1,5,1,1,8,6,1,1, ?,2,2
1,42,F,9,2002,4,2,6,2,1,1,3,1,1,1,1,5,1,1,8,6,1,1, ?,2,2
1,42,F,9,2002,4,1,1,2,2,1,3,1,1,1,1,5,1,1,8,6,1,1, ?,2,2
1,42,F,9,2002,4,6,4,2,1,1,3,1,1,1,1,5,1,1,9,6,1,1, ?,2,2
1,42,F,10,2002,2,1,1,2,1,1,1,1,1,1,1,5,1,1,9,6,1,1, ?,2,2
1,42,M,10,2002,3,1,1,2,1,1,1,1,1,1,1,5,1,1,8,5,1,1, ?,2,2
1,42,F,8,2002,2,1,1,1,1,1,1,1,1,1,1,5,1,1,9,6,1,1, ?,1,2
1,42,F,8,2002,2,1,1,2,2,1,1,1,1,1,1,5,1,1,19,6,?,7, ?,1,2
1,42,G,8,2002,2,1,1,2,1,1,1,1,1,1,1,5,1,1,8,6,1,1, ?,2,2
18,42,G,5,2002,1,1,1,2,2,1,1,1,1,1,1,5,1,1,8,6,1,1, ?,2,2
18,42,F,8,2002,3,1,1,2,2,1,1,1,1,1,1,5,1,1,16,6,?,?, ?,2,2
18,42,F,8,2002,3,7,1,2,2,1,1,1,1,1,1,5,1,1,16,6,?,?, ?,2,2
18,42,F,9,2002,3,1,1,2,1,1,1,1,1,1,1,5,1,1,9,6,1,1, ?,2,2
3,42,F,8,2002,3,1,8,2,1,1,1,1,1,1,1,5,1,1,12,6,1,1, ?,2,2
3,42,F,8,2002,3,1,1,2,1,1,1,1,1,1,1,5,1,1,14,6,1,1, ?,1,2
4,42,F,6,2002,3,1,1,2,2,1,1,2,1,1,1,5,1,1,7,6,?,?, ?,2,2
4,42,G,9,2002,3,1,1,2,1,1,1,1,1,1,1,5,1,1,9,6,1,1, ?,2,2
4,42,F,10,2002,1,1,1,2,1,1,3,1,1,1,1,5,1,1,19,6,?,?, ?,?,?
21,42,F,1,2002,2,1,8,2,1,1,1,1,1,1,1,5,1,1,14,6,?,?, ?,?,2
21,42,F,1,2002,2,1,1,2,2,1,1,1,1,1,1,5,1,1,11,6,1,1, ?,2,2
21,42,F,4,2002,1,1,1,2,1,1,2,1,1,1,1,5,1,1, ?,6,?,?, ?,1,2
21,42,F,5,2002,2,1,1,2,2,1,1,1,1,1,1,5,1,1,7,6,1,1, ?,2,2
21,42,F,6,2002,1,1,1,2,1,1,3,1,1,1,1,5,1,1,14,6,?,?, ?,2,2
21,42,F,7,2002,3,1,1,2,1,1,1,1,1,1,1,5,1,1,9,6,?,?, ?,2,2
21,42,F,7,2002,4,1,1,2,1,1,3,1,1,1,1,5,1,1,9,6,1,1, ?,2,2
21,42,F,8,2002,2,1,1,2,2,1,1,1,1,1,1,5,1,1,9,6,?,?, ?,2,2
21,42,F,8,2002,1,1,1,2,2,1,3,1,1,1,1,5,1,1,19,6,?,?, ?,2,2
21,42,F,8,2002,1,1,1,2,2,1,3,1,1,1,1,5,1,1,14,6,?,?, ?,2,2
21,42,F,8,2002,4,1,1,1,2,1,3,1,1,1,1,5,1,1,14,6,?,?, ?,2,2
21,42,F,9,2002,2,1,1,2,2,1,1,1,1,1,1,5,1,1,19,6,?,?, ?,2,2
6,42,G,1,2002,3,1,1,2,1,1,1,1,1,1,1,5,1,1,5,6,?,?, ?,2,2
6,42,F,2,2002,4,7,1,1,1,1,2,1,1,1,1,5,1,1,19,6,?,?, ?,?,2
6,42,G,2,2002,2,1,1,2,1,1,1,1,1,1,1,5,1,1,9,6,1,1, ?,1,2
6,42,F,2,2002,1,1,1,2,1,1,2,1,1,1,1,5,1,1, ?,6,?,?, ?,?,2
6,42,F,2,2002,1,1,1,2,1,1,3,1,1,1,1,5,1,1, ?,6,?,?, ?,?,2
6,42,F,2,2002,2,1,1,2,1,1,1,1,1,1,1,5,1,1,8,6,?,?, ?,?,2
6,42,F,3,2002,2,3,6,2,2,1,2,1,1,1,1,5,1,1,5,6,1,1, ?,2,2
6,42,F,4,2002,2,1,1,2,1,1,1,1,1,1,1,5,1,1,9,6,?,?, ?,2,2
6,42,G,5,2002,2,1,1,2,2,1,1,1,1,1,1,5,1,1,14,6,?,?,41,1,2
6,42,F,5,2002,4,1,1,2,1,1,2,1,1,1,1,5,1,1,9,6,1,1, ?,2,2
6,42,F,6,2002,1,1,1,2,1,1,3,1,1,1,1,5,1,1, ?,6,?,?, ?,2,2
6,42,F,6,2002,2,1,1,2,1,1,1,1,1,1,1,5,1,1,8,6,?,?,25,2,2
6,42,F,6,2002,3,1,1,2,1,1,1,1,1,1,1,5,1,1,14,6,?,?, ?,2,2
6,42,G,7,2002,2,1,1,1,2,1,1,1,1,1,1,5,1,1,9,6,?,?, ?,2,2
6,42,F,7,2002,2,3,3,2,1,1,1,1,1,1,1,5,1,1,14,6,?,?, ?,?,2
6,42,F,9,2002,4,1,1,2,1,1,3,1,1,1,1,5,1,1,9,6,1,1, ?,2,2
6,42,F,9,2002,1,1,1,2,1,1,1,1,1,1,1,5,1,1,8,6,1,1, ?,2,2
6,42,F,9,2002,4,5,6,1,1,1,3,1,1,1,1,5,1,1,14,6,?,?, ?,2,2
6,42,G,10,2002,4,1,1,1,1,1,3,1,1,1,1,5,1,1,9,6,1,1, ?,2,2
6,42,F,10,2002,2,1,1,1,1,1,1,1,1,1,1,5,1,1,8,6,1,1, ?,2,2
6,42,F,10,2002,2,1,1,1,1,1,1,1,1,1,1,5,1,1,8,6,1,1, ?,2,2
6,42,F,10,2002,2,1,1,2,1,1,1,1,1,1,1,5,1,1,9,6,1,1, ?,2,2
6,42,F,10,2002,1,1,3,2,1,1,3,1,1,1,1,5,1,1,9,6,?,?, ?,2,2
6,42,F,10,2002,3,1,4,1,1,1,1,1,1,1,1,5,1,1,9,6,?,?, ?,2,2
13,42,F,1,2002,3,1,1,2,1,1,1,1,1,1,1,5,1,1,5,6,?,?, ?,2,2
13,42,M,1,2002,1,1,1,2,1,1,3,1,1,1,1,5,1,1,16,6,1,1, ?,?,2
13,42,G,1,2002,2,3,4,2,1,1,1,2,1,1,1,5,1,1,10,6,?,?,30,2,2
13,42,G,3,2002,1,1,1,2,1,1,2,1,1,1,1,5,1,1,13,6,?,?, ?,2,2
13,42,M,4,2002,1,3,4,2,1,1,3,1,1,1,1,5,1,1,14,6,1,1, ?,2,2
13,42,F,4,2002,3,6,4,2,1,1,1,1,1,1,1,5,1,1,9,6,?,?,23,2,2
13,42,F,4,2002,2,1,1,2,1,1,1,1,1,1,1,5,1,1,19,6,2,1, ?,2,2
13,42,M,5,2002,3,1,1,2,1,1,1,1,1,1,1,5,1,1,19,6,?,?, ?,2,2
13,42,G,6,2002,4,1,1,2,1,1,3,1,1,1,1,5,1,1,19,6,?,?, ?,2,2
13,42,F,6,2002,3,1,1,2,1,1,1,1,1,1,1,5,1,1,8,6,1,1, ?,2,2
13,42,G,8,2002,2,1,1,2,2,1,1,1,1,1,1,5,1,1,11,6,?,?, ?,2,2
13,42,F,9,2002,4,1,1,2,1,1,3,1,1,1,1,5,1,1,19,6,?,?, ?,2,2
13,42,F,9,2002,4,3,4,2,1,1,3,1,1,1,1,5,1,1,7,6,?,?, ?,2,2
13,42,F,10,2002,4,1,1,2,1,1,3,1,1,1,1,5,1,1,9,6,?,?, ?,2,2
13,42,G,11,2002,2,1,1,2,1,1,1,1,1,1,1,5,1,1,9,6,?,?, ?,2,2
13,42,F,11,2002,2,?,1,2,1,1,1,1,1,1,1,5,1,1,9,6,?,?, ?,2,2
13,42,F,12,2002,1,1,1,2,1,1,3,1,1,1,1,5,1,1,19,6,?,?, ?,?,?
10,42,G,12,2002,2,4,5,2,1,1,1,1,1,1,1,5,1,1,10,5,1,1, ?,2,2
10,42,G,12,2002,2,3,6,2,1,1,1,1,1,1,1,5,1,1,8,6,1,1, ?,2,2
10,42,F,12,2002,4,7,1,2,2,1,3,1,1,1,1,5,1,1,6,6,1,1,24,2,2
10,42,F,12,2002,2,7,8,2,2,1,1,1,1,1,1,5,1,1,8,6,1,1, ?,2,2
11,42,F,12,2002,2,1,3,1,1,1,1,1,1,1,1,5,1,1,8,6,?,?,35,2,2
11,42,F,12,2002,2,1,1,2,2,1,1,1,1,1,1,5,1,1,8,6,?,?, ?,2,2
15,42,G,4,2002,4,1,1,1,2,1,3,1,1,1,1,5,1,1,8,6,1,1, ?,1,2
15,42,G,8,2002,2,1,1,1,1,1,2,1,1,1,1,5,1,1,8,6,1,1,20,2,2
15,42,G,10,2002,4,1,1,2,1,1,3,1,1,1,1,5,1,1,7,6,1,?, ?,2,2
15,42,F,10,2002,3,3,1,2,1,1,1,1,1,1,1,5,1,1,7,6,?,?, ?,2,2
15,42,F,10,2002,4,1,1,2,1,1,2,1,1,1,1,5,1,1,9,6,1,1, ?,2,2
15,42,G,10,2002,3,1,1,1,1,1,1,1,1,1,1,5,1,1,5,6,1,1,32,2,2
15,42,F,12,2002,3,1,1,1,1,1,1,1,1,1,1,5,1,1,14,6,1,1, ?,2,2
2,42,F,3,2002,3,1,4,2,1,1,1,1,1,1,1,5,1,1,9,6,?,?, ?,?,?
2,42,S,3,2002,1,4,6,2,1,1,2,1,1,1,1,5,1,1,8,6,1,1, ?,2,2
2,42,F,3,2002,4,2,5,2,1,1,3,1,1,1,1,5,1,1,7,6,1,1, ?,2,2
2,42,F,3,2002,2,1,1,1,1,1,1,1,1,1,1,5,1,1,7,6,1,1, ?,1,2
2,42,F,3,2002,4,3,4,1,1,1,3,1,1,1,1,5,1,1,8,6,1,1, ?,2,2
2,42,M,4,2002,3,2,6,2,1,1,1,1,1,1,1,5,1,1,9,5,1,1, ?,2,2
2,42,F,4,2002,1,1,1,1,1,1,3,1,1,1,1,5,1,1,14,6,?,?, ?,2,2
2,42,S,5,2002,2,2,4,2,2,1,1,1,1,1,1,5,1,1,9,6,?,?, ?,2,2
2,42,F,5,2002,2,3,4,2,2,1,1,1,1,1,1,5,1,1,8,5,1,1, ?,2,2
2,42,G,5,2002,2,2,4,2,2,1,1,1,1,1,1,5,1,1,8,6,?,?, ?,2,2
2,42,F,6,2002,2,3,3,2,1,1,1,1,1,1,1,5,1,1,9,6,1,1, ?,2,2
2,42,G,6,2002,2,2,6,2,1,1,1,1,1,1,1,5,1,1,9,6,1,1, ?,2,2
2,42,F,7,2002,4,7,4,2,1,1,1,1,1,1,1,5,1,1,9,6,1,1, ?,2,2
2,42,F,7,2002,4,1,1,2,1,1,3,1,1,1,1,5,1,1,14,6,?,?, ?,2,2
2,42,F,7,2002,4,2,3,1,1,1,3,1,1,1,1,5,1,1,8,6,1,1, ?,2,2
2,42,F,8,2002,2,3,4,1,1,1,1,1,1,1,1,5,1,1,9,6,1,1, ?,2,2
2,42,G,8,2002,3,4,4,2,1,1,1,1,1,1,1,5,1,1,8,6,?,?, ?,2,2
2,42,F,8,2002,1,1,1,1,1,1,3,1,1,1,1,5,1,1,10,6,1,1, ?,2,2
2,42,F,8,2002,2,2,4,1,1,1,1,1,1,1,1,5,1,1,14,6,?,?, ?,2,2
2,42,F,8,2002,1,7,4,2,1,1,3,1,1,1,1,5,1,1,5,6,?,?, ?,2,2
2,42,F,9,2002,2,2,4,2,1,1,2,1,1,1,1,5,1,1,9,6,?,?, ?,2,2
2,42,F,9,2002,2,2,4,2,2,1,1,1,1,1,1,5,1,1,9,6,1,1, ?,2,2
2,42,G,9,2002,3,1,1,1,1,1,1,1,1,1,1,5,1,1,9,6,?,?, ?,2,2
2,42,F,9,2002,4,2,3,1,1,1,3,1,1,1,1,5,1,1,8,6,?,?, ?,2,2
2,42,F,9,2002,4,3,3,2,1,1,3,1,1,1,1,5,1,1,9,6,1,1, ?,2,2
2,42,F,9,2002,4,5,6,2,1,1,3,1,1,1,1,5,1,1,8,6,1,1, ?,2,2
2,42,F,9,2002,3,3,4,2,1,1,1,1,1,1,1,5,1,1,8,6,?,?, ?,?,2
2,42,F,10,2002,1,3,2,2,1,1,2,1,1,1,1,5,1,1,14,6,1,1, ?,2,2
2,42,F,10,2002,2,3,4,2,1,1,1,1,1,1,1,5,1,1,8,6,1,1, ?,2,2
2,42,G,12,2002,4,3,6,2,1,1,3,1,1,1,1,5,1,1,14,6,1,1,26,2,2
2,42,F,12,2002,2,1,1,2,1,1,1,1,1,1,1,5,1,1,8,6,1,1, ?,2,2
9,42,G,7,2002,2,1,1,2,1,1,1,1,1,1,1,5,1,1,7,6,1,1, ?,2,2
9,42,G,7,2002,4,1,1,2,1,1,3,1,1,1,1,5,1,1,19,6,1,1, ?,2,2
9,42,M,7,2002,2,7,4,2,2,1,1,1,1,1,1,5,1,1,19,6,?,?, ?,2,2
9,42,F,7,2002,1,1,1,2,2,1,3,1,1,1,1,5,1,1,10,6,1,1, ?,2,2
9,42,F,8,2002,1,3,6,2,2,1,3,1,1,1,1,5,1,1,14,6,?,?, ?,2,2
9,42,G,8,2002,2,7,6,2,1,1,1,1,1,1,1,5,1,1,9,6,?,?,20,2,2
9,42,F,8,2002,3,7,6,2,1,1,1,1,1,1,1,5,1,1,9,6,?,?, ?,2,2
9,42,F,8,2002,3,1,1,2,1,1,1,1,1,1,1,5,1,1,9,6,?,?, ?,2,2
9,42,G,9,2002,2,1,1,2,1,1,1,1,1,1,1,5,1,1,8,6,?,?, ?,2,2
9,42,G,9,2002,4,2,6,2,1,1,3,1,1,1,1,5,1,1,19,6,2,?,30,2,2
9,42,G,9,2002,2,1,4,2,1,1,1,1,1,1,1,5,1,1,14,6,?,7,25,2,2
9,42,F,10,2002,1,1,1,2,1,1,2,1,1,1,1,5,1,1, ?,6,?,?, ?,?,?
9,42,F,10,2002,2,1,4,2,1,1,1,1,1,1,1,5,1,1,8,6,?,?, ?,2,2
9,42,M,10,2002,4,1,1,2,1,1,3,1,1,1,1,5,1,1,7,6,1,1, ?,2,2
9,42,M,9,2002,3,5,6,2,1,1,1,1,1,1,1,5,1,1,19,6,?,?, ?,2,2
9,42,G,11,2002,2,3,6,2,1,1,1,1,1,1,1,5,1,1,8,6,?,?,28,2,2
9,42,G,11,2002,1,1,1,2,1,1,2,1,1,1,1,5,1,1,12,6,?,?, ?,2,2
9,42,F,11,2002,3,3,6,2,1,1,1,1,1,1,1,5,1,1,7,6,1,7,30,2,2
9,42,F,11,2002,3,5,6,2,1,1,1,1,1,1,1,5,1,1,8,6,1,1, ?,2,2
9,42,F,12,2002,2,1,1,2,1,1,1,1,1,1,1,5,1,1,9,6,?,?, ?,2,2
9,42,G,12,2002,3,1,1,2,1,1,1,1,1,1,1,5,1,1,8,6,?,?, ?,2,2
21,42,F,11,2002,4,1,1,2,2,1,3,1,1,1,1,5,1,1,14,6,?,?, ?,2,2
21,42,F,12,2002,2,1,1,2,2,1,1,1,1,1,1,5,1,1,10,6,1,1,22,2,2
21,42,G,12,2002,3,6,4,2,2,1,2,1,1,1,1,5,1,1,8,6,1,1, ?,2,2
4,42,F,11,2002,4,1,1,2,1,1,3,1,1,1,1,5,1,1,9,6,?,?,45,2,2
4,42,F,11,2002,3,1,1,2,2,1,1,1,1,1,1,5,1,1,9,5,1,1, ?,2,2
3,42,G,11,2002,3,3,4,2,2,1,1,1,1,1,1,5,1,1,10,6,1,1,35,2,2
3,42,G,11,2002,2,1,1,2,1,1,1,1,1,1,1,5,1,1,6,5,1,1, ?,2,2
3,42,G,12,2002,3,1,1,1,1,1,1,1,1,1,1,5,1,1,19,6,1,1, ?,2,2
6,42,G,11,2002,2,1,1,2,2,1,1,1,1,1,1,5,1,1,9,6,1,1, ?,2,2
6,42,F,11,2002,2,1,1,2,2,1,2,1,1,1,1,5,1,1, ?,6,?,?, ?,2,2
6,42,F,11,2002,2,1,1,2,2,1,1,1,1,1,1,5,1,1,8,6,1,1, ?,2,2
6,42,G,11,2002,2,1,1,2,2,1,1,1,1,1,1,5,1,1,8,6,1,1, ?,2,2
6,42,F,11,2002,2,1,1,2,2,1,1,1,1,1,1,5,1,1,9,6,?,?, ?,2,2
6,42,G,11,2002,3,1,1,2,2,1,1,1,1,1,1,5,1,1,8,6,?,?, ?,2,2
6,42,F,11,2002,2,1,1,2,2,1,1,1,1,1,1,5,1,1, ?,6,1,1, ?,?,?
6,42,G,11,2002,2,5,3,2,1,1,1,1,1,1,1,5,1,1,9,8,?,?, ?,2,2
6,42,F,11,2002,1,1,1,2,2,1,3,1,1,1,1,5,1,1, ?,6,?,?, ?,?,?
6,42,F,12,2002,2,1,4,2,2,1,1,1,1,1,1,5,1,1,14,6,?,?, ?,2,2
6,42,F,12,2002,4,1,1,2,2,1,3,1,1,1,1,5,1,1,6, ?,?,1, ?,2,2
6,42,F,12,2002,2,1,1,2,2,1,1,1,1,1,1,5,1,1,8,6,?,?, ?,2,2
6,42,G,12,2002,4,1,1,2,2,1,1,1,1,1,1,5,1,1, ?,6,?,?, ?,?,?
6,42,F,12,2002,1,1,1,2,2,1,3,1,1,1,1,5,1,1,14,6,?,?, ?,2,2
6,42,F,12,2002,4,1,3,2,2,1,3,1,1,1,1,5,1,1,9,6,?,?, ?,2,2
6,42,G,12,2002,2,1,1,2,2,1,1,1,1,1,1,5,1,1,9,6,1,1, ?,2,2
6,42,F,12,2002,3,1,4,2,2,1,1,1,1,1,1,5,1,1,9,6,1,1, ?,2,2
6,42,F,12,2002,4,1,1,2,2,1,3,1,1,1,1,5,1,1,14,6,1,1, ?,2,2
19,42,F,11,2002,4,1,1,2,1,1,4,1,1,1,1,5,1,1,14,6,1,1, ?,?,2
7,42,F,11,2002,2,1,1,2,2,1,2,1,1,1,1,5,1,1,14,6,1,1, ?,?,2
1,42,M,11,2002,4,5,4,2,1,1,3,1,1,1,1,5,1,1,14,6,1,1, ?,2,2
1,42,G,11,2002,3,3,1,2,1,1,1,1,1,1,1,5,1,1,19,6,?,?, ?,?,2
1,42,G,11,2002,3,2,6,2,1,1,1,1,1,1,1,5,1,1,9,6,1,1, ?,2,2
1,42,G,11,2002,4,1,1,2,1,1,3,1,1,1,1,5,1,1,14,6,2,1, ?,2,2
1,42,M,12,2002,3,3,6,2,1,1,1,1,1,1,1,5,1,1,9,6,1,1, ?,2,2
1,42,F,12,2002,2,1,1,2,1,1,1,1,1,1,1,5,1,1,10,6,1,1,24,2,2
1,42,M,12,2002,2,1,1,2,2,1,1,1,1,1,1,5,1,1,9,6,?,?, ?,2,2
1,42,F,12,2002,4,1,1,2,1,1,3,1,1,1,1,5,1,1,9,6,1,1, ?,2,2
1,42,F,12,2002,2,1,1,2,1,1,1,1,1,1,1,5,1,1,8,6,1,1, ?,2,2
1,42,F,11,2002,2,1,4,2,1,1,1,1,1,1,1,5,1,1,19,6,?,?, ?,?,2
9,42,G,8,2002,2,3,6,2,1,1,1,1,1,1,1,5,1,1,8,6,?,?,30,2,2
9,42,G,8,2002,3,5,6,2,1,1,1,1,1,1,1,5,1,1,8,6,?,?, ?,2,2
9,42,F,9,2002,3,3,4,2,1,1,1,1,1,1,1,5,1,1,19,6,?,?,30,2,2
9,42,M,9,2002,3,6,6,1,1,1,1,1,1,1,1,5,1,1,9,5,1,1, ?,2,2
9,42,G,9,2002,2,1,1,2,1,1,1,1,1,1,1,5,1,1,9,6,1,1, ?,2,2
9,42,G,9,2002,3,1,1,2,1,1,1,1,1,1,1,5,1,1,8,6,1,7,22,2,2
9,42,F,9,2002,4,1,1,2,1,1,3,1,1,1,1,5,1,1,10,6,1,1, ?,2,2
9,42,G,10,2002,3,1,1,2,1,1,1,1,1,1,1,5,1,1,12,6,?,?, ?,2,2