Thana,District,Accident_Severity,Month,Year,Time,Junction_Type,Traffic_Control,Movement,Divider,Weather,Light,Road_Geometry,Surface_Condition,Surface_Type,Surface_Quality,Road_Class,Road_Feature,Location_Type,Vehicle_Type,Vehicle_Movement,Vehicle_Loading,Vehicle_Defect,Vehicle_Driver_Age,Vehicle_Alcohol,Vehicle_Seat_Belt
5,41,F,5,2002,4,1,1,2,2,1,1,1,1,1,1,1,1,2,12,6,1,1, ?,2,2
5,41,F,5,2002,2,1,1,2,2,1,1,1,1,1,1,1,1,2,19,6,1,1, ?,2,2
5,41,F,6,2002,4,1,1,2,2,1,2,1,1,1,1,1,1,2,9,6,1,1, ?,2,2
5,41,F,6,2002,2,1,1,2,2,1,1,1,1,1,1,1,1,2,9,6,1,1, ?,2,2
5,41,F,7,2002,2,1,1,2,2,1,1,1,1,1,1,2,1,2,14,6,1,1, ?,2,2
5,41,F,7,2002,3,1,1,2,2,1,1,1,1,1,1,1,1,2,8,6,1,1, ?,2,2
5,41,F,7,2002,4,1,1,2,2,1,1,1,1,1,1,1,1,2,9,6,1,1, ?,2,2
5,41,F,7,2002,2,1,1,2,2,1,1,1,1,1,1,1,1,2,9,6,1,1, ?,2,2
5,41,F,8,2002,2,1,1,2,2,1,1,1,1,1,1,1,1,2,9,6,1,1, ?,2,2
5,41,F,8,2002,3,1,1,2,2,1,1,1,1,1,1,1,1,2,9,6,1,1, ?,2,2
5,41,F,8,2002,1,1,1,2,2,1,2,1,1,1,1,1,1,2,14,6,1,1, ?,2,2
5,41,F,9,2002,4,1,1,2,2,1,4,1,1,1,1,1,1,2,14,6,1,1, ?,2,2
1,47,F,8,2002,1,1,1,2,2,1,4,1,1,1,3,1,2,2,15,6,1,1, ?,2,2
1,47,S,8,2002,1,1,1,2,2,1,4,1,1,1,1,1,1,2,14,6,1,1,35,2,2
1,47,G,10,2002,3,1,1,2,2,1,1,1,1,1,1,1,1,2,4,6,1,1, ?,2,2
1,47,F,10,2002,2,1,1,2,2,1,1,1,1,1,1,1,1,2,9,6,1,1,36,2,2
1,47,F,11,2002,3,1,1,2,2,1,1,1,1,1,1,1,1,2,9,6,1,1, ?,2,2
1,47,F,11,2002,3,1,1,2,2,1,1,1,1,1,1,1,1,2,9,6,1,1, ?,2,2
1,47,G,11,2002,3,1,1,2,2,1,1,1,1,1,1,1,1,2,14,6,1,1, ?,2,2
1,47,F,12,2002,3,1,1,2,2,1,1,1,1,1,1,1,1,1,7,6,1,1,30,2,2
2,47,F,8,2002,2,1,1,2,2,1,1,1,1,1,1,1,1,2,9,6,1,1,30,2,2
2,47,F,10,2002,2,1,1,2,2,1,1,1,1,1,1,1,1,2,4,6,1,1,45,2,2
3,47,F,9,2002,4,1,1,2,2,1,4,1,1,1,1,3,1,2,9,6,1,1, ?,2,2
5,47,F,7,2002,3,1,1,2,2,1,1,1,1,1,1,1,1,2,7,6,1,1,27,2,2
5,47,F,8,2002,2,1,1,2,2,1,2,1,1,1,1,1,1,2,14,6,1,1, ?,2,2
5,47,F,11,2002,3,1,1,2,2,1,1,1,1,1,1,3,1,2,12,6,1,1, ?,2,2
5,47,F,11,2002,3,1,1,2,2,1,1,1,1,1,1,3,1,2,14,6,1,1, ?,2,2
5,47,F,11,2002,2,1,1,2,2,1,1,1,1,1,1,1,1,2,9,6,1,1,36,2,2
5,47,F,12,2002,3,1,1,2,2,1,1,1,1,1,1,3,1,2,14,6,1,1, ?,2,2
5,47,F,12,2002,3,1,1,2,2,1,1,1,1,1,1,3,1,2,14,6,1,1, ?,2,2
5,47,G,12,2002,4,1,1,2,2,1,2,1,1,1,1,1,1,2,14,6,1,1, ?,2,2
7,47,G,11,2002,2,1,1,2,2,1,1,1,1,1,1,3,1,2,8,6,1,1, ?,2,2
8,47,F,10,2002,3,1,1,2,2,1,1,1,1,1,1,1,1,2,9,6,1,1, ?,2,2
8,47,F,10,2002,4,1,1,2,2,1,4,1,1,1,1,1,1,1,8,6,1,1, ?,2,2
8,47,F,10,2002,3,1,1,2,2,1,1,1,1,1,1,1,1,2,6,6,1,1,30,2,2
8,47,F,10,2002,2,1,1,2,2,1,1,1,1,1,1,1,1,2,9,6,1,1, ?,2,2
8,47,G,11,2002,3,1,1,2,2,1,2,1,1,1,1,1,1,2,9,6,1,1, ?,2,2
8,47,G,12,2002,2,1,1,2,2,1,1,1,1,1,1,1,1,2,7,6,1,1, ?,2,2
9,47,F,8,2002,4,1,1,2,2,1,2,1,1,1,1,3,1,2,6,6,1,1, ?,2,2
9,47,F,9,2002,3,1,1,2,2,1,1,1,1,1,1,1,1,2,10,6,1,1, ?,2,2
9,47,G,11,2002,4,1,1,2,2,2,4,1,2,1,1,1,1,2,8,6,1,1, ?,2,2
9,47,F,12,2002,3,1,1,2,2,1,2,1,1,1,1,1,1,2,16,6,1,1, ?,2,2
9,47,F,12,2002,3,1,1,2,2,1,1,1,1,1,1,1,1,2,9,6,1,1, ?,2,2
11,47,F,9,2002,3,1,1,2,2,1,1,1,1,1,1,3,1,2,9,6,1,1, ?,2,2
11,47,F,12,2002,3,1,1,2,2,1,1,1,1,1,1,3,1,2,19,6,1,1, ?,2,2
12,47,F,8,2002,3,1,1,2,2,1,1,1,1,1,1,1,1,2,9,6,1,1, ?,2,2
12,47,F,9,2002,2,1,1,2,2,1,1,1,1,1,1,1,1,2,9,6,1,1, ?,2,2
12,47,F,9,2002,1,1,1,2,2,1,2,1,1,1,1,1,1,2,14,6,1,1, ?,2,2
12,47,F,10,2002,2,1,1,2,2,1,1,1,1,1,1,1,1,2,7,6,1,1, ?,2,2
1,50,F,7,2002,3,1,1,2,2,1,2,1,1,1,1,2,1,2,9,6,1,1, ?,2,2
1,50,F,9,2002,3,1,1,2,2,1,1,1,1,1,1,1,1,1,9,6,1,1, ?,2,2
1,50,F,9,2002,3,1,1,2,2,1,1,1,1,1,1,1,1,2,6,6,1,1, ?,2,2
1,50,F,9,2002,2,1,1,2,2,1,1,1,1,1,1,1,1,2,9,6,1,1, ?,2,2
1,50,F,11,2002,3,1,1,2,2,1,1,1,1,1,1,3,1,2,9,6,1,1, ?,2,2
1,50,G,11,2002,2,1,1,2,2,1,1,1,1,1,1,1,1,2,9,6,1,1, ?,2,2
1,50,G,12,2002,3,1,1,2,2,1,1,1,1,1,1,1,1,2,12,6,1,1, ?,2,2
1,50,F,12,2002,2,1,1,2,2,1,1,1,1,1,1,3,1,2,6,6,1,1, ?,2,2
2,50,F,11,2002,3,1,1,2,2,1,2,1,1,1,1,1,1,2,9,6,1,1,45,2,2
2,50,F,12,2002,2,1,1,2,2,4,2,2,2,1,1,1,1,2,14,6,1,1,40,2,2
3,50,F,11,2002,4,1,1,2,2,1,4,1,1,1,1,3,1,2,17,6,1,1, ?,2,2
4,50,G,9,2002,2,1,1,2,2,1,2,1,1,1,1,2,1,2,9,6,1,1, ?,2,2
5,50,F,8,2002,4,1,1,2,2,1,4,1,1,1,1,3,1,2,14,6,1,1, ?,2,2
5,50,F,10,2002,3,1,1,2,2,1,1,1,1,1,1,3,1,2,9,6,1,1, ?,2,2
5,50,F,10,2002,2,1,1,2,2,1,1,1,1,1,1,3,1,2,9,6,1,1, ?,2,2
5,50,F,10,2002,4,1,1,2,2,1,1,1,1,1,1,3,1,2,9,6,1,1,32,2,2
5,50,G,10,2002,3,1,1,2,2,1,1,1,1,1,1,3,1,2,9,6,1,1, ?,2,2
6,50,F,12,2002,1,1,1,2,2,1,2,1,1,1,1,3,1,2,16,6,1,1, ?,2,2
7,50,F,10,2002,2,1,1,2,2,1,1,1,1,1,1,3,1,2,9,6,1,1, ?,2,2
7,50,F,10,2002,4,1,1,2,2,4,4,1,1,1,1,3,1,2,17,6,1,1,30,2,2
7,50,F,12,2002,3,1,1,2,2,1,1,1,1,1,1,2,1,2,9,6,1,1, ?,2,2
7,50,G,12,2002,3,1,1,2,2,1,1,1,1,1,1,2,1,2,9,6,1,1, ?,2,2
7,50,F,12,2002,3,1,1,2,2,1,1,1,1,1,2,3,1,2,9,6,1,1, ?,2,2
8,50,F,11,2002,2,1,1,2,2,1,1,1,1,1,2,2,1,2,17,6,1,1, ?,2,2
8,50,F,12,2002,3,1,1,2,2,1,1,1,1,1,1,2,1,2,9,6,1,1, ?,2,2
10,50,F,9,2002,3,1,1,2,2,1,1,1,1,1,1,1,1,2,9,6,1,1,30,2,2
10,50,F,10,2002,2,1,1,2,2,1,1,1,1,1,1,4,1,2,7,6,1,1, ?,2,2
10,50,F,11,2002,2,1,1,2,2,1,1,1,1,1,1,1,1,2,7,6,1,1, ?,2,2
11,50,F,9,2002,2,1,1,2,2,1,1,1,1,1,2,2,1,2,9,6,1,1, ?,2,2
11,50,F,10,2002,3,1,1,2,2,1,1,1,1,1,2,3,1,2,9,6,1,1, ?,2,2
11,50,F,12,2002,3,1,1,2,2,1,1,1,1,1,2,3,1,2,14,6,1,1, ?,2,2
12,50,F,9,2002,1,1,1,2,2,1,2,1,1,1,1,1,1,2,14,6,1,1, ?,2,2
12,50,F,11,2002,3,1,1,2,2,1,1,3,1,1,1,1,4,2,9,6,1,1, ?,2,2
13,50,F,9,2002,2,1,1,2,2,1,1,1,1,1,1,2,1,2,12,6,1,1, ?,2,2
1,52,F,12,2002,3,1,1,2,2,1,1,1,1,1,1,3,1,2,8,6,1,1, ?,2,2
1,52,F,9,2002,2,1,1,2,2,1,1,1,1,1,1,3,1,2,9,6,1,1, ?,2,2
5,52,G,10,2002,3,1,1,2,2,1,1,1,1,1,1,3,1,2,9,6,1,1, ?,2,2
1,40,G,8,2002,2,1,1,2,2,1,1,1,1,1,1,1,1,1,8,6,1,1, ?,2,2
1,40,F,8,2002,2,1,1,2,2,1,1,1,1,1,1,1,1,2,8,6,1,1, ?,2,2
1,40,S,11,2002,2,1,1,2,2,4,2,1,1,1,3,2,1,2,14,6,1,1, ?,2,2
3,40,F,8,2002,3,1,1,2,2,1,1,1,1,1,1,1,1,2,8,6,1,1, ?,2,2
3,40,F,12,2002,2,1,1,2,2,1,1,1,1,1,1,1,1,2,9,6,1,1, ?,2,2
4,40,G,9,2002,1,1,1,2,2,1,1,2,1,3,1,3,1,2,4,6,1,1, ?,2,2
5,40,G,8,2002,4,1,1,2,2,1,2,1,1,1,1,1,1,2,9,6,1,1,40,2,2
6,40,F,7,2002,4,1,1,2,2,1,4,1,1,1,1,1,1,2,14,6,1,1, ?,2,2
6,40,F,8,2002,3,1,1,2,2,1,1,1,1,1,1,1,1,2,14,6,1,1, ?,2,2
6,40,F,9,2002,2,1,1,2,2,1,1,1,1,1,1,1,1,2,14,6,1,1, ?,2,2
6,40,F,9,2002,4,1,1,2,2,1,3,1,1,1,1,1,1,2,14,6,1,1,30,2,2
6,40,F,12,2002,3,1,1,2,2,1,1,1,1,1,1,1,1,2,7,6,1,1,25,2,2
7,40,F,7,2002,4,1,1,2,2,1,4,1,1,1,1,3,1,2,9,6,1,1, ?,2,2
7,40,G,12,2002,2,1,1,2,2,1,1,1,1,1,2,3,1,2,8,6,1,1, ?,2,2
1,51,G,9,2002,2,1,1,2,2,1,1,1,1,1,1,3,1,2,17,6,1,1, ?,2,2
1,51,G,10,2002,3,1,1,2,2,1,1,1,1,1,1,3,1,2,9,6,1,1, ?,2,2
1,51,F,12,2002,2,1,1,2,2,1,1,1,1,1,1,2,1,2,14,6,1,1, ?,2,2
3,51,F,12,2002,2,1,1,2,2,1,1,1,1,1,1,2,1,2,9,6,1,1, ?,2,2
3,51,F,5,2002,4,1,1,2,2,1,4,1,1,1,1,1,1,2,9,6,1,1, ?,2,2
3,51,G,8,2002,1,1,1,2,2,1,2,1,1,1,1,1,1,2,16,6,1,1, ?,2,2
4,51,F,10,2002,4,1,1,2,2,1,4,1,1,1,2,2,1,2,8,6,1,1, ?,2,2
4,51,F,11,2002,2,1,1,2,2,1,1,1,1,1,1,3,1,2,6,6,1,1,22,2,2
8,51,F,9,2002,3,1,1,2,2,1,1,1,1,1,2,2,1,2,9,6,1,1,30,2,2
8,51,F,10,2002,2,1,1,2,2,1,1,1,1,1,1,3,1,2,4,6,1,1, ?,2,2
8,51,F,11,2002,3,1,1,2,2,1,1,1,1,1,1,2,1,2,8,6,1,1,30,2,2
8,51,F,12,2002,2,1,1,2,2,1,2,1,1,1,1,2,3,2,9,6,1,1, ?,2,2
8,51,G,12,2002,3,1,1,2,2,1,1,1,1,1,1,3,1,2,6,6,1,1, ?,2,2
9,51,F,7,2002,3,1,1,2,2,1,1,1,1,1,1,2,1,2,9,6,1,1, ?,2,2
9,51,F,9,2002,2,1,1,2,2,1,1,1,1,1,1,3,1,2,9,6,1,1, ?,2,2
9,51,G,10,2002,2,1,1,2,2,1,1,1,1,1,1,3,1,2,8,6,1,1, ?,2,2
12,51,F,10,2002,2,1,1,2,2,1,1,1,1,1,1,3,1,2,4,6,1,1, ?,2,2
12,51,F,10,2002,1,1,1,2,2,1,2,1,1,1,1,1,1,2,9,6,1,1, ?,2,2
12,51,F,10,2002,2,1,1,2,2,1,1,1,1,1,1,3,1,2,4,6,1,1, ?,2,2
12,51,F,12,2002,2,1,1,2,2,1,1,1,1,1,1,3,1,2,9,6,1,1, ?,2,2
1,45,G,12,2002,1,1,1,2,2,1,1,1,1,1,1,1,1,2,14,6,1,1, ?,2,2
1,45,G,12,2002,3,1,1,2,2,1,1,1,1,1,1,1,1,2,9,6,1,1, ?,2,2
1,45,F,12,2002,3,1,1,2,2,1,1,1,1,1,1,3,1,2,8,6,1,1, ?,2,2
1,45,F,8,2002,2,1,1,2,2,1,1,1,1,1,1,2,1,2,9,6,1,1, ?,2,2
1,45,F,8,2002,4,1,1,2,2,1,4,1,1,1,1,2,1,2,9,6,1,1, ?,2,2
1,45,F,8,2002,3,1,1,2,2,1,1,1,1,1,1,3,1,2,8,6,1,1,35,2,2
1,45,F,9,2002,2,1,1,2,2,1,2,1,1,2,2,3,1,2,14,6,1,1, ?,2,2
2,45,F,9,2002,3,1,1,2,2,1,1,1,1,1,2,1,1,2,9,6,1,1, ?,2,2
2,45,F,10,2002,2,1,1,2,2,1,1,1,1,1,1,1,1,2,8,6,1,1,37,2,2
3,45,F,7,2002,2,1,1,2,2,1,1,1,1,1,1,1,1,2,9,6,1,1, ?,2,2
3,45,F,12,2002,2,1,1,2,2,1,1,1,1,1,1,3,1,2,9,6,1,1,42,2,2
5,45,F,10,2002,3,1,1,2,2,1,1,1,1,1,1,1,1,2,12,6,1,1,30,2,2
5,45,F,12,2002,2,1,1,2,2,1,1,1,1,1,1,1,1,2,14,6,1,1,35,2,2
5,45,F,12,2002,2,1,1,2,2,1,2,1,1,1,1,3,1,2,9,6,1,1, ?,2,2
5,45,F,12,2002,2,1,1,2,2,1,1,1,1,1,1,1,1,2,9,6,1,1, ?,2,2
4,45,F,7,2002,1,1,1,2,2,1,2,1,1,1,1,3,1,2,13,6,1,1, ?,2,2
4,45,F,9,2002,3,1,1,2,2,1,1,1,1,1,1,3,1,2,15,6,1,1,35,2,2
4,45,F,12,2002,4,1,4,1,1,1,4,1,1,1,1,3,1,2,14,6,1,1, ?,2,2
4,45,G,12,2002,1,1,1,2,2,4,4,1,1,1,1,3,1,2,14,6,1,1, ?,2,2
6,45,S,7,2002,2,1,1,2,2,1,1,1,1,1,3,1,3,2,9,6,1,1, ?,2,2
6,45,F,8,2002,2,1,1,2,2,1,2,1,1,1,1,3,1,2,9,6,1,1, ?,2,2
6,45,F,10,2002,3,1,1,2,2,1,1,3,1,1,3,3,1,2,9,6,1,1, ?,2,2
6,45,F,11,2002,3,1,1,2,2,1,1,1,1,1,1,3,1,2,8,6,1,1, ?,2,2
6,45,F,11,2002,4,1,1,2,2,1,4,1,1,1,1,3,1,2,6,6,1,1, ?,2,2
2,44,F,10,2002,1,1,1,2,2,4,2,1,2,1,1,3,1,2,14,6,1,1, ?,2,2
3,44,F,8,2002,3,1,1,2,2,2,1,1,2,1,1,1,1,2,13,6,1,1,32,2,2
3,44,F,9,2002,3,1,1,2,2,1,1,1,1,1,1,1,1,2,8,6,1,1, ?,2,2
3,44,F,9,2002,1,1,1,2,2,1,4,1,1,1,1,1,1,2,14,6,1,1, ?,2,2
3,44,F,9,2002,3,1,1,2,2,1,1,1,1,1,1,1,3,2,9,6,1,1, ?,2,2
3,44,F,9,2002,1,1,1,2,2,1,2,1,1,1,1,1,1,2,9,6,1,1, ?,2,2
3,44,G,10,2002,3,1,1,2,2,1,1,1,1,1,1,3,1,2,10,6,1,1,35,2,2
4,44,F,9,2002,2,1,1,2,2,1,1,1,1,1,1,2,1,2,13,6,1,1, ?,2,2
6,44,G,8,2002,4,1,1,2,2,1,4,1,1,1,1,2,1,2,14,6,1,1, ?,2,2
6,44,F,8,2002,2,1,1,2,2,1,1,1,1,1,1,3,1,2,14,6,1,1, ?,2,2
6,44,F,8,2002,4,1,1,2,2,1,4,1,1,1,1,3,1,2,8,6,1,1, ?,2,2
6,44,F,9,2002,2,1,1,2,2,1,1,1,1,1,1,1,1,2,9,6,1,1, ?,2,2
7,44,F,9,2002,2,1,1,2,2,1,1,1,1,1,3,3,1,2,9,6,1,1, ?,2,2
7,44,F,9,2002,2,1,1,2,2,1,1,1,1,1,1,1,1,2,9,6,1,1, ?,2,2
2,43,F,8,2002,3,1,1,2,2,1,1,1,1,1,1,1,1,2,9,6,1,1, ?,2,2
2,43,F,9,2002,1,1,1,2,2,1,4,1,1,1,1,1,1,2,7,6,1,1, ?,2,2
2,43,F,9,2002,2,1,1,2,2,1,2,1,1,1,1,1,1,2,14,6,1,1,35,2,2
2,43,F,9,2002,4,1,1,2,2,1,2,1,1,1,1,1,1,2,9,6,1,1, ?,2,2
2,43,F,11,2002,3,1,1,2,2,1,1,1,1,1,1,1,1,2,8,6,1,1,40,2,2
2,43,F,11,2002,3,1,1,2,2,1,1,1,1,1,1,1,1,2,9,6,1,1, ?,2,2
2,43,F,12,2002,3,1,1,2,2,1,1,1,1,1,1,1,1,2,14,6,1,1, ?,2,2
3,43,F,9,2002,3,1,1,2,2,1,1,1,1,1,1,3,1,2,7,6,1,1, ?,2,2
3,43,S,11,2002,3,1,1,2,2,1,1,1,1,1,2,3,1,2,9,6,1,1, ?,2,2
3,43,F,11,2002,3,1,1,2,2,1,1,1,1,1,2,1,1,2,9,6,1,1, ?,2,2
3,43,S,12,2002,3,1,1,2,2,1,1,1,1,2,2,1,1,2,9,6,1,1, ?,2,2
4,43,F,9,2002,2,1,1,2,2,1,1,1,1,1,1,3,1,2,6,6,1,1, ?,2,2
5,43,F,9,2002,3,1,1,2,2,1,1,1,1,1,1,3,1,2,9,6,1,1,29,2,2
5,43,F,10,2002,2,1,1,2,2,1,1,1,1,1,1,1,1,2,9,6,1,1, ?,2,2
5,43,G,10,2002,3,1,1,2,2,1,1,1,1,1,1,1,1,2,9,6,1,1,35,2,2
5,43,G,10,2002,3,1,1,2,2,1,1,1,1,1,1,1,1,2,8,6,1,1,40,2,2
5,43,F,10,2002,2,1,1,2,2,1,1,1,1,1,1,3,1,2,9,6,1,1, ?,2,2
5,43,G,10,2002,3,1,1,2,2,1,1,1,1,1,1,1,1,2,9,6,1,1,30,2,2
5,43,F,12,2002,4,1,1,2,2,1,2,1,1,1,1,1,1,2,8,6,1,1, ?,2,2
5,43,F,12,2002,3,1,1,2,2,1,1,1,1,1,1,1,1,2,8,6,1,1, ?,2,2
6,43,F,10,2002,3,1,1,2,2,1,2,1,1,1,1,3,1,2,6,6,1,1,25,2,2
6,43,F,10,2002,3,1,1,2,2,1,1,1,1,1,1,3,1,2,6,6,1,1, ?,2,2
6,43,F,11,2002,3,1,1,2,2,1,1,1,1,1,1,3,1,2,6,6,1,1, ?,2,2
6,43,F,12,2002,3,1,1,2,2,1,1,1,1,1,1,3,1,2,8,6,1,1, ?,2,2
6,43,F,12,2002,2,1,1,2,2,1,1,1,1,1,1,3,1,2,9,6,1,1,30,2,2
1,38,F,8,2002,3,1,1,2,2,1,1,1,1,1,1,1,1,2,10,6,1,1, ?,2,2
1,38,G,9,2002,2,1,1,2,2,1,1,1,1,1,1,1,1,2,14,6,1,1, ?,2,2
1,38,F,9,2002,3,1,1,2,2,1,1,1,1,1,1,1,1,2,9,6,1,1, ?,2,2
1,38,F,10,2002,3,1,1,2,2,1,1,1,1,1,1,1,1,2,9,6,1,1, ?,2,2
1,38,F,11,2002,4,1,1,2,2,1,4,1,1,1,1,1,1,2,9,6,1,1, ?,2,2
3,38,F,8,2002,3,1,1,2,2,2,1,1,2,1,1,1,1,2,14,6,1,1, ?,2,2
3,38,F,9,2002,3,1,1,2,2,1,1,1,1,1,1,1,1,2,12,6,1,1, ?,2,2
3,38,F,9,2002,2,1,1,2,2,1,1,1,1,1,1,1,1,1,7,6,1,1, ?,2,2
3,38,G,9,2002,1,1,1,2,2,1,4,1,1,1,1,1,1,2,9,6,1,1, ?,2,2
3,38,F,9,2002,2,1,1,2,2,1,1,1,1,1,1,1,1,2,9,6,1,1,40,2,2
4,38,F,8,2002,2,1,1,2,2,1,1,1,1,1,1,3,1,2,9,6,1,1,45,2,2
4,38,F,12,2002,4,1,1,2,2,1,2,1,1,1,1,3,1,2,14,6,1,1, ?,2,2
6,38,F,7,2002,4,1,1,2,2,1,4,1,1,1,1,3,1,2,9,6,1,1, ?,2,2
6,38,F,10,2002,2,1,1,2,2,1,2,1,1,1,1,1,1,2,12,6,1,1, ?,2,2
6,38,G,11,2002,3,1,1,2,2,1,1,1,1,1,1,1,1,2,14,6,1,1,37,2,2
6,38,F,12,2002,3,1,1,2,2,1,1,1,1,1,1,1,1,2,9,6,1,1, ?,2,2
9,38,F,11,2002,3,1,1,2,2,1,2,1,1,1,1,3,1,2,13,6,1,1, ?,2,2
1,38,F,7,2002,1,1,1,2,2,2,4,1,2,1,1,1,1,2,9,6,1,1, ?,2,2
3,38,F,7,2002,3,1,1,2,2,1,4,1,1,1,1,1,1,2,14,6,2,1, ?,2,2
3,38,F,7,2002,2,1,1,2,2,1,1,1,1,1,1,3,1,2,14,6,1,1, ?,2,2
3,37,G,9,2002,3,1,1,2,2,2,1,1,2,1,1,3,1,2,6,6,1,1, ?,2,2
5,37,F,10,2002,3,1,1,2,2,1,1,1,1,1,1,3,1,2,6,6,1,1, ?,2,2
6,37,G,10,2002,2,1,1,2,2,1,1,1,1,1,1,3,1,2,8,6,1,1, ?,2,2
6,37,F,10,2002,4,1,1,2,2,1,1,1,1,1,1,3,1,2,9,6,1,1, ?,2,2
7,37,F,7,2002,2,1,1,2,2,1,1,1,1,1,1,3,1,2,12,6,1,1, ?,2,2
7,37,F,7,2002,3,1,1,2,2,1,1,1,1,1,1,3,1,2,6,6,1,1, ?,2,2
1,41,F,10,2002,1,1,1,2,2,1,4,1,1,1,1,1,1,2,14,6,1,1, ?,2,2
1,41,F,10,2002,4,1,1,2,2,1,4,1,1,1,1,1,1,2,14,6,1,1, ?,2,2
1,41,F,11,2002,2,1,1,2,2,1,1,1,1,1,1,3,1,2,19,6,1,1, ?,2,2
1,41,F,11,2002,3,1,1,2,2,1,1,1,1,1,1,1,1,2,8,6,1,1,38,2,2
1,41,F,12,2002,3,1,1,2,2,1,1,1,1,1,1,1,1,2,14,6,1,1, ?,2,2
3,41,F,10,2002,1,1,1,2,2,1,1,1,1,1,1,1,1,2,8,6,1,1, ?,2,2
3,41,F,10,2002,2,1,1,2,2,1,1,1,1,1,1,1,1,2,8,6,1,1, ?,2,2
3,41,F,11,2002,4,1,1,2,2,1,4,1,1,1,1,1,1,2,8,6,1,1, ?,2,2
3,41,F,11,2002,3,1,1,2,2,1,1,1,1,1,1,3,1,2,10,6,1,1, ?,2,2
3,41,G,12,2002,2,1,1,2,2,1,1,1,1,1,1,3,1,2,9,6,1,1, ?,2,2
3,41,F,12,2002,1,1,1,2,2,4,4,1,1,1,1,1,3,2,14,6,1,1, ?,2,2
4,41,F,11,2002,3,1,1,2,2,1,1,1,1,1,1,3,1,2,6,6,1,1, ?,2,2
5,41,F,10,2002,2,1,1,2,2,1,1,1,1,1,1,1,2,2,9,6,1,1, ?,2,2
5,41,F,10,2002,3,1,1,2,2,1,1,1,1,1,1,1,1,2,9,6,1,1, ?,2,2
5,41,F,11,2002,4,1,1,2,2,1,4,1,1,1,1,1,1,2,9,6,1,1, ?,2,2
5,41,F,11,2002,2,1,1,2,2,1,1,1,1,1,1,1,1,2,14,6,1,1, ?,2,2
5,41,F,11,2002,2,1,1,2,2,1,2,1,1,1,1,1,1,2,9,6,1,1, ?,2,2
5,41,F,12,2002,1,1,1,2,2,1,4,1,1,1,1,2,1,2,9,6,1,1, ?,2,2
1,35,F,10,2002,4,1,1,2,2,1,4,1,1,1,1,1,1,2,9,6,1,1, ?,2,2
1,35,F,11,2002,2,1,1,2,2,1,1,1,1,1,1,3,1,2,8,6,1,1, ?,2,2
1,35,F,11,2002,2,1,1,2,2,1,1,1,1,1,1,2,1,2,9,6,1,1, ?,2,2
1,35,F,12,2002,2,1,1,2,2,1,1,1,1,1,1,3,1,2,8,6,1,1,30,2,2
1,35,G,12,2002,2,1,1,2,2,1,1,1,1,1,1,3,1,2,9,6,1,1, ?,2,2
1,35,F,12,2002,2,1,1,2,2,1,1,1,1,1,1,2,1,2,9,6,1,1, ?,2,2
1,35,F,12,2002,3,1,1,2,2,1,1,1,1,1,1,2,1,2,7,6,1,1, ?,2,2
2,35,G,10,2002,2,1,1,2,2,1,2,1,1,1,3,1,1,2,8,6,1,1, ?,2,2
2,35,F,10,2002,2,1,1,2,2,1,1,1,1,1,1,3,1,2,14,6,1,1, ?,2,2
2,35,S,11,2002,2,1,1,2,2,1,1,1,1,1,1,3,1,2,4,6,1,1, ?,2,2
4,35,F,8,2002,3,1,1,2,2,2,1,1,2,1,1,1,1,2,9,6,1,1, ?,2,2
4,35,F,10,2002,2,1,1,2,2,1,1,1,1,1,1,2,1,2,7,6,1,1,23,2,2
4,35,F,10,2002,2,1,1,2,2,1,1,1,1,1,1,1,1,2,9,6,1,1,37,2,2
4,35,F,10,2002,3,1,1,2,2,1,1,1,1,1,1,3,1,2,8,6,1,1,45,2,2
5,35,F,8,2002,3,1,1,2,2,1,1,1,1,1,1,3,1,2,9,6,1,1, ?,2,2
2,36,F,11,2002,3,1,1,2,2,1,1,1,1,1,1,3,1,2,9,6,1,1, ?,2,2
2,36,F,11,2002,2,1,1,2,2,1,1,1,1,1,1,1,1,2,9,6,1,1, ?,2,2
3,36,F,11,2002,3,1,1,2,2,1,1,1,1,1,1,1,1,2,14,6,1,1, ?,2,2
3,36,F,12,2002,2,1,1,2,2,1,1,1,1,1,1,1,1,2,9,6,1,1, ?,2,2
1,39,F,7,2002,2,1,1,2,2,1,1,1,1,1,1,1,1,1,7,6,1,1,28,2,2
1,39,G,9,2002,2,1,1,2,2,1,1,1,1,1,1,1,1,2,14,6,1,1,38,2,2
2,39,F,11,2002,3,1,1,2,2,1,1,1,1,1,1,3,1,2,13,6,1,1, ?,2,2
3,39,F,7,2002,1,1,1,2,2,1,2,1,1,3,2,1,2,2,1,6,1,1, ?,2,2
3,39,G,11,2002,3,1,1,2,2,1,1,1,1,1,1,1,1,2,12,6,1,1, ?,2,2
3,39,F,11,2002,3,1,1,2,2,1,1,1,1,1,1,1,1,2,14,6,1,1, ?,2,2
3,39,F,8,2002,2,1,1,2,2,1,1,1,1,1,1,1,1,2,10,6,1,1, ?,2,2
3,39,F,9,2002,3,1,1,2,2,1,1,1,1,1,1,1,1,2,14,6,1,1, ?,2,2
3,39,F,12,2002,3,1,1,2,2,1,1,1,1,1,1,1,1,2,9,6,1,1, ?,2,2
4,39,F,8,2002,3,1,1,2,2,1,1,1,1,1,1,3,1,2,14,6,1,1, ?,2,2