Thana,District,Accident_Severity,Month,Year,Time,Junction_Type,Traffic_Control,Movement,Divider,Weather,Light,Road_Geometry,Surface_Condition,Surface_Type,Surface_Quality,Road_Class,Road_Feature,Location_Type,Vehicle_Type,Vehicle_Movement,Vehicle_Loading,Vehicle_Defect,Vehicle_Driver_Age,Vehicle_Alcohol,Vehicle_Seat_Belt
4,39,F,8,2002,3,1,1,2,2,1,1,1,1,1,1,3,1,2,4,6,1,1, ?,2,2
4,36,F,12,2002,2,1,1,2,2,1,1,1,1,1,1,1,1,2,9,6,1,1, ?,2,2
2,44,F,12,2002,2,1,1,2,2,4,2,1,2,1,2,3,4,2,5,6,1,1,20,2,2
3,44,F,11,2002,3,1,1,2,2,1,1,1,1,1,1,1,1,2,9,6,1,1, ?,2,2
3,44,F,11,2002,2,1,1,2,2,1,1,1,1,1,1,3,1,2,8,6,1,1, ?,2,2
3,44,G,12,2002,4,1,1,2,2,1,2,1,1,1,1,3,1,2,8,6,1,1, ?,2,2
4,44,F,11,2002,3,1,1,2,2,1,1,1,1,1,1,2,1,2,9,6,1,1, ?,2,2
4,44,S,12,2002,3,1,1,2,2,1,4,1,1,1,1,2,1,2,14,6,1,1, ?,2,2
4,44,F,12,2002,2,1,1,2,2,1,1,1,1,1,1,2,1,2,9,6,1,1, ?,2,2
5,44,F,12,2002,2,1,1,2,2,1,1,1,1,1,1,1,1,2,14,6,1,1, ?,2,2
6,44,F,11,2002,4,1,1,2,2,1,4,1,1,1,1,1,1,2,14,6,1,1, ?,2,2
6,44,F,11,2002,2,1,1,2,2,1,1,1,1,1,1,1,1,2,14,6,1,1, ?,2,2
6,44,F,12,2002,4,1,1,2,2,1,4,1,1,1,1,1,1,2,14,6,1,1, ?,2,2
7,44,F,11,2002,3,1,1,2,2,1,1,1,1,1,1,1,1,2,8,6,1,1, ?,2,2
7,44,F,12,2002,2,1,1,2,2,1,2,1,1,1,1,1,1,2,9,6,1,1, ?,2,2
7,44,G,12,2002,3,1,1,2,2,1,1,1,1,1,1,1,1,2,9,6,1,1, ?,2,2
7,44,F,12,2002,3,1,1,2,2,1,1,1,1,1,1,1,1,2,8,6,1,1, ?,2,2
7,44,F,12,2002,2,1,1,2,2,1,1,1,1,1,1,1,1,2,13,6,1,1, ?,2,2
1,48,G,8,2002,2,1,1,2,2,1,1,1,1,1,1,1,1,2,4,6,1,1, ?,2,2
1,48,F,11,2002,3,1,1,2,2,1,1,1,1,1,1,1,1,2,9,6,1,1, ?,2,2
1,48,F,11,2002,2,1,1,2,2,1,2,1,1,1,1,1,1,2,14,6,1,1, ?,2,2
1,48,F,11,2002,4,1,1,2,2,1,4,1,1,1,1,1,1,2,6,6,1,1, ?,2,2
1,48,F,12,2002,1,1,1,2,2,1,2,1,1,1,1,1,1,2,14,6,1,1, ?,2,2
1,48,F,12,2002,2,1,1,2,2,1,1,1,1,1,1,1,1,2,14,6,1,1, ?,2,2
6,40,F,12,2002,2,1,1,2,2,1,4,1,1,1,1,1,1,2,14,6,1,1, ?,2,2
1,49,F,11,2002,2,1,1,2,2,1,1,1,1,1,3,3,1,2,19,6,1,1, ?,2,2
1,49,F,11,2002,2,1,1,2,2,1,1,1,1,1,1,2,1,2,4,6,1,1, ?,2,2
2,49,F,8,2002,1,1,1,2,2,2,4,2,2,2,2,3,2,2,19,6,1,1, ?,2,2
3,49,G,7,2002,3,1,1,2,2,1,1,1,1,1,1,1,1,2,8,6,1,1, ?,2,2
3,49,G,8,2002,3,1,1,2,2,1,1,1,1,1,1,2,1,2,9,6,1,1, ?,2,2
3,49,F,12,2002,3,1,1,2,2,1,1,1,1,1,1,2,1,2,8,6,1,1, ?,2,2
5,49,F,6,2002,3,1,1,2,2,1,1,1,1,1,1,3,1,2,4,6,1,1, ?,2,2
5,49,F,7,2002,2,1,1,2,2,1,2,1,1,1,1,3,1,2,9,6,1,1, ?,2,2
5,49,F,8,2002,3,1,1,2,2,1,1,1,1,1,1,3,1,2,9,6,1,1, ?,2,2
5,49,F,9,2002,2,1,1,2,2,1,1,1,1,1,1,3,1,2,14,6,1,1, ?,2,2
4,47,F,1,2002,3,1,1,2,2,1,1,1,1,1,1,1,1,2,7,6,1,1, ?,2,2
3,47,F,1,2002,4,1,1,2,2,1,4,1,1,1,1,3,1,2,14,6,1,1, ?,2,2
5,47,G,1,2002,4,1,1,2,2,2,4,2,2,1,1,3,1,2,12,6,1,1, ?,2,2
9,47,F,1,2002,3,1,1,2,2,1,1,1,1,1,1,1,1,2,9,6,1,1, ?,2,2
2,43,S,1,2002,2,1,1,2,2,1,2,1,1,1,1,1,1,2,14,6,1,1, ?,2,2
2,43,F,1,2002,1,1,1,2,2,4,4,1,1,1,1,1,1,2,14,6,1,1, ?,2,2
8,51,F,1,2002,2,1,1,2,2,1,2,2,1,1,1,3,1,2,14,6,1,1, ?,2,2
3,36,F,1,2002,3,1,1,2,2,1,1,1,1,1,1,1,1,2,9,6,1,1, ?,2,2
1,44,F,1,2002,2,1,1,2,2,1,1,1,1,1,1,2,1,1,9,6,1,1, ?,2,2
3,44,F,1,2002,3,1,1,2,2,1,1,2,1,1,1,1,1,2,9,6,1,1, ?,2,2
7,44,F,1,2002,2,1,1,2,2,1,1,1,1,1,1,1,1,2,9,6,1,1, ?,2,2
5,46,F,1,2002,4,1,1,2,2,1,2,1,1,1,1,1,1,2,9,6,1,1, ?,2,2
1,50,F,1,2002,3,1,1,2,2,1,1,1,1,1,1,1,1,1,9,6,1,1, ?,2,2
2,50,F,1,2002,4,1,1,2,2,1,2,1,1,1,1,1,1,2,9,6,1,1,33,2,2
3,50,F,1,2002,3,1,1,2,2,1,1,1,1,1,1,3,1,2,9,6,1,1, ?,2,2
5,50,F,1,2002,3,1,1,2,2,1,1,1,1,1,1,3,1,2,14,6,1,1, ?,2,2
8,50,F,1,2002,2,1,1,2,2,1,1,1,1,1,1,2,1,2,14,6,1,1, ?,2,2
9,50,F,1,2002,4,1,1,2,2,1,4,1,1,1,1,3,1,2,7,6,1,1, ?,2,2
10,50,F,1,2002,3,1,1,2,2,1,1,1,1,1,1,1,1,2,8,6,1,1,31,2,2
1,35,F,1,2002,3,1,1,2,2,1,1,1,1,1,1,2,1,2,12,6,1,1, ?,2,2
1,35,F,1,2002,3,1,1,2,2,1,1,1,1,1,1,1,1,2,9,6,1,1, ?,2,2
1,35,S,1,2002,2,1,1,2,2,2,1,1,2,1,1,2,1,2,9,6,1,1,30,2,2
2,35,S,1,2002,3,1,1,2,2,1,1,1,1,1,1,3,1,2,8,1,1,1, ?,2,2
2,35,F,1,2002,2,1,1,2,2,1,1,1,1,1,3,3,1,2,9,6,1,1, ?,2,2
1,49,F,1,2002,4,1,1,2,2,1,3,1,1,1,3,3,1,2,14,6,1,1, ?,2,2
1,45,F,1,2002,2,1,1,2,2,1,1,1,1,1,3,1,1,2,6,6,1,1, ?,2,2
2,45,G,1,2002,3,1,1,2,2,1,1,1,1,1,1,1,1,1,14,6,1,1,33,2,2
6,45,F,1,2002,1,1,1,2,2,1,1,1,1,1,1,1,1,2,8,6,1,1, ?,2,2
1,48,F,1,2002,3,1,1,2,2,1,1,1,1,1,1,1,1,1,9,6,1,1, ?,2,2
1,38,F,1,2002,2,1,1,2,2,1,1,1,1,1,1,1,1,1,9,6,1,1, ?,2,2
1,38,F,1,2002,2,1,1,2,2,1,1,1,1,1,1,1,1,2,9,6,1,1,38,2,2
1,38,G,1,2002,3,1,1,2,2,1,1,1,1,1,1,3,1,2,14,6,1,1, ?,2,2
1,38,F,1,2002,3,1,1,2,2,2,1,1,2,1,1,1,1,2,7,6,1,1,26,2,2
1,38,F,1,2002,2,1,1,2,2,1,1,1,1,1,1,1,1,2,14,6,1,1,40,2,2
1,38,F,1,2002,4,1,1,2,2,4,4,1,1,1,1,1,1,2,6,6,1,1, ?,2,2
6,38,F,1,2002,2,1,1,2,2,1,1,1,1,1,1,1,1,2,9,6,1,1, ?,2,2
7,38,F,1,2002,3,1,1,2,2,1,1,1,1,1,1,1,1,2,9,6,1,1,35,2,2
3,40,F,1,2002,2,1,1,2,2,1,2,1,1,1,1,1,1,2,8,6,1,1, ?,2,2
5,40,G,1,2002,4,1,1,2,2,1,2,1,1,1,1,1,1,2,14,6,1,1, ?,2,2
6,40,F,1,2002,2,1,1,2,2,1,1,1,1,1,1,1,1,2,11,6,1,1, ?,2,2
1,39,F,2,2002,4,1,1,2,2,1,2,1,1,1,1,1,1,2,10,6,1,1, ?,2,2
3,39,F,2,2002,3,1,1,2,2,1,1,1,1,1,1,1,1,2,9,6,1,1, ?,2,2
3,36,G,2,2002,2,1,1,2,2,1,1,1,1,1,1,1,1,2,9,6,1,1, ?,2,2
4,36,F,2,2002,3,1,1,2,2,1,1,1,1,1,1,1,1,2,9,6,1,1, ?,2,2
6,38,G,2,2002,2,1,1,2,2,1,1,1,1,1,1,1,1,2,9,6,1,1, ?,2,2
6,38,G,2,2002,3,1,1,2,2,1,1,1,1,1,1,1,1,2,12,6,1,1, ?,2,2
2,43,G,2,2002,3,1,1,2,2,1,1,1,1,1,1,1,1,2,9,6,1,1,25,2,2
2,43,F,2,2002,3,1,4,2,2,1,1,1,1,1,1,1,1,2,9,6,1,1, ?,2,2
2,43,G,2,2002,3,1,1,2,2,1,1,1,1,1,1,1,1,2,13,6,1,1,35,2,2
2,43,F,2,2002,4,1,1,2,2,1,4,1,1,1,1,1,1,2,10,6,1,1,35,2,2
4,43,F,2,2002,2,1,1,2,2,1,1,1,1,1,1,1,1,2,9,6,1,1, ?,2,2
1,35,G,2,2002,4,1,1,2,2,1,4,1,1,1,1,1,1,2,9,6,1,1,35,2,2
3,35,F,2,2002,2,1,1,2,2,1,1,1,1,3,3,1,2,?,14,6,1,1,30,2,2
1,50,F,2,2002,2,1,1,2,2,1,1,1,1,1,1,1,1,2,9,6,1,1, ?,2,2
1,50,F,2,2002,3,1,1,2,2,1,1,1,1,1,1,1,1,2,9,6,1,1, ?,2,2
2,50,F,2,2002,3,1,1,2,2,1,1,1,1,1,1,1,1,2,7,6,1,1, ?,2,2
5,50,F,2,2002,2,1,1,2,2,4,2,1,1,1,1,3,1,2,14,6,1,1,28,2,2
4,37,F,1,2002,2,1,1,2,2,1,1,1,1,2,3,1,2,?,9,6,1,1, ?,2,2
5,37,F,1,2002,2,1,1,2,2,1,1,1,1,1,1,3,1,2,6,6,1,1, ?,2,2
6,37,G,1,2002,3,1,1,2,2,1,1,1,1,1,1,3,1,2,14,6,1,1,30,2,2
2,37,F,2,2002,3,1,1,2,2,1,2,1,1,1,1,3,1,2,6,6,1,1,30,2,2
6,37,F,2,2002,2,1,1,2,2,1,1,1,1,1,1,3,1,2,14,6,1,1, ?,2,2
4,47,F,2,2002,3,1,1,2,2,1,1,1,1,1,1,1,1,2,9,6,1,1, ?,2,2
5,47,F,2,2002,3,1,1,2,2,1,1,1,1,1,1,1,1,2,9,6,1,1, ?,2,2
6,47,F,2,2002,3,1,1,2,2,1,1,1,1,1,1,3,1,2,6,6,1,1, ?,2,2
8,47,F,2,2002,3,1,1,2,2,1,1,1,1,1,1,1,1,1,9,6,1,1, ?,2,2
11,47,F,2,2002,2,1,1,2,2,1,1,1,1,1,1,3,1,2,9,6,1,1,28,2,2
1,45,F,2,2002,3,1,1,2,2,1,1,1,1,2,1,3,1,2,4,6,1,1, ?,2,2
5,45,F,2,2002,3,1,1,2,2,1,1,1,1,1,1,3,1,2,6,6,1,1, ?,2,2
3,44,F,2,2002,2,1,1,2,2,1,1,1,1,1,1,1,1,2, ?,6,1,1, ?,2,2
5,44,F,2,2002,2,1,1,2,2,1,1,1,1,1,1,1,1,2,8,6,1,1, ?,2,2
5,44,F,2,2002,2,1,1,2,2,1,1,1,1,1,1,1,1,2,14,6,1,1, ?,2,2
6,44,F,2,2002,4,1,1,2,2,1,2,1,1,1,1,1,1,2,7,6,1,1, ?,2,2
6,44,F,2,2002,3,1,1,2,2,1,1,1,1,1,1,1,1,2,14,6,1,1, ?,2,2
7,44,F,2,2002,2,1,1,2,2,1,1,1,1,1,1,1,1,2,8,6,1,1, ?,2,2
1,40,G,2,2002,2,1,1,2,2,1,1,2,1,1,1,1,1,2,8,6,1,1, ?,2,2
6,40,F,2,2002,2,1,1,2,2,1,1,1,1,1,1,1,1,2,14,6,1,1, ?,2,2
1,49,F,2,2002,4,1,1,2,2,1,4,1,1,1,1,3,1,2,9,6,1,1, ?,2,2
1,49,F,2,2002,2,1,1,2,2,1,1,1,1,1,1,3,1,1,14,6,1,1, ?,2,2
1,49,F,2,2002,3,1,1,2,2,1,1,1,1,1,1,2,1,2,9,6,1,1, ?,2,2
1,49,F,2,2002,3,1,1,2,2,1,1,1,1,1,1,2,1,1,9,6,1,1, ?,2,2
1,49,F,2,2002,3,1,1,2,2,1,1,1,1,1,1,2,1,2,9,6,1,1, ?,2,2
2,49,F,2,2002,3,1,1,2,2,1,1,1,1,1,1,3,1,2,9,6,1,1, ?,2,2
3,49,F,2,2002,4,1,1,2,2,1,2,1,1,1,1,3,1,2,9,6,1,1, ?,2,2
5,49,F,1,2002,4,1,1,2,2,1,3,1,1,1,1,3,1,2,14,6,1,1, ?,2,2
1,51,F,1,2002,3,1,1,2,2,1,1,1,1,1,1,2,1,2,19,6,1,1, ?,2,2
4,51,F,2,2002,3,1,1,2,2,1,1,1,1,1,1,2,1,2,16,6,1,1, ?,2,2
3,36,G,3,2002,3,1,1,2,2,1,1,1,1,1,1,1,1,2,9,6,1,1, ?,2,2
3,36,G,3,2002,2,1,1,2,2,1,1,1,1,1,1,1,1,2,9,6,1,1, ?,2,2
4,36,F,3,2002,2,1,1,2,2,1,1,1,1,2,1,1,1,2,14,6,1,1, ?,2,2
5,50,G,3,2002,4,1,1,2,2,1,3,1,1,1,1,2,1,2,14,6,1,1,35,2,2
11,50,F,3,2002,3,1,1,2,2,1,1,1,1,1,1,2,2,2,14,6,1,1, ?,2,2
12,50,G,3,2002,2,1,1,2,2,1,1,1,1,1,1,1,1,2,9,6,1,1, ?,2,2
4,45,F,3,2002,3,1,1,2,2,1,1,1,1,1,1,3,1,2,14,6,1,1,36,2,2
6,45,F,3,2002,4,1,1,2,2,1,4,1,1,1,1,3,1,2,13,6,1,1, ?,2,2
1,46,F,1,2002,3,1,1,2,2,1,1,1,1,1,1,1,1,2,9,6,1,1, ?,2,2
1,46,F,2,2002,3,1,1,2,2,1,1,1,1,1,1,2,1,2,9,6,1,1, ?,2,2
1,46,F,2,2002,3,1,1,2,2,1,1,1,1,1,1,3,1,2,14,6,1,1, ?,2,2
1,46,F,2,2002,2,1,1,2,2,1,1,1,1,1,1,3,1,2,14,6,1,1, ?,2,2
1,46,G,3,2002,4,1,1,2,2,1,4,1,1,1,1,1,1,1,8,6,1,1, ?,2,2
1,46,G,3,2002,3,1,1,2,2,1,1,1,1,1,1,1,1,2,14,6,1,1, ?,2,2
2,46,F,2,2002,3,1,1,2,2,1,1,1,1,1,1,1,1,2,9,6,1,1, ?,2,2
2,46,F,2,2002,1,1,1,2,2,1,2,1,1,1,1,1,1,2,14,6,1,1, ?,2,2
2,46,F,3,2002,2,1,1,2,2,1,1,1,1,1,1,1,1,2, ?,6,1,1, ?,2,2
5,46,F,3,2002,2,1,1,2,2,1,1,1,1,1,1,1,1,2,7,6,1,1, ?,2,2
5,46,F,3,2002,3,1,1,2,2,1,1,1,1,1,1,1,1,2,9,6,1,1,45,2,2
6,46,M,2,2002,3,1,1,2,2,1,1,1,1,1,1,1,1,1,14,6,1,1, ?,2,2
6,46,F,3,2002,3,1,1,2,2,1,1,1,1,1,1,1,1,2,14,6,1,1, ?,2,2
9,47,F,3,2002,3,1,1,2,2,1,1,1,1,1,3,1,1,2,9,6,1,1, ?,2,2
9,47,F,3,2002,3,1,1,2,2,1,1,1,1,3,1,3,1,2,14,6,1,1, ?,2,2
1,49,S,3,2002,4,1,1,2,2,1,2,1,1,2,2,2,1,2,9,6,1,1, ?,2,2
1,49,F,3,2002,2,1,1,2,2,1,1,1,1,1,1,2,1,2,14,6,1,1, ?,2,2
1,49,F,3,2002,4,1,1,2,2,1,2,1,1,1,1,3,1,2,14,6,1,1,28,2,2
1,49,F,3,2002,3,1,1,2,2,1,1,1,1,1,1,2,1,2,9,6,1,1, ?,2,2
5,49,F,3,2002,4,1,1,2,2,1,4,1,1,1,1,3,1,2,14,6,1,1, ?,2,2
1,52,F,3,2002,2,1,1,2,2,1,1,1,1,1,1,2,1,2,14,6,1,1,35,2,2
4,37,G,3,2002,3,1,1,2,2,1,1,1,1,1,1,3,1,2,9,6,1,1, ?,2,2
5,37,F,3,2002,4,1,1,2,2,1,2,1,1,1,1,3,3,2,4,6,1,1,25,2,2
6,37,G,3,2002,2,1,1,2,2,1,1,3,1,1,1,3,2,2,8,6,1,1, ?,2,2
1,35,F,3,2002,2,1,1,2,2,1,1,1,1,1,1,2,1,2,9,6,1,1, ?,2,2
1,48,F,2,2002,3,1,1,2,2,1,1,1,1,1,1,1,1,2,6,6,1,1, ?,2,2
6,48,F,2,2002,2,1,1,2,2,1,1,1,1,1,1,3,1,2,12,6,1,1,28,2,2
3,48,F,3,2002,2,1,1,2,2,1,1,1,1,1,1,3,1,2,9,6,1,1,39,2,2
5,48,F,3,2002,3,1,1,2,2,1,1,1,1,1,1,3,1,2,19,6,1,1,30,2,2
1,38,F,3,2002,2,1,1,2,2,1,1,2,1,1,1,1,1,2,14,6,1,1, ?,2,2
4,38,S,3,2002,2,1,1,2,2,1,1,1,1,1,1,3,1,2,9,6,1,1, ?,2,2
4,38,F,3,2002,2,1,1,2,2,1,1,1,1,1,1,3,1,2,9,6,1,1, ?,2,2
6,38,G,3,2002,1,1,1,2,2,1,4,1,1,1,1,1,1,2,9,6,1,1, ?,2,2
7,38,F,3,2002,4,1,1,2,2,1,4,1,1,1,1,1,1,2,14,6,1,1, ?,2,2
4,51,F,1,2002,4,1,1,2,2,1,4,1,1,1,1,2,1,2, ?,6,1,1, ?,2,2
8,51,F,3,2002,2,1,1,2,2,1,1,1,1,1,1,3,1,2,12,6,1,1, ?,2,2
5,43,F,4,2002,2,1,1,2,2,1,1,1,1,1,3,1,3,2,9,6,1,1, ?,2,2
2,36,F,4,2002,3,1,1,2,2,1,1,1,1,1,1,3,1,2,14,6,1,1,35,2,2
2,36,F,4,2002,2,1,1,2,2,1,1,1,1,1,1,3,1,2,14,6,1,1, ?,2,2
5,44,F,3,2002,2,1,1,2,2,1,2,1,1,1,1,1,1,2,9,6,1,1, ?,2,2
6,44,F,3,2002,2,1,1,2,2,1,1,1,1,1,1,1,1,2,8,6,1,1, ?,2,2
6,44,F,3,2002,2,1,1,2,2,1,2,1,1,1,1,1,1,2,8,6,1,1,30,2,2
6,44,F,3,2002,3,1,1,2,2,1,1,1,1,1,1,1,1,1,14,6,1,1, ?,2,2
7,44,G,3,2002,2,1,1,2,2,1,1,1,1,1,1,1,1,2,9,6,1,1, ?,2,2
7,44,F,3,2002,3,1,1,2,2,1,1,1,1,1,1,1,1,2,9,6,1,1,35,2,2
7,44,F,3,2002,2,1,1,2,2,1,1,1,1,1,1,1,1,2,9,6,1,1, ?,2,2
7,44,F,3,2002,2,1,1,2,2,1,1,1,1,1,1,1,1,2,13,6,1,1, ?,2,2
7,44,F,3,2002,2,1,1,2,2,1,2,1,1,1,1,1,1,2,14,6,1,1, ?,2,2
4,51,F,4,2002,3,1,1,2,2,1,1,1,1,1,1,2,1,2,14,6,1,1, ?,2,2
8,51,F,4,2002,2,1,1,2,2,1,1,1,1,1,1,2,1,2,9,6,1,1, ?,2,2
8,51,F,4,2002,2,1,1,2,2,1,1,1,1,1,1,2,1,2,9,6,1,1, ?,2,2
9,51,F,4,2002,3,1,1,2,2,1,1,1,1,1,1,3,1,2,14,6,1,1,35,2,2
1,52,F,4,2002,3,1,1,2,2,1,1,1,1,1,1,3,1,2,14,6,1,1, ?,2,2
9,52,F,4,2002,2,1,1,2,2,1,1,1,1,1,1,3,1,2,14,6,1,1, ?,2,2
1,38,F,4,2002,4,1,1,2,2,1,4,1,1,1,1,1,1,2,9,6,1,1, ?,2,2
3,38,G,4,2002,2,1,1,2,2,1,1,1,1,1,1,3,2,2,14,6,1,1, ?,2,2
6,38,F,4,2002,2,1,1,2,2,1,1,1,1,1,1,1,1,2,9,6,1,1, ?,2,2
5,47,F,4,2002,3,1,1,2,2,1,1,1,1,1,1,3,1,2,9,6,1,1,38,2,2
5,47,G,4,2002,4,1,1,2,2,1,4,1,1,1,1,1,1,2,9,6,1,1,50,2,2
5,47,F,4,2002,4,1,1,2,2,1,2,1,1,1,1,3,1,2,14,6,1,1,38,2,2
8,47,G,4,2002,3,1,1,2,2,2,1,1,2,1,1,1,1,2,9,6,1,1,38,2,2
9,47,F,4,2002,2,1,1,2,2,1,1,1,1,1,1,3,1,2,10,6,1,1,25,2,2
9,47,G,4,2002,1,1,1,2,2,1,4,2,1,1,1,1,1,2,9,6,1,1, ?,2,2
1,48,G,4,2002,3,1,1,2,2,1,1,1,1,1,1,1,1,2,8,6,1,1, ?,2,2
2,48,F,4,2002,3,1,1,2,2,1,1,1,1,1,1,3,1,2,9,6,1,1, ?,2,2
3,48,F,4,2002,3,1,1,2,2,1,1,1,1,1,1,3,1,2,14,6,1,1, ?,2,2
1,35,F,4,2002,2,1,1,2,2,1,1,1,1,1,1,1,1,2,10,6,1,1, ?,2,2
1,35,F,4,2002,2,1,1,2,2,1,1,1,1,1,1,1,1,2,14,6,1,1, ?,2,2
1,35,F,4,2002,2,1,1,2,2,1,1,1,1,1,1,2,1,2,14,6,1,1, ?,2,2
1,45,F,4,2002,4,1,1,2,2,1,1,1,1,1,1,3,1,2,14,6,1,1, ?,2,2
1,45,F,4,2002,3,1,1,2,2,1,1,1,1,1,1,3,1,2,14,6,1,1, ?,2,2
2,39,F,4,2002,3,1,1,2,2,1,1,1,1,3,1,3,1,2,14,6,1,1,40,2,2
1,50,F,4,2002,3,1,1,2,2,1,1,1,1,1,1,1,1,1,9,6,1,1, ?,2,2
2,50,F,4,2002,2,1,1,2,2,1,1,1,1,1,1,1,1,2,14,6,1,1, ?,2,2
4,50,F,4,2002,3,1,1,2,2,1,1,1,1,1,1,3,1,2,5,6,1,1, ?,2,2
4,50,F,3,2002,3,1,1,2,2,1,1,1,1,1,1,3,1,2,14,6,1,1,30,2,2
9,50,G,4,2002,2,1,1,2,2,1,1,1,1,1,2,1,1,2,9,6,1,1, ?,2,2
11,50,F,4,2002,3,1,1,2,2,1,1,1,1,1,1,2,1,2, ?,6,1,1, ?,2,2
12,50,F,4,2002,2,1,1,2,2,1,1,1,1,1,1,1,1,2,14,6,1,1, ?,2,2
13,50,F,4,2002,3,1,1,2,2,1,1,1,1,1,1,2,1,2, ?,6,1,1, ?,2,2
1,49,F,4,2002,3,1,1,2,2,1,1,1,1,1,1,2,1,2,9,6,1,1, ?,2,2
1,45,F,5,2002,3,1,1,2,2,1,1,1,1,1,1,1,1,1,14,6,1,1, ?,2,2
3,45,F,5,2002,3,1,1,2,2,1,1,1,1,1,1,3,1,2,6,6,1,1, ?,2,2
5,40,G,4,2002,3,1,1,2,2,1,1,1,1,1,1,3,1,2,9,6,1,1, ?,2,2
5,40,G,4,2002,4,1,1,2,2,1,3,2,1,1,1,1,1,2,14,6,1,1, ?,2,2
6,40,F,4,2002,3,1,1,2,2,1,1,1,1,1,1,1,1,2,9,6,1,1, ?,2,2
1,40,S,5,2002,2,1,1,2,2,1,1,1,1,1,1,1,1,2,8,6,1,1, ?,2,2
1,40,G,5,2002,2,1,1,2,2,2,1,2,2,1,1,1,1,1,7,6,1,1, ?,2,2
1,40,F,5,2002,4,1,1,2,2,1,4,2,1,1,1,1,1,2,9,6,1,1, ?,2,2
3,40,G,5,2002,2,1,1,2,2,1,1,1,1,1,1,1,1,2,9,6,1,1, ?,2,2
3,40,F,5,2002,2,1,1,2,2,1,1,1,1,1,1,1,1,2,9,6,1,1, ?,2,2
4,40,F,5,2002,4,1,1,2,2,1,2,1,1,1,1,3,1,2,6,6,1,1, ?,2,2
6,40,F,5,2002,3,1,1,2,2,1,1,1,1,1,1,1,1,2,9,6,1,1, ?,2,2
6,40,F,5,2002,3,1,1,2,2,1,1,1,1,1,1,1,1,2,14,6,1,1, ?,2,2
6,40,F,5,2002,3,1,1,2,2,1,1,1,1,1,1,1,1,2,9,6,1,1, ?,2,2
1,48,F,5,2002,3,1,1,2,2,1,1,1,1,1,1,1,1,1,9,6,1,1, ?,2,2
2,47,F,5,2002,2,1,1,2,2,1,1,1,1,1,1,1,1,2,9,6,1,1,32,2,2
5,47,G,5,2002,2,1,1,2,2,2,1,1,2,1,1,3,1,2,8,6,1,1, ?,2,2
5,47,F,5,2002,4,1,1,2,2,1,3,2,1,1,1,3,1,2,14,6,1,1, ?,2,2
9,47,F,5,2002,4,1,1,2,2,2,2,1,2,1,3,1,1,2,14,6,1,1, ?,2,2
9,47,F,5,2002,4,1,1,2,2,1,1,1,1,1,1,1,1,2,10,6,1,1,35,2,2
11,47,F,5,2002,2,1,1,2,2,1,1,1,1,3,2,3,1,2,14,6,1,1, ?,2,2
13,47,G,5,2002,3,1,1,2,2,1,1,1,1,1,1,3,1,2,14,6,1,1, ?,2,2
3,44,F,4,2002,2,1,1,2,2,1,1,1,1,1,1,1,1,2,9,6,1,1, ?,2,2
3,44,F,4,2002,3,1,1,2,2,1,1,1,1,1,1,1,1,2,14,6,1,1, ?,2,2
3,44,F,5,2002,3,1,1,2,2,1,1,1,1,1,1,3,1,2,8,6,1,1, ?,2,2
4,44,F,4,2002,3,1,1,2,2,1,1,1,1,1,1,3,1,2,14,6,1,1, ?,2,2
7,44,F,4,2002,1,1,1,2,2,1,2,1,1,1,1,1,1,2,14,6,1,1, ?,2,2
7,44,F,4,2002,2,1,1,2,2,1,1,1,1,1,1,1,1,2,12,6,1,1, ?,2,2
1,38,F,5,2002,1,1,1,2,2,1,2,1,1,1,1,1,1,2,14,6,1,1, ?,2,2
3,38,F,5,2002,2,1,1,2,2,2,1,1,2,1,1,1,1,1,14,6,1,1, ?,2,2
4,38,F,5,2002,1,1,1,2,2,1,2,1,1,1,1,3,1,2,19,6,1,1, ?,2,2
1,35,F,5,2002,2,1,1,2,2,1,1,1,1,1,1,1,1,2,9,6,1,1, ?,2,2
3,35,G,5,2002,3,1,1,2,2,1,1,1,1,1,1,3,1,2,9,6,1,1, ?,2,2
4,35,F,4,2002,2,1,1,2,2,1,1,1,1,1,1,3,1,2,14,6,1,1, ?,2,2
5,35,F,5,2002,2,1,1,2,2,1,1,1,1,1,1,1,1,2,14,6,1,1,35,2,2
4,50,F,5,2002,3,1,1,2,2,1,1,1,1,1,1,3,1,2,19,6,1,1, ?,2,2
5,50,F,5,2002,2,1,1,2,2,1,1,1,1,1,1,3,1,2,9,6,1,1, ?,2,2
8,50,F,5,2002,2,1,1,2,2,1,1,1,1,1,1,2,1,2,9,6,1,1, ?,2,2
9,50,F,5,2002,3,1,1,2,2,1,3,1,1,1,1,1,1,2,13,6,1,1, ?,2,2
11,50,F,5,2002,4,1,1,2,2,1,1,1,1,1,1,2,1,2,9,6,1,1, ?,2,2
12,50,F,5,2002,2,1,1,2,2,1,1,1,1,1,1,3,1,2,9,6,1,1, ?,2,2
1,51,F,5,2002,2,1,1,2,2,2,1,1,2,1,1,2,1,2,9,6,1,1, ?,2,2
1,51,F,5,2002,3,1,1,2,2,2,1,1,2,1,1,2,1,2,9,6,1,1, ?,2,2
3,51,F,5,2002,3,1,1,2,2,1,1,1,1,1,1,2,1,2,9,6,1,1, ?,2,2
4,51,F,3,2002,3,1,1,2,2,1,1,1,1,1,1,1,1,2,9,6,1,1, ?,2,2
7,51,G,5,2002,4,1,1,2,2,1,3,1,1,1,1,3,1,2,14,6,1,1, ?,2,2
8,51,F,5,2002,3,1,1,2,2,1,1,1,1,1,1,3,1,2,9,6,1,1, ?,2,2