Thana,District,Accident_Severity,Month,Year,Time,Junction_Type,Traffic_Control,Movement,Divider,Weather,Light,Road_Geometry,Surface_Condition,Surface_Type,Surface_Quality,Road_Class,Road_Feature,Location_Type,Vehicle_Type,Vehicle_Movement,Vehicle_Loading,Vehicle_Defect,Vehicle_Driver_Age,Vehicle_Alcohol,Vehicle_Seat_Belt
12,51,G,4,2002,3,1,1,2,2,1,1,1,1,1,1,2,1,2,9,6,1,1, ?,2,2
12,51,F,4,2002,2,1,1,2,2,1,1,1,1,1,1,2,1,2,14,6,1,1, ?,2,2
4,37,G,5,2002,3,1,1,2,2,1,1,1,1,1,1,3,1,2,9,6,1,1, ?,2,2
4,37,G,5,2002,3,1,1,2,2,1,1,1,1,1,1,3,1,2,4,6,1,1, ?,2,2
1,38,F,6,2002,2,1,1,2,2,1,1,1,1,1,1,3,1,2,9,6,1,1, ?,2,2
4,38,F,6,2002,3,1,1,2,2,1,1,1,1,1,1,3,1,2,7,6,1,1, ?,2,2
6,38,G,6,2002,3,1,1,2,2,1,1,1,1,1,1,1,1,2,12,6,1,1, ?,2,2
7,38,F,6,2002,1,1,1,2,2,1,4,1,1,1,1,1,1,2,14,6,1,1, ?,2,2
7,38,F,6,2002,2,1,1,2,2,1,1,1,1,1,1,1,1,2,9,6,1,1, ?,2,2
1,46,F,4,2002,3,1,1,2,2,1,2,1,1,1,1,1,1,1,14,6,1,1, ?,2,2
6,46,F,4,2002,3,1,1,2,2,1,1,1,1,1,1,1,1,1,14,6,1,1, ?,2,2
1,46,F,5,2002,3,1,1,2,2,1,1,1,1,1,1,3,1,2,14,6,1,1, ?,2,2
1,46,F,5,2002,4,1,1,2,2,1,4,1,1,1,1,1,1,1,14,6,1,1, ?,2,2
2,46,F,5,2002,3,1,1,2,2,1,1,1,1,1,1,1,1,2,9,6,1,1, ?,2,2
2,46,F,5,2002,2,1,1,2,2,2,1,1,2,1,3,1,1,2,9,6,1,1, ?,2,2
3,46,F,5,2002,4,1,1,2,2,1,4,1,1,1,1,3,1,2,9,6,1,1, ?,2,2
5,46,F,5,2002,4,1,1,2,2,1,2,1,1,1,1,1,1,2,4,6,1,1, ?,2,2
6,46,F,5,2002,1,1,1,2,2,1,1,1,1,1,1,1,1,1,9,6,1,1, ?,2,2
1,45,F,6,2002,3,1,1,2,2,1,1,2,1,1,1,1,1,2,14,6,1,1, ?,2,2
2,45,F,6,2002,4,1,1,2,2,1,4,1,1,1,3,1,1,2,9,6,1,1, ?,2,2
2,37,F,6,2002,2,1,1,2,2,1,1,1,1,1,1,3,1,2,6,6,1,1, ?,2,2
6,37,F,6,2002,3,1,1,2,2,1,1,1,1,1,1,3,1,2,5,6,1,1, ?,2,2
3,40,G,6,2002,1,1,1,2,2,1,3,1,1,1,1,1,1,2,14,6,1,1, ?,2,2
5,40,F,6,2002,2,1,1,2,2,1,1,1,1,1,1,1,1,2,14,6,1,1, ?,2,2
1,50,G,6,2002,4,1,1,2,2,1,4,1,1,1,1,1,1,2,5,6,1,1, ?,2,2
1,50,G,5,2002,3,1,1,2,2,1,1,1,1,1,1,3,1,2,19,6,1,1, ?,2,2
2,50,G,6,2002,2,1,1,2,2,1,1,1,1,1,1,1,1,2,14,6,1,1, ?,2,2
2,50,F,6,2002,3,1,1,2,2,1,1,1,1,1,1,1,1,2,9,6,1,1, ?,2,2
6,50,F,6,2002,4,1,1,2,2,1,2,1,1,1,1,3,1,2,4,6,1,1, ?,2,2
6,50,F,6,2002,2,1,1,2,2,1,1,1,1,1,1,3,1,2,6,6,1,1, ?,2,2
9,50,F,6,2002,4,1,1,2,2,2,4,1,2,1,1,2,1,2,9,6,1,1, ?,2,2
10,50,G,6,2002,2,1,1,2,2,1,1,1,1,1,1,2,1,2,6,6,1,1, ?,2,2
10,50,F,6,2002,3,1,1,2,2,1,1,1,1,1,1,3,1,2,7,6,1,1,37,2,2
11,50,G,6,2002,1,1,1,2,2,1,2,1,1,1,1,2,1,2,9,6,1,1, ?,2,2
11,50,F,6,2002,2,1,1,2,2,1,1,1,1,1,1,2,1,2,13,6,1,1, ?,2,2
12,50,F,6,2002,4,1,1,2,2,1,4,1,1,1,1,1,1,2,14,6,1,1, ?,2,2
13,50,F,6,2002,2,1,1,2,2,1,1,1,1,1,1,3,1,2,10,6,1,1, ?,2,2
13,50,F,6,2002,3,1,1,2,2,1,1,1,1,1,1,3,1,2,9,6,1,1, ?,2,2
1,51,G,6,2002,3,1,1,2,2,1,1,1,1,1,1,3,1,2,9,6,1,1,35,2,2
1,51,F,6,2002,2,1,1,2,2,1,1,1,1,1,1,3,1,2,9,6,1,1, ?,2,2
4,51,G,6,2002,3,1,1,2,2,1,1,1,1,1,1,1,1,2,8,6,1,1, ?,2,2
8,51,G,6,2002,4,1,1,2,2,1,3,1,1,1,1,2,1,2,9,6,1,1,45,2,2
8,51,F,6,2002,2,1,1,2,2,1,1,1,1,1,1,2,1,2,4,6,1,1,25,2,2
9,51,F,6,2002,3,1,1,2,2,1,1,1,1,1,2,2,1,2,14,6,1,1, ?,2,2
1,35,G,6,2002,2,1,1,2,2,1,1,1,1,1,1,2,1,2,9,6,1,1, ?,2,2
1,52,S,6,2002,2,1,1,2,2,2,1,2,2,1,3,3,1,2,9,6,1,1, ?,2,2
6,52,F,6,2002,3,1,1,2,2,1,1,1,1,1,1,3,1,2,19,6,1,1, ?,2,2
3,39,F,5,2002,1,1,1,2,2,1,2,1,1,1,1,1,1,2,14,6,1,1, ?,2,2
4,39,G,5,2002,4,1,1,2,2,1,2,1,2,2,2,3,1,2,14,6,1,1, ?,2,2
1,39,F,6,2002,3,1,1,2,2,1,1,1,1,1,1,1,1,2,14,6,1,1, ?,2,2
3,49,F,5,2002,4,1,1,2,2,2,4,1,2,1,1,3,1,2,14,6,1,1, ?,2,2
4,49,F,5,2002,2,1,1,2,2,1,1,1,1,1,1,3,1,2,9,6,1,1, ?,2,2
5,49,F,5,2002,2,1,1,2,2,1,1,1,1,1,1,3,1,2,9,6,1,1, ?,2,2
1,47,F,6,2002,1,1,1,2,2,1,2,1,1,1,1,1,4,2,14,6,1,1, ?,2,2
1,47,F,6,2002,2,1,1,2,2,1,1,1,1,1,1,1,1,2,9,6,1,1, ?,2,2
1,47,G,6,2002,1,1,1,2,2,1,4,1,1,1,1,1,1,2,14,6,1,1, ?,2,2
1,47,F,6,2002,3,1,1,2,2,2,1,1,2,1,1,1,1,2,8,6,1,1,45,2,2
8,47,F,6,2002,3,1,1,2,2,1,1,1,1,1,1,3,1,2,13,6,1,1, ?,2,2
12,47,F,6,2002,2,?,1,2,2,1,1,1,1,1,1,1,1,2,14,6,1,1,35,2,2
13,47,F,6,2002,4,1,1,2,2,1,4,1,1,1,1,3,1,2,8,6,1,1,29,2,2
3,44,F,5,2002,2,1,1,2,2,1,2,1,1,1,1,1,1,2,8,6,1,1,30,2,2
3,44,F,5,2002,3,1,1,2,2,1,1,1,1,1,1,1,1,2,9,6,1,1, ?,2,2
4,44,F,5,2002,1,1,1,2,2,2,2,1,2,1,1,2,1,2,14,6,1,1, ?,2,2
6,44,F,5,2002,3,1,1,2,2,1,1,1,1,1,1,1,1,2,14,6,1,1, ?,2,2
6,44,F,5,2002,3,1,1,2,2,1,1,1,1,1,1,3,1,2,14,6,1,1, ?,2,2
6,44,F,5,2002,4,1,1,2,2,1,4,1,1,1,1,1,1,2,13,6,1,1,50,2,2
6,44,F,5,2002,2,1,1,2,2,1,2,1,1,1,1,1,1,2,14,6,1,1, ?,2,2
4,44,F,6,2002,3,1,1,2,2,1,1,1,1,1,1,2,1,2,14,6,1,1,35,2,2
4,44,F,6,2002,2,1,1,2,2,1,1,1,1,1,1,2,1,2,14,6,1,1, ?,2,2
6,44,F,6,2002,2,1,1,2,2,1,2,1,1,1,1,1,1,2,14,6,1,1, ?,2,2
6,44,F,6,2002,4,1,1,2,2,1,4,1,1,1,1,1,1,2,19,6,1,1, ?,2,2
7,44,F,6,2002,1,1,1,2,2,1,1,1,1,1,1,1,1,2,14,6,1,1,35,2,2
7,44,G,6,2002,2,1,1,2,2,1,1,1,1,1,1,3,1,2,8,6,1,1, ?,2,2
7,44,F,6,2002,2,1,1,2,2,1,1,1,1,1,2,3,1,2,14,6,1,1, ?,2,2
3,40,G,7,2002,3,1,1,2,2,2,1,1,2,1,1,1,1,2,9,6,1,1, ?,2,2
6,40,F,7,2002,3,1,1,2,2,1,1,1,1,1,1,1,1,2,19,6,1,1, ?,2,2
6,40,F,7,2002,3,1,1,2,2,1,4,1,1,1,1,1,1,2, ?,6,1,1, ?,2,2
3,43,F,7,2002,2,1,1,2,2,1,1,1,1,1,1,3,1,2,13,6,1,1, ?,2,2
5,43,F,7,2002,4,1,1,2,2,1,2,1,1,1,1,1,1,2,9,6,1,1, ?,2,2
1,35,F,7,2002,3,1,1,2,2,1,1,1,1,1,1,2,1,2,12,6,1,1, ?,2,2
1,35,F,7,2002,3,1,1,2,2,1,1,1,1,1,1,3,1,2,9,6,1,1, ?,2,2
1,35,F,7,2002,1,1,1,2,2,1,2,1,1,1,1,2,1,2,14,6,1,1, ?,2,2
3,35,G,7,2002,2,1,1,2,2,1,1,1,1,1,1,3,1,2,9,6,1,1, ?,2,2
1,46,F,6,2002,2,1,1,2,2,1,1,1,1,1,1,1,1,2,14,6,1,1, ?,2,2
1,46,F,7,2002,1,1,1,2,2,1,2,1,1,1,1,2,1,2,6,6,1,1, ?,2,2
1,46,F,8,2002,3,1,1,2,2,1,1,1,1,1,1,1,1,2,9,6,1,1, ?,2,2
1,46,F,8,2002,2,1,1,2,2,1,1,1,1,1,1,1,1,2,14,6,1,1, ?,2,2
1,46,F,8,2002,3,1,1,2,2,1,1,1,1,1,1,1,1,2,9,6,1,1, ?,2,2
1,46,F,9,2002,3,1,1,2,2,1,1,1,1,1,1,1,1,2,14,6,1,1, ?,2,2
1,46,F,10,2002,2,1,1,2,2,1,1,1,1,1,1,1,1,2,9,6,1,1, ?,2,2
1,46,G,9,2002,2,1,1,2,2,1,1,1,1,1,1,1,1,2,4,6,1,1, ?,2,2
1,46,F,10,2002,3,1,1,2,2,4,1,1,1,1,1,1,1,2,9,6,1,1, ?,2,2
1,46,F,10,2002,2,1,1,2,2,1,1,1,1,1,1,1,1,2,9,6,1,1, ?,2,2
1,46,F,10,2002,2,1,1,2,2,1,1,1,1,1,1,1,1,2,8,6,1,1, ?,2,2
1,46,F,11,2002,2,1,1,2,2,1,1,1,1,1,1,1,1,2,9,6,1,1, ?,2,2
1,46,F,11,2002,1,1,1,2,2,1,4,1,1,1,1,2,1,2,9,6,1,1, ?,2,2
1,46,F,11,2002,2,1,1,2,2,1,2,1,1,1,1,1,1,2,9,6,1,1, ?,2,2
1,46,F,12,2002,2,1,1,2,2,1,1,1,1,1,1,1,1,2,9,6,1,1, ?,2,2
1,46,F,12,2002,2,1,1,2,2,1,1,1,1,1,1,3,1,2,14,6,1,1, ?,2,2
2,46,F,6,2002,3,1,1,2,2,1,1,1,1,1,1,1,1,2,9,6,1,1, ?,2,2
2,46,F,9,2002,2,1,1,2,2,1,1,1,1,1,1,1,1,2,14,6,1,1, ?,2,2
2,46,F,11,2002,4,1,1,2,2,1,1,1,1,1,1,1,1,2,9,6,1,1, ?,2,2
2,46,F,11,2002,2,1,1,2,2,1,1,1,1,1,1,1,1,2,9,6,1,1, ?,2,2
2,46,F,11,2002,2,1,1,2,2,1,1,1,1,1,1,1,1,2,9,6,1,1, ?,2,2
6,46,F,7,2002,4,1,1,2,2,1,3,1,1,1,1,1,1,1,8,6,1,1, ?,2,2
6,46,F,8,2002,3,1,1,2,2,1,1,1,1,1,1,1,1,1,8,6,1,1, ?,2,2
1,35,G,9,2002,2,1,1,2,2,1,1,1,1,1,1,2,1,2,9,6,1,1,30,2,2
1,48,G,1,2002,3,1,1,2,2,1,1,1,1,1,1,1,1,2,6,6,1,1, ?,2,2
1,48,G,1,2002,2,1,1,2,2,1,1,1,1,1,1,1,1,2,14,6,1,1, ?,2,2
1,48,G,2,2002,3,1,1,2,2,1,1,1,1,1,1,1,1,2,9,6,1,1, ?,2,2
2,48,F,1,2002,1,1,1,2,2,1,4,1,1,1,1,3,1,2,13,6,1,1, ?,2,2
4,48,F,7,2002,2,1,1,2,2,1,1,1,1,1,1,3,1,2,6,6,1,1, ?,2,2
1,49,F,6,2002,4,1,1,2,2,2,4,1,2,1,1,3,1,2,9,6,1,1, ?,2,2
1,52,G,10,2002,2,1,1,2,2,1,1,1,1,1,1,2,1,2,9,6,1,1, ?,2,2
7,47,G,11,2002,2,1,1,2,2,1,1,1,1,1,1,1,1,2,8,6,1,1,26,2,2
1,47,F,12,2002,3,1,1,2,2,1,1,1,1,1,1,1,1,2,7,6,1,1, ?,2,2
1,47,F,10,2002,2,1,1,2,2,1,1,1,1,1,1,1,1,2,9,6,1,1,36,2,2
1,47,G,8,2002,1,1,1,2,2,1,4,1,1,1,1,1,1,2,14,6,1,1, ?,2,2
1,50,G,10,2002,1,1,1,2,2,1,1,1,1,1,1,1,1,2,14,6,1,1, ?,2,2
1,47,F,11,2002,3,1,1,2,2,1,1,1,1,1,1,1,1,2,9,6,1,1, ?,2,2
1,47,F,8,2002,1,1,1,2,2,1,4,1,1,1,3,1,1,2,14,6,1,1, ?,2,2
2,47,F,8,2002,2,1,1,2,2,1,1,1,1,1,1,1,1,2,9,6,1,1,30,2,2
2,47,F,10,2002,2,1,1,2,2,1,1,1,1,1,1,1,1,2,4,6,1,1,45,2,2
2,47,F,11,2002,3,1,1,2,2,1,1,1,1,1,1,1,1,2,9,6,1,1, ?,2,2
2,47,G,11,2002,1,1,1,2,2,1,4,1,1,1,1,1,1,2,9,6,1,1, ?,2,2
3,46,G,9,2002,2,1,1,2,2,1,1,1,1,1,1,3,1,2,8,6,1,1, ?,2,2
3,46,G,10,2002,1,1,1,2,2,1,2,1,1,1,1,3,1,2,8,6,1,1, ?,2,2
3,46,F,7,2002,1,1,1,2,2,1,4,1,1,1,1,3,1,2,14,6,1,1, ?,2,2
3,46,F,9,2002,2,1,1,2,2,1,1,1,1,1,1,3,1,2,9,6,1,1, ?,2,2
5,46,F,10,2002,2,1,1,2,2,1,1,1,1,1,1,1,1,2,9,6,1,1, ?,2,2
5,46,F,10,2002,4,1,1,2,2,1,2,1,1,1,1,1,1,2,8,6,1,1, ?,2,2
5,46,F,10,2002,2,1,1,2,2,1,1,1,1,1,1,3,1,2,8,6,1,1, ?,2,2
6,43,F,4,2002,3,1,1,2,2,1,1,1,1,1,1,3,1,2,19,6,1,1, ?,2,2
5,41,F,4,2002,2,1,1,2,2,1,1,1,1,1,1,2,1,2,8,6,1,1, ?,2,2
5,41,F,4,2002,2,1,1,2,2,1,1,1,1,1,1,1,1,2,14,6,1,1, ?,2,2
2,41,F,2,2002,1,1,1,2,2,1,2,1,1,1,1,3,1,2,14,6,1,1, ?,2,2
3,41,S,12,2002,3,1,1,2,2,1,1,1,1,1,1,3,1,2,13,6,1,1, ?,2,2
5,41,F,12,2002,2,1,1,2,2,1,1,1,1,1,1,1,1,2,8,6,1,1, ?,2,2
5,41,F,12,2002,2,1,1,2,2,1,1,1,1,1,1,1,1,2,14,6,1,1, ?,2,2
7,56,F,1,2002,3,1,1,2,2,1,1,1,1,1,3,1,1,2,9,6,2,1, ?,2,2
7,56,G,1,2002,2,1,1,2,2,1,1,1,1,1,1,1,1,2,4,5,1,1, ?,2,2
5,56,G,1,2002,2,7,1,2,2,4,2,2,1,1,1,4,1,2,8,2,1,1, ?,2,2
1,55,F,1,2002,3,1,3,2,2,1,1,1,1,1,1,1,1,2,14,4,1,1, ?,2,2
1,55,F,1,2002,3,1,1,2,2,1,1,1,1,1,1,1,1,2,14,6,1,1,45,2,2
5,55,G,1,2002,4,7,8,2,2,1,4,1,1,1,1,3,1,2,10,11,1,7,40,2,2
5,55,G,1,2002,4,7,8,2,2,1,4,2,1,1,1,3,1,2,6,1,1,7, ?,1,2
1,53,F,1,2002,3,1,1,2,2,1,1,1,1,1,1,1,1,2,10,11,1,1,22,2,2
1,53,G,1,2002,2,7,1,2,2,1,1,1,1,1,1,1,1,2,9,5,1,1, ?,2,2
1,54,F,1,2002,4,1,1,2,2,1,4,1,1,1,1,1,1,2,19,6,?,?, ?,1,2
1,54,F,1,2002,2,1,1,2,2,1,1,1,1,1,1,1,1,2,7,6,1,1,27,2,2
1,54,F,1,2002,4,1,1,2,2,1,3,1,1,1,1,5,1,1,14,6,1,7,42,2,2
1,54,F,1,2002,2,1,1,2,2,1,1,1,1,1,1,4,1,2,13,6,1,1,35,2,2
1,54,F,1,2002,2,3,1,2,2,1,1,1,1,1,1,3,1,2,10,6,1,1,45,2,2
1,54,F,1,2002,4,1,1,2,2,1,2,1,1,1,1,1,1,1,14,6,?,?, ?,?,?
5,54,F,1,2002,3,1,1,2,2,1,1,1,1,1,1,4,1,2,11,6,1,7, ?,2,2
10,54,F,1,2002,4,7,8,2,2,1,2,1,1,1,1,3,1,2,19,6,?,?, ?,?,?
11,54,G,1,2002,3,1,2,2,2,1,1,1,1,1,3,3,2,?,9,6,?,1,28,1,2
12,54,F,1,2002,3,1,1,2,2,1,1,1,1,1,1,3,1,2,13,6,1,1,23,2,2
1,54,G,2,2002,3,3,1,2,2,1,1,2,1,1,1,5,1,1,13,1,1,1, ?,1,2
5,54,F,2,2002,2,1,1,2,2,1,1,1,1,1,1,4,1,2,13,6,1,1, ?,2,2
5,54,F,2,2002,2,1,1,2,2,1,1,1,1,1,1,4,1,2,13,6,1,?, ?,?,?
5,54,F,2,2002,2,1,1,2,2,1,1,1,1,1,1,4,1,2,14,5,1,1,42,2,2
5,54,F,2,2002,3,1,1,2,2,1,1,1,1,1,1,4,1,2,13,1,1,1, ?,2,2
8,54,F,2,2002,4,3,1,2,1,4,3,1,3,3,2,4,1,2,13,6,?,?, ?,?,?
9,54,F,2,2002,3,2,1,2,2,1,1,1,1,1,1,1,1,2,7,6,1,1, ?,2,2
3,54,G,1,2002,2,3,1,2,2,1,1,1,1,1,1,3,1,2,9,6,1,1, ?,2,2
3,54,G,2,2002,3,7,1,2,2,1,1,1,1,1,1,3,1,2,8,6,1,1,35,2,2
3,54,F,2,2002,3,1,2,2,2,1,1,1,1,1,1,3,1,2,13,6,?,?, ?,?,?
13,54,F,2,2002,4,1,1,2,2,1,2,2,1,1,1,4,1,2,8,11,?,?, ?,?,?
13,54,F,2,2002,3,1,1,2,2,1,1,1,1,1,3,1,1,2,8, ?,?,?, ?,?,?
3,53,F,2,2002,2,1,?,2,2,1,1,2,1,1,1,4,1,2,9,2,?,?, ?,?,?
3,53,F,2,2002,1,1,1,2,2,1,2,1,1,1,1,1,1,1,13,6,?,?,30,?,?
3,53,F,2,2002,3,?,?,2,2,1,1,5,1,1,1,1,?,?,7,6,?,1,40,?,?
7,53,F,2,2002,3,7,8,2,2,1,1,1,1,1,1,3,1,2,7,6,?,1,27,2,2
7,53,G,2,2002,3,1,1,2,2,1,1,1,1,1,1,3,1,2,7,6,1,7,23,2,2
11,53,F,2,2002,2,?,?,2,2,1,1,1,1,1,2,4,1,2,4,6,?,?, ?,?,?
4,56,F,2,2002,3,1,1,2,2,1,1,1,1,1,1,4,1,2,6,6,1,1, ?,2,2
8,56,F,2,2002,3,1,1,2,2,1,1,1,1,1,1,4,1,2,13,6,?,?, ?,?,?
4,56,F,1,2002,2,1,1,2,2,1,1,1,1,1,1,4,1,2,9,6,1,1, ?,2,2
1,55,G,1,2002,3,7,8,2,2,1,1,1,1,1,1,3,1,2,4,6,?,?, ?,2,2
1,55,F,2,2002,2,4,1,2,2,1,1,1,1,1,1,1,1,2,10,6,1,1,25,1,2
6,55,F,2,2002,4,1,1,2,2,1,4,1,1,1,1,1,1,1,14,6,1,1,35,2,2
6,55,G,2,2002,2,3,1,2,2,1,1,1,1,1,1,1,1,2,14,6,1,1,30,2,2
1,54,F,3,2002,1,7,8,2,2,1,2,1,1,1,1,5,1,1,19,11,1,7, ?,1,2
1,54,F,3,2002,2,1,1,2,2,1,1,1,1,1,1,5,1,1,5,6,1,1,29,2,2
5,54,F,3,2002,2,7,1,2,2,1,1,3,1,3,2,3,4,2,17,11,1,1, ?,2,2
5,54,F,3,2002,2,7,8,2,2,1,1,3,3,3,3,4,4,2,17,6,2,7,22,2,2
2,54,G,3,2002,2,3,1,2,2,1,1,1,1,1,1,4,1,2,5,6,1,7, ?,2,2
13,54,F,3,2002,1,7,1,2,2,1,4,1,5,3,2,4,1,2,14,1,2,1,30,2,2
3,54,G,3,2002,3,3,1,2,2,1,1,1,1,1,1,4,1,2,5,7,1,6, ?,?,?
3,54,F,3,2002,3,7,1,2,2,1,1,1,1,1,1,3,1,2,13,6,2,7, ?,1,2
12,54,S,3,2002,3,1,1,2,2,1,1,1,1,1,1,3,1,2,7,6,1,1,35,2,2
9,54,G,3,2002,3,1,1,2,2,1,1,1,1,1,1,1,1,2,14,6,?,?, ?,2,2
9,54,G,3,2002,2,1,1,2,2,1,1,1,1,1,1,1,1,2,14,6,?,?,24,2,2
9,54,G,3,2002,3,1,3,2,2,1,1,1,1,1,1,1,1,2,14,6,1,?,25,2,2
9,54,G,3,2002,3,1,1,2,2,1,1,1,1,1,1,1,1,2,14,6,1,1,25,2,2
6,54,F,3,2002,2,1,1,2,2,1,1,1,1,1,1,3,1,2,6,6,1,1,16,1,2
1,56,F,3,2002,3,1,1,2,2,1,1,1,1,1,1,2,1,2,11,1,?,?,48,?,?
1,56,S,3,2002,4,1,1,2,2,1,3,1,1,1,1,2,1,1,9,6,1,1, ?,2,2
7,56,G,3,2002,4,7,1,2,2,1,4,1,1,1,1,1,1,1,9,6,1,1,40,2,2
3,56,F,3,2002,3,1,8,2,2,1,1,2,1,1,1,3,1,2,9,6,1,1,32,2,2
3,56,F,3,2002,3,3,1,2,2,1,1,1,1,1,1,4,1,2,5,6,2,7, ?,2,2
3,56,G,3,2002,3,1,8,2,2,1,1,1,1,1,1,1,1,2,9,6,1,1,35,2,2
8,56,F,3,2002,2,1,1,2,2,1,1,1,1,1,1,3,1,1,9,6,2,?, ?,2,2
9,56,F,3,2002,3,1,1,2,2,1,1,1,1,1,1,4,1,2,12,6,1,1, ?,1,2
1,55,F,2,2002,3,1,1,2,2,1,1,1,1,1,1,1,1,1,10,6,1,1, ?,2,2
1,55,F,3,2002,3,1,8,2,2,1,1,1,1,3,1,4,1,2,13,7,2,?,35,?,?
6,55,F,3,2002,3,1,1,2,2,1,1,1,1,1,1,1,1,2,9,6,1,1,35,?,?
3,55,F,3,2002,2,1,1,2,2,1,1,1,1,1,1,3,1,2,10,6,?,?, ?,?,?
3,55,G,3,2002,1,1,1,2,2,1,3,1,1,1,1,4,1,2,5,6,1,1,22,2,2
4,55,G,3,2002,3,1,1,2,2,1,1,2,1,1,1,3,1,2,13,6,?,?, ?,?,?
5,55,F,3,2002,3,7,8,2,2,1,1,1,1,1,1,3,1,2,7,11,1,7,25,2,2
2,55,G,3,2002,4,1,1,2,2,1,4,1,1,1,1,4,1,2,14,6,1,1,32,2,2
6,53,G,3,2002,3,3,1,2,2,1,1,1,1,1,1,4,1,2,9,4,?,?, ?,1,2
1,54,F,4,2002,2,1,1,2,2,1,1,1,1,1,1,3,1,1,13,6,1,1,22,2,2
1,54,F,4,2002,3,1,1,2,2,1,1,?,?,?,?,2,1,2,19,6,?,?, ?,?,?
1,54,F,4,2002,2,7,1,1,2,1,1,1,1,1,1,4,1,2,19,11,?,?, ?,?,?
1,54,F,4,2002,3,2,1,2,2,1,1,1,1,1,1,3,1,2,5,6,1,1, ?,2,1
5,54,F,4,2002,2,1,1,2,2,1,1,1,1,1,1,4,1,2,14,6,1,1, ?,2,2
5,54,F,4,2002,3,1,1,2,2,1,1,1,1,1,1,4,1,2,14,6,1,?, ?,2,2
5,54,F,4,2002,3,1,1,2,2,1,1,1,1,1,1,4,1,2,13,6,1,7, ?,2,2
8,54,F,4,2002,4,7,1,2,2,2,4,1,2,1,1,3,1,2,8,6,1,1, ?,2,2
8,54,S,4,2002,3,1,8,2,2,2,1,2,2,1,1,3,1,2,14,6,1,7, ?,?,?
9,54,F,4,2002,4,1,8,2,2,1,1,1,1,1,1,1,1,2,14,8,1,?,30,2,2
12,54,F,4,2002,3,1,1,2,2,1,1,1,1,1,1,3,1,2,8,6,?,?, ?,?,?
12,54,F,4,2002,2,1,1,2,2,1,1,1,1,1,1,3,1,2,8,6,1,1,25,2,2
1,56,F,3,2002,4,7,1,1,1,1,4,1,1,1,1,4,1,2,6,1,1,1,32,?,?
9,56,F,4,2002,2,1,1,2,2,1,2,1,1,1,1,2,1,2,9,6,1,1, ?,?,?
9,56,S,4,2002,2,3,1,2,2,3,2,4,3,1,1,4,1,2,9,2,1,1,40,2,2
3,53,F,4,2002,3,7,1,2,2,1,1,1,1,1,1,2,1,2,14,11,2,?, ?,1,2
3,53,F,4,2002,3,1,1,2,2,1,1,1,1,1,1,3,1,2,7,11,1,7,25,1,2
3,53,G,4,2002,3,7,1,2,2,1,1,1,1,1,1,1,1,2,8,5,1,1,30,1,2
1,55,F,4,2002,3,7,8,2,2,1,?,1,1,1,1,1,1,2,14,6,1,1, ?,2,2
1,55,F,4,2002,3,7,1,2,2,1,1,1,1,1,1,3,1,2,5,6,1,?, ?,2,2
1,55,F,4,2002,2,1,8,2,2,1,1,1,1,1,1,3,1,2,8,6,1,1, ?,2,2
1,55,F,4,2002,4,7,1,2,2,1,3,1,1,1,1,5,1,1,10,6,?,?, ?,?,?
4,55,F,4,2002,2,1,1,2,2,1,1,1,1,1,1,3,1,1,7,5,?,?, ?,?,?
2,55,F,4,2002,3,7,1,2,2,1,1,1,1,1,1,4,1,2,7,6,1,1, ?,2,2
9,54,F,3,2002,2,1,1,2,2,1,1,1,1,1,1,1,1,2,14, ?,?,?, ?,?,?
3,53,F,5,2002,3,?,?,2,2,1,1,1,1,1,1,3,1,2,10,1,2,?, ?,?,2
3,53,F,5,2002,3,1,1,2,2,1,1,1,1,1,1,1,1,2,7,11,2,?, ?,1,2
7,53,G,4,2002,3,1,5,2,2,1,1,1,1,1,1,3,1,2,8,6,1,1,35,2,2
9,54,F,5,2002,2,7,1,2,2,1,1,1,1,1,1,1,1,2,8,6,1,?, ?,?,?
9,54,G,5,2002,2,1,1,2,2,1,1,1,1,1,1,1,1,2,7,6,1,?, ?,1,2
9,54,F,5,2002,3,1,1,2,2,1,1,1,1,1,1,1,1,2,12,6,?,?,35,2,2
9,54,F,5,2002,4,1,1,2,2,1,4,1,1,1,1,1,1,2,14,6,2,?, ?,1,2
9,54,G,5,2002,3,1,1,2,2,1,1,1,1,1,1,1,1,2,7,6,1,?,30,1,2
9,54,F,5,2002,3,1,1,2,2,1,1,1,1,1,1,1,1,2,13,6,?,7, ?,2,2
8,54,F,5,2002,2,1,1,2,2,1,1,1,1,1,1,1,1,2,14,6,1,?, ?,2,2
7,54,F,5,2002,3,1,1,2,2,1,1,1,1,1,1,3,1,2,7,6,1,1, ?,2,2
5,56,F,5,2002,1,1,?,2,2,2,4,1,2,1,1,3,1,2,19,6,?,?, ?,?,?
5,56,G,5,2002,3,1,?,2,2,2,1,1,2,1,1,1,1,2,9,6,?,?, ?,?,?
3,56,F,5,2002,3,7,1,2,2,1,1,4,1,1,1,1,1,2,9,2,1,1,38,2,2
3,56,G,5,2002,3,1,1,2,2,2,1,4,2,1,1,1,1,2,7,6,1,?,25,1,2
8,56,F,5,2002,3,1,1,2,2,1,1,1,1,1,1,3,1,2,12,6,1,?, ?,2,2
8,56,S,5,2002,3,1,1,2,2,2,1,1,2,1,1,3,1,2,6,6,1,1, ?,2,2
8,56,F,5,2002,3,1,1,2,2,2,1,1,2,1,1,3,3,2,4,6,1,?,18,2,2
1,55,F,5,2002,1,7,1,2,2,2,2,1,2,1,1,3,1,2,9,6,2,1, ?,2,2