Thana,District,Accident_Severity,Month,Year,Time,Junction_Type,Traffic_Control,Movement,Divider,Weather,Light,Road_Geometry,Surface_Condition,Surface_Type,Surface_Quality,Road_Class,Road_Feature,Location_Type,Vehicle_Type,Vehicle_Movement,Vehicle_Loading,Vehicle_Defect,Vehicle_Driver_Age,Vehicle_Alcohol,Vehicle_Seat_Belt
1,55,G,5,2002,4,7,1,2,2,1,2,1,1,1,1,1,1,1,9,5,1,1,38,1,2
1,55,S,5,2002,1,7,8,2,2,1,3,1,1,1,1,3,1,2,14,6,1,?,25,2,2
6,55,F,5,2002,3,1,?,1,2,1,1,1,1,1,1,1,1,2,8,6,1,?, ?,2,2
3,55,F,5,2002,4,7,1,2,2,1,4,1,5,3,2,4,?,?,19,11,?,?, ?,?,?
3,54,F,5,2002,3,7,1,2,2,1,1,1,1,1,1,3,1,2,6,6,1,1, ?,2,2
2,55,F,6,2002,2,7,8,2,2,2,1,2,2,1,1,4,1,2,17,9,?,7,25,2,2
1,56,F,6,2002,3,7,8,2,2,2,1,1,1,1,1,4,1,2,11,6,1,5,28,2,2
7,56,F,5,2002,1,7,1,2,2,2,4,1,2,1,1,1,?,?,14,6,1,?, ?,?,?
7,56,F,6,2002,3,1,1,2,2,1,1,1,1,1,1,4,1,2,6,6,1,1, ?,2,2
5,56,F,6,2002,3,3,4,2,2,2,1,2,2,1,1,1,1,2,9,6,?,?, ?,?,?
5,56,F,6,2002,2,?,4,2,2,1,1,1,?,?,?,4,?,2,6,6,?,?, ?,?,?
9,56,F,6,2002,3,3,1,2,2,1,1,1,1,1,1,4,1,2,11,2,1,7,35,1,2
8,56,S,6,2002,2,1,1,2,2,2,1,1,2,1,2,4,1,2,9,6,1,?, ?,2,2
9,56,G,6,2002,3,7,1,2,2,2,1,2,2,1,1,4,1,2,11,11,1,6,25,2,2
10,54,F,6,2002,3,1,8,2,2,2,1,1,1,1,1,4,1,2,6,6,1,7,25,2,2
4,54,F,6,2002,4,1,2,2,2,1,4,1,1,1,1,3,1,2,7,6,1,1, ?,1,2
7,54,F,6,2002,2,1,1,2,2,1,1,1,1,1,1,3,1,2,19,6,?,?, ?,?,?
7,54,F,6,2002,2,1,5,2,1,1,1,1,1,1,1,3,1,2,17,6,1,1,24,2,2
9,54,G,6,2002,3,1,1,2,2,1,1,1,1,1,1,3,1,2,14,6,2,?, ?,1,2
1,53,F,6,2002,2,7,1,2,2,1,1,1,1,1,1,1,1,2,8,6,1,1,35,2,2
1,53,F,6,2002,2,1,1,2,2,1,2,1,1,1,1,2,1,1,13,6,?,?, ?,?,?
3,53,S,6,2002,3,1,1,2,2,2,1,1,2,1,1,3,1,2,9,5,1,7, ?,1,2
3,53,G,6,2002,3,1,1,2,2,1,1,1,1,1,1,1,1,2,8,6,1,1,30,2,2
12,54,F,6,2002,3,1,1,2,2,1,1,1,1,1,3,3,1,2,8,6,1,1, ?,2,2
1,55,F,7,2002,3,1,1,2,2,1,1,1,1,1,1,1,1,2,7,6,1,7, ?,1,2
1,55,F,7,2002,2,7,8,2,2,2,1,1,1,1,1,1,1,2,9,6,1,7,38,2,2
1,55,G,7,2002,4,1,1,2,2,1,4,2,1,1,1,1,1,2,14,6,1,1,38,2,2
6,55,F,7,2002,2,7,1,1,2,1,1,1,1,1,1,4,1,2,11,6,1,1, ?,?,2
7,56,S,7,2002,2,1,1,2,2,1,1,2,1,1,1,4,1,2,6,2,1,1,20,2,2
5,56,G,7,2002,1,1,1,2,2,1,1,2,1,1,1,4,1,2,9,1,1,4,38,?,?
5,56,F,7,2002,4,7,4,2,2,2,1,3,2,1,2,4,1,2,6,11,?,?, ?,?,?
3,56,F,7,2002,2,7,1,2,2,2,1,1,2,1,1,1,1,2,14,2,2,5, ?,?,?
1,54,F,7,2002,2,1,1,2,2,1,1,1,1,1,1,1,1,2,8,6,1,?, ?,1,2
12,54,F,7,2002,2,1,1,2,2,2,1,1,2,1,3,3,1,2,8,6,1,1,27,2,2
3,54,F,7,2002,3,1,1,2,2,1,1,1,1,1,1,3,1,2,8,6,1,7, ?,1,2
13,54,F,7,2002,3,1,3,2,2,1,1,1,1,1,2,1,1,2,9, ?,?,?, ?,?,?
7,54,G,7,2002,3,1,1,2,2,1,1,1,1,1,1,3,1,2,12,6,?,3,25,?,?
7,54,F,7,2002,2,1,1,2,2,1,1,1,1,1,1,3,1,2,8,6,1,1,34,2,2
9,54,F,6,2002,3,1,1,2,2,1,1,1,1,1,1,1,1,2,13, ?,1,6, ?,2,2
9,54,G,6,2002,3,1,1,2,2,2,1,1,2,1,1,1,1,2,14,6,1,1,32,2,2
1,55,F,8,2002,2,7,1,2,2,1,1,1,1,1,1,1,1,2,14,6,2,7, ?,1,?
1,55,F,8,2002,2,3,8,2,2,1,1,1,1,1,1,1,1,1,9,6,1,7,42,2,2
1,55,F,8,2002,2,7,5,2,2,1,1,1,1,1,1,4,1,1,5,6,1,?, ?,?,?
1,55,F,8,2002,2,7,1,2,2,1,1,1,1,1,1,5,1,1,10,6,1,?,33,2,2
6,55,F,8,2002,2,7,1,2,2,1,1,1,1,1,2,1,1,2,9,6,1,?, ?,1,2
3,55,F,8,2002,2,1,1,2,2,1,1,1,1,1,1,4,?,?,13,6,?,?,25,2,2
5,55,F,8,2002,4,7,1,2,2,1,2,1,1,1,1,4,1,2,1,6,?,?,28,2,2
1,53,F,8,2002,3,1,8,2,2,1,1,1,1,1,1,2,1,2,14,5,2,?, ?,1,2
3,53,F,8,2002,4,1,1,2,2,1,2,1,1,1,1,2,1,1,8,1,?,?, ?,?,?
1,53,F,8,2002,3,1,1,2,2,1,1,1,1,1,1,2,1,2,4,6,?,?, ?,2,2
1,53,G,8,2002,2,7,1,2,2,1,1,1,1,1,1,1,1,2,10,6,1,1,30,2,2
1,54,M,8,2002,1,1,1,2,2,1,3,1,1,1,1,1,1,1,14,4,1,1,20,2,2
1,54,F,8,2002,2,1,1,2,2,1,1,1,1,1,1,3,1,2,9,6,2,6, ?,2,2
1,54,G,8,2002,3,1,1,2,2,1,1,2,1,1,2,5,1,1,13,6,1,1,35,2,2
8,54,F,8,2002,3,7,8,2,2,1,1,3,1,1,1,1,1,2,7,6,?,?,30,2,2
8,54,F,8,2002,4,7,1,2,2,1,4,2,1,1,1,1,1,2,14,6,1,7,25,2,2
9,54,F,8,2002,3,1,1,2,2,1,1,1,1,1,1,1,1,2,14,6,?,?, ?,1,2
4,54,F,8,2002,3,1,1,2,2,1,1,1,1,1,1,4,1,2,8,6,1,1,50,2,2
7,54,F,8,2002,3,1,1,2,2,1,1,1,1,1,1,3,1,2,8,6,1,1,27,2,2
12,54,F,8,2002,3,1,1,2,2,1,1,1,1,1,1,3,1,2,14,6,1,1,35,2,2
11,54,F,8,2002,4,1,1,2,2,1,4,1,1,1,1,3,1,2,6,6,2,7,18,1,2
7,56,F,8,2002,3,1,1,2,2,1,1,1,1,1,1,1,1,2,14,6,1,1, ?,1,2
5,56,G,8,2002,2,1,8,2,2,1,1,1,1,2,1,4,2,2,8,6,1,1,40,2,2
1,56,F,8,2002,4,7,8,2,2,2,3,1,2,1,1,2,3,1,19,6,?,?, ?,?,?
1,53,F,8,2002,4,1,1,2,2,1,4,1,1,1,1,3,1,2,8,11,1,7, ?,2,2
1,53,F,9,2002,4,7,1,2,2,1,2,1,1,1,1,1,1,2,10,6,?,?, ?,?,?
1,53,F,9,2002,3,7,1,2,2,1,2,1,1,1,1,1,1,2,9,6,?,?, ?,?,?
3,53,S,9,2002,4,1,1,2,2,1,4,1,1,1,1,2,1,2,14,6,2,?, ?,1,2
9,54,F,10,2002,3,7,1,1,1,1,1,5,1,1,1,3,1,2,14,4,?,?, ?,?,?
9,54,G,9,2002,4,1,1,2,2,1,4,1,1,1,1,4,1,2,4,6,?,?, ?,2,2
9,54,F,9,2002,4,1,1,2,2,1,1,1,1,1,2,3,1,2,14,6,?,?, ?,2,2
7,54,F,10,2002,4,1,1,2,2,1,4,1,1,1,1,3,1,2,19,6,?,?, ?,?,?
1,54,F,9,2002,3,1,1,2,2,1,1,1,1,1,1,4,1,2,7,6,1,1, ?,2,2
12,54,S,9,2002,3,1,1,2,2,1,1,1,1,1,1,1,1,2,8,6,1,1,40,2,2
6,54,F,9,2002,2,1,1,2,2,1,1,1,1,1,1,3,1,2,8,6,1,1,34,1,2
3,56,F,9,2002,4,1,1,2,2,1,2,1,1,2,1,1,1,2,9,6,1,7, ?,1,2
7,56,F,9,2002,4,1,1,2,2,1,4,3,1,1,3,1,1,2,19, ?,?,?, ?,?,?
6,55,F,9,2002,3,7,2,2,2,1,2,5,1,1,1,1,1,2,9,6,1,1,32,2,2
2,55,G,9,2002,4,1,1,1,2,1,4,1,1,1,1,3,1,2,10,6,1,1,25,2,2
1,54,F,10,2002,2,2,4,2,2,1,1,1,1,1,1,5,1,1,7,6,?,?, ?,?,?
1,54,G,10,2002,3,1,1,2,2,1,1,3,1,3,2,4,2,2,5,6,1,7, ?,2,2
1,54,F,10,2002,2,1,3,2,2,1,1,1,1,1,1,2,1,1,8,11,1,?, ?,?,?
12,54,F,10,2002,2,7,1,2,2,1,2,1,1,1,1,1,1,2,13,6,1,1,30,2,2
11,54,F,10,2002,3,3,1,2,2,1,1,2,1,1,1,3,1,2,9,1,1,1,35,2,2
3,54,F,10,2002,2,1,1,2,2,1,1,1,1,1,1,3,1,2,8,5,1,1,40,2,2
1,53,G,10,2002,4,7,3,2,2,1,3,1,1,1,1,5,1,1,19,11,1,7,30,2,2
1,53,F,10,2002,3,7,1,2,2,1,1,1,1,1,1,1,1,2,7,11,1,2,29,?,?
1,53,F,10,2002,3,7,1,2,2,1,1,1,1,1,1,2,1,2,10,6,?,?, ?,?,?
3,53,G,10,2002,2,1,1,2,2,1,1,1,1,1,1,3,1,2,7,6,1,?,20,2,2
7,53,F,10,2002,3,1,1,2,2,1,1,1,1,1,1,3,1,2,9,6,1,7, ?,2,2
3,56,G,10,2002,4,1,8,2,2,1,2,1,1,1,1,4,1,2,13,11,?,?,22,?,?
4,56,F,10,2002,3,1,8,2,2,1,1,1,1,1,1,3,1,2,11,6,1,4,30,2,2
1,55,F,10,2002,3,1,1,2,2,1,1,1,1,1,1,3,1,2,9,6,1,7,25,2,2
4,55,F,10,2002,2,7,1,2,2,1,1,1,1,1,1,3,1,2,9,1,1,?, ?,2,2
9,54,F,10,2002,4,7,1,2,2,1,4,1,1,1,1,3,1,2,14,6,?,?, ?,2,2
8,54,F,10,2002,2,7,1,2,2,1,1,1,1,1,1,3,1,2,13,6,1,7,30,2,2
4,54,F,10,2002,2,1,1,2,2,1,1,3,1,3,2,4,1,2,13,6,1,1,35,2,2
1,55,F,11,2002,4,1,1,2,2,1,4,1,1,1,1,1,1,2,8, ?,?,?, ?,?,?
7,56,F,11,2002,2,1,1,2,2,1,1,1,1,1,1,1,1,2,14,6,?,?, ?,?,?
7,56,G,11,2002,2,1,1,2,2,1,1,1,1,1,1,4,3,2,6,6,1,1, ?,2,2
1,54,S,11,2002,2,7,3,2,2,1,2,1,1,1,1,5,2,1,14,5,2,1, ?,2,2
4,54,G,11,2002,3,1,1,2,2,1,1,1,1,1,1,3,1,2,14,6,1,1, ?,2,2
1,53,G,12,2002,3,1,4,2,2,1,1,1,1,1,1,2,1,1,19,6,1,1,30,2,2
3,53,G,12,2002,1,1,1,2,2,1,1,1,1,1,1,3,1,2,6,6,?,?, ?,2,2
2,53,F,12,2002,2,7,8,2,2,1,2,1,1,1,1,4,1,2,4,6,?,?, ?,2,2
1,53,F,12,2002,2,3,1,2,2,4,2,1,1,1,1,3,1,2,9,11,1,?,33,?,?
1,54,F,12,2002,3,1,1,2,2,1,2,2,1,1,1,1,1,2,13,7,2,3,45,?,?
1,54,G,12,2002,4,7,8,2,2,1,3,1,1,1,1,4,2,2,4,9,1,1, ?,?,?
1,54,F,12,2002,4,7,1,2,2,1,2,1,1,1,1,4,2,2,13,6,1,1,39,2,2
8,54,F,12,2002,2,7,1,2,2,1,1,1,1,1,1,1,1,2,19, ?,?,?, ?,?,?
8,54,F,12,2002,2,7,8,2,2,1,1,1,1,3,2,4,1,2,19,11,?,?, ?,2,2
3,54,F,12,2002,3,7,8,2,2,1,1,1,1,3,1,4,1,2,13,8,1,1, ?,1,2
9,54,F,12,2002,3,1,1,2,2,1,1,2,1,1,1,1,1,1,14,2,1,1, ?,2,2
7,54,F,12,2002,3,1,1,2,2,1,1,1,1,1,1,3,1,2,4,6,1,1, ?,?,?
4,56,F,12,2002,3,7,1,2,2,1,1,1,1,1,1,3,1,2,19,6,1,7, ?,1,2
4,56,G,12,2002,3,1,1,2,2,1,1,1,1,1,1,4,1,2,13,6,?,1,26,2,2
4,56,F,12,2002,2,7,1,2,2,4,1,1,2,1,1,4,4,2,14,11,1,1,35,2,2
4,56,F,12,2002,3,1,1,2,2,1,1,1,1,1,1,3,1,2,12,6,1,1, ?,2,2
3,56,F,12,2002,3,7,8,2,2,1,1,5,5,1,2,4,1,2,5,2,?,?,25,?,?
1,54,F,12,2002,4,1,1,2,2,1,2,1,1,1,1,1,1,2,6,6,?,?, ?,?,?
1,54,F,12,2002,1,1,1,2,2,1,1,1,1,1,1,1,2,2,8,6,1,1,28,1,2
1,54,F,12,2002,4,1,1,2,2,1,4,1,1,1,1,4,3,2,19,6,?,?, ?,2,2
1,55,S,12,2002,3,7,1,2,2,1,1,1,1,1,1,1,1,1,14,1,1,?, ?,1,2
1,55,F,12,2002,3,7,8,2,2,1,1,?,5,3,2,4,4,2,13,11,1,?, ?,2,2
1,55,F,12,2002,2,1,1,2,2,1,?,1,1,1,1,3,1,2,8,4,1,1,38,2,2
1,53,F,10,2002,4,1,1,1,2,1,4,1,1,1,1,1,1,2,19,6,?,?, ?,?,?
6,24,F,1,2002,2,1,1,2,2,1,2,1,1,1,1,4,1,2,9,6,1,1, ?,2,2
1,22,F,1,2002,3,1,1,2,2,1,1,1,1,1,1,4,1,2,4,6,1,1,25,2,2
1,19,F,1,2002,3,1,1,2,2,1,1,1,1,1,1,2,1,2,13,6,1,1,37,1,2
3,18,F,1,2002,2,1,1,2,2,4,2,1,1,1,1,3,1,2,9,6,1,1,39,2,2
2,18,F,1,2002,3,1,1,2,2,1,1,3,1,1,2,3,1,2,9,5,1,1,37,2,2
3,18,F,1,2002,3,7,1,2,2,1,2,1,1,1,1,4,1,2,14,6,1,1,38,2,2
7,18,F,1,2002,2,1,1,2,2,1,1,1,1,1,1,1,1,2,9,6,1,1,30,2,2
1,24,F,1,2002,3,1,1,2,2,1,1,1,1,1,1,2,1,2,14,6,1,1, ?,1,2
1,24,G,1,2002,2,4,3,2,1,1,1,1,1,1,1,1,5,2,4,6,1,1, ?,1,2
1,24,F,1,2002,?,3,1,2,2,1,1,1,1,1,1,1,1,2,9,6,1,1, ?,1,2
1,24,F,1,2002,?,3,1,2,2,1,1,1,1,1,1,1,1,2,9,6,1,1, ?,1,2
4,28,G,2,2002,2,1,1,2,2,1,1,1,1,1,1,1,1,1,5,11,1,7, ?,2,2
6,21,F,1,2002,2,1,8,2,2,1,1,1,1,1,1,1,1,2,8,6,1,1,35,1,2
5,21,F,1,2002,2,1,2,1,2,2,2,2,2,1,1,3,1,2,8,1,1,1,32,2,2
5,31,S,2,2002,2,1,1,2,2,1,1,1,1,1,1,3,1,2,9,6,1,1, ?,2,2
1,24,F,2,2002,2,1,1,2,2,1,1,1,1,1,1,1,1,2,9,6,1,1, ?,1,2
1,24,F,2,2002,4,1,1,2,2,1,3,1,1,1,1,1,1,2,14,6,1,1, ?,1,2
1,24,G,2,2002,4,1,1,2,2,1,4,1,1,1,1,1,1,2,9,6,1,1,45,1,2
2,24,F,2,2002,2,1,1,2,2,1,1,1,1,1,1,1,1,1,12,6,1,1, ?,2,2
2,24,F,2,2002,3,1,1,2,2,1,1,1,1,1,1,1,1,2,9,6,1,1, ?,1,2
4,18,G,2,2002,2,1,1,2,2,1,2,1,1,1,1,3,1,2,9,6,1,1, ?,1,2
2,18,F,2,2002,3,1,1,2,2,1,1,1,1,1,2,2,1,2,9,6,1,1, ?,2,2
3,18,F,2,2002,3,7,8,2,2,1,1,1,1,1,1,3,1,2,4,6,1,1, ?,1,2
6,30,S,2,2002,3,1,1,1,2,1,1,1,2,1,1,3,1,2,8,1,1,4, ?,1,2
6,29,G,1,2002,3,1,1,2,2,1,1,4,1,1,1,4,1,2,10,11,1,1,35,2,2
5,29,G,1,2002,1,7,8,1,2,1,2,2,1,1,1,4,1,2,9,2,1,1,28,2,2
3,29,F,1,2002,3,7,1,2,2,4,2,1,1,1,3,2,1,2,14,6,1,1, ?,1,2
1,27,F,2,2002,2,3,1,1,2,1,1,4,1,3,2,4,1,2,6,11,2,1,25,2,2
1,21,F,2,2002,3,1,3,1,2,1,1,1,1,1,1,5,1,1,9,5,1,7, ?,1,2
6,21,F,2,2002,1,1,1,2,2,1,2,1,1,1,1,1,1,2,14,11,1,7,40,2,2
6,21,F,2,2002,4,7,8,2,2,1,4,1,1,1,1,3,1,2,5,11,1,2, ?,2,2
2,21,F,2,2002,3,1,1,1,2,1,1,1,1,1,1,4,1,2,9,6,1,1,37,2,2
1,28,S,3,2002,1,3,1,2,2,1,3,1,1,1,1,5,1,1,14,1,1,1,30,2,2
2,28,F,3,2002,4,1,1,1,2,1,2,1,1,1,1,1,1,1,5,6,1,1, ?,2,2
4,28,F,3,2002,2,1,1,1,2,1,1,1,1,1,1,1,1,1,9,8,1,1,35,2,2
4,28,G,3,2002,3,1,1,1,2,1,2,1,5,3,3,1,1,1,9,6,1,1, ?,2,2
1,24,G,3,2002,4,1,1,1,2,1,3,1,1,1,1,1,1,2,9,4,1,7, ?,1,2
1,24,F,3,2002,4,1,1,2,2,1,2,1,1,1,1,1,1,2,14,6,1,1, ?,1,2
1,24,G,3,2002,1,1,1,2,1,4,1,1,1,1,1,1,1,2,17,6,1,1, ?,1,2
8,24,F,3,2002,4,1,1,2,2,1,4,1,1,1,1,1,1,1,14,6,1,1, ?,1,2
9,24,F,3,2002,4,1,8,2,2,1,1,1,1,1,1,1,1,1,14,10,1,1, ?,1,2
7,30,M,3,2002,3,7,1,2,2,1,1,3,1,1,1,1,1,2,9,6,1,3,37,1,2
7,30,G,3,2002,2,7,1,2,2,1,1,1,1,1,1,3,1,2,8,6,1,1,29,1,2
4,22,F,3,2002,2,1,8,2,2,1,1,1,1,1,1,1,1,2,14,6,1,1, ?,1,2
1,27,F,2,2002,2,3,1,1,2,1,1,4,1,3,2,4,1,2,6,11,2,1,25,2,2
3,27,F,1,2002,2,1,1,1,1,1,1,1,1,1,1,4,1,2,6,6,2,7, ?,2,2
4,31,F,3,2002,4,7,8,2,2,1,2,1,1,2,1,4,1,2,6,6,1,1, ?,2,2
1,18,G,3,2002,?,1,1,2,2,1,1,1,1,1,1,1,1,2,14,6,1,1,32,1,2
1,18,F,3,2002,3,1,1,1,2,1,1,1,1,1,1,1,3,1,14,6,2,1, ?,1,2
1,18,F,3,2002,1,1,1,2,1,1,2,1,1,1,1,1,1,1,14,6,1,1, ?,1,2
5,18,G,2,2002,3,1,1,2,2,1,1,1,1,1,1,2,1,2,9,6,1,1, ?,1,2
3,18,F,3,2002,4,7,8,1,2,1,1,1,1,1,1,3,1,2,9,6,1,1, ?,1,2
3,22,F,4,2002,3,1,1,2,2,1,1,1,1,1,1,1,1,2,19,6,1,1, ?,1,2
1,32,G,3,2002,4,1,1,1,2,1,1,1,1,1,3,1,2,1,8,6,1,1, ?,1,2
3,32,G,3,2002,3,1,8,2,2,1,1,1,1,1,1,2,1,2,13,6,1,1, ?,1,2
3,32,F,3,2002,4,7,1,1,2,1,4,1,1,1,1,1,1,2,6,6,1,1, ?,2,2
6,24,F,3,2002,3,4,1,2,2,1,1,1,1,1,1,2,1,2,16,11,1,1, ?,2,2
1,30,F,4,2002,3,1,1,2,2,1,1,3,1,1,1,1,1,2,2,6,1,1, ?,1,2
1,24,F,4,2002,3,7,1,2,2,1,1,1,1,1,1,1,1,2,9,6,1,1, ?,2,2
1,24,F,4,2002,2,1,1,2,2,1,1,1,1,1,1,1,1,2,14,6,1,1,45,1,2
1,24,F,4,2002,4,1,1,2,2,1,2,3,1,1,1,1,2,1,8,6,1,1, ?,1,2
1,24,G,4,2002,2,7,1,2,2,1,1,2,1,1,1,1,1,1,7,6,1,1, ?,2,2
5,24,F,4,2002,3,7,1,2,2,1,1,1,1,1,1,1,1,2,9,6,1,1, ?,2,2
2,24,F,4,2002,4,1,1,2,2,1,1,1,1,2,3,4,4,2,14,11,1,4, ?,1,2
5,25,F,4,2002,2,1,1,2,2,1,1,1,1,1,1,4,1,2,9,6,1,1, ?,1,2
6,25,F,4,2002,4,2,2,1,2,1,2,1,1,1,1,3,1,2,10,6,1,1, ?,1,2
1,25,F,4,2002,2,7,1,2,2,1,1,1,1,1,1,3,1,2,9,6,1,1, ?,1,2
1,21,F,4,2002,3,1,1,1,2,1,1,1,1,1,1,1,1,2,9,6,1,1, ?,1,2
1,21,F,4,2002,3,1,1,1,2,1,1,1,1,1,1,2,1,2,8,6,1,1, ?,1,2
1,21,F,4,2002,1,1,1,2,1,1,1,1,1,1,1,1,1,2,10,11,1,7,25,2,2
2,21,G,4,2002,2,1,8,1,2,1,1,1,1,1,1,4,1,2,9,11,1,1,35,2,2
4,21,F,4,2002,3,2,1,1,2,1,1,1,1,1,1,3,1,1,9,6,1,1, ?,1,2
5,21,F,4,2002,2,3,1,2,1,1,1,1,1,1,1,3,1,2,9,6,1,1,38,1,2
2,27,F,4,2002,3,1,8,2,2,1,1,1,1,1,1,2,1,2,7,6,1,1, ?,1,2
5,27,F,5,2002,2,1,1,1,2,1,1,1,1,1,1,4,1,2,9,6,1,1, ?,2,2
5,28,F,5,2002,2,2,1,2,1,1,1,1,1,1,1,5,1,1,8,6,1,1, ?,1,2
1,28,G,5,2002,3,7,1,2,2,1,1,1,1,1,1,5,1,1,14,6,1,1, ?,1,2
2,28,G,5,2002,2,2,4,2,1,1,1,1,1,1,1,5,1,1,12,7,1,1, ?,2,2
2,21,G,5,2002,4,1,1,2,1,1,1,1,1,1,1,5,1,1,7,6,1,1, ?,2,2
7,24,F,2,2002,4,1,1,1,2,1,2,1,1,2,1,4,1,2,4,6,1,1, ?,1,2
5,24,F,5,2002,3,1,1,1,2,1,2,1,1,1,1,1,1,2,12,4,1,1, ?,2,2
1,24,F,5,2002,4,1,1,1,2,1,1,1,1,1,1,1,1,1,9,6,1,1, ?,2,2
8,26,F,4,2002,2,1,1,2,2,1,1,1,1,1,1,1,1,2,13,5,1,1, ?,2,2
1,21,F,3,2002,3,1,1,2,2,1,1,1,1,1,1,1,1,2,9,11,2,7, ?,1,2
1,21,S,3,2002,3,2,1,2,2,1,1,1,1,1,1,3,1,1,6,6,1,1, ?,2,2
1,21,F,3,2002,3,1,1,1,2,1,1,1,1,1,1,1,1,2,9,6,1,7, ?,2,2
1,21,F,3,2002,4,1,1,1,2,1,1,1,1,1,1,1,1,2,7,5,1,7, ?,1,2
1,21,F,3,2002,2,1,4,1,2,1,1,1,1,1,1,1,1,2,14,6,1,7, ?,1,2
1,21,F,3,2002,4,1,2,2,2,1,3,1,1,1,1,2,1,1,14,2,1,1,28,2,2
1,21,F,3,2002,3,3,1,2,2,1,1,1,1,1,1,1,1,2,9,6,1,1, ?,1,2
6,21,F,3,2002,2,1,1,2,2,1,1,1,1,1,1,1,1,2,14,6,2,1, ?,1,2
5,21,F,3,2002,3,1,1,1,2,1,1,1,1,1,1,4,1,2,9,6,1,1, ?,2,2
2,28,G,5,2002,4,1,1,2,2,1,1,1,1,1,1,1,1,1,7,6,1,1, ?,2,2
1,21,F,5,2002,1,1,4,2,2,1,1,3,1,1,1,2,1,1,12,6,1,1, ?,2,2
5,21,F,5,2002,3,1,1,2,2,1,1,1,1,1,1,4,4,2,14,6,1,1,33,2,2
5,21,F,5,2002,3,1,1,2,2,1,1,1,1,1,1,3,1,2,14,6,1,1, ?,2,2
5,18,F,5,2002,3,1,1,2,2,1,1,1,1,1,1,3,1,2,9,6,1,1, ?,1,2
4,18,F,5,2002,3,1,1,2,2,1,1,1,1,1,1,2,1,2,9,6,1,1, ?,1,2
3,18,F,5,2002,3,1,1,2,2,1,1,3,1,1,1,3,1,2,9,6,1,1, ?,2,2
3,28,G,6,2002,4,1,1,1,2,1,2,1,1,1,1,5,1,1,9,11,1,7, ?,2,2
2,28,G,6,2002,3,1,1,1,2,1,1,1,1,1,1,1,1,1,13,11,1,1, ?,2,2
2,28,F,6,2002,2,1,1,1,2,1,1,1,1,1,1,1,1,1,9,6,1,1, ?,2,2
1,22,F,6,2002,2,1,1,2,2,1,1,1,1,1,1,1,1,2,14,6,1,1, ?,1,2
3,22,F,6,2002,2,1,1,2,2,1,1,1,1,1,1,1,1,2,14,6,1,1,40,2,1
1,24,F,6,2002,2,1,1,2,2,1,1,1,1,1,1,1,1,2,13,11,1,1, ?,1,2
1,24,F,6,2002,4,2,1,2,2,1,2,1,1,1,1,1,1,2,14,6,1,1,30,2,2
1,24,F,6,2002,3,1,1,2,2,1,1,1,1,1,1,1,1,1,9,11,1,1, ?,1,2
9,24,F,6,2002,4,3,6,2,2,1,2,2,1,1,1,5,1,1,14,8,1,1, ?,1,2
2,24,F,6,2002,3,1,1,1,2,1,1,1,1,1,1,1,1,1,14,6,1,1, ?,2,2
1,20,F,1,2002,3,1,1,1,2,1,1,1,1,1,1,2,1,2,5,6,1,6, ?,2,2
1,20,F,1,2002,2,1,1,2,2,1,1,1,1,1,1,2,1,1,12,6,1,1, ?,2,2
1,20,F,1,2002,2,1,1,2,2,1,1,1,1,1,1,2,1,2,10,6,1,1, ?,2,2
1,20,F,6,2002,3,1,1,2,2,2,1,1,2,1,1,2,1,2,14,6,1,1, ?,2,2
2,20,F,6,2002,3,1,1,2,2,1,1,1,1,1,1,3,1,2,19,6,2,7,25,2,2
1,20,F,6,2002,2,1,1,2,2,1,1,1,1,1,2,4,1,2,14,6,1,1,36,1,2
1,24,F,7,2002,3,1,1,2,2,1,1,1,1,1,1,5,1,2,14,6,1,1, ?,1,1
1,24,F,7,2002,3,1,1,2,2,1,1,1,1,1,1,1,1,2,14,6,1,1,40,1,2
1,24,G,7,2002,1,1,1,2,2,1,3,1,1,1,2,1,1,2,9,6,1,1, ?,2,2
1,24,F,7,2002,4,3,1,2,2,1,3,1,1,1,1,4,1,2,13,1,1,1, ?,2,2
5,24,G,7,2002,4,1,3,2,2,2,1,1,1,1,1,1,1,2,9,6,1,1, ?,2,2
1,25,F,5,2002,2,2,1,2,2,1,1,1,1,1,1,3,1,2,9,6,1,7, ?,2,2
1,25,F,5,2002,3,1,1,2,2,1,1,1,1,1,1,2,1,2,9,6,1,1, ?,1,2
1,25,F,5,2002,4,1,1,2,2,1,1,1,1,1,1,3,1,2,9,6,1,1, ?,2,2
4,22,F,7,2002,2,1,1,2,1,1,1,1,1,1,1,1,1,2,14,2,1,7, ?,1,2
1,30,F,6,2002,3,1,1,2,2,1,1,1,1,1,1,4,1,2,6,6,2,1,28,2,2
3,18,F,7,2002,2,7,8,2,2,1,1,1,2,1,1,3,1,2,9,6,1,7, ?,2,2
3,18,F,7,2002,?,7,8,1,1,1,1,1,1,1,1,3,1,1,19,11,1,1, ?,2,2
7,18,F,7,2002,2,1,3,1,2,1,2,1,1,1,1,4,1,2,19,6,2,1,30,2,2
2,28,F,8,2002,3,2,4,2,2,1,1,1,1,1,1,5,1,1,13,11,1,1, ?,2,2
2,28,G,8,2002,3,1,1,2,1,1,1,1,1,1,1,5,1,1,9,11,1,1,40,2,2
5,28,G,8,2002,4,7,4,2,1,1,3,1,1,1,1,1,1,1,5,6,1,1,22,2,2