Thana,District,Accident_Severity,Month,Year,Time,Junction_Type,Traffic_Control,Movement,Divider,Weather,Light,Road_Geometry,Surface_Condition,Surface_Type,Surface_Quality,Road_Class,Road_Feature,Location_Type,Vehicle_Type,Vehicle_Movement,Vehicle_Loading,Vehicle_Defect,Vehicle_Driver_Age,Vehicle_Alcohol,Vehicle_Seat_Belt
2,27,S,8,2002,3,1,8,2,2,1,1,1,1,1,1,2,1,2,9,11,1,1, ?,1,2
2,27,F,8,2002,2,1,8,2,2,1,1,1,1,1,1,4,1,2,12,11,1,1, ?,2,2
1,30,F,7,2002,3,1,1,2,2,1,3,1,1,1,1,2,1,1,9,6,1,1, ?,2,2
1,30,G,7,2002,3,3,1,2,2,1,1,1,1,1,1,2,1,2,14,6,1,1,32,2,2
1,30,F,7,2002,2,1,1,2,2,1,1,1,1,1,1,1,1,2,7,6,1,1, ?,1,2
1,24,F,2,2002,3,1,1,2,2,1,1,1,1,1,1,1,1,2,9,6,1,1,38,1,2
9,24,F,3,2002,3,3,1,2,2,1,1,2,1,1,1,1,1,2,16,2,2,1, ?,1,2
1,21,F,3,2002,4,1,1,1,2,1,1,1,1,1,1,1,1,2,7,5,1,7, ?,1,2
1,18,F,5,2002,1,7,1,1,2,1,2,1,1,1,1,2,1,2,17,8,1,1, ?,2,2
1,21,G,2,2002,3,1,2,2,2,1,1,1,1,1,1,5,1,1,7,6,1,7, ?,2,2
2,27,F,1,2002,2,1,1,2,2,1,1,1,1,1,1,3,1,2,9,6,1,1, ?,2,2
1,21,F,7,2002,2,1,3,2,2,1,1,1,1,1,1,2,1,2,9,2,1,1,39,2,2
1,21,F,7,2002,3,1,1,1,2,1,1,1,1,1,1,5,1,1,14,11,1,7,32,2,2
6,21,F,6,2002,3,1,1,2,2,1,1,1,1,1,1,1,1,2,4,6,1,1,38,2,2
6,21,F,7,2002,3,2,1,2,2,1,1,1,1,1,1,1,1,2,8,6,1,1, ?,1,2
6,21,F,7,2002,2,1,1,2,2,1,1,1,1,1,1,1,1,2,9,6,1,1,35,1,2
2,21,G,7,2002,3,1,1,1,2,1,1,2,2,1,1,3,1,2,6,6,2,7, ?,2,2
1,21,G,6,2002,2,1,1,1,2,1,1,1,1,1,1,1,1,2,14,6,1,1, ?,2,2
1,21,G,6,2002,4,1,5,1,1,1,4,2,1,1,1,1,1,2,9,6,1,1,32,1,2
1,21,F,6,2002,1,1,4,2,1,1,1,1,1,1,1,1,1,2,9,5,1,1,23,1,2
6,21,F,6,2002,3,2,1,2,2,2,1,1,2,1,1,1,1,2,9,6,2,1, ?,1,2
6,21,S,8,2002,3,7,1,1,2,1,1,1,1,1,1,4,1,2,9,6,2,1,35,2,2
6,21,F,8,2002,3,1,3,2,2,1,1,1,1,1,1,1,1,2,14,6,1,1, ?,1,2
6,21,F,8,2002,4,7,1,1,2,1,1,1,1,1,1,1,1,1,4,6,2,1,25,2,2
3,21,F,8,2002,3,1,1,2,2,1,1,1,1,1,1,1,1,2,14,6,1,3, ?,1,2
2,28,F,9,2002,3,7,1,2,1,1,1,1,1,1,1,1,1,1,14,7,1,1,40,2,2
5,28,G,9,2002,?,1,1,1,2,1,1,1,1,1,1,1,1,1,9,5,1,1,45,2,2
2,19,F,9,2002,2,1,8,2,2,1,1,1,1,1,1,2,1,2,14,6,1,1, ?,1,2
1,28,F,9,2002,1,7,8,2,2,1,2,1,1,1,1,5,1,1,14,6,1,1,40,2,2
1,24,F,9,2002,2,1,1,2,2,1,1,1,1,1,1,1,1,2,14,6,1,1, ?,1,2
8,28,F,9,2002,2,7,1,2,2,2,1,1,2,1,1,3,3,2,1,6,1,1, ?,1,2
5,29,F,3,2002,3,7,8,2,2,1,1,3,5,1,2,3,2,2,8,11,1,1,35,2,2
8,29,F,3,2002,1,1,1,2,1,1,1,1,1,1,1,1,1,2,14,2,1,1, ?,1,1
8,29,F,5,2002,3,5,1,2,2,2,2,2,2,1,1,4,1,2,9,6,1,1,35,2,2
6,29,F,3,2002,4,1,1,2,2,1,2,2,1,2,1,4,1,2,6,3,1,7, ?,2,2
7,29,F,8,2002,2,1,1,2,2,1,1,1,1,1,1,2,1,2,8,6,1,1, ?,2,2
1,21,F,9,2002,3,1,1,1,2,1,1,1,1,1,1,1,1,2,9,6,1,1, ?,2,2
1,21,F,9,2002,1,1,2,2,2,1,2,1,1,1,1,1,5,1,14,5,1,1,30,1,2
1,21,F,9,2002,2,1,1,2,2,1,1,1,1,1,1,3,1,2,4,6,1,1, ?,1,2
1,21,F,9,2002,2,1,1,1,1,1,1,1,1,1,1,1,1,2,14,4,1,1, ?,2,2
6,21,F,9,2002,4,1,1,2,2,1,2,1,1,1,1,1,1,2,14,6,1,1,33,2,2
6,21,F,9,2002,2,2,1,2,2,1,1,1,1,1,1,1,1,2,14,6,2,1, ?,1,2
6,21,F,9,2002,3,1,1,2,2,1,1,1,1,1,1,1,1,2,9,6,1,1, ?,2,2
2,21,F,9,2002,2,4,1,2,2,1,1,2,1,1,1,4,1,2,19,2,1,1,20,2,2
5,21,F,9,2002,3,1,1,2,2,1,1,1,1,1,1,3,1,2,9,6,1,1, ?,1,2
5,21,S,9,2002,2,1,1,2,2,1,1,1,1,1,1,4,1,1,14,6,1,1, ?,2,2
3,19,F,10,2002,3,1,1,2,2,1,1,1,1,1,1,4,1,2,14,1,1,3,38,2,2
2,28,F,10,2002,3,7,1,1,2,1,1,1,1,1,1,1,1,1,9,1,1,1, ?,2,2
5,27,G,10,2002,3,1,1,1,2,1,1,1,1,1,1,3,1,2,9,6,1,1, ?,1,2
2,27,F,10,2002,2,1,8,1,2,1,1,1,1,1,1,3,1,2,8,4,1,1,30,1,2
1,27,F,10,2002,3,1,1,1,2,1,1,1,1,2,3,4,1,2,9,6,1,3, ?,1,2
4,22,F,10,2002,2,1,8,2,2,1,1,1,1,1,1,1,1,2,14,6,1,1, ?,2,2
4,31,F,9,2002,3,1,1,2,2,1,4,1,1,1,1,3,1,2,12,6,1,1, ?,2,2
5,31,G,9,2002,3,1,8,2,2,1,1,1,1,2,3,4,1,2,6,6,1,3,18,1,2
5,31,F,9,2002,3,1,8,2,2,1,1,1,1,2,3,4,1,2,6,6,1,1,28,1,2
5,31,G,6,2002,3,1,2,1,2,1,1,1,1,2,1,3,1,2,6,6,1,1,28,1,2
6,21,F,11,2002,4,1,1,2,2,1,4,1,1,1,1,3,1,2,12,6,2,6, ?,1,2
6,27,F,11,2002,2,1,1,1,2,1,1,3,1,3,2,4,1,2,8,6,1,6,30,2,2
3,18,F,10,2002,3,7,1,1,2,1,1,1,1,1,1,3,1,2,8,11,1,7, ?,2,2
5,24,F,11,2002,2,1,7,1,2,1,1,1,5,1,1,1,1,2,13,6,1,1, ?,1,2
2,28,F,11,2002,3,2,1,2,1,1,1,1,1,1,1,1,1,1,13,9,1,1,35,2,2
4,28,F,11,2002,4,1,1,2,2,1,2,1,1,1,1,1,1,2,14,6,1,7, ?,2,2
4,28,F,11,2002,2,1,1,2,2,1,1,1,1,1,1,1,1,1,8,6,1,1, ?,2,2
1,24,F,11,2002,3,1,1,2,2,1,1,1,1,1,1,1,1,2,9,6,1,1, ?,1,2
1,24,F,11,2002,3,1,1,1,2,1,1,1,1,1,1,1,5,2,1,4,1,1, ?,1,2
9,24,M,11,2002,4,7,1,1,2,1,4,1,1,1,3,1,2,2,14,11,1,7,32,2,2
7,24,F,11,2002,3,7,1,1,2,1,1,1,1,3,1,4,1,2,7,8,1,1, ?,2,2
4,24,F,11,2002,2,3,8,2,2,1,1,2,3,1,2,3,1,2,14,1,1,7,1,2,2
1,21,F,10,2002,2,1,1,2,1,1,1,1,1,1,1,1,1,2,8,6,1,1, ?,2,2
1,21,F,10,2002,2,1,1,2,2,1,2,1,1,1,1,4,1,2,17,6,1,1,40,2,2
1,21,S,10,2002,4,7,1,2,2,1,2,2,1,1,1,1,1,1,9,1,1,1,30,2,2
3,21,F,10,2002,1,1,1,2,2,1,2,1,1,1,1,1,1,1,14,6,1,1, ?,1,2
1,24,F,10,2002,3,1,1,1,2,1,1,1,1,1,1,2,1,2,9,1,1,1,45,1,2
1,24,F,10,2002,2,1,1,2,2,1,1,1,1,1,1,1,1,2,14,3,1,1, ?,1,2
7,24,F,10,2002,3,1,1,1,2,1,1,1,1,1,1,4,1,2,9,6,1,1, ?,2,2
5,18,F,11,2002,4,1,1,2,2,1,1,1,1,2,1,2,1,2,19,6,1,1, ?,2,2
1,18,G,12,2002,3,7,8,2,2,1,1,1,1,1,1,3,1,2,17,6,1,1, ?,1,2
2,18,F,12,2002,2,1,1,2,2,1,1,2,1,1,2,1,1,2,8,6,1,1, ?,2,2
2,31,F,7,2002,3,1,1,1,2,1,1,1,1,1,1,3,1,2,8,6,1,7,30,2,2
1,31,F,10,2002,2,7,1,2,2,1,1,1,1,1,1,3,1,1,9,6,1,1,38,2,2
7,31,F,6,2002,1,1,1,2,2,1,4,2,2,1,1,3,1,2,12,11,1,1,35,2,2
2,18,F,9,2002,1,1,1,2,2,1,4,1,1,1,2,1,1,2,14,5,1,1,32,2,2
1,28,F,12,2002,2,3,4,2,2,1,1,2,1,1,1,1,1,1,5,1,1,3,27,2,2
1,30,F,11,2002,2,1,1,2,2,1,1,1,1,1,1,3,1,2,6,6,1,1, ?,1,2
2,30,F,9,2002,4,1,1,2,2,1,4,1,1,2,3,4,1,2,6,6,2,7,20,1,2
1,22,F,12,2002,3,7,1,2,2,1,1,1,1,1,1,1,1,1,9,5,1,1,40,2,2
1,18,F,8,2002,3,7,8,2,2,1,1,1,1,1,1,1,1,1,9,6,1,1, ?,2,2
5,18,F,8,2002,3,1,1,2,2,1,1,1,1,1,1,2,1,2,19,6,1,1, ?,2,2
4,18,G,8,2002,4,1,1,2,2,1,4,1,1,1,1,2,1,1,7,6,1,1, ?,2,2
1,24,F,12,2002,3,1,1,2,2,1,1,1,1,1,1,1,1,2,9,6,1,1, ?,2,2
1,24,G,12,2002,2,1,1,2,2,1,1,1,1,1,1,1,1,2,12,6,1,1,22,2,2
1,24,F,5,2002,4,1,1,2,2,1,2,1,1,1,1,1,1,2,14,6,1,1, ?,1,2
5,24,G,12,2002,3,1,1,2,2,1,1,1,1,1,1,1,1,2,10,6,1,1, ?,1,2
4,24,F,12,2002,3,3,1,2,2,1,1,3,5,1,2,5,1,2,6,11,1,1, ?,2,2
4,24,F,12,2002,2,2,1,2,2,1,1,1,5,1,2,5,2,2,9,11,2,7, ?,1,2
7,24,F,12,2002,4,1,1,2,2,1,3,1,1,1,1,2,1,2,14,6,1,1, ?,2,2
3,28,F,12,2002,1,4,3,2,1,1,1,1,1,1,1,1,1,1,5,4,1,1,40,2,2
2,28,G,12,2002,3,7,1,2,1,1,1,1,1,1,1,1,1,1,9,1,1,1, ?,2,2
4,28,G,11,2002,3,1,1,1,2,1,1,1,1,1,1,1,1,1,4,6,1,7,28,2,2
1,25,G,1,2002,3,1,1,2,2,1,1,1,1,1,2,3,1,2,9,6,1,1, ?,1,2
1,25,F,3,2002,4,1,1,2,2,1,1,1,1,1,1,4,1,2,19,6,1,1, ?,2,2
1,25,G,5,2002,4,1,1,2,2,1,1,1,1,1,1,4,1,2,12,6,1,1, ?,1,2
7,25,G,8,2002,2,1,1,2,2,1,1,2,1,1,1,3,1,2,8,1,1,1,40,2,2
1,25,F,11,2002,2,1,1,2,2,1,1,1,1,1,1,3,1,2,13,6,1,1, ?,2,2
4,25,F,11,2002,4,1,8,1,2,1,4,1,1,3,2,4,4,2,14,6,1,1, ?,2,2
4,25,F,3,2002,3,7,8,1,2,1,4,2,1,2,2,4,4,2,14,6,1,1, ?,2,2
4,25,F,3,2002,2,2,8,2,2,1,2,1,1,1,1,3,1,2,9,6,2,1, ?,1,2
4,25,F,7,2002,3,7,8,2,2,1,1,1,1,1,1,3,1,2,9,6,2,1, ?,1,2
4,25,F,9,2002,2,1,8,1,2,1,1,1,1,1,1,4,2,2,14,6,2,1, ?,1,2
2,32,F,9,2002,4,3,1,2,2,1,4,1,1,1,1,3,1,2,6,1,2,1,31,2,2
2,32,F,9,2002,2,3,1,1,2,1,2,1,1,1,1,4,1,2,9,6,1,1,29,2,2
7,29,F,11,2002,3,1,1,2,2,1,1,1,1,1,1,2,1,2,9,6,1,1, ?,1,2
6,29,F,11,2002,3,2,1,2,2,1,1,2,1,1,1,1,1,2,9,1,1,1, ?,2,2
3,29,F,8,2002,3,1,1,1,2,1,1,1,1,1,1,3,1,2,8,6,1,1, ?,2,2
6,29,S,11,2002,3,1,8,1,2,1,1,1,1,1,1,1,1,1,9,6,1,7, ?,2,2
3,29,F,9,2002,2,1,1,2,2,1,1,1,1,1,1,1,1,2,9,6,1,1, ?,2,2
8,29,S,10,2002,3,1,1,2,2,1,1,1,1,1,1,1,1,2,14,6,1,1,46,2,2
8,29,F,8,2002,1,1,1,2,2,1,2,1,1,1,1,1,1,2,9,6,1,1,34,2,2
8,29,F,8,2002,2,1,8,2,2,1,2,1,2,1,1,1,1,2,14,2,1,1,32,2,2
8,29,F,9,2002,3,1,8,2,2,2,1,1,2,1,1,1,1,2,14,11,1,1, ?,2,2
1,29,G,3,2002,3,1,1,2,2,1,1,1,1,1,1,2,1,1,9,11,2,1, ?,1,2
1,29,F,4,2002,3,1,1,2,2,1,1,1,1,1,1,2,1,2,8,6,2,1, ?,1,2
1,29,G,6,2002,1,1,8,2,2,1,2,1,1,1,1,1,1,2,13,6,1,3,25,1,2
1,29,F,7,2002,2,1,1,2,2,1,1,1,1,1,1,2,1,2,8,5,1,3, ?,2,2
1,34,F,3,2002,3,1,1,2,2,1,1,1,1,1,1,1,1,2,6,6,1,1, ?,2,2
1,34,F,3,2002,2,1,1,2,2,1,1,1,1,1,1,4,1,2,8,6,1,1,28,2,2
1,34,F,4,2002,3,1,1,2,2,1,1,1,1,1,1,1,1,2,14,6,1,1, ?,2,2
1,34,F,5,2002,3,1,1,2,2,1,1,1,1,1,1,1,1,2,14,6,1,1,35,2,2
1,34,F,6,2002,3,1,1,2,2,1,1,1,2,1,2,5,1,1,14,6,1,1,35,2,2
1,34,F,6,2002,2,1,1,2,2,1,2,1,1,1,1,5,1,1,14,11,1,1,35,2,2
1,34,F,7,2002,2,1,1,2,2,1,1,1,1,1,1,1,1,1,9,6,1,1, ?,2,2
1,34,G,10,2002,4,7,8,2,2,1,1,1,1,1,1,1,1,2,8,11,1,7,40,1,2
1,34,F,10,2002,2,3,1,2,2,1,1,1,1,1,1,5,1,1,7,6,1,7,25,2,2
6,34,F,3,2002,2,1,1,2,2,1,1,1,1,1,1,1,1,2,9,6,1,1, ?,1,2
6,34,G,9,2002,3,1,1,2,2,1,4,1,1,1,1,1,1,2,9,6,1,1,40,1,2
6,34,G,12,2002,3,1,1,2,2,1,1,1,1,1,1,1,1,2,10,6,1,1,30,2,2
6,34,F,12,2002,2,1,1,2,2,1,1,1,1,1,1,1,1,2,9,6,1,1,40,2,2
6,34,F,12,2002,2,1,3,2,2,1,1,1,1,1,1,1,1,2,9,6,1,1, ?,2,2
10,34,F,5,2002,2,1,1,2,2,1,1,1,1,1,1,4,1,2,7,5,1,1, ?,2,2
3,34,F,4,2002,1,1,7,2,1,1,1,1,1,1,1,1,1,2,9,5,1,1,32,2,2
3,34,G,4,2002,2,1,1,1,2,1,1,1,1,1,1,3,1,2,9,6,1,1,28,2,2
3,34,F,5,2002,2,1,1,1,2,1,1,1,1,1,1,3,1,2,9,6,1,1,30,2,2
3,34,F,8,2002,3,1,1,1,2,1,1,1,1,1,1,3,1,2,15,5,1,1,38,2,2
2,30,F,11,2002,2,1,1,2,2,1,1,1,1,1,1,3,1,1,8,6,1,1, ?,2,2
7,30,S,12,2002,2,1,3,2,2,1,1,1,1,1,1,3,1,2,7,6,1,1,25,2,2
7,30,F,12,2002,3,1,1,2,2,1,1,1,1,1,1,3,1,2,6,6,2,6,25,2,2
5,30,G,12,2002,2,1,1,1,2,1,1,1,1,1,1,3,1,1,9,1,1,1, ?,2,2
3,30,F,12,2002,3,7,8,2,2,1,1,1,1,2,2,4,4,2,6,6,1,1, ?,2,2
1,21,F,12,2002,1,1,1,1,1,1,2,1,1,1,1,1,1,2,9,10,1,4, ?,1,2
1,21,F,11,2002,3,7,1,1,2,1,1,1,1,1,1,1,2,1,19,6,1,1, ?,1,2
1,21,F,12,2002,3,2,1,2,2,1,1,1,1,1,1,1,1,2,9,6,1,1, ?,2,2
2,21,F,12,2002,3,7,8,1,2,1,1,2,1,1,1,4,1,2,7,6,1,1, ?,2,2
3,21,F,12,2002,3,1,1,2,2,1,2,1,1,1,1,1,1,1,9,6,1,1, ?,1,2
3,21,F,12,2002,2,1,1,1,2,1,1,1,1,1,1,1,1,2,9,6,1,7,45,2,2
3,21,F,12,2002,3,1,1,2,1,2,1,1,1,1,1,1,1,2,14,6,1,7, ?,2,2
4,21,F,12,2002,3,4,1,2,2,1,1,1,1,1,1,3,1,1,9,5,1,1, ?,2,2
5,21,G,12,2002,2,3,1,1,2,1,1,5,1,1,1,3,1,1,4,6,1,1,20,2,2
5,33,F,1,2002,2,1,1,2,2,1,1,1,1,2,2,4,1,2,6,11,1,1, ?,2,2
1,33,F,1,2002,3,1,1,2,2,1,1,1,1,1,1,3,1,2,9,6,1,3, ?,2,2
2,33,F,2,2002,2,7,8,2,2,1,1,1,1,1,1,3,1,2,9,6,1,7, ?,2,2
2,33,F,2,2002,2,1,1,1,2,1,1,1,1,1,1,4,1,2,9,6,1,7,37,2,2
3,33,F,4,2002,2,3,1,2,2,1,1,1,1,1,1,2,1,2,9,6,1,1,30,2,2
3,33,F,5,2002,3,7,1,2,2,1,1,1,1,1,1,3,1,2,9,6,1,6, ?,2,2
2,33,F,5,2002,2,1,1,1,2,1,1,1,1,1,1,4,1,2,9,6,1,7,42,2,2
4,33,G,6,2002,3,1,1,2,2,1,1,1,1,1,1,3,1,2,9,4,1,1, ?,2,2
5,33,F,8,2002,2,1,8,1,1,1,1,1,1,1,1,3,1,2,9,6,1,1,34,2,2
5,33,F,8,2002,3,3,1,1,2,1,1,3,2,3,2,4,1,2,17,6,1,1,22,2,2
1,33,F,8,2002,3,1,1,2,2,1,1,1,1,1,1,3,1,2,5,6,1,1, ?,1,2
4,33,S,8,2002,2,1,8,1,2,1,1,1,1,1,1,4,1,2,9,6,1,1,45,2,2
3,33,F,8,2002,4,1,1,2,2,1,4,1,1,1,1,4,1,2,6,6,2,7, ?,2,2
4,33,F,10,2002,4,1,1,1,2,1,4,1,1,1,2,3,1,2,5,6,1,1, ?,2,2
4,8,F,1,2002,4,1,1,2,2,1,2,1,1,1,1,1,1,1,14,6,1,1, ?,2,2
7,13,F,1,2002,3,1,1,2,2,1,1,1,1,1,1,3,1,2,14,6,1,1,25,1,2
5,13,F,1,2002,2,4,1,2,2,1,1,2,1,1,1,2,1,2,12,6,1,1,32,2,2
5,13,F,1,2002,3,3,1,2,2,1,1,1,1,1,1,2,1,2,14,6,1,7, ?,1,2
5,13,F,1,2002,3,1,1,2,2,1,2,1,1,1,1,2,1,2,14,11,1,1, ?,2,2
5,13,F,1,2002,4,1,1,2,2,1,4,1,1,1,1,3,1,2,14,6,1,1, ?,1,2
5,13,F,1,2002,2,1,1,2,2,1,1,1,1,1,1,2,1,2,9,6,1,1, ?,2,2
6,4,G,1,2002,3,1,1,2,2,1,1,1,1,1,1,2,1,2,8,6,1,1, ?,2,2
4,4,F,1,2002,1,1,1,2,2,4,2,1,1,1,1,3,1,2,9,6,1,1, ?,2,2
8,5,G,1,2002,3,1,1,2,2,1,1,1,1,1,1,1,1,2,7,6,1,1,22,2,2
5,5,F,1,2002,2,1,1,2,2,2,2,2,2,1,1,1,1,2,8,2,1,1,32,2,2
5,5,F,1,2002,1,1,1,2,2,4,2,2,2,1,1,1,1,2,8,1,1,1,35,2,2
3,14,G,1,2002,2,1,1,2,2,1,1,1,1,1,1,5,1,1,9,11,1,1,32,1,2
2,14,F,1,2002,1,1,1,2,2,1,4,1,1,1,1,1,1,2,14,6,1,1,45,2,2
4,9,F,1,2002,3,1,1,2,2,1,1,1,1,1,1,2,1,2,13,6,1,1, ?,2,2
5,15,F,1,2002,2,1,1,2,2,1,1,1,1,1,1,3,1,2,4,6,1,1, ?,2,2
2,9,F,1,2002,2,1,1,2,2,1,1,1,1,1,1,3,1,2,9,6,2,1, ?,2,2
5,10,F,1,2002,2,1,1,2,2,1,1,1,1,1,1,3,1,2,9,11,2,1, ?,2,2
3,15,F,1,2002,2,1,1,2,2,1,1,1,1,1,1,3,1,2,9,9,1,1, ?,2,2
3,6,F,1,2002,3,1,1,2,2,1,1,1,1,1,1,3,1,2,9,6,1,1,32,2,2
7,13,S,2,2002,4,1,1,2,2,1,2,1,1,1,1,2,1,2,14,6,1,1, ?,2,2
6,13,G,2,2002,2,1,1,2,2,1,1,1,1,1,1,2,1,2,8,6,1,1, ?,2,2
6,13,F,2,2002,3,1,1,2,2,1,1,1,1,1,1,2,1,2,7,6,1,1, ?,2,2
6,13,F,3,2002,1,1,1,2,2,1,1,1,1,1,1,2,1,2,7,6,1,1, ?,2,2
6,13,F,3,2002,3,3,1,2,2,1,1,1,1,1,1,2,1,2,16,6,1,1, ?,2,2
6,13,F,5,2002,2,1,1,2,2,1,2,1,1,1,1,2,1,2,11,6,1,1,32,2,2
6,13,F,5,2002,3,1,1,2,2,1,1,1,1,1,1,2,1,2,6,6,1,1, ?,2,2
3,13,F,5,2002,4,1,1,2,2,1,2,1,1,1,1,2,2,?,14,6,1,1, ?,2,2
8,13,F,3,2002,2,1,1,2,2,1,2,2,1,1,1,1,1,2,13,2,1,1, ?,2,2
1,15,F,2,2002,2,1,1,2,2,1,2,1,1,1,1,1,1,2,14,6,2,1,45,2,2
1,15,F,2,2002,3,1,1,2,2,1,1,1,1,1,1,1,1,2,14,6,1,1, ?,1,2
6,15,F,2,2002,3,1,1,2,2,1,1,1,1,1,1,1,1,2,7,6,1,1, ?,2,2
11,9,S,1,2002,3,1,1,2,2,1,1,1,1,1,1,1,1,2,8,6,1,1, ?,2,2
3,13,F,3,2002,3,2,4,2,2,1,1,1,1,1,1,3,1,2,5,6,1,1,22,2,2
3,13,F,5,2002,3,7,1,2,2,2,1,1,2,2,1,4,1,2,14,6,1,1,40,2,2
4,13,F,5,2002,4,7,1,2,2,1,2,1,1,3,2,4,1,2,14,6,2,1, ?,2,2
5,13,S,5,2002,2,1,1,2,2,2,1,1,2,1,1,2,1,2,9,6,1,1, ?,2,2
1,13,S,4,2002,3,1,1,2,2,1,1,1,1,1,1,3,1,2,4,6,1,1,37,2,2
9,13,F,3,2002,2,1,1,2,2,1,1,2,1,1,1,3,1,2,4,6,1,1, ?,2,2
2,13,F,6,2002,3,1,1,2,2,1,1,1,1,1,1,4,4,2,14,6,1,1, ?,2,2
3,15,F,4,2002,3,1,1,2,2,1,1,1,1,2,1,4,1,2,19,6,1,1, ?,2,2
5,15,F,5,2002,2,1,1,2,2,1,1,2,2,1,1,4,1,2,14,6,1,1, ?,2,2
5,15,F,5,2002,3,3,1,2,2,1,1,2,1,1,1,4,1,2,6,6,1,1, ?,2,2
5,6,F,2,2002,3,1,1,2,2,1,1,2,1,1,1,1,1,2,14,6,1,1, ?,1,2
1,1,F,5,2002,1,1,1,2,2,1,4,1,2,3,1,4,1,2,14,6,1,1, ?,2,2
2,1,G,4,2002,3,1,1,2,2,1,1,1,1,1,1,3,1,2,9,6,1,1, ?,2,2
3,3,F,5,2002,2,1,1,2,2,1,1,2,1,1,1,3,1,2,17,6,1,1, ?,2,2
6,3,G,4,2002,3,1,1,2,2,1,1,1,1,1,1,3,1,2,8,6,1,1, ?,2,2
2,1,G,4,2002,2,1,1,2,2,1,1,1,1,1,1,4,1,2,8,6,1,1, ?,2,2
3,1,F,6,2002,2,7,1,2,2,1,1,4,1,1,1,4,1,1,14,6,1,1,52,2,2
2,12,F,3,2002,2,1,1,2,2,1,2,1,1,1,1,4,1,2,13,6,1,1, ?,2,2
3,12,F,2,2002,2,1,1,2,2,1,1,1,1,1,1,3,4,2,8,6,1,1, ?,2,2
2,7,F,1,2002,4,2,1,2,2,1,4,1,1,1,1,3,1,2,13,6,1,1, ?,2,2
2,7,F,3,2002,1,1,1,2,2,1,4,2,1,1,1,3,1,2,9,6,1,1, ?,2,2
6,7,F,1,2002,2,1,1,2,2,1,1,2,1,1,1,4,1,2,17,6,1,1,28,2,2
1,15,G,2,2002,4,6,1,2,2,1,4,1,1,1,1,?,4,1,10,6,1,1, ?,2,2
1,15,F,4,2002,2,1,1,2,2,1,2,1,1,1,1,2,1,2,19,6,2,1,40,2,2
1,15,G,4,2002,2,1,1,2,2,1,1,1,1,1,1,2,1,1,4,6,1,1,25,2,2
1,15,F,5,2002,1,1,1,2,2,1,2,1,1,1,1,5,1,1,9,6,1,1, ?,2,2
6,15,S,3,2002,4,1,1,2,2,1,2,1,1,1,1,1,1,2,9,5,1,1,42,2,2
6,15,F,3,2002,3,1,1,2,2,1,1,1,1,1,1,1,1,2,8,6,1,1, ?,2,2
6,15,F,5,2002,1,1,1,2,2,1,4,2,1,1,1,1,1,2,9,6,1,1, ?,1,2
6,15,F,5,2002,3,1,1,2,2,1,1,1,1,1,1,1,1,2,9,6,1,1, ?,2,2
5,15,G,3,2002,3,1,1,2,2,1,1,1,1,1,1,2,1,2,7,6,1,1,28,2,2
5,15,F,5,2002,2,1,1,2,2,1,2,1,1,1,1,1,1,2,14,6,1,1,37,1,2
3,6,F,2,2002,4,1,1,2,2,1,4,1,1,1,1,3,1,2,9,6,1,1, ?,2,2
3,6,F,2,2002,4,1,1,2,2,1,2,2,1,1,1,3,1,2,14,6,1,1, ?,2,2
1,2,F,1,2002,4,1,1,2,2,1,1,1,1,2,1,1,1,1,9,6,1,1, ?,1,2
1,1,F,2,2002,3,1,1,2,2,1,1,1,1,1,1,1,1,2,9,6,1,1,35,2,2
1,1,F,3,2002,3,1,1,2,2,1,1,1,1,1,1,1,1,2,14,6,1,1, ?,2,2
1,12,F,4,2002,2,1,1,2,2,1,1,1,2,1,2,3,1,2,13,6,1,1, ?,2,2
1,12,S,6,2002,4,2,4,2,2,1,4,1,1,1,1,3,1,2,14,6,1,1,30,1,2
3,12,F,5,2002,2,1,1,2,2,1,1,1,1,1,1,4,1,2,19,6,1,1, ?,2,2
3,12,F,5,2002,4,1,1,2,2,1,2,1,1,1,1,2,1,2,7,6,1,1,30,2,2
5,12,F,5,2002,2,1,1,2,2,1,1,2,1,1,1,2,1,2,12,6,2,1, ?,1,2
5,12,F,6,2002,4,1,1,2,2,1,2,2,1,1,1,3,1,2,14,1,1,1, ?,2,2
11,16,F,1,2002,2,1,1,2,2,1,1,1,1,1,1,1,1,2,14,6,1,1, ?,2,2
11,16,F,1,2002,1,1,1,2,2,1,4,1,1,1,1,1,1,2, ?, ?,?,?, ?,?,?
1,17,F,1,2002,3,1,1,2,2,1,1,1,1,1,1,1,1,2,14,6,1,1, ?,2,2
3,17,F,1,2002,1,1,1,2,2,1,1,2,1,1,1,4,1,2,14,6,2,1,35,2,2
5,9,F,2,2002,2,1,1,2,2,1,1,1,1,1,1,4,1,2,13,6,1,1,37,1,2
9,17,F,1,2002,3,1,1,2,2,1,1,1,1,1,1,1,1,2,9,6,1,1, ?,2,2
3,8,F,2,2002,2,1,1,2,2,1,1,1,1,1,1,1,1,2,14,6,2,1,36,2,2
3,8,F,3,2002,3,3,1,2,2,1,1,2,1,1,1,1,1,2,14,6,1,1,37,2,2
3,8,G,4,2002,2,1,1,2,2,1,1,2,1,1,1,1,1,2,8,6,2,1,45,1,2
3,8,F,5,2002,3,1,1,2,2,1,1,1,1,1,1,1,1,2,13,6,1,1,40,2,2