Thana,District,Accident_Severity,Month,Year,Time,Junction_Type,Traffic_Control,Movement,Divider,Weather,Light,Road_Geometry,Surface_Condition,Surface_Type,Surface_Quality,Road_Class,Road_Feature,Location_Type,Vehicle_Type,Vehicle_Movement,Vehicle_Loading,Vehicle_Defect,Vehicle_Driver_Age,Vehicle_Alcohol,Vehicle_Seat_Belt
1,15,M,11,2002,1,1,1,2,1,4,2,1,1,1,1,1,5,1,14,6,1,1,35,2,2
6,15,F,11,2002,1,1,1,2,2,1,4,2,1,1,2,1,1,2,14,6,1,1, ?,2,2
10,9,F,1,2002,3,2,1,2,2,1,1,1,1,1,1,1,1,2,14,6,1,1, ?,2,2
10,9,F,1,2002,3,1,1,2,2,1,1,1,1,1,1,1,1,2,9,6,1,1, ?,2,2
10,9,F,3,2002,3,1,1,2,2,1,1,1,1,1,1,1,1,2,14,6,1,1,40,2,2
10,9,F,3,2002,3,1,1,2,2,1,1,2,1,1,1,1,1,2,9,2,1,1,38,2,2
10,9,F,5,2002,4,1,1,2,2,1,1,1,1,1,1,1,1,2,9,11,2,1, ?,1,2
10,9,F,9,2002,2,1,1,2,2,1,1,1,1,1,1,1,1,2,14,6,1,1,38,2,2
10,9,S,9,2002,3,1,1,2,2,1,1,1,1,1,1,2,4,2,8,5,1,1,34,2,2
10,9,F,10,2002,2,1,1,2,1,2,1,2,1,1,2,1,1,2,9,2,1,1,45,2,2
10,9,G,11,2002,1,1,6,2,2,4,4,1,1,1,1,1,1,2,14,6,1,2,42,2,2
10,9,G,3,2002,3,1,1,2,2,1,1,1,1,1,1,1,2,2,14,6,1,1,39,2,2
10,9,F,10,2002,3,1,1,2,2,1,2,1,1,1,1,1,1,1,14,6,1,2, ?,2,2
10,9,F,12,2002,1,1,1,2,2,1,4,1,1,1,1,1,1,1,14,6,1,1, ?,1,2
6,9,G,3,2002,2,1,1,2,2,1,1,1,1,1,1,2,1,2,4,6,1,1, ?,2,2
6,9,F,7,2002,3,1,8,2,2,1,1,1,1,1,1,3,1,2,9,6,1,1, ?,2,2
6,9,S,8,2002,3,1,8,2,2,1,1,1,1,1,1,2,1,2,14,6,1,1, ?,2,2
6,9,F,12,2002,4,1,1,2,2,1,4,1,1,1,1,1,1,2,14,6,1,1, ?,2,2
2,9,G,2,2002,3,1,1,2,2,1,1,1,1,1,1,2,1,2,13,6,1,1,30,1,2
3,17,G,12,2002,4,4,8,2,2,4,4,1,1,1,1,3,1,2,9,6,1,1, ?,2,2
7,17,F,11,2002,2,1,1,1,2,1,1,1,1,1,1,1,1,2,4,4,1,1, ?,2,2
10,17,S,11,2002,3,1,1,2,2,1,1,1,1,1,2,3,1,2,9,6,2,1,38,2,2
10,17,F,11,2002,3,1,3,2,2,1,1,1,1,1,1,1,1,1,14,2,1,1, ?,1,2
8,17,F,11,2002,3,1,1,2,2,1,1,1,1,1,1,3,1,2,14,2,1,1, ?,1,2
1,17,F,9,2002,?,1,1,2,2,1,2,1,1,1,1,1,1,1,14,6,1,1, ?,1,2
1,17,S,11,2002,3,7,8,2,2,1,1,1,1,1,1,1,1,2,10,9,1,7, ?,2,2
1,6,F,3,2002,3,1,1,2,2,1,1,1,1,1,1,1,1,2,8,5,1,1,40,2,2
1,6,F,10,2002,3,1,1,2,2,1,1,1,1,1,1,1,1,2,8,5,1,1, ?,2,2
2,6,F,5,2002,4,1,1,2,2,1,1,1,1,1,1,3,1,2,14,6,1,1, ?,2,2
2,6,F,8,2002,2,1,1,2,2,1,1,1,1,1,1,4,1,2,17,6,1,1,22,2,2
2,6,F,10,2002,3,1,1,2,2,1,1,1,1,1,1,1,1,2,14,6,1,1, ?,2,2
3,6,F,12,2002,3,1,1,2,2,1,1,2,1,1,1,1,1,2,7,6,1,1, ?,2,2
10,16,F,2,2002,3,1,3,2,2,1,1,1,1,1,1,1,1,2,10,6,1,1, ?,2,2
10,16,F,4,2002,3,3,3,2,1,1,1,1,1,1,1,1,1,2,9,11,1,7,42,2,2
10,16,G,5,2002,1,2,1,2,2,1,4,1,1,1,1,1,5,2,9,6,1,3, ?,2,2
10,16,G,6,2002,4,5,1,2,1,1,2,2,1,1,1,1,1,2,9,1,1,1,45,2,2
10,16,F,7,2002,1,1,1,2,2,1,4,1,1,1,1,1,1,2,14,6,1,1,45,2,2
10,16,F,7,2002,3,2,1,2,2,1,1,1,1,1,1,1,1,2,4,6,1,1,34,2,1
10,16,F,7,2002,3,1,3,2,2,1,4,1,1,1,1,1,1,2,14,6,1,1, ?,2,2
10,16,F,7,2002,4,1,1,2,1,1,1,1,1,1,1,1,1,2,14,6,1,1,40,2,1
10,16,F,8,2002,3,1,3,2,2,1,1,1,1,1,1,1,1,2,6,4,1,1, ?,2,2
10,16,F,9,2002,1,2,1,2,2,1,1,1,1,1,1,1,3,2,9,6,1,1, ?,2,2
10,16,G,9,2002,4,1,1,2,2,1,2,1,1,1,1,1,1,2,9,2,1,1,35,2,2
10,16,F,9,2002,2,1,3,2,2,1,1,1,1,1,1,1,2,2,14,6,1,1, ?,2,2
10,16,G,11,2002,4,1,1,2,1,1,4,1,1,1,1,1,1,2,14,1,1,1,40,2,2
10,16,F,11,2002,1,1,1,2,2,1,4,1,1,1,1,1,3,2,14,1,2,1,60,2,2
10,16,F,12,2002,2,2,1,2,2,1,4,1,1,1,1,1,1,2,14,6,2,1,45,2,2
10,16,S,12,2002,4,1,1,2,1,1,3,1,1,1,1,1,1,2,7,6,1,1, ?,2,2
5,16,F,12,2002,2,1,1,1,2,1,1,3,1,1,1,3,1,2,9,6,1,1, ?,2,2
12,16,F,7,2002,3,1,1,2,2,2,1,1,1,1,1,3,1,2,19,11,1,1,22,2,2
4,16,F,8,2002,2,2,1,2,2,1,1,1,1,1,1,3,1,2,9,6,2,1, ?,2,2
1,16,F,5,2002,4,1,8,2,2,1,3,1,1,1,1,5,1,1,7,6,1,1, ?,2,2
1,16,F,6,2002,3,1,1,2,2,1,1,1,1,1,1,3,1,1,8,6,1,1,35,2,2
1,16,F,7,2002,3,1,1,2,2,2,1,1,2,1,1,3,1,2,8,6,1,1,32,2,2
1,16,F,7,2002,2,1,1,1,2,1,2,1,1,1,1,2,1,2,14,6,1,1,45,2,2
1,16,F,8,2002,3,1,1,2,2,1,1,1,1,1,1,3,1,2,8,6,1,1, ?,2,2
1,16,F,8,2002,2,1,1,2,2,1,1,1,1,1,1,3,1,2,8,6,1,1,36,2,2
1,16,F,10,2002,3,1,1,2,2,1,1,1,1,1,1,3,1,2,8,6,1,1,34,2,2
1,16,F,10,2002,3,1,1,2,2,1,2,2,1,1,1,3,1,2,14,6,1,1, ?,2,2
1,16,F,10,2002,3,1,1,2,2,1,1,1,1,1,1,3,1,2,9,6,1,1,39,2,2
1,16,F,11,2002,3,1,1,2,2,1,1,1,1,1,1,3,1,2,14,6,1,1,38,2,2
1,16,F,11,2002,3,1,1,2,2,1,1,1,1,1,1,3,1,1,8,6,1,1,35,2,2
1,16,F,12,2002,3,1,1,1,2,1,1,1,1,1,1,3,1,2,14,6,1,1,48,2,2
2,16,F,2,2002,4,7,1,2,2,1,4,1,1,1,1,4,4,2,9,6,1,1, ?,2,2
2,16,F,4,2002,2,1,1,2,2,1,1,1,1,1,2,4,4,2,12,11,2,1, ?,2,2
2,16,F,4,2002,3,1,1,2,2,1,1,1,1,1,2,3,1,2,9,11,1,7, ?,2,2
8,16,S,3,2002,2,1,1,1,2,1,1,1,1,1,1,3,1,2,14,2,1,1,42,2,2
8,16,F,11,2002,4,1,1,2,2,1,2,1,1,1,1,3,1,2,8,6,1,1, ?,2,2
8,16,F,12,2002,2,2,1,2,2,4,2,1,1,1,3,3,1,2,14,6,1,1, ?,2,2
8,16,F,12,2002,3,3,1,2,2,1,2,2,1,1,1,4,3,2,19,1,2,2, ?,2,2
9,16,F,2,2002,3,1,1,2,2,1,1,1,1,1,1,5,1,2,9,6,1,1, ?,2,2
9,16,F,6,2002,4,1,1,2,2,1,4,1,1,1,1,1,1,2,14,6,1,1,40,2,2
9,16,F,8,2002,3,1,1,2,2,1,1,1,1,1,2,1,1,2,9,6,1,1, ?,2,2
9,16,F,8,2002,3,1,1,2,2,1,1,1,1,1,1,1,1,2,9,6,1,1,35,2,2
9,16,G,10,2002,3,1,1,2,2,1,1,1,1,1,1,1,1,2,10,6,1,1, ?,2,2
9,16,F,11,2002,3,1,1,2,2,1,1,1,1,1,1,1,1,2,14,6,1,1, ?,2,2
9,16,F,11,2002,2,1,1,2,2,1,1,1,1,1,1,1,1,2,14,6,1,1, ?,2,2
9,16,G,12,2002,3,1,1,2,2,1,1,1,1,1,1,1,1,2,14,6,1,1, ?,2,2
9,16,G,12,2002,2,1,1,2,2,1,1,1,1,1,1,1,1,2,14,6,1,1,35,2,2
6,16,F,2,2002,4,1,1,2,2,1,4,1,1,1,1,1,1,2,9,6,1,1, ?,2,2
6,16,G,5,2002,3,1,1,2,2,1,1,2,1,1,1,1,2,2,11,1,1,1,35,2,2
6,16,F,9,2002,4,1,1,2,2,1,2,1,1,1,1,1,1,2,9,6,1,1, ?,2,2
6,16,F,11,2002,4,1,2,2,1,1,4,1,1,1,2,1,1,2,14,6,1,1,32,2,2
11,16,F,1,2002,1,1,1,2,2,1,1,1,1,1,1,1,1,2,9,6,1,1, ?,2,2
11,16,F,3,2002,3,1,1,2,2,1,1,1,1,1,1,1,1,2,7,6,1,1, ?,2,2
11,16,F,4,2002,2,1,1,2,2,1,2,1,1,1,1,1,1,2,14,6,1,1,38,1,2
11,16,F,5,2002,2,1,1,2,2,1,2,4,1,1,1,1,1,2,7,6,1,1, ?,2,2
11,16,F,6,2002,1,1,3,2,2,1,4,1,1,1,1,1,1,2,14,6,1,1, ?,2,2
11,16,F,8,2002,3,1,1,2,2,1,1,1,1,1,1,1,1,2,14,4,1,1, ?,2,2
11,16,F,8,2002,4,1,1,1,2,1,3,1,1,1,2,1,1,2,10,6,1,1, ?,2,2
11,16,F,9,2002,3,1,1,2,2,1,1,1,1,1,1,1,1,2,9,6,1,1, ?,1,2
11,16,F,9,2002,3,1,1,1,2,1,1,1,1,1,1,3,1,2,19,6,1,1, ?,2,2
11,16,F,9,2002,1,1,1,2,2,1,1,1,1,1,1,1,1,2,9,6,1,1, ?,2,2
11,16,G,10,2002,3,1,4,2,2,1,1,1,1,1,1,1,1,2,9,6,1,1, ?,2,2
11,16,F,12,2002,3,1,1,2,2,4,4,4,1,1,1,1,2,2,19,11,1,1, ?,2,2
11,16,F,12,2002,2,1,1,2,2,4,4,1,1,1,1,1,1,2,14,6,1,1, ?,2,2
10,9,F,1,2002,1,1,1,2,2,1,1,2,1,1,1,1,1,2,14,6,1,1, ?,2,2
9,11,F,5,2002,2,1,1,1,2,1,1,1,1,1,1,4,1,2,8,11,1,7,45,2,2
9,11,F,10,2002,3,1,1,1,2,1,1,1,1,1,1,2,1,2,8,4,1,1,45,2,2
10,11,F,1,2002,4,1,8,2,2,1,2,1,1,1,1,2,1,2,19,6,2,1,22,2,2
10,11,F,5,2002,2,3,8,2,2,1,1,1,1,1,1,3,1,2,8,6,1,3,50,2,2
11,11,F,5,2002,3,4,1,2,2,1,1,2,1,1,1,4,1,2,19,2,1,7, ?,2,2
8,11,F,6,2002,1,1,8,2,2,1,1,1,1,1,1,3,1,2,14,6,1,1, ?,2,2
7,11,F,6,2002,2,3,1,2,2,1,2,1,1,1,1,4,1,2,4,6,1,1,30,2,2
7,11,F,8,2002,2,1,1,2,2,1,2,1,1,1,1,2,1,2,8,6,1,1, ?,1,2
2,11,F,7,2002,3,1,8,2,2,2,4,1,2,1,2,2,4,2,19,9,2,6,17,2,2
6,11,F,1,2002,3,1,1,2,2,1,1,1,1,1,1,3,1,2,14,6,1,1, ?,2,2
6,11,F,1,2002,3,1,1,2,2,1,1,1,1,1,1,1,1,2,8,6,1,1,35,2,2
6,11,F,5,2002,2,1,1,2,2,1,1,1,1,1,1,2,1,2,14,6,1,3,40,2,2
6,11,F,10,2002,4,1,1,2,2,1,2,1,1,1,1,2,1,2,14,7,1,7,35,2,2
6,11,F,7,2002,3,1,1,2,2,1,1,4,3,3,2,4,4,2,14,7,1,1,38,2,2
6,11,F,5,2002,3,1,1,2,2,1,1,1,1,1,1,2,1,2,9,6,1,1, ?,2,2
1,11,F,1,2002,3,3,1,2,2,1,1,1,1,1,1,5,1,1,6,11,1,1, ?,2,2
5,11,S,1,2002,2,1,1,2,2,1,1,1,1,1,1,1,1,2,8,6,1,1, ?,2,2
5,11,F,5,2002,2,1,1,2,2,1,1,1,1,1,1,4,1,2,8,11,1,3,46,2,2
5,11,F,2,2002,2,1,1,2,2,1,1,1,1,1,1,1,1,2,11,1,1,1, ?,2,2
5,11,F,10,2002,2,1,1,2,2,1,1,1,1,1,1,1,1,2,9,6,2,1, ?,1,2
5,11,F,10,2002,3,2,4,2,2,1,1,2,1,1,2,1,1,2,14,5,1,1, ?,1,2
1,11,F,1,2002,4,1,1,1,2,1,4,1,1,3,1,5,1,1,8,6,1,1,35,2,2
3,8,S,12,2002,1,1,8,2,2,4,2,1,2,1,1,1,1,2,9,6,1,1,35,2,2
1,11,F,3,2002,3,2,1,2,2,1,1,1,1,1,1,3,1,1,14,6,1,1,35,2,2
1,11,F,4,2002,2,1,4,2,2,1,3,1,1,1,1,1,1,2,5,6,1,1, ?,2,2
1,11,F,4,2002,3,1,1,2,2,1,1,2,1,1,1,4,1,2,7,6,1,1, ?,2,2
1,11,F,4,2002,2,1,1,2,2,1,1,1,1,1,1,4,1,2,4,5,1,1, ?,2,2
1,11,F,10,2002,3,1,3,2,2,1,1,1,1,1,1,5,1,1,13,6,1,1,40,1,2
1,11,F,12,2002,3,1,1,2,2,1,1,1,1,1,1,2,1,2,9,6,1,1, ?,2,2
1,11,F,6,2002,3,2,1,2,2,1,1,1,1,1,1,2,1,1,9,6,1,1, ?,2,2
1,11,F,8,2002,2,1,1,2,2,1,1,2,1,1,1,4,1,2,9,6,1,1, ?,2,2
3,22,F,1,2003,3,7,8,1,2,1,1,1,1,1,1,1,1,2,9,11,2,7, ?,1,2
4,22,F,2,2003,3,1,3,1,2,1,1,1,1,1,1,1,1,2,9,11,1,7, ?,1,2
4,22,F,2,2003,4,1,8,1,2,1,1,1,1,1,1,1,1,2,9,8,2,4,35,2,2
1,24,F,1,2003,2,1,1,2,2,1,1,1,1,1,1,1,1,2,14,6,1,7, ?,1,2
1,24,F,1,2003,2,1,1,1,2,1,1,2,1,1,1,4,1,2,14,2,1,7, ?,2,2
1,24,F,1,2003,2,3,1,2,2,1,1,2,1,1,1,1,1,2,14,1,1,7,35,2,2
1,24,F,1,2003,3,3,1,1,2,1,1,1,1,1,1,2,1,2,4,6,1,7, ?,1,2
6,24,F,1,2003,1,4,1,1,2,1,1,1,1,1,1,1,1,2,13,6,1,7, ?,1,2
1,24,F,2,2003,2,1,1,2,2,1,2,2,1,1,1,1,1,2,14,1,1,1, ?,1,2
1,24,F,2,2003,2,1,1,2,2,1,1,1,1,1,1,1,1,2,14,11,1,1,45,1,2
3,24,F,2,2003,3,1,1,2,2,1,1,1,1,3,1,4,1,2,14,6,1,1, ?,1,2
2,19,F,1,2003,4,1,1,2,2,1,2,1,1,1,1,1,1,2,13,6,2,1, ?,1,2
3,19,F,1,2003,3,1,1,2,2,1,1,4,1,3,2,4,1,2,17,7,2,7, ?,1,2
4,18,F,2,2003,3,7,8,1,2,1,1,1,1,1,1,2,1,2,6,11,1,7,35,2,2
1,23,F,3,2003,2,3,1,2,2,1,1,1,1,1,1,2,1,2,14,6,1,4,45,2,2
7,25,G,1,2003,2,3,1,1,2,1,1,1,1,1,1,3,1,2,9,6,1,3,33,1,2
5,24,F,3,2003,3,1,1,1,2,1,1,1,1,1,1,1,1,2,14,4,2,7, ?,1,2
9,24,F,3,2003,2,7,1,1,2,1,1,1,1,1,1,1,1,1,14,6,1,7, ?,2,2
6,24,F,3,2003,2,1,3,1,1,1,1,1,1,1,1,2,2,?,8,6,2,7, ?,1,2
6,24,F,3,2003,1,3,1,1,1,1,1,1,1,1,1,2,1,2,14,6,2,6, ?,1,2
7,24,F,3,2003,3,1,1,2,1,1,1,1,1,1,1,4,1,1,4,6,1,6,28,1,2
3,25,F,2,2003,2,1,1,2,2,1,1,1,1,1,1,1,1,2,8,5,1,1,40,2,2
3,25,F,3,2003,4,1,1,2,2,1,2,2,1,1,1,1,1,2,9,6,1,1, ?,1,2
3,25,G,2,2003,3,1,1,2,2,1,1,1,1,1,1,1,1,2,12,6,2,6, ?,1,2
1,25,G,2,2003,3,1,1,1,2,1,1,1,1,1,1,4,1,2,6,7,2,1,22,2,2
5,25,F,1,2003,1,1,1,1,2,1,1,1,1,1,1,2,1,2,7,7,1,6,42,1,2
8,26,F,2,2003,2,1,1,2,2,1,1,1,1,1,1,3,1,2,8,6,1,1,30,1,2
9,26,S,1,2003,2,7,1,1,2,1,1,1,1,1,1,4,1,2,8,11,1,1,30,1,2
1,20,F,1,2003,3,1,1,2,2,1,1,1,1,1,1,5,1,1,4,6,1,6, ?,2,2
1,20,G,2,2003,2,1,1,2,2,1,1,1,1,1,3,3,1,2,9,6,1,6,40,2,2
3,20,S,2,2003,2,1,1,2,2,1,1,1,1,1,1,2,1,2,14,6,1,6,55,2,2
1,20,F,2,2003,3,7,1,2,2,1,1,1,1,1,1,5,1,2,19,6,2,6, ?,2,2
1,19,F,3,2003,2,1,1,2,2,1,1,1,1,1,1,1,1,2,8,8,1,1,30,2,2
3,19,F,3,2003,2,1,1,2,2,1,2,2,1,1,1,4,1,2,17,2,2,6,28,2,2
4,24,F,4,2003,3,1,3,2,2,1,1,1,1,1,1,2,1,2,9,6,1,7, ?,1,2
5,24,F,4,2003,4,1,1,1,2,1,2,1,1,1,1,4,1,2,7,6,1,7, ?,1,2
1,25,F,3,2003,2,1,8,2,1,1,1,1,1,1,1,4,1,2,14,6,1,7, ?,1,2
4,20,F,3,2003,3,1,3,2,2,1,1,1,1,1,1,2,1,2,9,6,1,1, ?,1,2
4,20,F,3,2003,2,1,8,2,2,1,1,1,1,1,1,4,1,2,14,6,1,1, ?,2,2
3,25,F,4,2003,3,1,1,2,2,1,1,1,1,1,1,3,1,2,11,6,1,1, ?,2,2
2,19,F,4,2003,2,1,3,1,2,1,1,1,1,1,1,2,1,2,8,6,1,1, ?,2,2
1,21,F,4,2003,2,1,1,1,2,1,2,1,1,1,1,1,1,1,9,6,1,1, ?,2,2
1,21,F,4,2003,2,1,1,2,2,1,2,1,1,1,1,2,1,2,9,6,1,7, ?,1,2
1,21,M,3,2003,1,1,4,2,2,1,1,4,1,1,1,5,1,2,9,1,1,7, ?,1,2
1,21,F,4,2003,4,1,1,2,2,1,4,1,1,1,1,1,1,2,6,6,1,6, ?,2,2
4,21,F,4,2003,2,1,1,2,2,1,1,1,1,3,1,4,1,2,7,6,1,7, ?,2,2
4,26,F,5,2003,2,7,8,2,2,1,1,1,1,1,1,2,1,2,8,4,1,7, ?,1,2
1,24,G,5,2003,4,1,1,2,2,1,3,1,1,1,2,5,1,1,9,6,1,1, ?,1,2
1,24,F,5,2003,3,1,1,2,2,1,1,1,1,1,1,1,1,2,9,6,1,1, ?,1,2
8,24,F,5,2003,3,1,1,2,2,1,1,1,1,1,1,1,1,2,8,6,1,3, ?,1,2
8,24,F,3,2003,2,1,3,2,2,1,1,1,1,1,1,4,1,2,12,6,1,3, ?,1,2
5,24,F,5,2003,2,1,1,1,2,1,1,1,1,1,1,4,1,2,12,4,1,1, ?,1,2
1,24,F,1,2003,3,1,1,2,2,1,1,1,1,1,1,1,1,2,12,6,1,1, ?,1,2
1,24,F,6,2003,1,1,1,2,1,2,4,2,2,1,1,1,1,2,9,2,1,7, ?,2,2
1,24,F,6,2003,3,1,1,2,2,1,1,1,1,1,1,5,1,1,14,5,1,7, ?,1,2
5,24,G,6,2003,2,3,1,1,2,1,1,1,2,1,1,4,1,1,9,6,1,1, ?,1,2
1,21,F,5,2003,2,7,1,2,2,1,1,1,1,1,1,2,1,2,12,6,1,1, ?,2,2
3,21,F,5,2003,3,7,1,2,2,1,1,1,1,1,1,2,1,2,6,6,1,1,28,2,2
3,21,F,5,2003,4,1,1,2,2,1,3,1,1,1,3,1,1,1,14,6,2,7, ?,1,2
6,18,G,9,2003,3,1,8,2,2,1,1,1,1,1,1,2,1,2,4,6,1,1, ?,2,2
1,18,G,8,2003,2,7,1,2,2,1,2,1,1,1,1,4,1,2,12,11,1,1,35,2,1
1,18,F,6,2003,3,1,3,2,2,1,1,1,1,1,1,1,1,2,14,6,1,1,47,1,2
1,18,S,9,2003,2,7,1,1,2,1,1,1,1,1,1,1,1,1,14,11,1,1,40,2,2
4,18,F,7,2003,3,7,1,1,2,1,1,1,1,1,1,1,1,2,8,11,1,7,35,2,2
3,18,F,8,2003,3,3,8,1,2,1,1,1,1,3,1,4,1,2,7,11,1,1, ?,1,2
2,23,F,7,2003,2,7,1,2,2,2,1,1,2,1,2,4,1,2,8,11,1,1, ?,2,2
1,21,F,9,2003,3,7,3,2,2,1,2,1,1,1,1,1,1,2,9,4,1,1, ?,1,2
3,21,F,9,2003,2,7,1,1,2,1,2,1,1,1,1,1,1,2,14,11,1,7, ?,1,2
3,21,F,9,2003,1,1,4,1,2,1,1,1,1,1,1,1,1,1,14,6,1,3, ?,2,2
3,21,F,9,2003,2,7,1,2,2,1,2,1,1,1,1,1,1,2,14,6,1,7, ?,2,2
4,21,G,5,2003,1,1,1,2,2,1,2,2,1,2,2,5,1,2,19,6,2,6, ?,2,2
1,24,F,7,2003,1,1,1,1,2,1,4,2,1,1,1,1,1,2,14,7,2,7, ?,2,2
1,24,F,7,2003,1,1,1,2,2,1,1,2,1,1,1,1,1,2,9,2,1,7, ?,2,2
1,24,F,7,2003,2,1,1,2,2,1,1,1,1,1,1,1,1,1,9,6,1,7, ?,2,2
1,24,F,7,2003,2,1,1,2,2,1,2,1,1,1,1,1,1,1,14,6,2,7, ?,2,2
1,24,F,7,2003,2,3,1,2,2,1,3,4,1,1,1,1,1,1,14,4,1,1, ?,1,2
3,24,F,7,2003,2,1,1,2,2,1,1,1,1,1,1,4,1,2,19,11,2,6, ?,2,2
2,24,F,7,2003,1,1,2,2,2,1,1,1,1,1,1,1,1,1,14,6,1,1, ?,2,2
4,24,S,7,2003,3,1,1,2,2,2,1,2,2,3,2,4,1,2,14,6,2,7, ?,1,2
3,25,F,3,2003,3,1,1,1,2,1,1,1,1,1,1,4,1,2,7,6,1,7,22,2,2
1,22,F,8,2003,3,1,8,2,2,1,4,1,1,1,2,1,1,2,14,6,1,1,35,1,2
1,21,F,7,2003,2,1,8,1,2,1,1,1,1,1,1,1,1,2,9,6,2,7, ?,1,2
1,21,F,7,2003,1,1,8,2,2,1,1,1,1,1,1,1,1,2,9,11,1,1,45,2,2
1,21,F,7,2003,4,1,1,2,2,1,4,1,1,1,1,1,1,2,14,6,1,1, ?,1,2
1,21,G,7,2003,3,3,1,2,2,1,1,1,1,1,1,2,1,2,14,11,1,1, ?,2,2
1,21,G,7,2003,2,1,1,1,2,1,1,1,1,1,1,4,1,1,9,6,1,7, ?,1,2
1,21,G,7,2003,3,4,1,2,2,1,1,1,1,1,1,1,1,1,14,6,1,1, ?,1,2
6,21,F,7,2003,4,1,1,2,2,2,4,1,2,1,1,1,2,2,14,11,2,7,30,1,2
3,21,F,7,2003,3,1,1,2,2,1,1,1,1,1,1,1,1,2,9,6,1,7,35,2,2
3,21,F,7,2003,3,7,1,2,2,1,1,1,1,1,1,4,1,2,9,6,1,1, ?,2,2
2,19,F,6,2003,2,1,1,1,2,1,1,1,1,1,1,2,1,2, ?, ?,?,?, ?,1,2
6,21,F,8,2003,1,1,1,2,2,1,2,1,1,1,1,1,1,2,8,6,1,1,41,2,2
3,21,F,8,2003,4,7,1,2,2,1,2,1,1,1,1,1,1,2,14,6,1,1, ?,1,2
3,21,F,8,2003,3,2,1,2,2,1,1,1,1,1,1,1,1,1,9,6,1,7, ?,2,2
1,24,F,1,2003,1,1,1,2,2,1,1,1,1,1,1,1,1,2,9,6,1,7, ?,2,2
1,24,F,8,2003,4,1,1,2,2,1,2,2,1,1,1,1,1,2,9,6,1,7, ?,1,2
5,24,F,8,2003,2,7,8,2,2,1,1,1,1,1,1,1,1,2,9,6,1,1, ?,2,2
2,24,F,8,2003,3,7,1,1,2,1,1,1,1,1,1,1,1,2,14,6,1,1,38,1,2
3,20,F,8,2003,2,1,1,2,2,1,1,2,1,1,1,1,1,2,8,6,1,1,34,2,2
3,20,F,8,2003,3,1,1,2,2,1,1,1,1,1,1,2,1,2,4,6,1,7, ?,2,2
4,20,F,8,2003,3,1,1,2,2,1,1,1,1,1,1,4,1,2,9,6,1,7,40,2,2
2,18,F,8,2003,3,3,1,2,2,1,1,5,1,1,2,2,1,2,9,6,1,1, ?,1,2
1,24,F,9,2003,3,3,1,2,2,1,1,1,1,1,1,1,1,2,9,6,1,7,35,1,2
3,24,F,9,2003,3,1,8,2,2,1,1,1,1,1,1,2,1,2,8,6,1,1,35,1,2
9,24,F,9,2003,3,7,3,1,2,1,1,1,1,1,1,1,1,1,14,11,1,7, ?,1,2
1,22,F,9,2003,3,1,1,2,2,1,1,1,1,1,1,1,1,2,9,11,1,1,34,1,2
1,22,F,9,2003,4,7,3,2,2,1,1,1,1,1,1,1,1,2,8,6,1,7, ?,1,2
3,23,G,9,2003,3,1,1,2,2,1,1,2,1,1,1,4,1,2,9,1,1,1,40,2,2
3,20,F,9,2003,2,1,1,2,2,1,1,1,1,2,1,4,1,2,17,6,2,6,35,1,2
4,20,M,9,2003,3,1,8,2,2,1,1,1,1,1,1,3,1,2,8,6,1,1,35,2,2
1,21,F,6,2003,4,7,1,2,2,1,1,1,1,1,1,1,1,2,14,6,1,1, ?,1,2
1,21,F,6,2003,3,1,1,1,2,1,1,1,1,1,1,1,1,2,9,11,1,7, ?,2,2
6,21,F,6,2003,3,7,8,2,2,1,1,2,1,1,1,1,1,2,14,6,1,1,33,1,2
3,21,F,6,2003,2,1,3,2,2,1,1,1,1,1,1,4,1,1,9,6,1,7, ?,2,2
3,21,F,6,2003,3,7,1,2,2,1,1,1,1,1,1,1,1,1,9,8,1,7, ?,1,2
3,21,F,6,2003,2,7,1,2,2,1,1,1,1,1,1,1,1,1,9,11,1,7, ?,1,2
5,21,F,6,2003,4,1,1,1,2,1,4,1,1,1,1,4,1,2,14,6,2,7, ?,1,2
2,29,F,7,2003,2,1,1,2,2,1,1,1,1,1,1,4,1,2,9,6,1,1, ?,2,2
7,29,F,5,2003,3,1,1,2,2,1,1,1,1,1,1,2,1,2,9,6,1,1, ?,2,2
9,29,F,5,2003,3,1,1,1,2,1,1,1,1,1,1,4,1,2,4,6,1,7, ?,2,2
5,25,G,5,2003,1,1,1,2,2,1,4,1,1,1,1,4,1,2,4,6,1,7, ?,2,2
6,25,F,6,2003,3,1,1,2,2,1,1,1,1,1,1,4,1,2,4,6,1,7, ?,2,2
3,25,F,6,2003,2,1,1,1,2,1,1,1,1,1,1,4,3,2,9,8,1,1,35,2,2
7,25,F,6,2003,2,1,1,2,2,1,1,1,1,1,1,2,1,2,9,6,1,1, ?,1,2
3,21,F,10,2003,1,7,3,2,2,1,2,1,1,1,1,1,1,2, ?, ?,?,?, ?,1,2
2,20,F,6,2003,2,7,8,1,2,1,2,1,1,1,2,4,1,2,8,11,2,7,35,2,2
5,18,F,11,2003,1,1,1,2,2,1,1,1,1,1,1,4,1,2,14,6,2,6, ?,1,2
4,18,F,11,2003,3,4,1,2,2,1,1,2,1,1,1,2,1,2,9,1,1,1,32,2,2