Thana,District,Accident_Severity,Month,Year,Time,Junction_Type,Traffic_Control,Movement,Divider,Weather,Light,Road_Geometry,Surface_Condition,Surface_Type,Surface_Quality,Road_Class,Road_Feature,Location_Type,Vehicle_Type,Vehicle_Movement,Vehicle_Loading,Vehicle_Defect,Vehicle_Driver_Age,Vehicle_Alcohol,Vehicle_Seat_Belt
6,18,F,11,2003,2,1,1,2,2,1,1,1,1,1,1,1,1,2,14,11,1,7, ?,1,2
1,21,F,11,2003,4,1,1,2,2,4,4,1,1,1,1,2,1,2,14,6,1,1, ?,1,2
1,21,G,11,2003,1,1,1,2,2,4,4,1,1,1,1,2,1,2,13,6,2,7, ?,1,2
1,23,F,11,2003,4,7,8,2,2,1,1,1,1,1,1,4,1,2,9,6,1,1, ?,2,2
2,22,F,11,2003,2,1,1,2,2,1,1,1,1,1,1,4,1,2,9,6,1,7, ?,2,2
1,22,F,11,2003,3,1,1,2,2,1,1,5,1,1,1,4,1,2,14,11,1,1, ?,2,2
3,23,F,11,2003,3,7,1,2,2,1,1,1,1,1,1,4,1,2,4,6,1,1,26,2,1
3,24,F,11,2003,3,1,4,2,2,1,2,1,1,1,1,2,1,2,14,6,2,7, ?,1,2
1,24,F,11,2003,3,3,1,2,2,1,1,1,1,1,1,1,3,2,6,4,1,6, ?,1,2
1,24,F,12,2003,2,4,1,2,2,1,1,1,1,1,1,1,1,2,4,4,2,1,35,1,2
1,24,F,12,2003,3,1,1,2,2,1,1,1,1,1,1,1,1,2,14,6,1,1, ?,1,2
1,24,G,12,2003,1,4,1,2,2,1,4,1,1,1,1,1,1,2,14,4,2,1, ?,1,2
3,24,F,12,2003,3,1,4,2,2,1,1,1,1,1,1,1,1,2,9,6,1,1,40,2,2
9,24,F,12,2003,2,7,8,2,2,1,1,1,1,1,1,2,2,1,14,4,1,7, ?,1,2
9,24,F,12,2003,3,3,8,2,2,1,1,1,1,1,1,1,1,1,14,6,2,7, ?,1,2
2,18,F,10,2003,2,3,1,1,2,1,2,1,1,1,1,1,1,2,4,6,1,1,35,2,2
7,25,F,9,2003,4,3,1,2,2,1,2,2,1,1,1,2,1,2,10,1,1,1,25,1,2
1,25,F,10,2003,4,1,4,2,2,1,3,1,1,1,1,2,1,1,14,6,1,1, ?,1,2
3,23,F,11,2003,2,1,1,2,2,1,1,1,1,1,1,4,1,2,4,6,1,7,30,2,1
3,21,F,12,2003,1,7,1,1,2,1,1,2,1,1,1,1,4,2,14,2,1,1, ?,2,2
1,21,F,12,2003,4,1,1,2,2,1,4,1,1,1,1,1,1,2,9,6,1,1, ?,1,2
5,21,F,12,2003,3,1,1,1,1,1,1,4,1,1,1,4,1,2,14,6,1,1,16,2,2
5,13,F,1,2003,3,3,1,2,1,1,1,1,1,1,1,2,1,2,14,6,1,1,26,2,2
5,13,F,1,2003,2,1,1,2,2,4,1,1,1,1,1,2,1,2,8,11,1,1,30,2,2
5,13,F,2,2003,4,1,3,2,2,3,2,1,1,1,1,2,1,2,9,6,2,1, ?,1,2
5,13,F,2,2003,1,1,8,2,2,1,2,3,1,1,1,1,1,2,14,6,1,1, ?,2,2
1,13,F,1,2003,2,1,1,2,2,1,1,1,1,1,1,3,1,2,10,6,1,1, ?,2,2
3,12,F,1,2003,2,1,1,2,1,1,1,1,1,1,1,3,1,1,9,8,1,1, ?,2,2
1,7,F,1,2003,3,1,1,2,2,1,1,4,1,1,1,1,1,2,8,6,1,1,42,2,2
2,7,F,1,2003,2,1,1,2,2,4,1,1,1,1,1,3,1,2,9,6,1,1, ?,2,2
2,1,S,1,2003,2,1,1,1,2,4,1,1,1,1,1,4,1,2,8,6,1,1,27,2,2
3,6,F,1,2003,4,1,1,2,2,1,1,2,1,1,1,1,1,2,14,4,1,1, ?,2,2
2,4,F,1,2003,2,2,1,2,2,4,2,1,1,1,1,3,1,2,9,6,1,1, ?,2,2
6,4,F,1,2003,4,1,1,2,2,1,2,1,1,1,1,1,1,2,14,6,1,1,35,2,2
3,3,F,1,2003,3,3,2,2,2,1,1,1,1,1,1,2,1,2,9,6,1,1, ?,2,2
1,2,F,2,2003,2,1,1,2,2,4,1,1,1,1,1,1,1,2,8,6,1,1, ?,1,2
1,2,F,2,2003,2,1,1,2,2,1,1,1,1,1,1,3,1,2,8,6,1,1, ?,2,2
3,14,S,1,2003,1,1,1,2,2,1,3,1,1,1,1,5,1,1,4,6,1,1, ?,1,2
5,1,F,2,2003,2,1,1,2,2,1,2,1,1,1,1,3,1,2,14,6,1,1, ?,2,2
6,15,F,1,2003,2,1,1,2,2,1,1,2,1,1,1,1,1,2,14,6,1,1, ?,2,2
5,15,F,1,2003,3,1,1,2,2,1,2,1,1,1,1,3,1,2,14,6,1,1,35,2,2
5,15,F,1,2003,2,1,1,2,2,4,2,1,1,1,1,3,1,2,13,6,2,1, ?,2,2
5,15,S,1,2003,2,1,1,2,2,1,1,1,1,1,1,3,1,2,14,6,2,1, ?,2,2
1,15,F,2,2003,2,3,1,2,2,1,1,1,1,1,1,1,1,2,8,5,1,1,60,1,2
6,15,F,2,2003,4,3,2,2,2,1,2,1,1,1,1,1,1,1,7,6,1,1, ?,1,2
3,15,F,2,2003,3,1,1,2,2,1,1,1,1,1,1,1,1,2,19,6,1,1, ?,2,2
1,4,F,2,2003,2,3,1,1,2,1,1,1,1,1,1,3,1,2,14,6,1,1,33,2,2
6,9,F,2,2003,2,1,1,2,2,1,4,1,1,1,1,2,1,2,9,6,1,1, ?,2,2
2,9,F,2,2003,4,1,1,2,2,1,2,1,1,1,1,2,1,2,14,6,1,1, ?,2,2
8,9,F,2,2003,2,1,1,1,2,1,1,2,1,1,1,4,2,2,8,1,1,1,45,2,2
11,9,G,1,2003,1,1,1,2,2,1,2,4,2,2,2,2,2,?,14,11,1,1,27,2,2
3,9,F,1,2003,3,1,8,1,2,1,1,1,1,1,1,3,1,1,8,6,1,1,25,2,2
10,9,F,2,2003,4,1,1,2,2,1,2,1,1,1,1,1,1,2,9,6,1,1, ?,1,2
10,9,F,3,2003,3,1,1,2,2,1,1,1,1,1,1,1,1,2,8,6,2,1,45,2,2
10,3,F,2,2003,4,1,8,2,2,1,2,1,1,3,1,4,1,2,19,6,1,1, ?,2,2
12,3,G,2,2003,2,1,1,2,2,1,1,1,1,1,1,3,1,2,4,6,1,2,35,1,2
5,6,F,1,2003,2,1,1,2,2,4,1,1,1,1,1,1,1,2,9,6,1,1, ?,2,2
1,8,F,3,2003,4,1,1,2,2,1,2,1,1,1,1,3,1,2,14,6,2,1, ?,2,2
3,12,F,3,2003,2,1,1,2,2,1,1,1,1,1,1,3,1,2,19,6,1,1, ?,2,2
1,14,F,3,2003,3,1,2,1,1,1,1,1,1,1,1,5,1,1,14,6,1,1, ?,1,2
4,14,S,3,2003,1,2,1,2,2,1,2,1,1,1,1,1,1,1,13,6,1,1,30,2,2
2,14,F,3,2003,1,1,1,2,2,1,4,1,1,1,1,1,1,1,14,6,1,1, ?,2,2
2,14,F,3,2003,3,1,1,1,2,1,4,1,1,1,1,5,1,1,14,6,1,1, ?,2,2
7,13,F,2,2003,4,1,3,2,2,1,4,1,1,1,1,2,1,2,19,6,1,1, ?,2,2
5,13,F,3,2003,4,1,1,2,1,1,1,1,1,1,1,2,1,2,14,6,1,1, ?,1,2
5,13,F,3,2003,3,1,1,2,1,1,1,1,1,1,1,2,1,2,8,6,1,1, ?,1,2
6,13,G,3,2003,3,1,1,1,2,1,1,1,1,1,1,2,1,2,7,4,1,1,25,2,2
6,13,F,3,2003,2,1,1,2,2,1,1,1,1,1,1,2,1,2,14,11,1,1, ?,2,2
1,17,G,1,2003,4,1,1,2,2,1,4,1,1,1,1,4,4,2,19,6,1,1, ?,2,2
1,17,F,2,2003,3,1,1,2,2,1,1,1,1,1,1,1,1,1,13,6,1,1,35,1,2
1,17,F,2,2003,3,1,1,2,2,1,1,1,1,1,1,1,1,2,9,6,1,1,50,2,2
9,17,F,1,2003,2,1,1,2,2,1,1,2,1,1,1,1,1,2,9,6,1,1,32,1,2
10,17,F,1,2003,2,1,1,2,2,1,1,1,1,1,1,1,1,2,8,6,1,1,30,2,2
8,17,F,1,2003,2,1,1,2,2,1,1,1,1,1,1,1,1,2,9,6,1,1, ?,2,2
8,17,F,1,2003,4,1,1,2,2,1,2,1,1,1,1,1,1,2,9,6,1,1,35,2,2
8,17,S,2,2003,1,1,1,2,2,1,4,1,1,1,1,1,1,2,12,6,1,1,35,2,2
7,17,F,2,2003,1,1,1,2,2,1,1,1,1,1,1,1,1,2,9,6,1,1, ?,2,2
3,17,F,1,2003,1,1,1,2,2,1,2,1,1,2,2,3,2,2,14,6,1,1, ?,2,2
6,4,F,3,2003,2,1,1,2,2,1,1,1,1,1,1,1,1,2,14,6,1,1, ?,2,2
7,13,F,5,2003,2,1,1,2,2,1,1,1,1,1,1,1,1,2,14,6,1,1, ?,2,2
5,13,F,5,2003,2,1,1,2,2,1,1,1,1,1,1,2,1,2,14,6,1,1, ?,2,2
8,13,G,5,2003,4,1,1,2,2,2,4,1,2,1,1,1,1,2,8,6,1,1,35,2,2
3,13,F,5,2003,4,1,1,2,2,1,4,1,1,3,2,4,1,2,14,6,1,1, ?,2,2
4,12,G,5,2003,4,1,1,2,2,1,2,1,1,1,1,3,1,2,19,6,2,1,20,2,2
1,1,G,5,2003,2,1,1,2,2,1,1,1,1,1,1,1,1,2,12,6,1,1, ?,2,2
5,8,F,5,2003,3,1,1,2,2,1,1,1,1,1,1,1,1,1,7,6,1,1,26,2,2
7,8,F,5,2003,3,1,1,2,2,1,1,4,1,1,1,5,1,2,9,6,1,1, ?,1,2
3,8,F,5,2003,4,1,1,2,2,1,2,1,1,1,1,1,1,2,14,6,1,1, ?,1,2
3,8,F,5,2003,3,1,1,2,2,1,1,1,1,1,1,1,1,2,7,4,1,1, ?,2,2
3,8,F,5,2003,2,1,1,2,2,1,2,1,1,1,1,1,1,2,8,6,1,1,40,2,2
3,8,F,5,2003,1,1,1,2,2,1,1,1,1,1,1,1,1,2,9,11,1,1, ?,1,2
3,8,F,5,2003,1,1,1,2,2,1,1,1,1,1,1,1,1,2,14,6,1,7, ?,1,2
3,14,G,5,2003,4,1,1,2,2,1,3,1,1,1,1,5,1,1,8,6,1,1,32,2,2
1,14,G,5,2003,2,1,3,2,2,1,1,1,5,1,1,5,1,1,7,11,1,1, ?,2,2
1,4,S,4,2003,3,1,1,2,2,1,1,1,1,1,1,2,1,1,8,6,1,1,42,1,2
6,4,F,4,2003,4,1,1,2,2,1,4,1,1,1,1,1,1,1,7,6,1,1, ?,2,2
6,4,F,4,2003,3,1,1,2,2,1,1,1,1,1,1,5,1,2,4,6,1,1, ?,2,2
2,4,F,4,2003,3,1,1,1,1,1,1,5,5,1,1,4,5,2,14,1,1,1, ?,2,2
1,14,F,4,2003,3,3,1,2,1,1,1,2,1,1,1,5,1,1,9,2,1,1, ?,1,2
1,14,F,4,2003,3,1,1,2,2,1,1,1,1,1,1,5,1,2,9,4,1,1, ?,2,2
3,14,F,4,2003,2,2,4,2,2,1,1,1,1,1,1,5,1,1,14,4,1,1,40,2,2
10,3,F,3,2003,4,1,8,2,2,1,4,1,1,1,1,1,1,2,19,11,1,1, ?,2,2
3,3,G,3,2003,3,1,1,2,2,1,1,2,1,1,1,2,1,2,9,1,1,1,38,2,2
1,3,F,3,2003,4,1,1,1,2,1,1,1,1,1,1,1,1,2,12,1,1,1, ?,2,2
7,3,G,3,2003,3,3,3,2,2,1,1,1,1,1,1,2,1,2,14,6,1,1, ?,1,2
1,7,F,4,2003,2,2,1,2,2,1,1,1,1,1,3,3,1,1,14,6,1,1, ?,2,2
7,7,G,4,2003,3,1,1,2,2,1,1,1,1,1,1,3,1,1,19,4,1,1,25,2,2
8,7,F,4,2003,2,1,1,2,2,1,1,2,1,1,1,1,1,2,8,1,1,1, ?,2,2
7,7,G,4,2003,3,1,1,2,2,1,1,1,1,1,1,3,1,2,14,6,1,1,50,2,2
4,8,G,4,2003,4,1,1,2,2,1,4,1,1,1,1,2,1,2,4,6,1,1, ?,2,2
2,2,S,4,2003,3,1,8,2,2,1,1,1,1,1,1,3,1,2,14,5,1,1,39,2,2
1,2,F,4,2003,3,1,3,2,2,1,1,1,1,1,1,1,1,2,8,6,1,1, ?,1,2
5,13,F,4,2003,4,1,1,2,2,1,2,1,1,1,1,2,1,2,14,5,2,1,45,2,2
5,13,S,4,2003,4,1,1,2,2,1,4,1,1,1,1,2,1,2,7,6,1,1,26,2,2
7,13,F,4,2003,4,1,3,2,2,1,4,1,1,1,1,2,1,2,19,6,1,1, ?,2,2
6,15,F,3,2003,2,1,1,2,2,1,1,1,1,1,1,1,1,2,9,6,2,1,37,1,2
6,15,F,3,2003,4,1,1,2,2,1,2,1,1,1,1,1,1,1,14,6,2,1, ?,2,2
6,15,F,3,2003,1,1,1,2,2,1,4,4,5,1,1,1,1,2,14,5,2,1,40,2,2
4,12,G,6,2003,3,1,1,1,2,2,1,1,3,1,3,4,1,2,14,4,1,1,25,2,2
7,13,S,2,2003,3,1,1,1,2,1,1,1,1,1,1,4,4,2,14,6,1,1, ?,2,2
4,8,F,6,2003,3,1,1,2,2,1,1,1,1,1,1,1,1,2,8,6,1,1,35,2,2
2,14,F,6,2003,4,2,1,1,2,2,4,1,2,1,1,1,1,1,8,6,1,1,40,2,2
3,10,F,5,2003,4,1,1,2,2,1,2,1,1,1,1,3,1,2,14,6,1,1, ?,2,2
4,10,F,1,2003,3,1,1,1,2,1,1,1,1,1,1,3,1,2,14,6,1,1, ?,2,2
5,13,F,6,2003,3,1,1,2,2,1,1,1,1,1,1,2,1,2,14,4,1,1, ?,2,2
5,3,F,5,2003,2,1,4,2,2,1,2,1,1,1,1,3,1,2,8,6,2,1,36,2,2
4,11,S,3,2003,4,7,1,2,2,1,4,1,1,1,1,2,1,2,8,11,1,1, ?,2,2
4,11,F,3,2003,3,3,1,2,2,2,1,2,2,1,1,4,1,2,15,11,1,1,45,2,2
2,6,F,6,2003,2,1,1,2,2,2,1,4,2,1,2,1,1,2,9,1,1,1, ?,2,2
1,11,G,6,2003,3,1,1,2,2,1,1,1,1,1,1,?,1,2,14,6,1,1, ?,2,2
1,11,F,6,2003,3,3,1,1,2,1,2,3,1,1,1,2,2,2,8,11,1,1, ?,2,2
1,11,F,6,2003,1,1,1,2,2,1,3,1,1,1,1,1,1,1,14,6,1,1, ?,2,2
1,11,F,6,2003,2,1,1,1,2,1,1,1,1,1,1,4,1,2,5,6,1,1, ?,2,2
1,11,F,3,2003,2,1,1,2,2,1,1,1,1,1,1,2,1,2,14,6,1,1, ?,2,2
1,11,F,3,2003,4,2,1,2,2,1,3,1,1,1,1,5,1,1,14,6,1,1,38,2,2
1,11,F,1,2003,3,1,8,2,2,1,1,1,1,1,1,5,1,1,14,6,1,1, ?,1,2
8,11,F,6,2003,2,1,1,2,2,1,4,1,1,1,2,3,1,2,14,6,1,3, ?,2,2
5,11,S,3,2003,4,1,3,2,2,1,3,1,1,1,1,1,1,2,14,4,1,1,33,2,2
5,11,F,3,2003,1,1,1,2,2,1,2,1,1,1,1,1,1,2,9,6,1,1, ?,1,2
3,3,F,4,2003,4,1,1,2,2,1,4,1,1,1,1,3,1,1,12,6,1,1,27,2,2
5,3,F,5,2003,4,1,4,2,2,1,4,1,1,1,1,3,1,2,14,6,1,1, ?,2,2
1,3,G,5,2003,2,1,1,1,1,1,1,1,1,1,1,5,2,1,14,6,1,1,40,1,2
1,3,S,5,2003,3,1,1,1,2,1,1,1,1,1,1,1,1,2,14,6,1,3,45,2,2
7,3,F,5,2003,2,1,1,2,1,1,1,1,1,1,1,2,1,2,14,6,1,1, ?,2,2
4,8,G,7,2003,3,1,1,1,2,1,1,1,1,1,1,2,1,2,14,6,1,1, ?,1,2
3,8,F,7,2003,2,2,3,2,2,1,1,1,1,1,1,1,1,2,8,6,1,1,30,2,2
3,3,F,6,2003,2,1,1,2,2,2,1,2,2,1,1,2,1,2,9,2,1,1,35,2,2
7,7,S,6,2003,3,1,1,2,2,1,1,2,1,1,1,?,1,2,9,1,1,1,45,2,2
6,11,F,4,2003,?,1,1,2,2,1,1,1,1,1,1,2,1,2,14,6,1,1, ?,2,2
6,11,F,5,2003,3,1,1,2,2,2,1,1,2,1,1,2,1,2,8,6,1,1, ?,2,2
8,11,F,6,2003,4,1,1,2,2,1,4,1,1,1,1,2,1,2,14,6,1,1, ?,2,2
8,11,F,6,2003,1,1,1,2,2,1,4,1,1,1,1,4,1,2,14,6,1,1, ?,2,2
2,11,G,5,2003,2,1,1,2,2,1,2,1,1,1,2,2,1,2,14,6,1,1,30,2,2
8,11,F,5,2003,3,1,1,2,2,1,1,1,1,1,1,2,1,2,14,6,1,1, ?,2,2
10,17,F,3,2003,2,7,1,1,2,1,1,1,1,1,1,1,1,2,8,6,1,1,40,2,2
10,17,F,5,2003,3,1,1,2,2,1,1,1,1,1,1,1,1,2,9,6,1,1, ?,2,2
10,17,F,6,2003,2,1,1,2,2,1,1,1,1,1,1,1,1,2,9,6,1,1, ?,2,2
10,17,F,6,2003,2,1,1,2,2,2,1,1,2,1,1,4,1,2,14,11,1,1,35,2,2
8,17,F,4,2003,3,1,1,2,2,1,1,1,1,1,1,1,1,2,9,6,1,1, ?,2,2
8,17,F,5,2003,4,1,3,1,2,1,3,1,1,2,1,1,1,2,9,6,1,1, ?,1,2
8,17,F,6,2003,3,1,1,2,2,1,1,1,1,1,1,1,1,2,9,6,1,1, ?,1,2
8,17,F,6,2003,3,1,3,1,2,1,1,1,1,1,1,1,1,2,9,6,1,1, ?,2,2
1,17,F,3,2003,3,1,1,2,2,1,1,1,1,1,1,1,1,2,15,6,1,1, ?,1,2
1,17,F,3,2003,2,1,1,2,2,1,2,1,1,1,1,1,1,2,9,6,1,1, ?,1,2
7,17,F,6,2003,4,1,3,2,1,1,2,1,1,1,1,1,1,1,8,6,2,7, ?,1,2
7,17,F,5,2003,2,1,8,2,2,1,1,1,1,1,3,5,1,2,9,6,1,7, ?,2,2
6,17,S,3,2003,3,1,1,1,2,1,1,1,1,1,1,3,1,1,8,8,1,1,30,2,2
3,17,F,5,2003,2,2,3,1,2,1,1,1,1,1,1,3,1,2,9,1,1,1,32,2,2
11,9,F,7,2003,2,1,1,2,2,1,2,1,1,1,1,1,1,2,14,11,1,1, ?,2,2
1,10,S,6,2003,2,2,6,2,2,1,1,1,1,1,1,2,1,2,8,11,1,1, ?,1,2
6,9,F,7,2003,3,2,8,1,1,1,1,1,1,1,1,2,1,1,14,11,1,1, ?,2,2
7,9,F,8,2003,2,7,8,2,2,1,1,1,1,1,1,1,1,2,14,6,1,7,35,2,2
7,9,F,9,2003,3,3,8,2,1,1,1,1,1,1,1,1,1,2,19,11,1,7,40,1,2
7,9,F,9,2003,3,3,1,1,2,1,1,1,1,1,1,1,1,2,13,4,1,7,40,1,2
10,11,G,8,2003,3,1,1,2,2,1,1,1,1,1,1,4,1,2,12,2,1,1, ?,2,2
5,11,F,8,2003,1,1,1,2,2,1,4,1,1,1,1,1,1,2,14,6,2,1,35,2,2
4,11,F,9,2003,2,3,1,2,2,1,1,1,1,1,1,4,1,2,4,6,1,1, ?,2,2
8,11,F,9,2003,4,1,1,2,2,1,4,1,1,1,1,3,3,2,14,6,1,1, ?,2,2
4,11,F,9,2003,2,3,8,2,2,1,1,1,1,3,1,4,1,2,7,8,1,1, ?,2,2
1,2,F,8,2003,4,1,4,1,2,1,3,1,1,1,1,5,1,1,14,7,1,7,40,2,2
1,10,G,9,2003,2,1,1,2,2,1,1,1,1,1,1,3,1,2,8,6,1,1, ?,2,2
3,6,F,2,2003,2,1,1,2,2,1,1,1,1,1,1,3,1,2,14,6,1,1, ?,2,1
3,6,F,3,2003,3,1,1,2,2,1,1,1,1,1,1,3,1,1,14,6,1,1, ?,2,2
4,6,F,7,2003,3,1,1,2,2,1,1,1,1,1,1,1,4,2,9,6,1,1,55,2,2
1,6,F,7,2003,3,1,1,2,2,1,1,1,1,1,1,1,1,2,9,6,1,1,40,2,2
1,6,G,9,2003,4,1,1,2,1,1,1,1,1,1,1,1,1,2,8,6,1,1,34,2,2
5,15,F,8,2003,2,1,1,2,2,1,2,1,1,1,1,3,1,2,14,6,1,1, ?,2,2
1,8,F,9,2003,2,1,1,2,2,1,3,1,1,1,1,3,1,2,8,5,1,1,35,2,2
5,13,F,9,2003,3,1,1,2,2,1,1,1,1,1,1,3,1,2,8,6,1,1, ?,2,2
9,13,S,9,2003,4,1,4,2,2,1,4,1,1,1,1,4,1,1,8,6,1,1,29,1,2
9,13,F,9,2003,4,1,1,2,2,1,1,2,1,1,1,3,1,2,19,1,1,1,33,2,2
3,15,F,8,2003,4,1,1,2,2,1,2,1,1,1,1,1,1,2,14,6,1,1, ?,2,2
5,10,F,7,2003,1,1,1,2,2,1,2,1,1,1,1,3,1,2,19,11,1,1,55,2,2
4,15,F,7,2003,2,1,1,2,2,1,1,2,1,1,1,3,1,2,9,6,1,1, ?,2,2
3,15,F,7,2003,1,1,1,2,2,1,2,1,1,1,1,3,1,2,14,6,1,5,55,2,2
6,3,F,8,2003,4,1,1,2,2,1,2,1,1,1,1,3,1,2,8,6,1,1,1,2,2
5,1,F,9,2003,2,1,8,2,2,1,2,1,1,1,1,1,1,2,14,6,1,1,45,2,2
5,1,F,9,2003,3,1,8,2,2,1,3,1,1,1,1,1,1,2,9,10,1,1,45,2,2
9,11,F,7,2003,3,1,1,1,2,1,1,1,1,1,1,3,1,2,14,11,1,1,35,2,2
8,11,F,7,2003,2,1,1,2,2,1,1,1,1,1,2,3,1,2,14,6,1,3, ?,2,2
5,13,F,8,2003,2,3,1,2,2,1,1,1,1,1,1,3,1,2,14,6,1,1, ?,2,2
3,8,F,8,2003,4,1,1,2,2,1,4,1,1,1,1,1,1,2,14,6,1,1, ?,2,2
3,8,F,8,2003,4,3,3,2,1,1,1,1,1,1,1,1,1,2,8,4,1,1, ?,2,2
4,8,F,9,2003,4,1,1,2,2,2,2,3,2,1,1,2,1,2,10,6,1,1, ?,2,2
3,8,F,9,2003,2,1,1,2,2,1,4,1,1,1,1,1,1,2,14,6,1,3, ?,1,2
5,13,F,9,2003,2,1,1,2,2,1,4,1,1,1,1,2,1,2,4,6,1,1, ?,2,2
4,11,F,7,2003,2,1,8,1,2,2,4,1,2,1,1,3,1,2,14,11,1,1, ?,2,2
12,9,F,8,2003,3,3,8,2,2,1,1,2,1,1,1,1,1,2,8,11,2,1, ?,1,2
3,13,F,7,2003,2,7,1,2,2,1,1,2,1,1,1,3,1,2,14,1,2,6,40,1,2
5,13,G,7,2003,2,1,1,2,2,1,1,1,1,1,1,2,2,2,14,6,1,1,40,2,2
2,14,F,7,2003,3,1,1,1,2,1,1,1,1,1,1,1,1,1,14,6,1,1,29,2,2
2,1,G,6,2003,2,1,1,2,2,2,1,1,2,1,1,3,2,2,8,1,1,1,39,2,2
1,1,F,6,2003,3,1,1,2,2,2,1,1,1,1,1,1,1,2,8,6,1,1, ?,2,1
5,1,F,6,2003,3,1,1,2,2,1,1,1,2,1,1,1,1,2,8,6,1,1,42,2,2
1,15,F,8,2003,4,1,1,2,2,2,4,1,1,1,1,1,1,2,14,6,1,1,55,2,2
4,3,F,7,2003,4,1,1,1,2,1,4,1,1,1,1,4,1,2,9,6,1,1, ?,2,2
12,3,F,7,2003,3,3,8,1,2,1,1,1,1,1,1,3,1,2,14,5,1,1,33,2,2
5,9,G,6,2003,2,1,1,2,2,1,1,1,1,1,1,3,1,2,8,6,1,1,28,1,2
5,9,G,4,2003,2,1,1,1,2,1,1,1,1,2,2,4,1,2,4,6,1,1,28,1,2
2,9,F,6,2003,2,1,1,1,2,1,1,1,1,1,1,2,1,2,14,6,1,1, ?,2,2
12,9,F,1,2003,3,1,1,2,2,1,1,1,1,1,1,1,1,2,14,11,1,1,33,2,2
1,15,F,5,2003,3,1,1,2,2,1,1,1,1,1,1,1,1,2,14,6,1,7,40,2,2
1,15,G,5,2003,2,1,8,2,2,1,1,1,1,1,1,1,1,2,19,6,2,1, ?,2,2
6,15,S,5,2003,2,1,1,2,2,1,1,1,1,1,1,1,1,2,12,4,1,1,35,2,2
5,15,F,5,2003,2,1,1,2,2,1,1,2,1,1,1,4,1,2,9,5,1,1, ?,2,2
1,15,F,4,2003,2,1,3,2,2,1,1,1,1,1,1,1,1,2,8,6,1,1,40,2,2
5,15,G,4,2003,4,1,1,2,2,1,4,1,1,1,1,3,1,2,7,6,1,1,25,2,2
4,15,F,4,2003,2,3,1,1,2,2,2,2,2,1,2,3,1,2,13,2,1,3,26,2,2
1,15,F,9,2003,3,1,1,2,2,1,2,1,1,1,1,1,1,2,7,6,1,1, ?,2,2
4,15,F,9,2003,4,1,1,1,2,1,2,1,1,1,1,1,1,2,19,1,1,1, ?,2,2
5,15,F,9,2003,3,2,1,2,2,1,1,1,1,1,1,3,1,2,4,11,1,1, ?,2,2
7,15,F,6,2003,2,1,1,2,2,1,1,2,1,1,1,3,1,2,19,2,2,1,22,2,2
4,15,F,6,2003,3,1,1,2,2,1,1,1,1,1,1,1,1,2,7,6,1,1, ?,2,2
1,17,F,7,2003,2,1,1,2,2,1,1,1,1,1,1,4,4,2,19,6,2,1,25,2,2
1,17,F,8,2003,2,1,1,2,2,1,1,1,1,1,1,4,1,2,14,6,1,7, ?,1,2
1,17,S,8,2003,2,1,8,2,2,1,1,1,1,1,1,5,1,2,6,6,1,7, ?,1,2
1,17,F,8,2003,3,1,1,2,2,1,1,1,1,1,1,1,1,2,9,6,1,7,26,2,2
1,17,F,9,2003,2,1,1,2,2,1,1,1,1,1,1,1,1,2,9,5,1,7, ?,1,2
7,17,F,7,2003,3,1,8,2,2,1,1,1,1,1,1,1,1,2,9,6,1,1, ?,1,2
7,17,F,9,2003,1,1,8,2,1,1,4,1,1,1,1,1,1,2,14,6,1,7,42,2,2
7,17,F,9,2003,2,1,1,1,2,1,1,1,1,1,1,4,1,2,17,5,1,7,40,2,2
3,17,F,7,2003,2,1,1,2,2,1,1,1,1,1,1,1,1,2,19,11,2,6,25,1,2
3,17,F,9,2003,3,3,1,1,1,1,1,1,1,1,1,1,1,2,19,6,2,1, ?,1,2
6,17,F,9,2003,3,1,1,1,2,1,1,2,1,1,1,4,1,2,8,2,1,1,48,2,2
8,17,F,7,2003,2,1,1,2,2,1,1,1,1,1,1,3,1,2,6,1,1,1, ?,2,2
10,17,F,7,2003,2,1,1,1,2,1,1,1,1,1,1,1,1,2,8,6,1,1, ?,2,2
10,17,F,9,2003,3,1,3,2,2,1,1,1,1,1,1,1,1,2,8,6,1,1, ?,2,2
2,17,F,8,2003,3,1,1,2,2,1,1,1,1,2,2,3,1,2,7,6,1,1, ?,2,2
2,17,F,9,2003,3,1,3,2,2,1,1,1,1,1,1,3,1,2,8,6,1,1,30,2,2
4,14,S,10,2003,4,1,7,2,2,1,2,1,1,1,1,5,1,1,5,6,1,1, ?,1,2
3,14,G,10,2003,1,3,1,2,2,1,1,1,1,1,1,5,1,1,4,6,1,1,37,2,2
4,14,F,9,2003,2,7,3,2,2,1,1,1,1,1,1,5,1,2,14,6,1,7, ?,2,2
2,14,F,9,2003,3,1,1,2,2,1,1,1,1,1,1,5,1,1,8,1,1,1, ?,2,2
3,14,G,9,2003,2,3,1,2,2,1,1,1,1,1,1,5,1,1,12,6,2,1, ?,1,2
10,9,F,7,2003,2,1,1,2,2,1,2,1,1,1,1,1,1,2,14,11,1,1, ?,2,2
1,12,F,10,2003,2,1,1,2,2,1,1,1,1,1,1,3,1,2,8,6,1,1,35,2,2
1,11,F,10,2003,1,4,1,2,2,1,1,1,1,1,1,2,1,1,14,6,1,1,32,2,2
10,11,F,10,2003,3,3,3,1,2,1,2,1,1,1,1,3,1,2,8,6,1,1,35,2,2
8,7,F,10,2003,2,1,1,1,2,1,1,1,1,1,1,3,1,2,9,6,1,1, ?,2,2