Thana,District,Accident_Severity,Month,Year,Time,Junction_Type,Traffic_Control,Movement,Divider,Weather,Light,Road_Geometry,Surface_Condition,Surface_Type,Surface_Quality,Road_Class,Road_Feature,Location_Type,Vehicle_Type,Vehicle_Movement,Vehicle_Loading,Vehicle_Defect,Vehicle_Driver_Age,Vehicle_Alcohol,Vehicle_Seat_Belt
3,3,F,9,2003,4,1,1,2,2,1,2,1,1,1,1,4,1,2,6,6,1,1,30,2,2
4,3,G,9,2003,4,1,1,2,2,1,1,1,1,1,1,3,1,2,9,5,1,1,30,2,2
1,9,F,3,2003,2,1,3,2,2,1,1,1,1,1,1,5,1,1,14,6,1,1, ?,2,2
6,4,G,2,2003,3,1,1,2,1,1,1,1,1,1,1,1,1,2,8,6,1,1, ?,2,2
1,4,G,6,2003,2,1,1,2,2,2,1,1,2,1,1,2,5,2,14,11,1,1,35,2,2
6,4,F,8,2003,2,1,1,2,2,1,1,1,1,1,1,1,1,1,8,6,1,1,42,2,2
5,4,F,8,2003,3,1,3,2,2,1,1,1,2,1,1,3,1,2,14,6,2,7,30,2,2
1,4,G,7,2003,2,1,1,2,2,1,1,1,1,1,1,3,1,1,9,6,1,1, ?,2,2
1,4,F,5,2003,3,1,1,2,2,1,1,1,1,1,1,3,1,2,8,6,1,1,35,2,2
2,13,F,10,2003,3,1,1,2,2,1,1,1,1,1,1,3,1,2,19,6,1,1, ?,2,2
5,5,F,4,2003,1,3,1,2,1,1,2,1,1,1,1,1,1,2,14,6,1,1,41,2,2
5,5,F,3,2003,3,1,1,1,2,1,1,1,1,1,1,1,1,2,9,6,1,1,40,2,2
5,5,F,1,2003,2,1,1,2,1,4,2,1,1,1,1,1,1,2,13,6,1,1,34,2,2
5,5,S,1,2003,2,1,1,2,2,4,1,1,2,1,1,1,1,1,9,9,1,1,45,2,2
5,5,F,1,2003,3,1,1,2,1,1,1,1,1,1,1,1,1,2,4,6,1,1, ?,2,1
1,5,F,9,2003,3,7,8,2,2,1,1,1,1,1,1,1,1,2,9,6,1,1, ?,2,2
1,5,F,6,2003,3,1,1,2,2,1,1,1,1,1,2,5,1,1,8,5,2,1,35,1,2
1,5,F,1,2003,2,1,8,2,2,1,1,1,1,1,1,1,1,1,14,6,1,1, ?,1,2
8,5,F,5,2003,4,1,8,2,1,1,4,1,1,1,1,1,1,2,14,6,1,1, ?,2,2
8,5,F,1,2003,3,3,3,2,1,1,1,1,1,1,1,1,1,1,14,6,2,1, ?,2,2
5,5,F,4,2003,2,1,1,2,2,1,1,1,1,1,1,4,1,2,14,6,1,1,40,2,2
5,5,F,5,2003,3,1,1,2,1,1,1,1,1,1,1,1,1,2,12,6,1,1,35,1,2
5,5,G,7,2003,2,1,1,2,1,2,1,1,2,1,1,1,1,2,9,6,1,1, ?,2,2
5,5,F,9,2003,1,1,1,2,1,1,4,3,1,1,1,1,2,2,14,6,1,1,28,2,2
5,5,F,9,2003,2,1,1,2,2,1,1,1,1,1,1,1,1,2,8,6,1,1,35,2,2
6,5,F,1,2003,3,2,1,2,2,1,1,1,1,1,1,1,1,2,9,6,1,1, ?,2,2
6,5,G,6,2003,2,1,1,1,1,1,1,1,2,1,1,1,1,2,9,6,1,1, ?,2,2
6,5,F,7,2003,1,7,1,2,2,1,4,1,1,1,1,3,1,2,14,6,1,1, ?,2,2
6,5,F,9,2003,4,7,1,2,2,1,2,1,1,1,1,1,1,2,13,6,1,1, ?,2,2
7,5,F,2,2003,4,1,8,1,2,4,4,1,1,1,1,1,1,2,9,6,1,1, ?,2,2
11,3,G,10,2003,1,1,1,2,2,1,1,1,1,1,1,3,1,2,8,6,2,1, ?,1,2
2,5,F,3,2003,3,1,3,2,2,1,1,1,1,1,1,3,1,2,9,6,2,1, ?,1,2
5,15,F,10,2003,3,1,1,2,2,1,1,1,1,1,1,3,1,2,9,6,1,1, ?,2,2
1,2,F,11,2003,2,1,4,2,2,1,1,1,1,1,1,1,1,2,14,6,1,7, ?,1,2
4,12,F,11,2003,4,7,8,1,2,1,4,1,5,1,3,3,1,2,14,5,2,7, ?,1,2
8,13,F,11,2003,2,1,1,2,2,1,1,1,1,1,1,1,1,2,9,6,1,1,40,2,2
5,13,S,11,2003,2,1,1,2,1,1,1,1,1,1,1,2,1,2,8,6,1,5,36,2,2
6,13,F,11,2003,3,1,1,2,2,1,1,5,2,2,1,2,1,1,19,11,1,1, ?,2,2
6,3,F,11,2003,4,1,1,2,2,1,1,1,1,1,1,3,1,2,9,6,2,1, ?,2,2
3,14,F,11,2003,2,7,8,1,2,1,1,1,1,1,1,2,1,2,8,6,1,7, ?,2,2
2,14,G,11,2003,2,1,1,2,2,1,1,1,1,1,1,1,1,1,9,6,1,1, ?,2,2
3,1,G,11,2003,2,1,8,2,2,1,1,1,1,1,1,1,1,2,12,6,1,1,35,2,1
4,15,F,11,2003,2,1,1,2,2,1,1,1,1,1,1,1,1,2,9,6,1,7,40,2,2
6,15,F,11,2003,2,1,1,2,2,1,1,1,1,1,1,1,1,2,8,6,1,7,35,2,2
1,4,F,11,2003,2,1,1,2,2,1,1,1,1,1,1,3,1,2,9,6,2,2,35,2,2
5,4,F,11,2003,3,1,1,2,2,1,1,1,1,1,1,3,1,2,9,6,1,1,47,2,2
5,4,F,11,2003,3,1,1,2,2,1,1,1,1,1,1,3,1,2,7,6,1,1, ?,2,2
2,4,F,11,2003,3,1,1,2,2,1,1,1,1,1,1,3,1,2,9,6,1,1, ?,2,2
5,11,F,11,2003,2,1,1,2,2,1,1,1,1,1,1,2,1,2,7,6,1,1,26,2,2
3,11,F,11,2003,1,1,1,2,2,1,1,1,1,1,1,2,1,2,14,1,1,1,35,2,2
1,14,F,12,2003,2,3,1,2,2,1,1,1,1,1,1,1,1,1,14,6,1,1, ?,2,2
1,14,F,12,2003,1,7,8,2,2,1,2,1,1,2,1,5,1,1,9,7,1,1, ?,2,2
3,14,F,12,2003,4,1,8,2,1,1,1,1,1,1,1,5,1,2,7,11,1,7, ?,1,2
10,7,G,12,2003,2,7,8,2,2,1,1,1,1,1,1,3,1,2,13,6,1,3,20,2,2
1,7,F,12,2003,3,7,1,2,2,1,1,2,1,1,1,2,1,2,14,6,1,1, ?,2,2
10,7,G,12,2003,4,7,1,2,2,1,3,1,1,1,1,2,1,2,9,11,1,1,41,2,2
4,11,F,11,2003,1,1,1,2,2,1,1,1,1,1,1,2,1,2,19,11,1,7,32,2,2
1,11,F,11,2003,2,4,1,2,2,1,1,2,1,1,2,2,1,1,10,6,1,1, ?,2,2
3,3,S,12,2003,4,1,1,2,2,1,1,1,1,1,1,2,1,1,17,1,1,1, ?,2,2
3,3,F,12,2003,3,1,1,2,2,1,1,1,1,1,1,2,1,2,9,6,1,1,32,2,2
11,9,F,10,2003,3,1,1,2,2,1,1,1,1,1,1,1,1,2,9,6,1,1, ?,2,2
11,9,F,11,2003,2,5,1,1,2,1,1,1,1,1,1,3,3,2,8,1,1,3,40,1,2
10,9,F,7,2003,1,3,1,2,2,1,2,1,1,1,1,1,1,1,14,6,2,1,37,2,2
12,9,F,11,2003,3,1,1,2,2,1,1,1,1,1,1,1,1,1,9,5,1,1, ?,2,2
4,12,F,12,2003,1,7,8,2,2,1,4,1,1,1,1,2,1,2,8,6,1,7, ?,2,2
3,9,F,10,2003,2,3,8,1,2,1,1,1,1,1,1,3,1,2,8,11,1,1,35,2,2
5,9,F,11,2003,2,1,8,2,2,1,1,1,1,1,1,1,1,2,14,6,1,1, ?,2,2
2,9,F,12,2003,2,1,1,2,1,1,1,1,1,1,1,1,1,1,8,6,1,7, ?,1,2
11,9,F,12,2003,3,7,1,2,2,1,1,1,1,1,1,1,1,1,9,11,1,1,45,2,2
2,1,G,12,2003,2,1,1,1,2,4,1,2,1,1,1,3,1,2,8,2,1,1,38,2,2
3,1,F,12,2003,3,1,1,2,2,1,1,1,1,1,1,4,1,2,14,11,1,1, ?,2,2
1,10,F,10,2003,3,7,1,2,2,1,1,1,1,1,1,3,1,2,8,11,1,7,40,2,2
3,10,S,12,2003,1,1,8,1,2,1,1,1,1,1,1,2,1,2,4,6,1,1, ?,2,2
2,10,S,10,2003,2,7,1,2,2,2,1,2,2,1,1,3,1,2,8,2,1,1, ?,2,2
8,11,F,11,2003,2,1,1,2,2,1,1,1,1,1,1,4,1,2,4,6,1,7, ?,1,2
7,16,F,3,2003,3,1,3,2,2,1,1,1,1,1,1,5,1,1,9,11,1,1, ?,2,2
7,16,F,3,2003,4,1,1,2,2,1,1,1,1,1,1,4,1,2,19,6,1,1, ?,2,2
7,16,F,5,2003,3,1,1,2,2,1,1,1,1,1,1,1,1,2,9,6,1,1, ?,2,2
7,16,F,11,2003,2,1,1,2,2,1,1,1,1,1,1,1,1,2,9,6,1,1, ?,2,2
9,16,F,9,2003,2,1,2,2,2,1,1,1,1,1,1,1,1,2,16,6,1,1, ?,1,2
1,16,F,3,2003,2,1,1,2,2,1,1,1,1,1,1,3,1,2,14,6,1,1, ?,2,2
1,16,F,3,2003,3,7,4,1,2,1,1,1,1,1,1,5,1,1,9,6,1,1,38,2,2
1,16,F,6,2003,3,1,1,1,2,1,1,1,1,1,1,3,1,2,8,4,2,1, ?,1,2
1,16,F,6,2003,2,1,1,1,1,1,1,1,1,1,1,3,1,1,9,6,1,1, ?,2,2
1,16,F,9,2003,2,7,8,2,2,1,1,1,1,1,1,3,1,2,4,4,1,1, ?,2,2
1,16,G,11,2003,3,1,1,2,2,1,1,1,1,1,1,3,1,2,9,6,1,1, ?,2,2
1,16,F,12,2003,3,1,8,1,2,1,1,1,1,1,1,3,1,2,9,6,1,1, ?,2,2
8,16,F,12,2003,3,1,1,2,1,1,1,1,1,1,1,1,1,2,9,6,1,1, ?,2,2
10,16,F,3,2003,2,1,1,1,2,1,1,1,1,1,1,3,1,2,14,6,1,1, ?,2,2
10,16,F,3,2003,3,1,1,2,2,1,1,1,1,1,1,1,1,2,9,6,1,1, ?,2,2
10,16,F,4,2003,1,1,1,2,2,1,1,1,1,1,1,1,1,2,14,6,1,1, ?,1,2
10,16,F,5,2003,2,1,1,2,2,1,1,1,1,1,1,1,1,2,14,6,1,1, ?,2,2
10,16,F,5,2003,?,1,1,2,2,1,1,1,1,1,1,1,1,2,14,6,1,1, ?,2,2
10,16,G,6,2003,3,1,1,2,1,1,1,1,1,1,1,1,1,2,9,6,1,1, ?,2,2
10,16,G,6,2003,4,1,1,2,2,1,1,1,1,1,1,1,1,2,9,6,1,1, ?,2,2
10,16,F,6,2003,4,1,1,2,2,1,1,1,1,1,1,1,1,1,7,6,1,1, ?,2,2
10,16,F,7,2003,1,1,1,1,1,1,1,2,1,1,1,1,1,2,9,6,1,1, ?,2,1
10,16,S,7,2003,3,1,1,2,2,1,1,1,1,1,1,1,1,1,9,6,1,1, ?,2,2
10,16,F,7,2003,1,1,1,2,2,1,1,1,1,1,1,1,1,1,9,6,1,1, ?,2,1
10,16,F,8,2003,2,1,1,2,1,1,1,1,1,1,1,1,1,2,9,6,1,1, ?,2,2
10,16,F,8,2003,?,1,1,2,2,1,1,1,1,1,1,1,1,2,9,6,1,1, ?,2,2
10,16,F,9,2003,?,1,1,2,2,1,1,1,1,1,1,1,1,1,9,6,1,1, ?,2,2
10,16,F,9,2003,3,1,1,2,2,1,1,1,1,1,1,1,1,2,14,6,1,1, ?,2,2
10,16,F,10,2003,?,1,1,2,2,1,1,1,1,1,1,1,1,2,7,6,1,1, ?,2,2
10,16,F,10,2003,3,1,1,2,2,1,1,1,1,1,1,1,1,2,14,6,1,1, ?,2,2
10,16,G,10,2003,3,1,1,2,2,1,1,1,1,1,1,1,1,2,9,6,1,1, ?,2,2
10,16,F,11,2003,1,1,1,2,2,1,1,1,1,1,1,1,1,2,9,6,1,1, ?,2,2
10,16,F,12,2003,1,1,1,2,2,1,1,1,2,1,1,1,1,2,9,6,1,1, ?,2,2
11,16,F,4,2003,3,1,1,2,2,1,1,1,1,1,1,1,1,2,9,6,1,1, ?,2,2
11,16,G,7,2003,1,1,1,2,2,1,4,1,1,1,1,1,1,2,9,6,1,1, ?,2,2
11,16,F,9,2003,1,7,1,2,2,2,2,1,2,1,2,1,1,2,14,6,1,1, ?,2,2
11,16,F,8,2003,3,1,1,2,2,1,1,1,1,1,1,1,1,2,16,6,1,1,38,2,2
11,16,F,9,2003,2,1,1,2,2,1,1,1,1,1,1,1,1,2,12,6,1,1, ?,2,2
11,16,F,7,2003,2,1,1,2,2,1,1,1,1,1,1,1,1,2,8,4,1,1, ?,2,2
11,16,F,10,2003,3,7,3,1,2,1,1,1,1,1,1,1,2,2,9,5,1,1, ?,2,2
11,16,F,11,2003,1,1,3,2,2,1,3,1,1,1,1,1,1,2,19,11,1,1, ?,2,2
6,16,F,5,2003,4,1,1,2,2,1,4,1,1,1,1,1,1,2,14,6,1,1, ?,2,2
6,16,F,7,2003,2,1,1,2,2,1,4,1,1,1,1,1,1,2,14,6,1,1, ?,2,2
6,16,F,7,2003,4,1,1,2,2,1,4,1,1,1,1,1,1,2,14,11,1,3, ?,2,2
2,16,F,9,2003,3,1,3,2,2,1,1,1,1,1,1,4,1,2,8,6,2,1,30,1,2
8,16,F,4,2003,3,7,1,1,2,1,2,1,1,3,1,4,1,2,19,6,1,1,40,2,2
8,16,F,7,2003,2,7,1,2,2,2,1,1,2,1,1,3,1,2,19,11,1,1,25,2,2
8,16,F,10,2003,3,2,1,2,2,2,1,1,2,1,1,1,1,2,7,6,1,1,22,2,2
1,32,F,1,2003,2,3,1,2,2,1,1,1,1,1,1,2,1,1,8,6,1,1,30,2,2
1,32,F,2,2003,2,1,1,2,2,1,1,1,1,1,1,2,1,1,9,6,1,1, ?,2,2
6,30,G,1,2003,3,1,1,2,2,1,1,1,1,1,1,4,1,2,9,6,1,1,30,1,2
4,30,F,2,2003,3,1,1,2,2,1,1,1,1,1,1,3,1,2,8,6,1,1,40,2,2
5,30,F,1,2003,3,1,1,2,2,1,1,4,1,3,2,4,1,2,4,6,1,1,32,2,2
5,30,F,2,2003,2,1,1,2,2,1,1,1,1,1,1,4,1,2,10,6,1,1,22,2,2
5,30,F,2,2003,3,1,1,2,2,1,1,1,1,1,1,4,1,2,9,6,1,1, ?,2,2
5,27,F,3,2003,2,3,1,2,2,1,1,4,1,1,2,2,1,1,4,6,1,1, ?,2,1
5,30,F,2,2003,2,1,1,2,2,1,1,1,1,1,1,4,1,2,6,6,1,1, ?,2,2
5,30,F,3,2003,3,1,1,2,2,1,1,1,1,1,1,4,1,2,4,6,1,1, ?,2,1
6,34,S,2,2003,3,1,1,2,2,1,1,1,1,1,1,?,1,2,9,6,1,1, ?,2,2
6,34,F,3,2003,2,1,1,2,2,1,1,1,1,1,1,1,1,2,12,6,1,1,47,2,2
1,34,F,3,2003,3,1,1,2,2,1,1,1,1,1,1,5,1,1,9,6,1,1, ?,1,2
7,30,F,4,2003,?,1,1,2,2,1,4,1,1,1,1,1,1,2,6,6,2,1,25,1,2
5,30,F,4,2003,2,1,1,2,2,1,1,1,1,1,1,4,1,2,4,6,1,1, ?,2,2
2,32,F,4,2003,3,7,8,2,2,1,1,1,1,1,1,2,1,2,9,6,2,1, ?,2,2
5,27,F,5,2003,2,3,8,2,2,1,1,1,1,1,1,3,1,2,9,6,1,1, ?,2,2
1,31,S,5,2003,2,2,1,2,2,1,1,1,1,1,?,5,1,?,7,6,1,1,35,2,2
1,27,S,6,2003,1,1,5,2,2,1,1,1,1,1,1,2,1,1,8,11,1,3, ?,2,2
2,27,F,6,2003,3,1,1,2,2,1,1,1,1,1,1,2,1,2,6,6,1,1, ?,2,2
1,32,F,1,2003,?,7,1,2,2,4,1,1,1,1,1,1,1,2,9,2,2,1,35,1,2
1,32,F,5,2003,2,7,1,2,2,1,1,1,1,1,1,1,1,2,9,6,1,7, ?,2,2
3,33,F,2,2003,?,1,1,2,2,1,1,1,1,1,1,2,1,2,6,6,1,?, ?,2,2
3,33,F,3,2003,2,1,1,2,2,1,1,1,1,1,1,4,1,2,9,6,1,1, ?,2,2
3,33,F,6,2003,2,1,1,2,2,1,1,1,1,1,1,3,1,2,14,11,1,7, ?,2,2
3,33,F,7,2003,3,1,1,2,2,1,1,1,1,1,1,4,1,2,14,6,1,4, ?,2,2
4,33,S,4,2003,2,7,1,2,2,1,1,1,1,1,1,2,1,2,9,6,1,1, ?,2,2
4,33,M,6,2003,2,1,1,2,2,1,1,1,1,1,1,2,1,2,9,6,1,1, ?,2,2
4,33,F,6,2003,3,1,1,2,2,1,1,1,1,1,1,3,1,2,9,6,1,1, ?,1,2
1,33,F,5,2003,3,2,1,2,2,1,1,1,1,1,1,1,1,2,16,6,1,1, ?,2,2
5,33,S,3,2003,3,1,1,2,2,1,1,1,1,1,1,2,1,1,14,6,1,1,28,2,2
5,33,F,3,2003,3,1,1,2,2,1,1,1,1,1,1,5,1,1,13,6,1,1, ?,2,2
5,33,F,4,2003,2,1,1,2,2,1,1,1,1,1,1,2,1,1,9,6,2,1,40,2,2
5,30,F,5,2003,3,1,1,2,2,1,1,1,1,1,1,4,1,2,19,6,1,1, ?,2,2
7,30,G,5,2003,3,3,1,2,2,1,1,1,1,1,1,1,1,2,9,4,1,1,25,2,2
1,30,F,5,2003,2,1,1,2,2,1,1,1,1,1,1,1,1,2,8,1,1,1,35,2,2
1,30,F,6,2003,2,1,8,2,2,1,1,1,1,1,1,1,1,2,12,6,1,1, ?,2,2
6,34,M,4,2003,3,1,1,2,2,1,1,1,5,1,1,1,1,2,9,11,1,7, ?,2,2
6,34,F,5,2003,2,1,3,2,2,1,1,1,1,1,1,1,1,2,14,6,1,1, ?,1,2
6,34,F,6,2003,2,1,3,2,2,1,1,1,1,1,1,1,1,2,9,6,1,1, ?,2,2
5,34,M,7,2003,?,1,1,2,2,1,1,1,1,1,1,4,1,2,19,6,1,1, ?,2,2
5,27,F,7,2003,3,1,8,2,2,1,1,1,1,1,1,3,1,2,9,6,1,1,30,1,2
2,27,G,7,2003,3,2,1,2,2,1,1,1,1,1,1,2,1,1,8,6,1,1, ?,2,2
5,33,F,8,2003,1,7,1,2,2,1,4,1,1,1,1,2,2,2,14,6,2,1,35,2,2
1,33,F,7,2003,2,7,3,2,2,1,1,1,1,1,1,1,1,2,14,6,1,1, ?,2,2
1,33,F,8,2003,2,2,4,2,2,1,1,1,1,1,1,5,1,1,5,9,1,1,35,2,2
1,31,F,11,2003,3,1,1,2,2,1,1,2,1,1,1,2,1,1,9,2,1,1,35,2,2
6,27,S,5,2003,2,2,1,2,2,2,1,1,3,3,2,4,3,2,6,6,2,1, ?,2,2
2,27,F,10,2003,3,1,1,2,2,1,1,1,1,1,1,2,1,2,4,6,1,1,38,2,1
2,27,F,11,2003,2,1,1,2,2,1,1,1,1,1,1,2,1,2,10,6,1,1, ?,2,2
2,27,F,11,2003,2,1,1,2,2,1,1,1,1,1,3,2,1,2,9,6,1,3,24,1,2
4,30,S,9,2003,2,1,1,2,2,1,1,1,1,1,1,4,1,2,4,6,1,1,22,2,1
5,30,F,10,2003,3,1,4,2,2,1,1,1,1,1,1,4,1,2,6,11,1,1, ?,2,2
4,30,F,10,2003,2,1,1,2,2,1,1,1,1,1,1,4,1,2,6,6,1,1, ?,2,2
1,30,F,11,2003,3,1,1,2,2,1,1,1,1,1,3,1,1,2,9,6,1,1, ?,2,2
2,30,F,11,2003,2,1,1,2,2,1,1,1,1,1,3,4,1,2,6,6,1,1, ?,2,2
1,27,F,9,2003,3,1,2,2,2,1,1,1,1,1,1,1,1,2,9,6,1,1, ?,2,2
1,27,S,9,2003,2,1,1,2,2,1,1,1,1,1,1,2,1,2,8,6,1,1, ?,2,2
1,30,F,8,2003,3,2,1,2,2,1,1,1,1,1,1,1,1,2,8,6,1,1, ?,1,2
4,33,F,12,2003,2,3,1,2,2,1,1,1,1,3,2,4,1,2,19,6,1,1, ?,2,2
2,33,F,9,2003,2,1,8,2,2,1,1,1,1,1,1,1,1,2,14,6,1,1, ?,1,2
2,33,F,10,2003,4,1,3,2,2,1,2,1,1,1,1,4,1,2,13,7,2,2,42,1,2
2,33,G,10,2003,3,1,1,2,2,1,1,1,1,1,1,1,1,2,9,6,1,1, ?,1,2
2,32,F,10,2003,2,1,1,2,2,1,1,2,1,1,3,4,1,2,6,6,1,1, ?,2,2
4,32,F,10,2003,3,1,1,2,2,1,2,1,1,1,1,1,1,2,9,6,1,1, ?,2,2
4,32,G,11,2003,2,1,1,2,2,1,2,1,1,1,3,1,1,2,14,1,1,1, ?,1,2
1,32,F,9,2003,2,1,1,2,2,1,1,1,1,1,1,1,1,2,9,6,1,3, ?,2,2
6,34,G,8,2003,3,1,1,2,2,1,1,1,1,1,1,1,1,2,7,6,1,1, ?,2,2
6,34,F,10,2003,2,1,1,2,2,1,1,1,1,1,1,1,1,2,9,6,1,1,28,2,2
1,34,G,4,2003,2,1,1,2,2,1,1,1,1,1,1,1,4,2,9,6,1,3, ?,1,2
1,34,F,12,2003,3,3,2,2,2,1,1,1,1,1,1,1,1,1,14,6,1,1, ?,1,2
1,34,F,12,2003,3,1,1,2,2,1,1,1,1,1,1,5,1,1,9,6,1,1, ?,1,2
1,34,S,12,2003,4,2,1,2,2,1,1,1,1,1,1,5,1,1,14,7,1,1,45,2,2
4,34,F,2,2003,4,1,1,2,2,1,3,1,1,1,1,1,2,2,9,6,1,1, ?,2,2
4,34,F,3,2003,3,1,1,2,2,1,1,1,1,1,1,1,1,2,9,6,1,1, ?,2,2
10,34,G,11,2003,2,1,1,2,2,1,1,1,1,1,1,1,1,2,9,6,1,1,40,2,2
3,34,F,11,2003,2,1,1,2,2,1,1,1,1,1,1,1,1,2,9,6,1,3,45,2,2
9,34,F,6,2003,3,1,1,2,2,1,1,1,1,1,1,4,1,2,6,11,1,1,32,2,2
7,34,F,5,2003,2,1,1,2,2,1,1,1,1,1,1,2,1,2,11,6,1,1, ?,2,2
7,34,G,8,2003,2,1,1,2,2,1,1,1,1,1,1,2,1,2,12,11,1,1, ?,2,2
7,34,G,8,2003,4,1,1,2,2,1,2,1,1,1,1,2,1,2,12,6,1,1, ?,2,2
1,34,F,9,2003,4,7,8,2,2,1,2,5,1,1,1,5,1,1,19,11,1,1,35,2,2
6,40,F,1,2003,3,1,1,2,2,1,1,1,1,1,1,1,1,2,9,6,1,1,40,2,2
1,38,F,1,2003,3,1,1,2,2,1,2,1,1,1,1,1,1,2,14,6,1,1, ?,2,2
3,38,G,1,2003,3,1,1,2,2,1,1,1,1,1,1,1,1,1,9,6,1,1, ?,2,2
6,38,G,1,2003,4,1,1,2,2,1,2,1,1,1,1,1,1,2,7,6,1,1,30,2,2
3,38,F,2,2003,2,1,1,2,2,1,1,1,1,1,1,1,1,2,8,6,1,1, ?,2,2
6,38,G,2,2003,3,1,1,2,2,1,1,1,1,1,1,1,1,2,16,6,1,1,40,2,2
1,35,F,1,2003,3,1,1,2,2,1,1,1,1,1,1,2,1,2,8,6,1,1,33,2,2
1,35,F,1,2003,2,1,1,2,2,1,1,1,1,1,2,3,4,2,4,6,1,1, ?,2,2
2,35,F,1,2003,3,1,1,2,2,4,4,1,1,3,3,3,1,2,14,6,1,1, ?,2,2
3,35,G,1,2003,4,1,1,2,2,1,4,1,1,1,1,3,1,2,8,6,1,1, ?,2,2
4,35,F,1,2003,3,1,1,2,2,1,1,1,1,1,1,1,1,2,7,6,1,1, ?,2,2
1,35,F,2,2003,2,1,1,2,2,1,1,1,1,1,1,3,1,2,14,6,1,1,28,2,2
3,36,F,2,2003,3,1,1,2,2,1,1,1,1,1,1,1,1,2,14,6,1,1,28,2,2
3,36,F,2,2003,2,1,1,2,2,1,1,1,1,1,1,1,1,2,9,6,1,1,35,2,2
3,36,F,2,2003,3,1,1,2,2,1,1,1,1,1,1,1,1,2,9,6,1,1, ?,2,2
1,35,F,2,2003,2,1,1,2,2,1,1,1,1,1,1,3,1,2,17,6,1,1,30,2,2
1,35,F,2,2003,4,1,1,2,2,1,4,1,1,1,1,3,1,2,7,6,1,1, ?,2,2
1,35,F,2,2003,3,1,1,2,2,1,1,1,1,1,1,2,1,2,9,6,1,1, ?,2,2
2,35,F,2,2003,3,1,1,2,2,1,1,1,1,1,1,3,1,2,6,6,1,1, ?,2,2
3,35,F,2,2003,4,1,1,2,2,1,2,1,1,1,1,3,1,2,8,6,1,1, ?,2,2
5,40,F,1,2003,3,1,1,2,2,1,1,1,1,1,1,1,1,2,14,6,1,1, ?,2,2
5,40,F,1,2003,4,1,1,2,2,4,4,1,1,1,1,1,1,1,13,6,1,1, ?,2,2
5,40,F,1,2003,2,1,1,2,2,4,1,1,1,1,1,1,4,2,9,6,1,1, ?,2,2
5,40,F,1,2003,3,1,1,2,2,1,1,1,1,1,1,1,1,2,14,6,1,1, ?,2,2
1,40,G,2,2003,2,1,1,2,2,1,1,1,1,1,1,1,1,2,8,6,1,1, ?,2,2
3,40,G,2,2003,3,1,1,2,2,1,1,1,1,1,1,1,1,2,10,6,1,1, ?,2,2
6,40,G,3,2003,4,1,1,2,2,1,2,2,1,1,1,1,1,2,8,6,1,1, ?,2,2
6,40,F,3,2003,2,1,1,2,2,1,1,1,1,1,1,1,1,2,8,6,1,1, ?,2,2
7,40,F,3,2003,3,1,1,2,2,1,1,1,1,1,1,3,1,2,8,6,1,1, ?,2,2
7,40,G,3,2003,3,1,1,2,2,1,1,1,1,1,1,1,1,2,8,6,1,1, ?,2,2
7,40,G,3,2003,2,1,1,2,2,2,1,3,2,1,2,3,1,2,8,6,1,1, ?,2,2
3,38,F,3,2003,3,1,1,2,2,1,1,1,1,1,1,1,1,2,8,6,1,1, ?,2,2
6,38,F,3,2003,3,1,1,2,2,1,1,1,1,1,1,3,1,2,9,6,1,1, ?,2,2
7,38,F,3,2003,4,1,1,2,2,1,2,1,1,1,1,1,1,2,9,6,1,1, ?,2,2
1,35,G,3,2003,3,1,1,2,2,1,1,1,1,1,1,2,1,2,9,6,1,1, ?,2,2
2,35,G,3,2003,2,1,1,2,2,1,1,1,1,1,1,3,1,2,14,6,1,1, ?,2,2
3,38,G,4,2003,1,1,1,2,2,1,1,1,1,1,1,1,1,2,7,6,1,1, ?,2,2
2,35,F,4,2003,2,1,1,2,2,1,1,1,1,1,1,3,1,2,4,6,1,1, ?,2,2
4,35,F,4,2003,3,1,1,2,2,1,1,1,1,1,1,2,1,2,8,6,1,1, ?,2,2
1,35,F,5,2003,2,1,1,2,2,1,1,1,1,1,1,2,1,1,10,6,1,1,35,2,2
1,35,G,5,2003,2,1,1,2,2,1,1,1,1,1,1,2,1,2,9,6,1,1,52,2,2
1,35,F,5,2003,3,1,1,2,2,1,1,1,1,1,1,2,1,2,14,6,1,1, ?,2,2
1,39,G,2,2003,3,1,1,2,2,1,1,1,1,1,1,1,1,2,14,6,1,1, ?,2,2
4,37,F,5,2003,2,1,1,2,2,1,1,1,1,1,1,3,1,2,14,6,1,1, ?,2,2
3,38,F,5,2003,3,1,1,2,2,1,1,1,1,1,1,1,1,2,9,6,1,1, ?,2,2
6,38,F,5,2003,1,1,1,2,2,1,2,1,1,1,1,1,1,2,14,6,1,1,40,2,2
6,38,G,5,2003,4,1,1,2,2,1,2,1,1,1,1,1,1,2,14,6,1,1, ?,2,2
6,38,F,5,2003,2,1,1,2,2,1,1,1,1,1,1,1,1,2,14,6,1,1, ?,2,2
7,38,G,5,2003,2,1,1,2,2,1,1,1,1,1,1,3,1,2,7,6,1,1, ?,2,2
1,40,G,4,2003,3,1,1,2,2,1,1,1,1,1,1,1,1,2,9,6,1,1, ?,2,2
5,40,F,4,2003,4,1,1,2,2,1,4,1,1,1,1,1,1,2,14,6,1,1, ?,2,2
6,40,G,4,2003,3,1,1,2,2,1,1,1,1,1,1,1,1,2,14,6,1,1, ?,2,2
7,40,F,4,2003,4,1,1,2,2,1,2,1,1,1,2,3,1,2,8,6,1,1, ?,2,2