Thana,District,Accident_Severity,Month,Year,Time,Junction_Type,Traffic_Control,Movement,Divider,Weather,Light,Road_Geometry,Surface_Condition,Surface_Type,Surface_Quality,Road_Class,Road_Feature,Location_Type,Vehicle_Type,Vehicle_Movement,Vehicle_Loading,Vehicle_Defect,Vehicle_Driver_Age,Vehicle_Alcohol,Vehicle_Seat_Belt
5,40,F,5,2003,4,1,1,2,2,1,4,1,1,1,1,3,1,2,19,6,1,1, ?,2,2
5,40,F,5,2003,2,1,1,2,2,1,1,1,1,1,1,1,1,2,9,6,1,1,28,2,2
6,40,F,5,2003,4,1,1,2,2,1,2,1,1,1,1,1,1,2,11,6,1,1,35,2,2
7,40,G,5,2003,4,1,1,2,2,1,4,1,1,1,1,3,1,2,14,6,1,1,35,2,2
7,40,F,5,2003,4,1,1,2,2,1,2,1,1,1,1,3,1,2,13,6,1,1, ?,2,2
7,40,F,5,2003,2,1,1,2,2,1,1,1,1,1,1,3,1,2,14,6,1,1, ?,2,2
1,38,F,6,2003,2,1,1,2,2,1,1,1,1,1,1,1,1,2,9,6,1,1, ?,2,2
3,38,F,6,2003,3,1,1,2,2,1,1,1,1,1,1,1,1,2,6,6,1,1, ?,2,2
7,38,F,6,2003,4,1,1,2,2,1,4,1,1,1,1,1,1,2,14,6,1,1, ?,2,2
1,35,G,6,2003,2,1,1,2,2,1,1,1,1,1,3,3,1,2,8,6,1,1, ?,2,2
2,35,F,6,2003,2,1,1,2,2,1,1,1,1,1,1,3,1,2,9,6,1,1, ?,2,2
3,35,F,6,2003,2,1,1,2,2,1,1,1,1,1,1,3,1,2,8,6,1,1, ?,2,2
1,40,G,6,2003,4,1,1,2,2,1,2,1,1,1,1,1,1,2,9,6,1,1, ?,2,2
3,40,F,6,2003,3,1,1,2,2,1,1,1,1,1,1,1,1,2,9,6,1,1, ?,2,2
6,40,F,6,2003,2,1,1,2,2,1,1,1,1,1,1,1,1,2,10,6,1,1, ?,2,2
6,40,F,6,2003,4,1,1,2,2,1,4,1,1,1,1,1,1,2,9,6,1,1, ?,2,2
6,40,G,6,2003,4,1,1,2,2,1,4,1,1,1,1,1,1,2, ?,6,1,1, ?,2,2
1,39,F,5,2003,4,1,1,2,2,1,2,1,1,1,1,1,1,2,9,6,1,1, ?,2,2
2,39,F,5,2003,3,1,1,2,2,1,1,1,1,1,1,3,1,2,14,6,1,1, ?,2,2
3,39,F,5,2003,1,1,1,2,2,1,2,1,1,1,1,1,1,2,14,6,1,1, ?,2,2
3,39,F,5,2003,2,1,1,2,2,1,1,1,1,1,1,1,1,2,9,6,1,1, ?,2,2
4,39,F,5,2003,4,1,1,2,2,1,4,1,1,1,1,3,1,2,14,6,1,1, ?,2,2
4,39,F,5,2003,4,1,1,2,2,3,4,1,2,1,1,2,1,1,14,6,1,1, ?,2,2
2,39,G,6,2003,3,1,1,2,2,1,1,1,1,1,1,3,1,2,10,6,1,1, ?,2,2
1,38,F,7,2003,1,1,1,2,2,1,4,1,1,1,1,1,1,2,14,6,1,1,32,2,2
1,38,F,7,2003,2,1,1,2,2,1,1,1,1,1,1,1,1,2,9,6,1,1,35,2,2
1,38,G,7,2003,3,1,1,2,2,1,1,1,1,1,1,1,1,2,7,6,1,1, ?,2,2
7,38,F,7,2003,3,1,1,2,2,1,1,1,1,1,1,1,2,2,8,6,1,1, ?,2,2
1,36,G,7,2003,3,1,1,2,2,1,1,1,1,1,1,3,1,2,9,6,1,1, ?,2,2
1,35,F,4,2003,1,1,1,2,2,1,2,1,1,1,1,1,1,2,14,6,1,1, ?,2,2
1,35,F,7,2003,2,1,1,2,2,1,1,1,1,1,1,2,1,2,7,6,1,1, ?,2,2
1,35,F,7,2003,3,1,1,2,2,1,1,1,1,1,1,3,1,2,6,6,1,1, ?,2,2
2,35,F,7,2003,4,1,1,2,2,1,4,1,1,1,1,3,1,2,9,6,1,1, ?,2,2
4,35,F,7,2003,2,1,1,2,2,2,1,1,2,1,1,1,1,2,9,6,1,1, ?,2,2
1,35,F,8,2003,3,1,1,2,2,1,1,1,1,1,1,2,1,2,9,6,1,1,28,2,2
1,35,F,8,2003,2,1,1,2,2,1,1,1,1,1,1,3,1,2,4,6,1,1, ?,2,2
3,35,F,8,2003,2,1,1,2,2,1,2,1,1,1,1,3,1,2,9,6,1,1, ?,2,2
4,35,F,8,2003,4,1,1,2,2,1,2,1,1,1,1,1,1,2,9,6,1,1, ?,2,2
1,35,F,9,2003,3,1,1,2,2,1,1,1,1,1,1,2,1,2,8,6,1,1, ?,2,2
4,35,F,9,2003,2,1,1,2,2,2,1,1,2,1,1,1,1,2,9,6,1,1,30,2,2
4,35,F,9,2003,4,1,1,2,2,1,3,1,1,1,1,3,1,2,14,6,1,1, ?,2,2
4,35,F,9,2003,1,1,1,2,2,1,4,1,1,1,1,1,1,2,14,6,1,1, ?,2,2
5,35,F,9,2003,2,1,1,2,2,1,1,1,1,1,1,3,1,2,9,6,1,1, ?,2,2
12,20,F,11,2003,2,1,1,2,2,1,2,1,1,1,1,1,1,2,9,6,1,1, ?,2,2
1,40,G,7,2003,3,1,1,2,2,1,1,1,1,1,1,1,1,1,9,6,1,1, ?,2,2
3,40,G,7,2003,2,1,1,2,2,1,1,1,1,1,1,1,1,2,9,6,1,1, ?,2,2
3,40,G,7,2003,4,1,1,2,2,1,4,1,1,1,1,1,1,2,9,6,1,1, ?,2,2
6,40,F,7,2003,3,1,1,2,2,1,1,1,1,1,1,1,1,2,14,6,1,1, ?,2,2
6,40,G,7,2003,3,1,1,2,2,1,1,1,1,1,1,1,1,2,9,6,1,1, ?,2,2
6,40,F,8,2003,4,1,1,2,2,1,4,1,1,1,1,1,1,2,9,6,1,1, ?,2,2
1,40,F,9,2003,4,1,1,2,2,1,4,1,1,1,1,1,1,2,9,6,1,1, ?,2,2
6,40,S,9,2003,1,1,1,2,2,1,2,1,1,1,1,1,1,2,9,6,1,1, ?,2,2
1,40,F,10,2003,2,1,1,2,2,1,1,1,1,1,1,1,1,2,9,6,1,1, ?,2,2
1,40,F,10,2003,2,1,1,2,2,1,2,1,1,1,1,1,1,2,7,6,1,1, ?,2,2
1,40,M,10,2003,3,1,1,2,2,1,1,1,1,1,1,1,1,2,8,6,1,1, ?,2,2
3,40,F,10,2003,3,1,1,2,2,1,1,1,1,1,1,1,1,2,7,6,1,1, ?,2,2
3,40,G,10,2003,3,1,1,2,2,1,1,1,1,1,1,1,1,2,5,6,1,1, ?,2,2
6,40,F,10,2003,3,1,1,2,2,1,1,1,1,1,1,1,1,2,9,6,1,1, ?,2,2
6,40,F,10,2003,2,1,1,2,2,1,1,1,1,1,1,1,1,2,9,6,1,1, ?,2,2
3,40,G,11,2003,4,1,1,2,2,1,4,1,1,1,1,1,1,2,13,6,1,1, ?,2,2
6,40,F,11,2003,2,1,1,2,2,1,2,1,1,1,1,1,1,2,9,6,1,1, ?,2,2
6,40,F,11,2003,3,1,1,2,2,1,2,1,1,1,1,1,1,2,9,6,1,1, ?,2,2
1,35,F,11,2003,3,1,1,2,2,1,1,1,1,1,1,2,1,2,2,6,1,1, ?,2,2
1,35,F,11,2003,3,1,1,2,2,1,1,1,1,1,1,2,1,2,14,6,1,1, ?,2,2
1,35,G,11,2003,4,1,1,2,2,1,4,1,1,1,1,2,1,2,9,6,1,1,40,2,2
3,38,G,9,2003,4,1,1,2,2,1,4,1,1,1,1,1,1,2,14,6,1,1, ?,2,2
6,38,F,9,2003,3,1,1,2,2,1,1,1,1,1,1,1,1,2,14,6,1,1, ?,2,2
1,38,F,10,2003,2,1,1,2,2,1,1,1,1,1,1,1,1,2,9,6,1,1, ?,2,2
3,38,F,10,2003,4,1,1,2,2,1,4,1,1,1,1,1,1,2,9,6,1,1, ?,2,2
8,38,F,10,2003,3,1,1,2,2,1,1,1,1,1,1,3,1,2,4,6,1,1, ?,2,2
3,38,F,11,2003,3,1,1,2,2,1,1,1,1,1,1,3,1,2,12,6,1,1, ?,2,2
5,38,G,11,2003,3,1,1,2,2,1,1,1,1,1,1,3,1,2,9,6,1,1, ?,2,2
6,38,F,11,2003,3,1,1,2,2,1,1,1,1,1,1,1,1,2,9,6,1,1, ?,2,2
1,39,F,7,2003,3,1,1,2,2,1,1,1,1,1,1,2,1,2,9,6,1,1, ?,2,2
1,39,F,7,2003,3,1,1,2,2,1,1,1,1,1,1,2,1,2,9,6,1,1, ?,2,2
3,39,F,7,2003,2,1,1,2,2,1,1,1,1,1,1,1,1,2,9,6,1,1,38,2,2
3,39,F,7,2003,3,1,1,2,2,1,1,1,1,1,1,1,1,2,9,6,1,1,33,2,2
2,39,S,8,2003,2,1,1,2,2,1,1,1,1,1,1,3,1,2,9,6,1,1,25,2,2
3,39,F,8,2003,2,1,1,2,2,1,1,1,1,1,1,1,1,2,9,6,1,1,38,2,2
3,39,F,8,2003,2,1,1,2,2,1,1,1,1,1,1,2,1,2,14,6,1,1,32,2,2
3,39,F,8,2003,1,1,1,2,2,1,1,1,1,1,1,1,1,2,9,6,1,1, ?,2,2
1,39,F,9,2003,3,1,1,2,2,1,1,1,1,1,1,1,1,2,9,6,1,1, ?,2,2
1,39,G,9,2003,2,1,1,2,2,1,1,1,1,1,1,2,1,2,9,6,1,1, ?,2,2
3,39,F,9,2003,1,1,1,2,2,1,2,1,1,1,1,1,5,2,14,6,1,1,32,2,2
3,39,F,9,2003,2,1,1,2,2,1,1,1,1,1,1,1,1,2,8,6,1,1, ?,2,2
1,39,F,10,2003,3,1,1,2,2,1,1,1,1,1,1,1,1,2,9,6,1,1, ?,2,2
1,39,F,10,2003,3,1,1,2,2,1,1,1,1,1,1,2,1,2,9,6,1,1, ?,2,2
2,39,F,9,2003,3,1,1,2,2,1,1,1,1,1,1,3,1,2,4,6,1,1, ?,2,2
3,39,F,10,2003,3,1,1,2,2,1,1,1,1,1,1,1,1,2,12,6,1,1, ?,2,2
3,39,F,10,2003,4,1,1,2,2,1,1,1,1,1,1,1,1,2,9,6,1,1,45,2,2
1,39,F,11,2003,4,1,1,2,2,1,2,1,1,1,1,1,1,2,8,6,1,1, ?,2,2
1,39,F,11,2003,2,1,1,2,2,1,1,1,1,1,1,1,1,2,9,6,1,1,45,2,2
3,39,F,11,2003,3,1,1,2,2,1,1,1,1,1,1,1,1,2,9,6,1,1,44,2,2
4,39,F,11,2003,2,1,1,2,2,1,1,1,1,1,1,1,1,1,14,6,1,1, ?,2,2
6,38,F,12,2003,2,1,1,2,2,1,1,1,1,1,1,1,1,2,14,6,1,1, ?,2,2
3,37,F,9,2003,3,1,1,2,2,1,1,1,1,1,1,3,1,2,6,6,1,1, ?,2,2
4,37,F,10,2003,3,1,1,2,2,1,1,1,1,1,1,3,1,2,6,6,1,1, ?,2,2
6,37,F,10,2003,2,1,1,2,2,1,1,1,1,1,1,3,1,2,4,6,1,1, ?,2,2
4,37,F,11,2003,3,1,1,2,2,1,1,1,1,1,1,3,1,2,9,6,1,1, ?,2,2
3,39,F,12,2003,2,1,1,2,2,1,1,1,1,1,1,1,1,2,10,6,1,1, ?,2,2
4,39,G,12,2003,2,1,1,2,2,1,1,1,1,1,1,1,1,2,14,6,1,1, ?,2,2
3,40,G,12,2003,4,1,1,2,2,1,3,1,1,1,1,1,1,2,9,6,1,1, ?,2,2
3,40,G,12,2003,2,1,1,2,2,1,1,1,1,1,1,1,1,2,8,6,1,1, ?,2,2
7,40,F,12,2003,2,1,1,2,2,1,1,1,1,1,1,3,1,2,8,6,1,1, ?,2,2
1,36,F,10,2003,1,1,1,2,2,1,2,1,1,1,1,1,1,2,13,6,1,1, ?,2,2
1,36,F,11,2003,3,1,1,2,2,1,1,1,1,1,1,3,1,2,9,6,1,1, ?,2,2
3,36,F,9,2003,1,1,1,2,2,1,4,1,1,1,1,1,1,2,14,6,1,1, ?,2,2
1,35,F,10,2003,2,1,1,2,2,1,1,1,1,1,1,1,1,2,9,6,1,1, ?,2,2
1,35,G,10,2003,3,1,1,2,2,2,1,1,2,1,1,2,1,2,9,6,1,1, ?,2,2
1,35,F,10,2003,4,1,1,2,2,1,4,2,2,1,1,2,1,2,9,6,1,1, ?,2,2
5,35,F,10,2003,2,1,1,2,2,1,1,1,1,1,1,3,1,2,9,6,1,1, ?,2,2
3,28,F,1,2003,3,1,8,2,2,1,1,1,1,1,2,3,1,1,9,6,1,1,35,2,2
2,28,F,1,2003,3,2,4,2,1,1,1,1,1,1,1,2,1,1,7,6,1,1, ?,2,2
2,28,G,4,2003,3,1,8,1,1,1,1,1,5,3,1,5,1,1,12,11,1,1, ?,2,2
5,28,F,4,2003,3,1,8,2,1,1,1,1,1,1,1,5,1,1,9,6,1,1, ?,2,2
5,28,F,5,2003,3,2,4,1,2,1,1,1,1,1,1,5,5,1,9,9,1,1, ?,2,2
5,28,F,7,2003,3,1,1,1,1,1,1,1,1,1,1,5,1,1,9,6,1,1,38,1,2
5,28,F,8,2003,2,2,5,2,1,1,1,2,1,1,1,3,1,1,16,11,1,1, ?,2,2
1,28,G,11,2003,2,7,1,2,2,1,1,1,1,1,1,1,1,1,14,6,1,7,33,2,2
1,28,F,8,2003,2,7,1,2,1,1,1,1,1,1,1,5,1,1,14,6,1,1,40,2,2
1,28,G,2,2003,3,1,4,1,1,1,1,1,1,1,1,5,1,1,5,6,1,1,20,2,2
1,28,F,5,2003,2,7,8,1,1,1,1,1,1,1,1,5,1,1,5,11,1,6,27,1,2
1,28,G,5,2003,2,7,3,1,2,1,1,3,1,2,1,1,1,1,14,6,1,7, ?,1,2
5,28,F,12,2003,4,7,8,2,2,1,2,5,1,1,1,2,1,1,9,6,1,1, ?,1,2
2,28,S,2,2003,2,1,8,2,1,1,1,1,1,1,1,5,1,1,5,6,1,1,25,2,2
2,28,F,3,2003,2,1,2,2,1,1,1,1,1,1,1,5,1,1,9,11,1,1,38,2,2
2,28,F,7,2003,2,1,2,2,1,1,1,1,1,1,1,5,1,1,9,11,1,1, ?,2,2
2,28,F,6,2003,4,1,8,1,2,1,4,1,1,1,1,5,1,1,14,11,1,1, ?,1,2
4,28,G,7,2003,3,7,4,2,2,1,1,1,1,1,1,1,1,1,9,6,1,1, ?,1,1
4,28,F,12,2003,3,1,1,2,2,1,1,1,1,1,1,1,1,2,12,6,1,1, ?,2,2
4,28,F,11,2003,3,1,1,2,2,1,1,1,1,1,1,1,1,2,14,6,1,1, ?,2,2
1,54,F,1,2003,4,1,1,2,2,1,1,1,1,1,1,1,2,?,6,4,1,1, ?,?,?
5,54,F,1,2003,3,1,1,2,2,1,1,1,1,1,1,4,2,?, ?, ?,2,3,35,1,1
9,54,F,1,2003,3,1,1,2,2,1,2,2,1,3,2,4,1,2,19, ?,?,?,28,2,2
1,54,F,1,2003,2,3,1,2,2,1,1,1,1,2,1,4,1,?,4,6,1,7, ?,2,2
12,54,F,1,2003,3,7,1,2,2,1,1,1,1,1,1,3,1,2,13,6,1,1,30,2,2
12,54,G,1,2003,2,1,1,2,2,4,1,1,1,1,3,1,2,2,8,6,1,1, ?,2,2
12,54,F,2,2003,3,7,1,2,2,1,1,1,1,1,1,4,1,2,4,6,?,?, ?,2,2
9,54,F,1,2003,3,1,3,2,2,1,1,1,1,1,1,1,1,2,14,4,?,?,35,?,?
1,53,G,1,2003,2,3,1,2,2,1,1,1,1,1,1,3,1,1,6,1,1,1,23,?,?
1,53,F,1,2003,3,1,1,2,2,1,1,1,1,1,1,3,1,2,8,4,?,?, ?,?,?
1,53,F,1,2003,3,1,1,2,2,1,1,1,1,1,1,1,1,2,7,4,?,?, ?,?,?
1,53,G,1,2003,3,1,1,2,2,1,1,2,1,1,1,2,1,2,19,1,?,7, ?,?,?
1,53,F,1,2003,3,1,1,2,2,1,1,1,1,1,1,3,1,2,19, ?,?,?, ?,?,?
4,53,F,1,2003,2,7,3,2,2,4,1,1,?,?,2,4,1,2,17,1,?,?,22,?,?
7,53,F,1,2003,4,7,8,2,2,1,2,1,1,1,1,3,1,2,7,1,1,7, ?,?,?
3,56,G,1,2003,4,4,3,2,1,2,1,1,1,1,1,1,1,2,9, ?,?,?,32,?,?
1,54,F,2,2003,3,2,3,2,2,1,1,1,1,1,1,1,1,2,9,6,?,?, ?,?,?
1,54,G,2,2003,4,2,1,2,2,1,2,1,1,1,1,4,2,2,17,11,1,1,35,2,2
1,54,S,2,2003,2,5,4,1,2,1,1,1,1,1,1,5,1,1,14,6,1,1,35,2,2
1,54,F,2,2003,4,1,1,2,2,1,4,1,1,1,1,4,1,2,19,6,?,?, ?,?,?
12,54,F,2,2003,3,1,1,1,2,1,1,3,1,1,3,1,2,2,8,6,?,?, ?,?,?
12,54,F,2,2003,2,1,1,1,2,1,1,1,1,1,1,3,2,2,19,6,?,?,6,?,?
9,54,F,2,2003,4,1,1,1,2,1,4,1,1,1,1,1,1,2,14,6,?,1,45,2,2
4,54,F,2,2003,1,1,1,2,2,1,1,1,1,1,1,4,1,2,7,6,1,1, ?,1,2
4,54,F,2,2003,3,1,1,1,2,1,1,1,1,1,1,4,1,2,12,6,1,1, ?,1,2
7,54,F,2,2003,2,1,1,1,2,1,1,1,1,1,1,3,1,2,13,6,1,1,31,2,2
7,54,F,3,2003,3,1,1,2,2,1,1,1,1,1,1,3,1,2,8,6,1,1,36,2,2
6,54,F,2,2003,3,1,1,1,2,1,1,1,1,1,1,2,1,2,14,7,?,1, ?,?,?
8,54,F,3,2003,1,7,8,1,2,1,4,1,1,1,1,4,1,2,14,6,?,?, ?,2,2
8,54,F,3,2003,3,7,8,1,2,1,1,?,5,?,?,4,?,2,14,11,2,?, ?,?,?
6,55,F,1,2003,2,1,2,1,2,1,1,1,1,1,1,4,1,2,9,6,1,1, ?,2,2
4,55,F,1,2003,3,7,1,1,2,1,1,1,1,1,1,4,1,2,7,6,2,?, ?,?,?
1,53,F,2,2003,1,1,1,1,2,1,4,1,1,1,1,1,1,2,19,6,?,?, ?,?,?
3,53,F,2,2003,1,1,1,1,2,1,2,1,1,1,1,3,1,2,13,6,1,1,25,1,2
3,53,F,2,2003,3,7,1,1,2,1,1,1,1,1,1,3,1,2,8,6,1,1, ?,2,2
3,53,F,2,2003,3,3,1,1,2,1,1,1,1,1,1,4,1,2,6,6,1,?,30,2,2
1,55,F,2,2003,2,1,1,1,2,1,1,1,1,1,1,1,1,1,9,8,1,1,32,2,2
7,56,G,2,2003,2,1,1,2,2,1,1,1,1,1,1,4,1,2,7,6,1,1,28,2,2
7,56,G,2,2003,2,1,1,2,2,1,1,1,1,1,3,1,1,2,9,6,1,1,43,2,2
5,56,F,2,2003,2,1,1,2,2,1,1,1,1,1,1,4,1,2,5,6,2,1,25,2,2
6,56,F,2,2003,2,1,1,2,2,1,1,1,1,1,1,3,1,2,11,6,1,6, ?,2,2
1,54,F,3,2003,2,7,1,2,2,1,2,1,1,1,1,5,1,1,13,6,?,?, ?,?,?
1,54,F,3,2003,4,2,1,2,2,1,4,1,1,1,1,3,1,2,9,6,1,1, ?,2,2
1,54,F,3,2003,3,7,1,2,2,1,1,3,1,2,2,4,1,2,19,6,?,?, ?,?,?
1,54,F,3,2003,3,7,8,2,2,1,1,2,1,1,1,3,2,2,11,2,?,?, ?,?,?
1,54,G,3,2003,3,2,1,2,2,1,1,1,1,1,1,4,2,2,10,6,1,1,23,2,2
5,54,F,3,2003,3,7,1,2,2,1,1,1,1,1,1,4,1,2,14,6,?,?, ?,?,?
9,54,F,3,2003,4,3,1,2,2,1,4,1,1,1,1,1,1,2,13,5,1,1, ?,1,2
12,54,G,1,2003,2,7,8,2,2,4,2,2,1,1,1,3,1,2,9,6,1,1, ?,?,?
2,54,F,3,2003,3,1,1,2,2,1,1,1,1,1,1,2,1,2,7,6,1,1,30,2,2
7,54,F,3,2003,2,7,?,2,2,1,1,1,1,1,1,3,1,2,9,11,?,?,35,?,?
11,54,F,3,2003,2,3,1,2,2,1,1,1,1,1,1,3,1,2,8,6,1,1,42,1,2
3,54,F,3,2003,3,7,1,2,2,1,1,4,1,3,1,4,1,2,17,11,1,1, ?,1,2
3,54,F,3,2003,3,1,1,2,2,1,1,1,1,1,3,4,1,2,13,11,1,7, ?,1,2
3,53,F,3,2003,3,1,1,2,2,1,1,1,1,1,1,3,1,2,8,6,1,1,30,2,2
1,53,F,3,2003,2,3,8,2,2,1,1,1,1,1,1,1,1,1,9,6,1,1, ?,2,2
5,56,F,2,2003,2,7,1,2,2,1,1,1,1,2,2,4,1,2,19,6,?,?,35,2,2
5,56,F,3,2003,2,1,8,2,2,1,1,1,1,1,1,4,1,2,6,6,1,6, ?,2,2
5,56,S,3,2003,3,1,8,?,?,1,1,1,1,1,1,1,1,2,9,6,1,1, ?,2,2
7,56,F,3,2003,3,1,1,2,2,1,1,1,1,1,3,1,1,2,9,6,1,1, ?,?,?
4,56,F,3,2003,2,1,1,1,2,1,2,1,1,1,1,3,1,2,7,7,1,?, ?,?,?
1,55,S,3,2003,4,7,1,2,2,1,2,1,1,1,1,3,1,1,8,6,1,1,35,2,2
1,55,G,3,2003,2,1,1,2,2,1,1,1,1,1,1,4,1,2,8,5,1,1,30,2,2
6,55,G,3,2003,3,1,1,2,2,1,1,1,1,1,1,4,1,2,5,6,1,7,25,1,2
5,55,F,3,2003,4,1,1,2,2,1,2,1,1,1,1,3,1,2,10,6,1,1,19,2,2
5,55,F,4,2003,3,1,1,2,2,1,1,1,1,1,1,3,1,2,9,6,1,1,42,2,2
2,55,F,4,2003,1,1,1,1,2,1,1,1,1,1,1,3,1,2,1,6,1,1,28,2,2
1,54,F,4,2003,2,7,1,2,2,1,1,1,1,1,1,1,3,2,8,6,?,7, ?,?,?
1,54,F,4,2003,3,7,1,2,2,1,1,1,1,1,1,2,1,2,14,6,1,1,37,2,2
1,54,F,4,2003,2,2,3,2,2,1,1,1,1,1,1,5,1,1,13,6,?,?, ?,?,?
1,54,F,4,2003,3,7,1,2,2,1,1,1,1,1,1,1,1,2,13,6,1,7, ?,2,2
5,54,F,4,2003,2,1,1,2,2,1,1,1,1,1,1,4,1,2,14,6,2,1,40,1,2
8,54,F,4,2003,2,7,8,2,2,1,1,1,1,1,1,4,1,2,5,6,1,1,28,2,2
7,54,F,4,2003,3,1,1,2,2,1,1,1,1,1,1,3,1,2,9,6,1,?,45,2,2
11,54,F,4,2003,3,7,1,2,2,1,1,1,1,1,1,3,1,2,17,1,1,?,40,2,2
12,54,F,4,2003,3,?,1,2,2,1,1,1,1,1,1,3,1,2,13,5,1,1,30,2,2
6,56,G,4,2003,2,7,?,2,2,1,1,1,1,1,2,4,1,2,11,9,?,?, ?,?,?
3,56,F,4,2003,3,?,?,?,?,1,1,1,1,1,1,4,1,2,12,11,2,?, ?,2,2
7,54,G,4,2003,4,2,1,2,2,1,2,1,1,3,1,3,1,2,7,6,1,7, ?,1,?
1,53,F,4,2003,2,7,1,2,2,1,1,1,1,1,1,1,1,2,9,6,1,1, ?,?,?
3,53,S,4,2003,2,7,1,2,2,2,1,1,2,1,1,1,1,2,8,5,1,1, ?,2,2
7,53,F,4,2003,2,7,8,2,2,1,1,1,1,1,1,4,1,2,7,6,1,1,22,2,2
1,53,F,5,2003,3,3,1,1,2,1,1,1,1,1,1,3,1,2,13,6,1,1, ?,2,2
7,56,F,5,2003,2,1,1,2,2,1,1,1,1,1,1,1,1,2,9,6,1,1, ?,2,2
4,56,F,5,2003,2,7,1,1,2,1,1,1,1,1,1,4,1,2,17,6,2,6, ?,2,2
4,56,F,5,2003,3,1,1,2,2,1,1,1,1,1,1,3,1,2,9,5,1,7, ?,2,2
4,55,G,5,2003,3,4,1,2,2,1,1,1,1,1,1,3,1,1,13,7,1,1, ?,2,2
1,54,F,5,2003,3,7,8,2,2,1,1,1,1,1,1,3,1,2,5,6,1,?, ?,1,2
1,54,G,5,2003,3,4,8,2,2,1,1,2,1,1,1,4,1,1,7,11,1,1, ?,?,?
1,54,G,5,2003,3,4,3,2,2,1,1,2,1,1,1,3,1,1,7,8,1,1, ?,?,?
1,54,F,5,2003,3,7,1,2,2,1,1,1,1,1,1,1,1,1,8,6,1,1,32,2,2
1,54,G,5,2003,3,7,3,2,2,1,1,1,1,1,1,1,1,2,13,6,1,1,30,?,?
8,54,F,5,2003,3,1,1,2,2,1,1,1,1,3,1,4,1,2,19,6,2,7, ?,?,?
8,54,F,5,2003,4,1,1,2,2,2,2,1,2,1,2,1,1,?,13,6,2,1,28,?,?
9,54,F,5,2003,1,1,1,2,2,1,1,1,1,1,1,1,1,2,14,6,1,1, ?,2,2
3,54,G,5,2003,3,3,1,2,2,1,1,1,1,1,1,3,1,2,5,6,1,1,30,2,2
1,55,G,6,2003,2,1,1,2,2,1,1,1,1,1,1,1,1,2,8,6,1,1,25,2,2
2,55,F,6,2003,2,1,1,2,2,2,4,2,2,1,1,3,1,2,19,6,?,?, ?,?,?
1,53,F,6,2003,2,1,1,2,2,1,1,1,1,1,1,4,1,2,6,6,1,?, ?,?,?
1,53,G,6,2003,2,1,1,2,2,1,1,1,1,1,1,2,1,2,19,6,?,?, ?,?,?
1,53,F,6,2003,2,7,1,2,2,1,1,2,1,1,1,1,1,2,8,1,1,1,40,2,2
3,53,F,6,2003,4,1,1,2,2,2,2,1,2,1,1,1,1,2,13,6,1,1,35,2,2
5,56,G,6,2003,3,7,8,2,2,2,1,2,2,1,1,1,1,2,9,6,?,?, ?,?,?
5,56,G,6,2003,4,7,8,2,2,1,2,1,2,1,1,1,1,2,6,6,?,?, ?,?,?
8,56,F,6,2003,2,7,1,2,2,1,2,1,1,1,1,3,2,2,13,11,1,3,45,2,2
1,54,G,4,2003,2,7,1,2,2,1,1,1,1,1,1,1,1,2,4,6,1,?, ?,?,?
1,54,M,5,2003,1,7,8,2,2,1,3,1,1,1,1,1,1,1,14,6,?,1,30,?,?
1,54,S,5,2003,4,1,4,2,2,1,1,1,1,1,1,5,1,1,12,4,1,1, ?,1,2
1,54,F,5,2003,2,7,1,2,2,1,1,1,1,1,1,2,1,2,14,6,1,1,25,?,?
12,54,F,6,2003,3,7,1,1,1,2,1,1,2,1,1,3,1,2,8,6,1,1,33,1,1
9,54,F,6,2003,4,1,1,1,1,1,4,1,1,1,1,3,1,2,10,6,?,?, ?,?,?
9,54,F,6,2003,3,7,1,1,1,1,2,2,1,1,1,2,?,?,14,6,1,1,30,2,2
3,54,F,6,2003,2,7,8,2,2,1,1,2,1,1,1,3,1,2,12,2,1,7,25,2,2
13,54,S,6,2003,4,1,2,1,1,2,4,1,2,1,3,1,1,2,9,5,1,1,45,2,2
1,53,F,7,2003,4,1,1,2,2,2,4,1,2,1,1,2,1,2,9,6,1,1,30,2,2
1,53,F,7,2003,2,7,1,2,2,2,2,1,2,1,2,3,1,2,14,11,1,1, ?,2,2
1,55,F,7,2003,2,7,1,2,2,1,2,2,1,1,1,1,?,2,8,1,1,1,38,2,2
3,56,F,7,2003,1,7,1,2,2,2,2,1,2,2,1,1,1,2,14,2,1,2, ?,2,2
5,56,S,5,2003,3,?,?,2,2,1,1,1,1,1,1,4,1,2,4,6,?,?,35,2,2
1,54,S,7,2003,3,7,4,2,1,1,1,1,1,1,1,5,1,1,8,6,1,1,35,2,2
1,54,F,7,2003,2,7,8,2,2,2,1,1,2,1,1,1,1,2,11,6,?,?, ?,?,?
1,54,G,7,2003,4,1,3,2,2,1,3,1,1,1,1,3,1,1,5,6,?,?, ?,?,?
10,54,F,7,2003,3,?,?,2,2,2,1,1,2,1,1,3,1,2,7,6,1,1, ?,?,?
9,54,F,7,2003,3,7,1,2,2,1,4,5,1,1,1,4,1,2,14,1,1,1,40,1,2
7,54,G,7,2003,2,1,1,2,2,1,1,1,1,1,1,4,1,2,4,6,1,1, ?,2,2
11,54,F,7,2003,4,7,1,2,2,2,2,1,2,1,1,3,1,2,4,5,?,?,18,?,?