Thana,District,Accident_Severity,Month,Year,Time,Junction_Type,Traffic_Control,Movement,Divider,Weather,Light,Road_Geometry,Surface_Condition,Surface_Type,Surface_Quality,Road_Class,Road_Feature,Location_Type,Vehicle_Type,Vehicle_Movement,Vehicle_Loading,Vehicle_Defect,Vehicle_Driver_Age,Vehicle_Alcohol,Vehicle_Seat_Belt
3,54,F,7,2003,2,1,?,2,2,1,1,2,1,1,1,3,1,2,4,6,?,?, ?,1,?
9,56,G,8,2003,3,?,?,2,2,1,1,2,1,1,1,4,1,2,19,1,1,1,30,2,2
5,56,F,8,2003,3,?,?,?,?,1,1,1,1,1,?,1,1,2,9,6,?,?, ?,?,?
7,56,F,8,2003,2,1,1,2,2,1,1,1,1,1,1,3,1,2,6,6,?,?, ?,?,?
7,56,G,8,2003,1,1,1,2,2,1,4,1,1,1,1,4,3,2,17,6,1,1, ?,2,2
1,54,G,8,2003,3,7,8,2,2,1,1,1,1,1,1,3,1,2,7,6,1,1,29,1,2
1,54,F,8,2003,4,7,2,2,2,1,3,1,1,1,1,5,1,1,14, ?,1,1,42,1,2
1,54,F,8,2003,2,?,1,2,2,1,1,1,1,1,1,5,1,1,9,11,1,?, ?,1,2
8,54,F,8,2003,3,?,?,2,2,2,1,?,2,3,?,4,?,?,17,7,?,?, ?,?,?
9,54,F,8,2003,2,1,1,2,2,1,1,1,1,1,1,1,1,2,13,6,1,1, ?,2,2
9,54,G,8,2003,3,1,1,2,2,1,1,1,1,1,1,2,1,2,7,6,1,1,28,2,2
9,54,F,8,2003,3,1,1,2,2,2,1,1,2,1,1,2,1,2,8,6,1,1,22,2,2
9,54,F,8,2003,2,1,1,2,2,1,1,1,1,1,1,2,1,2,14,6,1,?, ?,2,2
4,54,F,8,2003,4,3,1,2,2,1,4,3,1,1,1,3,1,2,8,7,1,?, ?,1,2
1,53,F,8,2003,3,1,1,2,2,2,1,1,2,1,1,3,1,2,12,6,1,1,38,2,2
3,53,F,3,2003,4,1,1,2,2,1,2,1,1,1,1,4,1,2,14,6,1,7, ?,1,2
3,53,F,5,2003,2,1,1,2,2,1,1,1,1,1,1,4,1,2,4,6,1,1, ?,?,?
1,53,F,8,2003,2,1,1,2,2,1,1,1,1,1,1,2,1,2,10,6,1,?,32,2,2
1,53,M,8,2003,2,3,4,2,2,1,1,1,1,1,1,3,1,2,8,3,?,1,20,?,?
7,56,F,9,2003,3,7,1,2,2,1,1,4,3,3,2,4,4,2,17,6,1,?, ?,1,2
6,56,F,9,2003,2,7,?,1,2,1,1,2,1,1,2,4,1,2,11,9,?,?, ?,?,?
4,56,F,9,2003,3,1,1,1,2,1,1,1,1,1,1,3,1,2,9,6,1,1, ?,1,2
4,56,F,9,2003,4,1,1,1,2,1,2,1,1,1,1,3,1,2,9,6,1,1, ?,1,2
8,56,F,9,2003,3,7,1,2,2,1,1,1,1,1,1,3,1,2,9,11,?,7,35,2,2
3,53,F,9,2003,2,1,1,2,2,1,1,1,1,1,1,1,1,2,4,6,1,1,52,2,?
3,53,F,9,2003,?,1,?,?,?,1,1,1,1,1,1,2,1,2,8,6,1,1,35,2,2
1,54,F,9,2003,2,1,1,2,2,1,1,1,1,1,1,5,1,1,4,6,?,?,27,1,2
1,54,F,9,2003,2,1,1,2,2,2,1,1,2,1,2,1,1,2,14,6,1,7,40,2,2
1,54,F,9,2003,3,1,1,2,1,1,1,1,1,1,1,3,1,2,10,5,1,1, ?,2,2
8,54,F,9,2003,3,?,?,1,2,1,1,1,1,1,1,1,2,2,14,6,1,7, ?,?,?
9,54,F,9,2003,3,1,1,2,2,1,1,1,1,1,1,1,1,2,14,6,1,?, ?,2,2
12,54,F,9,2003,3,7,1,2,2,2,1,1,2,1,1,3,3,2,13,6,?,?, ?,?,?
12,54,F,9,2003,2,3,1,2,2,1,1,1,1,1,1,3,1,2,8,6,1,7,19,1,2
7,54,G,9,2003,2,?,8,2,?,1,1,1,1,1,1,3,1,2,7,11,?,?,30,?,?
11,54,F,9,2003,3,7,8,2,2,1,1,1,1,1,1,3,1,2,7,6,?,?, ?,?,?
6,55,F,9,2003,3,1,1,2,2,1,1,1,1,1,1,1,1,2,9,6,1,1,33,2,2
3,55,F,9,2003,3,7,1,1,2,1,1,1,1,1,1,3,1,2,13,6,2,?, ?,?,?
1,53,F,10,2003,?,?,?,?,1,2,1,1,1,1,?,?,?,?,19, ?,?,?, ?,?,?
1,53,F,10,2003,1,1,1,2,2,2,2,2,1,1,1,2,1,2,19,6,?,?, ?,?,?
6,53,F,10,2003,3,?,1,2,2,1,1,1,1,1,1,3,1,2,6,6,?,?, ?,?,?
1,54,G,10,2003,2,?,8,2,2,1,1,2,1,1,1,3,1,2,10,6,1,7, ?,2,2
1,54,G,10,2003,4,3,1,2,2,1,2,1,1,1,1,1,1,2,6,6,1,?, ?,?,?
1,54,F,10,2003,2,7,1,2,2,1,1,1,1,1,1,2,1,2,9,11,1,1, ?,1,2
1,54,F,10,2003,3,7,1,2,2,1,1,1,1,1,1,2,1,2,14,6,?,?, ?,?,?
9,54,F,9,2003,2,1,1,2,2,1,1,1,1,1,1,1,1,2,13,6,?,7,38,2,2
9,54,F,10,2003,2,1,1,2,2,1,1,1,1,1,1,1,2,2,13,6,1,1,38,2,2
4,54,F,10,2003,3,1,1,2,2,1,1,1,1,1,1,3,1,2,6,6,2,?, ?,2,2
1,55,S,10,2003,4,4,1,2,2,1,1,4,1,1,1,4,1,2,10,4,?,?, ?,2,2
1,55,G,10,2003,3,1,1,2,2,1,1,1,1,1,1,1,1,2,9,6,1,1,35,2,2
5,56,S,10,2003,1,1,1,2,2,4,4,1,1,1,1,1,1,2,9,1,?,7,35,2,2
8,56,F,9,2003,3,1,1,2,2,1,1,1,1,1,1,3,1,2,9,6,1,1,45,2,2
8,56,F,10,2003,3,7,3,2,2,1,1,1,1,1,1,3,1,2,7,6,1,7, ?,2,2
1,56,F,10,2003,1,?,?,?,?,1,4,1,1,?,?,4,1,2,9,1,1,?,35,?,?
1,55,F,11,2003,4,1,1,2,2,1,4,1,1,1,1,4,1,2,19,6,?,?, ?,?,?
1,55,F,11,2003,2,7,8,?,?,1,1,1,5,3,3,5,?,1,8,7,?,7,35,2,2
6,55,F,11,2003,3,7,1,2,2,1,1,1,1,1,1,1,1,2,19,6,?,?, ?,?,?
6,55,F,11,2003,3,1,1,2,2,1,1,1,1,1,3,1,1,2,19,6,?,?, ?,?,?
3,53,F,11,2003,3,7,1,2,2,1,1,1,1,1,1,2,1,2,7,6,1,1,22,1,2
1,53,F,10,2003,3,7,8,2,2,1,1,1,1,1,1,2,1,2,8,11,1,1,26,2,2
1,54,G,10,2003,2,7,8,2,2,1,3,1,1,1,1,5,1,1,19,6,?,?, ?,?,?
1,54,F,11,2003,2,1,4,2,2,1,1,1,1,1,1,3,1,1,6,6,?,?, ?,?,?
1,54,S,11,2003,1,1,1,2,2,1,2,1,1,1,1,5,2,1,13,1,1,1,45,1,2
5,54,F,11,2003,2,1,1,2,2,1,1,1,1,1,1,3,1,2,14,6,?,?, ?,?,?
7,54,F,11,2003,3,?,8,2,?,1,1,1,1,1,1,3,1,2,9,11,?,?, ?,?,?
1,54,F,11,2003,3,7,1,2,2,1,1,1,1,1,1,3,1,1,8,6,1,1, ?,?,?
8,56,F,11,2003,2,3,3,2,2,1,4,1,1,1,1,3,1,2,7,11,1,7, ?,?,?
1,53,G,12,2003,3,1,1,1,2,1,4,1,1,1,1,3,1,2,12,6,1,?,25,?,?
3,56,F,12,2003,3,1,1,2,2,1,1,1,1,1,1,1,1,2,9,6,2,1,30,2,2
8,56,F,12,2003,3,1,1,2,2,1,1,1,1,1,1,3,1,2,9,6,1,1, ?,2,2
8,56,F,12,2003,2,1,1,2,2,1,1,1,1,1,1,3,1,2,9,6,1,1, ?,?,?
6,55,F,12,2003,3,3,?,2,?,1,1,1,1,1,1,1,1,2,5,6,1,1, ?,?,?
1,54,G,12,2003,2,1,?,2,2,1,1,1,1,1,1,4,1,2,19,6,?,?, ?,?,?
1,54,F,12,2003,3,1,1,2,2,1,1,1,1,1,1,1,1,2,4,6,?,1, ?,1,2
12,54,F,12,2003,3,1,1,2,2,1,1,1,1,1,1,3,1,2,5,6,1,1,28,2,2
8,54,F,12,2003,3,?,3,1,2,1,1,1,1,1,1,3,1,2,14,6,1,7,30,?,?
8,54,F,12,2003,3,1,1,2,2,1,1,1,1,3,2,4,1,2,17,6,?,?, ?,2,?
3,54,S,12,2003,2,7,8,2,2,4,1,1,1,1,1,4,1,2,8,6,1,1,35,1,2
3,54,F,12,2003,3,1,8,2,2,1,1,1,1,1,1,3,1,2,7,6,1,1,25,1,2
7,54,F,12,2003,2,1,1,2,2,1,1,1,1,1,1,3,1,2,14,6,1,1,40,2,2
1,61,F,1,2003,2,2,1,2,2,1,1,1,1,1,1,3,1,2,9,6,?,?, ?,?,?
1,59,F,1,2003,3,1,1,2,2,1,1,1,1,1,1,2,1,2,16,2,?,?, ?,?,?
2,59,F,1,2003,3,1,1,2,?,1,1,2,1,1,1,3,1,2,7,1,2,7, ?,1,?
7,63,F,1,2003,2,1,8,2,2,4,1,2,1,1,1,1,1,2,7,2,2,7, ?,1,2
9,63,F,1,2003,4,3,3,1,2,1,4,2,1,1,1,1,1,2,7,6,1,1, ?,?,?
1,59,S,1,2003,2,1,1,2,2,1,1,1,1,1,1,1,1,2,8,6,1,7,35,2,2
5,59,F,2,2003,4,1,3,2,2,1,2,1,1,1,1,2,1,2,19,6,?,?, ?,1,2
1,61,M,2,2003,3,1,1,2,2,1,4,1,1,1,1,1,1,2,14,6,1,1,40,2,2
7,66,F,2,2003,3,1,1,2,2,1,2,1,1,1,1,2,1,2,11,6,1,1,30,1,2
5,66,S,1,2003,2,1,1,2,2,1,1,1,1,1,2,4,4,2,8,6,1,1,32,2,2
13,63,F,2,2003,1,7,8,1,?,2,2,1,2,1,1,1,1,2,13,11,1,7, ?,?,?
7,63,S,2,2003,3,2,1,2,2,1,1,1,1,1,1,1,1,2,7,4,1,1,40,2,2
13,63,F,2,2003,3,1,1,2,2,4,2,1,1,1,1,1,1,2,9,6,?,?, ?,?,?
2,62,F,2,2003,3,?,1,2,2,1,1,1,1,1,1,1,1,1,9,5,?,?, ?,2,?
1,59,F,1,2003,3,7,8,2,2,1,1,1,1,1,1,1,1,2,8,6,1,1, ?,2,2
1,59,F,3,2003,2,1,1,2,2,1,1,1,1,1,1,2,1,2,7,6,1,7,36,2,2
2,61,S,3,2003,3,1,3,2,2,1,1,1,1,1,1,1,1,1,9,6,1,2, ?,2,2
4,57,F,3,2003,4,1,1,2,2,1,2,1,1,1,1,4,1,2,12,6,1,?, ?,?,?
1,58,F,1,2003,2,1,2,2,2,1,1,1,1,1,1,1,1,2,7,6,1,1,25,2,2
1,58,F,1,2003,1,1,2,2,2,1,3,1,1,1,1,1,1,2,14, ?,?,?,42,2,2
4,63,F,3,2003,4,1,1,2,2,1,4,1,1,1,1,1,4,2,13,5,1,7,35,2,2
8,58,F,2,2003,2,1,1,2,2,1,1,2,1,1,3,1,1,2,14, ?,1,1, ?,?,?
1,58,G,3,2003,2,7,1,2,2,1,4,1,1,1,1,2,1,2,16,1,1,7,35,2,2
10,58,F,3,2003,3,1,1,2,2,1,1,1,1,1,2,2,1,2,9,6,1,1,32,2,2
8,59,F,4,2003,4,1,1,1,?,1,4,1,1,1,1,4,1,2,5,6,1,7, ?,1,?
2,58,F,4,2003,1,?,1,2,2,1,4,1,1,1,1,1,1,2,15,5,1,1, ?,?,?
6,58,F,4,2003,3,1,1,2,1,1,1,1,1,1,1,1,1,2,9,6,1,1, ?,2,2
6,63,F,2,2003,2,1,1,2,2,1,1,1,1,1,1,2,1,2,8,6,2,1, ?,1,2
6,63,F,4,2003,3,?,1,2,2,1,1,1,1,1,1,2,1,1,9,6,1,1,35,2,2
6,63,G,4,2003,1,1,1,2,2,1,2,1,1,?,1,2,1,2,14,5,1,?, ?,1,2
6,63,M,4,2003,3,1,1,2,2,1,1,1,1,1,1,2,1,2,14,6,1,?,26,2,2
1,57,F,4,2003,3,1,1,2,2,1,1,1,1,1,3,1,1,2,9,5,1,1, ?,2,2
1,57,F,4,2003,3,1,1,1,?,1,1,1,1,1,1,1,1,2,9,6,1,1, ?,2,2
8,63,F,5,2003,1,3,1,2,2,2,4,1,2,1,1,1,1,2,9,6,1,3,42,2,2
8,63,F,5,2003,3,7,1,2,2,1,3,1,1,1,1,1,1,2, ?, ?,?,?, ?,?,?
8,63,G,5,2003,2,1,1,2,2,3,1,1,2,1,1,1,1,2,9,5,?,?, ?,?,?
6,63,F,5,2003,3,?,?,1,?,2,1,1,2,1,?,1,?,?,14, ?,?,?, ?,?,?
2,58,G,5,2003,2,?,1,2,2,1,1,1,1,1,1,2,1,2,9,5,1,?, ?,?,?
6,58,F,5,2003,1,1,1,2,2,1,2,1,1,1,1,1,1,1,9,6,1,1,44,?,?
7,58,F,5,2003,3,1,1,2,2,1,1,1,1,1,1,4,1,2,5,6,1,?,29,?,?
1,57,F,5,2003,3,3,1,2,2,1,1,2,2,2,1,4,2,?,7,6,1,7, ?,2,2
1,59,G,6,2003,4,1,1,2,2,1,3,1,1,1,1,5,1,1,14, ?,1,?, ?,1,2
10,67,F,6,2003,2,1,1,2,2,1,1,5,1,1,2,2,1,2,9,6,2,?, ?,?,2
1,61,F,6,2003,4,3,1,2,2,2,4,1,2,1,1,1,1,2,14,6,1,1,28,2,2
10,58,G,6,2003,2,7,1,1,2,1,1,1,1,1,1,2,1,2,12,6,1,1, ?,2,2
1,58,F,6,2003,4,1,1,2,2,1,4,1,1,1,1,2,1,2,12,6,1,1, ?,2,2
3,66,F,6,2003,3,1,1,2,2,1,1,5,1,1,1,4,1,2,11,6,2,1,26,2,2
13,63,F,1,2003,1,1,1,2,2,1,2,1,1,1,1,1,1,2,14,5,1,1,35,2,2
10,63,F,1,2003,2,1,8,2,2,1,?,1,1,1,1,2,1,2,14,6,?,?, ?,?,?
3,61,F,7,2003,3,?,3,2,1,1,1,1,1,1,1,1,1,2,9,6,?,?,40,?,?
1,57,F,7,2003,4,3,1,2,?,1,2,2,1,1,2,3,1,1,11,6,1,3, ?,2,2
4,57,S,7,2003,3,1,?,2,2,1,1,1,1,1,2,2,4,2,7,6,1,1,25,2,2
1,65,F,7,2003,3,?,1,1,?,1,1,1,1,1,1,1,1,1,9,1,1,?, ?,1,2
2,65,F,7,2003,3,7,1,2,2,1,1,1,1,1,1,1,1,2,9,6,1,1,38,2,2
5,66,G,7,2003,2,7,8,2,2,1,1,2,1,1,1,2,1,2,11,2,1,1,30,2,2
1,67,G,7,2003,2,?,1,2,?,1,1,4,1,1,1,2,1,1,14,1,1,?, ?,2,2
1,58,F,7,2003,4,1,1,2,2,1,4,2,1,1,1,2,1,2,14,6,?,?, ?,1,?
14,63,S,7,2003,3,7,8,2,?,1,1,1,1,1,1,1,1,2,12,11,?,?, ?,?,?
9,63,F,7,2003,3,1,1,2,2,1,1,1,1,1,1,1,1,2,14, ?,1,1, ?,1,2
4,60,F,7,2003,3,1,1,2,2,1,1,1,1,1,1,4,1,2,11,11,1,7,35,2,2
7,60,F,7,2003,2,7,1,2,?,1,1,1,1,1,1,2,1,2,12,11,1,7, ?,1,2
1,61,F,8,2003,3,1,1,2,2,1,1,1,1,1,1,1,1,2, ?, ?,?,?, ?,?,?
1,61,F,8,2003,2,2,1,2,2,1,1,1,1,1,1,1,1,2,11,6,1,1,34,2,2
1,61,F,8,2003,3,7,1,2,2,1,1,1,1,1,2,5,4,1,14,6,?,?, ?,?,?
3,61,F,8,2003,3,?,1,1,1,1,1,2,1,1,1,4,1,2,13,1,?,?, ?,?,?
14,63,G,8,2003,3,7,8,2,1,1,1,1,1,1,1,1,1,2,14,11,1,7, ?,?,?
7,63,F,8,2003,3,3,1,2,2,1,?,1,1,1,1,1,1,2,13,6,1,1,24,?,?
7,63,F,8,2003,3,3,1,2,2,1,1,2,1,1,1,1,1,2,13,6,1,?,38,1,2
8,63,F,8,2003,1,7,8,?,2,1,4,1,1,1,1,1,1,2, ?, ?,?,?, ?,?,?
8,63,F,8,2003,2,3,8,2,1,1,1,1,1,1,1,1,2,?,9, ?,?,1, ?,2,2
8,63,G,8,2003,2,3,1,2,2,1,1,1,1,1,1,1,1,2,9,4,1,1,45,2,2
6,63,F,8,2003,1,?,1,2,2,1,2,1,1,1,1,2,?,1,9,6,1,1, ?,2,2
1,58,F,8,2003,1,7,8,2,2,1,1,?,5,3,?,3,1,1,9,7,?,1, ?,2,2
1,58,F,8,2003,2,7,8,1,1,3,1,1,1,1,2,1,1,1,13,5,1,1, ?,2,2
1,58,F,8,2003,2,2,1,2,2,1,1,1,1,1,1,2,1,2,14,6,1,1,55,2,2
5,58,F,8,2003,2,1,1,2,2,1,1,1,1,1,1,1,1,2,14,1,1,1,36,1,2
10,58,G,8,2003,3,7,1,1,2,1,1,1,1,1,1,2,1,2,14,11,1,?,28,2,2
1,59,F,8,2003,3,1,1,2,?,1,1,1,1,1,1,2,1,2,9,5,1,3, ?,2,2
4,59,F,8,2003,4,1,8,2,2,1,2,1,1,1,1,1,1,1,9,6,1,7, ?,1,2
2,59,F,8,2003,2,1,1,2,2,1,1,1,1,1,1,2,1,2,12,6,1,1, ?,1,2
1,57,F,8,2003,3,1,3,1,?,1,1,1,1,1,1,1,1,2,8,2,1,1,35,?,?
3,57,G,8,2003,3,1,1,2,2,1,1,1,1,1,1,3,1,2,14,6,1,1,32,1,2
8,57,F,8,2003,4,1,1,2,2,1,2,1,1,1,1,1,1,2,10,6,1,1, ?,2,2
8,57,F,8,2003,2,1,8,2,2,1,1,1,1,3,3,4,1,2,7,6,?,7, ?,?,2
7,57,F,8,2003,3,1,1,2,2,1,1,1,1,1,1,2,1,2,6,6,1,1,25,2,2
1,60,F,8,2003,3,1,8,2,2,1,1,1,1,1,1,1,1,2,9,11,1,1,40,2,1
5,65,F,8,2003,2,7,1,1,2,2,1,1,2,1,1,4,1,2,9,6,?,?, ?,2,2
5,65,F,8,2003,2,7,?,1,?,2,1,1,5,2,?,4,4,2,11,11,?,?,20,?,?
5,65,F,8,2003,2,1,1,1,2,1,1,1,1,1,1,4,1,2,7,6,1,1, ?,2,2
6,65,F,8,2003,3,7,1,1,2,1,1,1,2,2,1,4,1,1,14,6,?,?, ?,2,1
1,59,G,9,2003,2,7,8,?,?,1,1,1,1,1,1,2,1,2,9,6,1,1, ?,2,2
1,61,S,9,2003,4,1,1,2,2,1,2,1,1,1,1,1,1,1,14,6,1,1,35,2,2
1,61,F,9,2003,4,1,1,1,2,1,4,1,1,1,1,5,1,1,14,4,1,1,40,1,2
8,67,F,9,2003,3,1,?,2,2,1,1,2,1,1,1,1,1,2,9,1,?,?,42,?,?
6,63,F,9,2003,1,7,1,2,2,1,2,1,1,1,1,1,1,2,7,6,1,1, ?,1,2
6,63,F,9,2003,2,2,1,2,?,1,1,1,1,1,1,1,1,2,14,4,2,?, ?,2,2
9,63,F,9,2003,2,1,1,2,2,1,1,1,1,1,1,1,1,2,9, ?,?,?, ?,?,?
9,63,F,9,2003,3,1,3,2,?,1,1,2,1,1,1,1,1,2,9,5,1,?, ?,?,?
8,63,F,9,2003,4,1,3,2,?,1,3,2,1,1,1,1,1,2, ?, ?,?,?, ?,?,?
1,57,F,9,2003,3,?,?,2,?,1,1,1,1,1,1,1,1,?, ?, ?,?,?, ?,?,?
2,57,F,9,2003,1,4,1,2,2,1,2,2,1,1,1,3,1,2,13,1,1,?, ?,1,2
8,57,F,9,2003,1,?,1,2,2,1,3,1,1,1,1,1,1,2,12,5,1,1, ?,2,2
1,58,F,9,2003,4,1,2,2,2,2,3,1,2,1,1,2,1,2,8,6,1,1, ?,2,2
1,58,F,9,2003,4,1,1,2,2,1,2,1,1,1,1,2,1,2,9,6,2,?, ?,?,?
1,58,F,9,2003,3,1,?,2,2,1,1,1,2,1,2,2,1,2,9,6,1,1,42,2,2
1,58,G,9,2003,3,1,1,2,2,1,1,1,1,1,1,1,1,2,9,6,1,1,42,2,2
10,58,F,9,2003,3,1,1,1,2,1,1,1,1,1,1,2,1,2,9,6,1,7,29,2,2
10,58,G,9,2003,2,7,1,1,2,1,1,2,1,1,1,2,1,1,9,6,1,1,27,2,2
5,58,F,9,2003,3,1,1,2,2,1,1,1,1,1,1,1,1,2,9,6,1,1,36,2,2
8,58,F,9,2003,4,7,1,1,2,1,4,1,1,1,1,1,1,2,14,11,2,?,45,1,2
7,60,G,9,2003,3,1,1,2,2,1,1,1,1,1,1,2,1,2,5,6,1,7,25,1,2
7,60,F,9,2003,1,1,1,2,2,1,4,1,1,1,1,2,1,2, ?, ?,?,?, ?,?,?
3,60,F,9,2003,3,2,3,1,2,1,1,1,1,1,1,1,1,2,6,6,1,2, ?,2,2
4,68,F,10,2003,4,1,1,2,2,2,4,2,2,1,1,2,1,2,11,2,1,6,34,2,2
2,61,S,10,2003,3,1,1,2,2,1,1,1,1,1,1,1,1,1,9,6,1,1,38,2,2
8,67,F,10,2003,4,7,1,2,2,1,4,2,1,1,1,2,1,2,12,6,1,?,28,2,2
5,66,F,10,2003,3,1,1,2,2,1,1,4,1,1,1,1,1,2,9,6,1,1,40,2,2
1,62,F,10,2003,3,1,8,2,2,2,1,1,2,1,1,1,1,1,9,8,1,?, ?,1,2
1,62,G,10,2003,2,1,8,2,2,1,1,1,1,1,1,2,1,2,9,6,?,?, ?,?,?
1,62,F,10,2003,3,?,3,2,2,1,1,1,1,1,1,4,?,?,9,6,?,?, ?,2,2
8,58,F,10,2003,3,7,1,2,2,1,1,4,1,1,1,1,1,2,9,6,1,?, ?,2,2
5,58,F,10,2003,3,3,2,2,2,1,1,1,1,1,1,1,?,2,9, ?,?,?, ?,?,?
5,58,F,10,2003,1,4,1,2,2,1,3,2,1,1,1,1,1,2,13,1,1,1, ?,2,2
6,58,F,10,2003,3,1,1,2,2,2,1,1,2,1,1,1,1,2,10,6,1,?,35,?,2
7,58,F,10,2003,4,7,3,2,2,1,1,?,?,1,1,1,1,?,9, ?,1,?, ?,?,?
2,58,F,10,2003,3,7,1,2,2,1,1,1,2,1,1,1,1,2,10, ?,?,?, ?,2,2
8,57,F,10,2003,3,1,1,2,2,1,1,1,1,1,1,1,1,2,14, ?,1,1,30,2,2
6,63,G,10,2003,3,?,1,2,2,1,1,1,1,1,1,2,1,1,14,6,1,1,33,2,2
9,63,F,10,2003,2,7,1,2,2,1,1,1,1,1,1,1,1,2,9,6,1,1,35,1,2
9,63,F,10,2003,2,7,1,2,2,1,1,1,1,1,1,1,1,2,8,6,1,1,30,1,2
1,61,F,11,2003,1,1,1,2,2,1,4,1,1,1,1,1,1,2,14,6,1,?, ?,?,2
1,67,G,11,2003,4,1,1,2,2,1,1,1,1,1,1,2,1,1,12,6,1,1,28,1,2
1,67,F,11,2003,4,4,4,2,2,1,3,2,1,1,1,2,1,1,13,1,1,1, ?,1,2
1,58,G,11,2003,3,1,1,2,2,1,1,1,1,1,1,2,1,2,14,5,1,1,42,2,2
7,58,F,11,2003,2,1,1,2,2,1,1,1,1,1,1,1,1,2,11,6,1,?,45,2,2
10,58,F,11,2003,4,7,1,1,2,1,1,1,1,1,1,2,1,2,10,6,1,?,30,2,2
1,57,F,11,2003,2,7,1,2,2,1,1,1,1,1,1,1,1,2,16,6,1,7, ?,1,2
2,57,F,11,2003,3,1,8,2,2,1,1,1,1,1,1,5,1,2,17,11,1,?,26,2,2
2,57,F,11,2003,3,1,8,2,2,1,?,1,1,1,1,1,1,2,9,11,1,?,40,2,2
1,57,F,11,2003,4,7,1,2,2,1,2,1,1,1,1,1,1,1,14, ?,1,7, ?,1,2
1,57,F,11,2003,3,1,1,2,2,1,1,3,1,1,1,4,1,2,6,6,?,?, ?,?,?
8,57,F,11,2003,3,?,?,2,2,1,1,?,1,1,1,1,1,2,9,6,1,1,40,2,2
1,57,F,11,2003,2,7,3,1,2,1,1,1,1,1,1,1,1,2,7,11,1,1, ?,2,2
5,63,F,11,2003,2,7,8,2,2,1,1,1,1,1,1,1,1,2,7, ?,?,?, ?,?,?
14,63,G,11,2003,4,1,1,2,2,1,3,1,1,1,1,1,1,2,9,6,1,1,50,2,2
14,63,F,11,2003,2,1,1,2,2,1,1,1,1,1,1,1,1,2,9,6,1,1,32,2,2
9,63,F,11,2003,3,7,1,2,2,1,1,1,1,1,1,1,1,2,9,6,1,1,35,1,2
9,63,F,11,2003,4,7,1,2,2,1,4,1,1,1,1,1,1,2,14,5,1,1, ?,1,2
1,60,F,11,2003,?,1,8,1,2,1,1,1,1,1,1,2,1,2,19,11,1,7, ?,1,2
5,65,F,11,2003,3,1,1,2,2,1,2,1,1,1,1,1,1,2,6,6,1,1,30,2,2
5,65,F,11,2003,2,1,1,2,2,4,2,1,1,1,1,1,1,2,14,6,1,1,30,2,2
5,65,F,11,2003,3,1,1,2,?,1,1,1,1,1,1,1,1,2,9,11,1,1, ?,2,2
2,64,F,1,2003,2,2,1,2,2,1,1,1,1,1,1,5,1,1,14,6,1,1,54,2,2
5,64,F,2,2003,3,1,1,2,2,1,1,1,1,1,1,5,1,1,14,6,1,1,50,2,2
5,64,F,3,2003,2,1,1,2,2,1,1,1,1,1,1,5,1,1,14,6,1,1, ?,1,2
5,64,F,3,2003,1,1,1,2,2,1,1,1,1,1,1,5,1,1, ?, ?,?,?, ?,?,?
12,64,F,1,2003,3,1,1,2,2,1,1,1,1,1,1,5,1,1,7,6,1,1,25,1,2
5,64,F,4,2003,3,1,1,2,2,1,1,1,1,1,1,5,1,1,14,6,1,1, ?,1,2
4,64,F,1,2003,4,1,4,2,2,1,3,1,1,1,1,5,1,1,1,6,1,1,22,2,2
4,64,G,2,2003,3,1,5,2,2,1,1,1,1,1,1,5,1,1,6,6,1,1,29,2,2
4,64,F,2,2003,3,1,6,2,2,1,1,1,1,1,1,5,1,1,8,6,1,1, ?,2,2
2,64,G,2,2003,3,1,8,2,2,1,1,1,1,1,1,5,1,1,15,6,1,1,35,1,2
2,64,F,3,2003,2,2,1,2,2,1,1,1,1,1,1,5,1,1,9,6,1,1,25,2,2
7,64,F,2,2003,2,1,8,2,2,1,1,3,1,1,1,5,1,1,14,6,1,3,39,2,2
8,64,G,3,2003,3,2,1,2,2,1,1,1,1,1,1,5,1,1,6,6,1,1,22,2,2
10,64,F,3,2003,2,1,1,2,2,1,1,1,1,1,1,5,1,1,14,6,1,1, ?,1,2
11,64,S,3,2003,2,3,4,2,2,1,1,2,1,1,1,5,1,1,8,3,1,1,26,2,2
11,64,F,4,2003,3,1,4,2,2,1,1,1,1,1,1,5,1,1,8,6,1,1, ?,2,2
2,64,F,5,2003,3,1,4,2,1,1,1,1,1,1,1,5,1,1,14,6,1,1,25,2,2
2,64,F,5,2003,1,1,8,2,2,1,2,1,1,1,1,5,1,1,16,6,1,1,40,2,2
2,64,M,5,2003,3,3,1,2,2,1,1,1,1,1,1,5,1,1,14,6,1,1,25,2,2
8,64,G,5,2003,2,1,1,2,2,1,1,1,1,1,1,5,1,1,7,5,?,?, ?,?,?
2,64,F,6,2003,2,3,1,2,2,1,1,1,1,1,1,5,1,1,14,6,2,1,42,2,2
8,64,F,7,2003,2,1,1,2,2,1,1,1,1,1,1,5,1,1,14,6,1,1,26,2,2
11,64,F,5,2003,2,4,1,2,2,2,1,1,2,1,1,5,1,1,8,6,1,1, ?,2,2
1,64,M,6,2003,3,2,6,2,1,1,1,1,1,1,1,5,1,1,8,6,1,1,27,2,2
1,64,S,7,2003,3,1,1,2,2,1,1,1,1,1,1,5,1,1,8,6,1,1, ?,2,2