Thana,District,Accident_Severity,Month,Year,Time,Junction_Type,Traffic_Control,Movement,Divider,Weather,Light,Road_Geometry,Surface_Condition,Surface_Type,Surface_Quality,Road_Class,Road_Feature,Location_Type,Vehicle_Type,Vehicle_Movement,Vehicle_Loading,Vehicle_Defect,Vehicle_Driver_Age,Vehicle_Alcohol,Vehicle_Seat_Belt
1,64,F,8,2003,3,5,1,2,2,1,1,1,1,1,1,5,1,1,9,6,1,1, ?,2,2
1,64,F,9,2003,4,1,1,2,2,1,3,1,1,1,1,5,1,1,14,6,1,1, ?,2,2
1,64,G,9,2003,3,2,4,2,2,1,1,1,1,1,1,5,1,1,8,6,1,1,40,2,2
2,64,G,8,2003,2,2,4,2,2,1,1,1,1,1,1,5,1,1,8,6,1,1, ?,2,2
2,64,F,8,2003,2,1,1,2,2,1,1,1,2,1,1,5,1,1,14,6,1,1, ?,2,2
2,64,F,8,2003,2,1,1,2,2,1,1,1,1,1,1,5,1,1,14,6,1,1,23,2,2
2,64,F,9,2003,2,1,1,2,2,1,1,1,1,1,1,5,1,1,9,6,1,1,32,2,2
2,64,F,9,2003,2,2,2,2,2,1,1,1,1,1,1,5,1,1,15,6,1,1, ?,1,2
3,64,G,2,2003,3,1,1,2,2,1,1,1,1,1,1,5,1,1,7,6,1,1,27,2,2
3,64,F,2,2003,4,7,1,2,2,1,2,1,1,1,1,5,1,1,14,6,1,1, ?,2,2
3,64,G,4,2003,1,2,3,2,2,1,3,1,1,1,1,5,1,1,8,6,1,1,40,2,2
3,64,F,6,2003,2,3,1,1,2,1,1,2,1,1,1,5,1,1,9,6,1,1,20,2,2
3,64,G,7,2003,3,1,1,2,2,1,1,1,1,1,1,5,1,1,14,6,1,1,23,2,2
3,64,F,8,2003,3,1,1,1,2,1,1,2,1,2,1,5,1,1,8,6,1,1, ?,2,2
3,64,F,9,2003,4,1,1,2,2,1,2,1,1,1,1,5,1,1,8,6,1,1, ?,2,2
3,64,S,9,2003,2,1,1,2,2,1,1,1,1,1,1,5,1,1,14,6,1,1, ?,2,2
4,64,F,7,2003,3,1,1,2,2,1,1,1,1,1,1,5,1,1,14,6,1,1,35,2,2
4,64,F,7,2003,4,2,6,2,1,1,1,1,1,1,1,5,1,1,14,6,1,1, ?,1,2
4,64,F,8,2003,2,2,1,2,2,1,1,1,1,1,1,5,1,1,8,6,1,1,25,2,2
4,64,F,9,2003,3,1,1,2,2,1,1,1,1,1,1,5,1,1,14,6,1,1, ?,2,2
4,64,F,9,2003,2,1,1,2,2,1,1,1,1,1,1,5,1,1,10,2,1,1, ?,2,2
5,64,F,7,2003,1,1,1,2,2,2,2,1,2,1,1,5,1,1,14,6,1,1, ?,2,2
6,64,F,8,2003,2,1,1,2,2,1,1,1,1,1,1,5,1,1,7,6,1,1, ?,2,2
6,64,F,8,2003,4,1,1,2,2,1,3,1,1,1,1,5,1,1, ?, ?,?,?, ?,?,?
6,64,F,8,2003,4,2,3,2,2,1,3,1,1,1,1,5,1,1,14,6,1,1, ?,2,2
6,64,G,9,2003,1,1,1,2,2,1,3,1,1,1,1,5,1,1,14,6,1,1,40,1,2
7,64,G,4,2003,2,1,1,2,2,1,1,1,1,1,1,5,1,1,7,6,1,1,22,2,2
7,64,F,6,2003,3,3,3,2,2,1,1,1,1,1,1,5,1,1,14,6,1,1, ?,2,2
7,64,S,8,2003,2,1,6,2,2,1,1,1,1,1,1,5,1,1,9,6,1,1,35,2,2
7,64,F,8,2003,2,1,1,2,2,1,1,1,1,1,1,5,1,1,14,6,1,1, ?,2,2
8,64,F,9,2003,2,1,1,2,2,1,1,1,1,1,1,5,1,1,9,6,1,1,28,2,2
10,64,G,4,2003,1,3,1,2,2,1,4,1,1,1,1,5,1,1,7,6,1,1, ?,1,2
10,64,F,7,2003,4,1,1,2,2,1,4,1,1,1,1,3,1,1,14,6,1,1, ?,2,2
10,64,M,7,2003,1,1,2,1,1,1,2,1,1,1,1,5,3,1,14,6,1,1, ?,2,2
10,64,F,7,2003,2,3,1,2,2,1,1,3,1,1,1,5,1,1,3,6,1,1, ?,2,2
10,64,F,8,2003,3,1,1,2,2,1,1,1,1,1,1,3,1,1,9,6,1,1, ?,2,2
11,64,G,7,2003,4,1,4,2,2,1,3,1,1,1,1,5,1,1,16,6,1,1,25,2,2
4,64,F,10,2003,3,1,1,2,2,1,1,1,1,1,1,5,1,1,14,6,1,1, ?,1,2
11,64,F,10,2003,2,1,1,2,2,1,1,1,1,1,1,5,1,1,14,6,1,1,22,2,2
1,64,F,10,2003,2,1,1,2,2,1,1,1,1,1,1,5,1,1,6,6,1,1,30,2,2
5,64,F,10,2003,2,1,1,2,2,1,1,1,1,1,1,5,1,1,14,7,1,1, ?,2,2
7,64,F,10,2003,2,1,1,2,2,1,1,1,1,1,1,5,1,1,9,6,1,1,24,2,2
7,64,F,10,2003,4,1,1,2,2,1,3,2,1,1,1,5,1,1, ?, ?,?,?, ?,?,?
2,64,F,11,2003,4,1,3,2,1,1,3,1,1,1,1,5,1,1,8,6,1,1, ?,2,2
2,64,F,11,2003,3,2,2,2,2,1,2,1,1,1,1,5,1,1,19,2,1,1, ?,2,2
12,64,F,12,2003,3,1,1,2,2,1,2,1,1,1,1,2,1,1,9,6,1,1, ?,2,2
12,64,S,12,2003,2,1,1,2,2,1,1,1,1,1,1,5,1,1,9,6,1,1, ?,2,2
1,64,F,11,2003,4,1,1,1,2,1,3,1,1,1,1,5,1,1,19,6,1,1, ?,2,2
3,64,F,11,2003,2,1,1,2,2,4,2,1,1,1,1,5,3,1,14,6,1,1,40,1,2
5,64,G,12,2003,1,2,4,2,1,1,3,1,1,1,1,5,1,1,9,6,1,1,41,2,2
10,64,F,11,2003,2,1,8,2,2,1,1,1,1,2,2,5,1,1,14,6,1,1, ?,2,2
10,64,F,11,2003,4,1,1,2,2,1,4,1,1,1,1,5,1,1, ?, ?,?,?, ?,?,?
1,46,F,1,2003,2,1,1,2,2,1,1,1,1,1,1,1,1,2,9,6,1,1, ?,2,2
1,46,F,1,2003,2,1,1,2,2,1,1,1,1,1,1,3,1,2,6,6,1,1, ?,2,2
1,46,F,1,2003,2,1,1,2,2,1,1,1,1,1,1,1,1,2,14,6,1,1, ?,2,2
1,46,F,1,2003,3,1,1,2,2,1,1,1,1,1,1,1,1,2,9,6,1,1, ?,2,2
6,46,F,1,2003,2,1,1,2,2,1,1,1,1,1,1,1,1,1,12,6,1,1, ?,2,2
6,46,F,1,2003,3,1,1,2,2,1,1,1,1,1,1,1,1,1,4,6,1,1, ?,2,2
6,46,F,1,2003,3,1,1,2,2,1,1,1,1,1,1,1,1,1,8,6,1,1, ?,2,2
1,46,F,2,2003,2,1,1,2,2,1,1,1,1,1,1,1,1,2,6,6,1,1, ?,2,2
1,46,G,2,2003,4,1,1,2,2,1,3,1,1,1,1,1,1,2,12,6,1,1, ?,2,2
1,46,F,2,2003,1,1,1,2,2,1,4,1,1,1,1,1,1,2,14,6,1,1, ?,2,2
1,46,G,2,2003,4,1,1,1,1,1,3,1,1,1,1,1,1,2,8,6,1,1, ?,2,2
5,46,G,2,2003,3,1,1,2,2,1,1,1,1,1,1,1,1,2,8,6,1,1, ?,2,2
5,46,F,2,2003,4,1,1,2,2,1,4,1,1,1,1,3,1,2,12,6,1,1, ?,2,2
6,46,F,2,2003,2,1,1,2,2,1,1,1,1,1,1,1,1,2,14,6,1,1, ?,2,2
1,50,G,1,2003,3,1,1,2,2,1,1,1,1,1,1,3,1,2,12,6,1,1, ?,2,2
11,50,F,1,2003,3,1,1,2,2,1,1,1,1,1,1,2,1,2,9,6,1,1, ?,2,2
11,50,G,1,2003,3,1,1,2,2,1,1,1,1,1,2,2,1,2,9,6,1,1, ?,2,2
11,50,S,1,2003,4,1,1,2,2,1,2,1,1,1,1,2,1,2,9,6,1,1, ?,2,2
11,50,F,2,2003,3,1,1,2,2,1,1,1,1,1,1,2,1,2,9,6,1,1, ?,2,2
13,50,F,2,2003,1,1,1,2,2,1,1,1,1,1,1,3,1,2,14,6,1,1, ?,2,2
13,50,F,2,2003,4,1,1,2,2,1,4,1,1,1,1,3,1,2,9,6,1,1, ?,2,2
2,44,F,1,2003,1,1,1,2,2,4,4,1,2,1,3,3,2,2,14,6,1,1,38,2,2
4,44,F,1,2003,3,1,1,2,2,1,1,1,1,1,1,2,1,1,9,6,1,1, ?,2,2
4,44,G,1,2003,4,1,1,2,2,1,2,1,1,1,1,2,1,2,9,6,1,1, ?,2,2
6,44,F,1,2003,3,1,1,2,2,1,1,1,1,1,1,1,1,2,9,6,1,1, ?,2,2
7,44,F,1,2003,3,1,1,2,2,1,1,1,1,1,1,1,1,2,9,6,1,1, ?,2,2
13,47,F,1,2003,4,1,1,2,2,1,4,1,1,1,1,1,1,2,9,6,1,1, ?,2,2
1,43,F,3,2003,2,1,1,2,2,1,1,1,1,1,1,3,1,2,5,6,1,1, ?,2,2
5,43,F,2,2003,2,1,1,2,2,1,1,1,1,1,1,1,1,2,9,6,1,1, ?,2,2
5,43,F,2,2003,3,1,1,2,2,1,1,1,1,1,1,1,1,2,8,6,1,1, ?,2,2
6,43,G,2,2003,2,1,1,2,2,1,1,1,1,1,1,3,1,2,10,6,1,1,35,2,2
2,43,F,1,2003,2,1,1,2,2,1,1,1,1,1,1,1,1,2,9,6,1,1, ?,2,2
2,43,F,1,2003,3,1,1,2,2,1,1,1,1,1,1,1,1,2,9,6,1,1, ?,2,2
3,43,F,1,2003,4,1,1,2,2,1,2,3,1,2,2,3,1,2,13,6,1,1, ?,2,2
3,43,S,1,2003,4,1,1,2,2,4,3,1,1,1,1,1,1,2,8,6,1,1,24,2,2
4,43,F,1,2003,3,1,1,2,2,1,1,1,1,1,1,3,1,2,8,6,1,1, ?,2,2
6,43,G,1,2003,2,1,1,2,2,1,1,1,1,1,1,3,1,2,13,6,1,1, ?,2,2
3,49,G,1,2003,2,1,1,2,2,1,1,1,1,1,1,3,1,2,8,6,1,1, ?,2,2
4,49,F,1,2003,3,1,1,2,2,1,1,1,1,1,1,3,1,2,6,6,1,1, ?,2,2
5,49,G,1,2003,3,1,1,2,2,1,1,1,1,1,2,3,1,2,8,6,1,1, ?,2,2
1,49,F,2,2003,2,1,1,2,2,1,1,1,1,1,1,1,1,2,14,6,1,1, ?,2,2
1,49,F,2,2003,2,1,1,2,2,1,1,1,1,1,1,2,1,2,9,6,1,1, ?,2,2
3,49,F,2,2003,3,1,1,2,2,1,1,1,1,1,1,2,1,2,9,6,1,1, ?,2,2
5,49,F,2,2003,2,1,1,2,2,1,1,1,1,1,1,3,1,2,9,6,1,1, ?,2,2
1,48,F,1,2003,2,1,1,2,2,1,1,1,1,1,1,1,1,1,14,6,1,1, ?,2,2
1,45,G,1,2003,2,1,4,2,2,1,1,1,1,1,1,1,1,1,8,6,1,1, ?,2,2
5,45,F,1,2003,3,1,1,2,2,1,1,1,1,1,1,1,1,2,9,6,1,1,35,2,2
5,45,F,1,2003,3,1,1,2,2,1,1,1,1,1,1,1,1,2,14,6,1,1, ?,2,2
6,45,F,1,2003,2,1,1,2,2,4,2,1,1,1,1,1,1,2,14,6,1,1, ?,2,2
1,45,F,2,2003,4,1,1,2,2,1,4,1,1,1,1,1,1,2,14,6,1,1, ?,2,2
5,45,F,2,2003,4,1,1,2,2,1,2,1,1,1,1,1,1,2,9,6,1,1, ?,2,2
5,45,F,2,2003,3,1,1,2,2,1,1,1,1,1,1,3,1,2,4,6,1,1, ?,2,2
1,52,F,2,2003,2,1,1,2,2,1,1,1,1,1,1,2,1,1,7,6,1,1, ?,2,2
3,51,F,1,2003,4,1,1,2,2,1,4,1,1,1,1,3,3,2,17,6,1,1,40,2,2
4,51,S,1,2003,2,1,1,2,2,1,1,1,1,1,1,2,1,2,8,6,1,1,32,2,2
13,51,M,1,2003,4,1,1,2,2,1,4,1,1,1,1,3,1,2,13,6,1,1, ?,2,2
1,41,F,2,2003,2,1,1,2,2,1,1,1,1,1,1,1,1,2,10,6,1,1,30,2,2
1,41,F,2,2003,3,1,1,2,2,1,1,1,1,1,1,1,1,2,8,6,1,1, ?,2,2
3,41,G,2,2003,2,1,1,2,2,1,1,1,1,1,1,1,1,2,9,6,1,1, ?,2,2
5,41,F,2,2003,3,1,1,2,2,1,1,1,1,1,1,1,1,1,9,6,1,1, ?,2,2
5,41,F,2,2003,3,1,1,2,2,1,1,1,1,1,1,2,1,2,11,6,1,1, ?,2,2
3,41,F,3,2003,3,1,1,2,2,1,1,1,1,1,1,1,2,1,8,6,1,1, ?,2,2
5,41,G,2,2003,2,1,1,2,2,1,1,1,1,1,1,1,1,1,14,6,1,1,35,2,2
5,41,F,2,2003,2,1,1,2,2,1,1,1,1,1,1,1,1,2,9,6,1,1, ?,2,2
6,41,F,2,2003,2,1,1,2,2,1,1,1,1,1,1,1,1,2,13,6,1,1, ?,2,2
6,41,F,2,2003,2,1,1,2,2,1,1,1,1,1,1,1,1,2,14,6,1,1,35,2,2
7,41,F,2,2003,2,1,1,2,2,1,1,1,1,1,1,3,1,2,9,6,1,1, ?,2,2
5,41,F,3,2003,3,1,1,2,2,1,1,1,1,1,1,1,1,2,9,6,1,1, ?,2,2
6,41,F,3,2003,3,1,1,2,2,1,1,1,1,1,1,1,1,2,14,6,1,1, ?,2,2
1,44,F,2,2003,4,1,1,2,2,1,3,1,1,1,1,2,1,1,9,6,1,1,30,2,2
1,44,G,2,2003,3,1,1,2,2,1,1,1,1,1,1,2,1,1,14,6,1,1, ?,2,2
3,44,F,2,2003,2,1,1,2,2,1,1,1,1,1,1,1,1,2,14,6,1,1, ?,2,2
6,44,F,1,2003,4,1,1,2,2,1,1,1,1,1,1,1,1,2,9,6,1,1, ?,2,2
6,44,F,2,2003,4,1,1,2,2,1,3,3,1,1,1,1,1,2,9,6,1,1, ?,2,2
7,44,F,2,2003,2,1,1,2,2,1,1,1,1,1,1,1,1,2,9,6,1,1, ?,2,2
7,44,F,2,2003,3,1,1,2,2,1,1,1,1,1,1,1,1,2,9,6,1,1, ?,2,2
7,44,F,2,2003,1,1,1,2,2,1,4,1,1,1,1,1,1,2,9,6,1,1, ?,2,2
1,49,F,3,2003,3,1,1,2,2,1,1,1,1,1,1,1,1,2,14,6,1,1, ?,2,2
4,49,F,3,2003,3,1,1,2,2,1,1,1,1,1,1,3,1,2,17,6,1,1, ?,2,2
1,50,F,3,2003,4,1,1,2,1,2,3,1,2,1,1,1,1,1,9,6,1,1, ?,2,2
8,50,F,3,2003,1,1,1,2,2,1,1,1,1,1,1,1,1,2,9,6,1,1, ?,2,2
11,50,F,3,2003,2,1,1,2,2,1,1,1,1,1,1,2,1,2,9,6,1,1, ?,2,2
1,51,F,2,2003,4,1,1,2,2,1,2,1,1,1,1,3,1,2,14,6,1,1, ?,2,2
1,51,F,2,2003,4,1,1,2,2,4,4,1,1,1,1,1,1,2,9,6,1,1,47,2,2
3,51,F,2,2003,3,1,1,2,2,1,1,1,1,1,1,2,1,2,9,6,1,1, ?,2,2
4,51,F,2,2003,2,1,1,2,2,1,2,1,1,1,2,2,3,2,8,6,1,1, ?,2,2
6,51,F,2,2003,4,1,1,2,2,1,1,1,1,1,1,3,1,2,6,6,1,1, ?,2,2
12,51,F,2,2003,3,1,1,2,2,1,1,1,1,1,1,3,1,2,9,6,1,1, ?,2,2
2,43,F,3,2003,3,1,1,2,2,1,1,1,1,1,1,1,1,2,14,6,1,1, ?,2,2
3,43,G,3,2003,2,1,1,2,2,1,1,1,1,1,1,1,1,2,9,6,1,1, ?,2,2
5,43,F,3,2003,2,1,1,2,2,1,1,1,1,1,1,1,1,2,9,6,1,1, ?,2,2
6,43,F,3,2003,3,1,1,2,2,1,1,1,1,1,1,3,1,2,14,6,1,1, ?,2,2
4,51,F,3,2003,3,1,1,2,2,1,1,1,1,1,1,2,1,2,14,6,1,1, ?,2,2
4,52,F,3,2003,4,1,1,2,2,1,4,1,1,1,1,3,1,2,14,6,1,1,40,2,2
6,45,F,3,2003,2,1,1,2,2,1,1,1,1,1,1,1,1,2,9,6,1,1, ?,2,2
6,45,F,3,2003,3,1,1,2,2,1,1,1,1,1,1,3,1,2,8,6,1,1, ?,2,2
9,47,F,1,2003,4,1,1,2,2,1,2,1,1,1,1,1,1,2,8,6,1,6,42,2,2
1,47,F,2,2003,4,1,1,2,2,1,4,1,1,1,1,1,1,2,4,6,1,1, ?,2,2
5,47,F,2,2003,3,1,1,2,2,1,1,1,1,1,1,1,1,2,9,6,1,1, ?,2,2
8,47,F,2,2003,2,1,1,2,2,1,1,1,1,1,1,1,1,1,9,6,1,1,40,2,2
8,47,F,3,2003,4,1,1,2,2,1,4,1,1,1,1,1,1,2,14,6,1,1, ?,2,2
8,47,G,2,2003,2,1,1,2,2,1,1,1,1,1,1,1,1,2,9,6,1,1, ?,2,2
8,42,F,2,2003,4,1,1,2,2,1,4,1,1,1,1,1,1,2,14,6,1,1, ?,2,2
7,47,G,2,2003,4,1,1,2,2,1,1,1,1,1,1,1,1,2,9,6,1,1,28,2,2
7,47,F,2,2003,4,1,1,2,2,1,4,4,1,2,3,1,1,2,7,6,1,1,32,2,2
9,47,F,2,2003,1,1,1,2,2,1,4,1,1,1,1,1,1,2,14,6,1,1,35,2,2
9,47,S,2,2003,1,1,1,2,2,4,4,1,1,1,1,1,1,2,9,6,1,1,35,2,2
1,47,F,3,2003,1,1,1,2,2,1,2,1,1,1,1,1,1,2,14,6,1,1,25,2,2
9,47,F,3,2003,3,1,1,2,2,1,1,1,1,1,1,1,1,2,14,6,1,1, ?,2,2
12,47,G,3,2003,2,1,1,2,2,1,1,1,1,1,1,1,1,2,13,6,1,1, ?,2,2
7,47,G,4,2003,3,1,1,2,2,1,1,1,1,1,1,1,1,2,10,6,1,1, ?,2,2
9,47,F,4,2003,3,1,1,2,2,1,4,1,1,1,1,1,1,2,14,6,1,1,45,2,2
9,47,F,4,2003,1,1,1,2,2,1,2,1,1,1,1,1,1,2,14,6,1,1,26,2,2
9,47,G,4,2003,2,1,1,2,2,1,1,1,1,1,1,1,1,2,14,6,1,1, ?,2,2
12,47,G,4,2003,2,1,1,2,2,1,1,1,1,1,1,1,1,2,14,6,1,1, ?,2,2
1,50,G,4,2003,2,1,1,2,2,1,1,1,1,1,1,1,1,1,6,1,1,1, ?,2,2
1,50,F,4,2003,3,1,1,2,2,1,2,1,1,1,1,1,1,1,9,6,1,1, ?,2,2
2,50,F,4,2003,2,1,1,2,2,1,2,1,1,1,1,1,1,2,13,6,1,1, ?,2,2
2,50,F,4,2003,3,1,1,2,2,1,1,1,1,1,1,1,1,1,9,6,1,1, ?,2,2
4,50,F,4,2003,2,1,1,2,2,1,1,1,1,1,1,2,1,2,9,6,1,1, ?,2,2
4,50,F,4,2003,4,1,1,2,2,1,3,1,1,1,1,2,1,2,4,6,1,1, ?,2,2
6,50,F,4,2003,2,1,1,2,2,1,2,1,1,1,1,2,1,2,14,6,1,1, ?,2,2
7,50,F,4,2003,2,1,1,2,2,1,1,1,1,1,1,2,1,2,14,6,1,1, ?,2,2
7,50,F,4,2003,4,1,1,2,2,1,2,1,1,1,1,2,1,2,14,6,1,1, ?,2,2
10,50,F,4,2003,1,1,1,2,2,1,2,1,1,1,2,2,1,2,14,6,1,1,40,2,2
11,50,G,4,2003,2,1,1,2,2,1,1,1,1,1,1,2,1,2,14,6,1,1,35,2,2
12,50,G,4,2003,3,1,1,2,2,1,1,1,1,1,1,1,1,2,9,6,1,1,40,2,2
12,50,F,4,2003,4,1,1,2,2,1,4,1,1,1,1,1,1,2,14,6,1,1, ?,2,2
13,50,G,4,2003,3,1,1,2,2,1,1,1,1,1,1,2,1,2,12,6,1,1, ?,2,2
13,50,F,4,2003,4,1,1,2,2,3,3,1,1,1,1,2,1,2,14,6,1,1, ?,2,2
2,44,F,3,2003,4,1,1,2,2,1,2,1,1,1,1,3,1,2,6,6,1,1,26,2,2
2,44,F,3,2003,1,1,1,2,2,1,2,1,1,1,1,1,1,2,9,6,1,1,35,2,2
3,44,F,3,2003,3,1,1,2,2,1,1,1,1,1,1,1,1,2,9,6,1,1, ?,2,2
5,44,F,3,2003,2,1,1,2,2,1,1,1,1,1,1,3,1,2,7,6,1,1, ?,2,2
5,44,F,3,2003,4,1,1,2,2,1,4,1,1,1,1,1,1,2,9,6,1,1, ?,2,2
6,44,G,3,2003,3,1,1,2,2,1,2,1,1,1,1,1,1,2,14,6,1,1, ?,2,2
6,44,F,3,2003,3,1,1,2,2,1,1,1,1,1,1,1,1,1,14,6,1,1,35,2,2
7,44,F,3,2003,2,1,1,2,2,1,1,1,1,1,1,1,1,2,14,6,1,1, ?,2,2
3,44,F,4,2003,3,1,1,2,2,1,1,1,1,1,1,1,1,2,14,6,1,1, ?,2,2
3,44,F,4,2003,2,1,1,2,2,1,1,1,1,1,1,1,1,2,10,6,1,1, ?,2,2
6,44,F,4,2003,2,1,1,2,2,1,1,1,1,1,1,1,1,2,8,6,1,1, ?,2,2
7,44,F,4,2003,2,1,1,2,2,1,1,1,1,1,1,1,1,2,9,6,1,1, ?,2,2
7,44,F,4,2003,3,1,1,2,2,1,1,1,1,1,1,3,1,2,17,6,1,1, ?,2,2
8,51,F,3,2003,2,1,1,2,2,1,2,1,1,1,1,2,1,2,9,6,1,1, ?,2,2
1,48,F,3,2003,4,1,1,2,2,1,4,1,1,1,1,1,1,2,9,6,1,1,32,2,2
2,43,F,4,2003,2,1,1,2,2,1,1,1,1,1,1,1,1,2,9,6,1,1,45,2,2
2,43,G,4,2003,3,1,1,2,2,1,1,1,1,1,1,1,1,2,8,6,1,1, ?,2,2
2,43,G,4,2003,2,1,1,2,2,1,1,1,1,1,1,1,1,2,14,6,1,1, ?,2,2
2,43,F,4,2003,3,1,1,2,2,1,1,1,1,1,1,1,1,2,14,6,1,1, ?,2,2
2,43,F,4,2003,4,1,1,2,2,1,4,1,1,1,1,1,1,2,14,6,1,1, ?,2,2
4,43,F,4,2003,2,1,1,2,2,1,2,1,1,1,1,1,1,2,8,6,1,1, ?,2,2
5,43,F,2,2003,3,1,1,2,2,1,1,1,1,1,1,1,1,2,9,6,1,1, ?,2,2
5,43,F,4,2003,2,1,1,2,2,1,1,1,1,1,1,1,1,2,8,6,1,1, ?,2,2
2,52,F,4,2003,3,1,1,2,2,1,1,1,1,1,1,3,1,2,8,6,1,1, ?,2,2
9,52,F,4,2003,2,1,1,2,2,1,1,1,1,1,1,3,1,2,19,6,1,1, ?,2,2
1,45,F,4,2003,1,1,1,2,2,1,2,1,1,1,1,1,1,1,14,6,1,1,35,2,2
2,45,F,4,2003,3,1,1,2,2,1,1,1,1,1,1,3,1,2,14,6,1,1, ?,2,2
4,45,F,4,2003,3,1,1,2,2,1,1,1,1,1,1,3,1,2,19,6,1,1, ?,2,2
4,45,F,4,2003,4,1,1,2,2,1,4,1,1,1,1,3,1,2,6,6,?,?, ?,2,2
6,45,F,4,2003,3,1,1,2,2,1,1,1,1,1,1,3,1,2,9,6,1,1, ?,2,2
2,45,G,5,2003,3,1,1,2,2,1,1,1,1,1,1,3,1,2,10,6,1,1,31,2,2
3,45,F,5,2003,4,1,1,2,2,1,4,1,1,1,1,3,1,2, ?,6,1,1, ?,2,2
2,43,F,5,2003,3,1,1,2,2,1,1,1,1,1,1,1,1,2,8,6,1,1,40,2,2
2,43,F,5,2003,4,1,1,2,2,1,4,1,1,1,1,1,1,2,14,6,1,1, ?,2,2
4,43,F,5,2003,3,1,1,2,2,1,1,1,1,1,1,1,1,2,9,6,1,1, ?,2,2
6,52,G,5,2003,4,1,1,2,2,1,1,1,1,1,1,3,1,2,8,6,1,1, ?,2,2
10,52,G,5,2003,1,1,1,2,2,1,2,1,1,1,1,3,1,2,12,6,1,1, ?,2,2
5,48,G,5,2003,4,1,1,2,2,1,3,1,1,1,1,3,1,2,8,6,1,1, ?,2,2
1,47,G,5,2003,1,1,1,2,2,1,4,1,1,1,1,1,1,2,9,6,1,1,36,2,2
1,47,F,5,2003,2,1,1,2,2,1,1,1,1,1,1,1,1,1,9,6,1,1, ?,2,2
2,47,F,5,2003,2,1,1,2,2,1,1,1,1,1,1,3,1,2,4,6,1,1,20,2,2
5,47,F,5,2003,3,1,1,2,2,1,1,1,1,1,1,3,1,2,10,6,1,1,25,2,2
8,47,F,5,2003,4,1,1,2,2,1,1,1,1,1,1,1,1,2,6,6,1,1, ?,2,2
8,47,F,5,2003,3,1,1,2,2,1,1,1,1,1,1,3,1,2,6,6,1,1, ?,2,2
9,47,G,5,2003,3,1,1,2,2,1,1,1,1,1,1,1,1,2,9,6,1,1, ?,2,2
9,47,F,5,2003,2,1,1,2,2,1,1,1,1,1,1,1,1,2,8,6,1,1,40,2,2
9,47,F,5,2003,1,1,1,2,2,1,2,1,1,1,1,1,1,2,14,6,1,1, ?,2,2
9,47,F,5,2003,2,1,1,2,2,1,1,1,1,1,1,1,1,2,9,6,1,1,33,2,2
10,47,F,5,2003,2,1,1,2,2,1,1,1,1,1,1,3,1,2,6,6,1,1,25,2,2
1,43,F,6,2003,3,1,1,2,2,1,1,1,1,1,1,3,1,2,13,6,1,1, ?,2,2
1,43,F,6,2003,3,1,1,2,2,1,1,1,1,1,1,3,1,2,9,6,1,1, ?,2,2
1,43,F,6,2003,2,1,1,2,2,1,1,1,1,1,1,3,1,2,9,6,1,1, ?,2,2
2,43,F,6,2003,1,1,1,2,2,2,2,1,2,1,1,1,1,2,9,6,1,1, ?,2,2
1,49,F,5,2003,2,1,1,2,2,1,1,1,1,1,1,2,1,2,9,6,1,1,45,2,2
1,49,F,5,2003,2,1,1,2,2,1,1,1,1,1,1,2,1,1,9,6,1,1,35,2,2
1,49,F,6,2003,2,1,1,2,2,1,1,1,1,1,1,2,1,2,8,6,1,1, ?,2,2
1,49,F,6,2003,4,1,1,2,2,1,2,1,1,1,1,2,1,2,14,6,1,1, ?,2,2
4,49,F,5,2003,3,1,1,2,2,1,1,1,1,1,1,3,1,2,6,6,1,1, ?,2,2
5,49,S,5,2003,2,1,1,2,2,1,1,1,1,1,1,3,1,2,12,6,1,1, ?,2,2
5,49,F,6,2003,3,1,1,2,2,1,1,1,1,1,1,3,1,2,19,6,1,1, ?,2,2
2,45,F,6,2003,2,1,1,2,2,1,1,1,1,1,1,1,1,2,14,6,1,1, ?,2,2
6,45,F,6,2003,2,1,1,2,2,1,1,1,1,1,1,3,1,2,9,6,1,1, ?,2,2
6,45,S,6,2003,2,1,1,2,2,1,2,1,1,1,1,1,1,2,8,6,1,1, ?,2,2
1,50,F,5,2003,3,1,1,2,2,1,1,1,1,1,1,1,1,2,8,6,1,1, ?,2,2
7,50,G,5,2003,2,1,1,2,2,1,1,1,1,1,1,3,1,2,8,6,1,1, ?,2,2
11,50,F,5,2003,3,1,1,2,2,1,1,1,1,1,1,2,1,2,9,6,1,1, ?,2,2
12,50,F,5,2003,3,1,1,2,2,1,1,1,1,1,1,1,1,2,14,6,1,1, ?,2,2
12,50,F,5,2003,4,1,1,2,2,1,3,1,1,1,1,1,1,2,14,6,1,1, ?,2,2
13,50,F,5,2003,3,1,1,2,2,1,1,1,1,1,1,2,1,2,9,6,1,1,35,2,2
3,41,F,3,2003,3,1,1,2,2,1,1,1,1,1,1,3,1,2,14,6,1,1, ?,2,2
3,41,F,4,2003,2,1,1,2,2,1,1,1,1,1,1,3,1,2,8,6,1,1, ?,2,2
3,41,G,4,2003,3,1,1,2,2,1,1,1,1,1,1,1,1,2,14,6,1,1, ?,2,2
4,41,F,4,2003,3,1,1,2,2,1,1,1,1,1,1,3,1,2,8,6,1,1, ?,2,2
5,41,F,3,2003,4,1,1,2,2,1,4,1,1,1,1,1,1,1,14,6,1,1, ?,2,2
5,41,F,4,2003,1,1,1,2,2,1,4,1,1,1,1,1,1,2,14,6,1,1, ?,2,2
3,44,F,5,2003,3,1,1,2,2,1,1,1,1,1,1,1,1,2,14,6,1,1, ?,2,2