Thana,District,Accident_Severity,Month,Year,Time,Junction_Type,Traffic_Control,Movement,Divider,Weather,Light,Road_Geometry,Surface_Condition,Surface_Type,Surface_Quality,Road_Class,Road_Feature,Location_Type,Vehicle_Type,Vehicle_Movement,Vehicle_Loading,Vehicle_Defect,Vehicle_Driver_Age,Vehicle_Alcohol,Vehicle_Seat_Belt
4,44,F,5,2003,1,1,1,2,2,1,4,1,1,1,1,3,1,2,14,6,1,1, ?,2,2
5,44,F,5,2003,4,1,1,2,2,1,2,1,1,1,1,1,1,2,14,6,1,1, ?,2,2
6,44,F,5,2003,2,1,1,2,2,1,1,1,1,1,1,1,1,1,9,6,1,1, ?,2,2
7,44,F,5,2003,3,1,1,2,2,1,1,1,1,1,1,3,1,2,13,6,1,1,40,2,2
7,44,F,5,2003,4,1,1,2,2,1,4,1,1,1,1,1,1,2,14,6,1,1, ?,2,2
3,41,F,5,2003,2,1,1,2,2,1,1,1,1,1,1,1,1,1,8,6,1,1,38,2,2
5,41,F,5,2003,2,1,1,2,2,1,1,1,1,1,1,1,1,2,9,6,1,1, ?,2,2
5,41,F,5,2003,2,1,1,2,2,1,1,1,1,1,1,1,1,2,14,6,1,1, ?,2,2
5,41,G,5,2003,1,1,1,2,2,1,2,1,1,1,1,2,1,2,9,6,1,1, ?,2,2
5,41,F,5,2003,1,1,1,2,2,1,4,1,1,1,1,3,1,2,14,6,1,1, ?,2,2
5,41,F,5,2003,4,1,1,2,2,1,4,1,1,1,1,1,1,2,9,6,1,1, ?,2,2
5,41,F,5,2003,2,1,1,2,2,1,1,1,1,1,1,1,1,2,14,6,1,1, ?,2,2
5,41,F,5,2003,2,1,1,2,2,1,2,1,1,1,1,1,1,2,14,6,1,1, ?,2,2
5,41,F,5,2003,4,1,1,2,2,1,2,1,1,1,1,1,1,2,14,6,1,1, ?,2,2
5,41,F,6,2003,3,1,1,2,2,1,1,1,1,1,1,2,1,2, ?,6,1,1, ?,2,2
5,41,F,6,2003,2,1,1,2,2,1,1,1,1,1,1,1,1,2,9,6,1,1, ?,2,2
1,51,F,4,2003,1,1,1,2,2,1,2,1,1,1,1,2,1,2,9,6,1,1, ?,2,2
4,51,F,4,2003,2,1,1,2,2,3,1,3,2,1,2,2,1,2,8,6,1,1, ?,2,2
6,51,F,4,2003,3,1,1,2,2,1,1,1,1,1,1,3,1,2,8,6,1,1, ?,2,2
9,51,F,4,2003,3,1,1,2,2,1,1,1,1,1,1,3,1,2,17,6,1,1, ?,2,2
1,51,F,4,2003,3,1,1,2,2,1,1,1,1,1,1,3,1,2,17,6,1,1, ?,2,2
1,51,F,5,2003,2,1,1,2,2,1,1,1,1,1,1,2,1,2,9,6,1,1, ?,2,2
1,51,G,6,2003,2,1,1,2,2,2,1,1,2,1,1,2,1,2,8,6,1,1, ?,2,2
4,51,F,4,2003,2,1,1,2,2,1,1,1,1,1,1,2,1,2,9,6,1,1, ?,2,2
6,51,S,5,2003,2,1,1,2,2,1,1,1,1,1,1,3,1,2,7,6,1,1,20,2,2
8,51,F,5,2003,2,1,1,2,2,1,1,1,1,1,1,3,1,2,8,6,1,1, ?,2,2
3,46,F,3,2003,1,1,1,2,2,1,2,1,1,1,1,3,1,2,14,6,1,1, ?,2,2
6,46,F,3,2003,4,1,1,1,1,1,3,1,1,1,1,1,1,1,14,6,1,1, ?,2,2
6,46,F,3,2003,2,1,1,2,2,1,1,1,1,1,1,1,1,1,9,6,1,1, ?,2,2
6,46,F,3,2003,2,1,1,2,2,1,1,1,1,1,1,1,1,2,9,6,1,1, ?,2,2
1,46,F,4,2003,3,1,1,2,2,1,1,1,1,1,1,1,1,2,9,6,1,1, ?,2,2
3,46,F,5,2003,2,1,1,2,2,1,1,1,1,1,1,3,1,2,14,6,1,1, ?,2,2
3,46,F,5,2003,2,1,1,2,2,1,1,1,1,1,1,3,1,2,9,6,1,1, ?,2,2
3,46,F,6,2003,4,1,1,2,2,1,2,1,1,1,1,3,1,2,14,6,1,1, ?,2,2
4,50,G,6,2003,2,1,1,2,2,1,2,1,1,1,1,3,1,2,6,6,1,1,23,2,2
7,50,F,6,2003,2,1,1,2,2,1,1,1,1,1,1,2,1,2,9,6,1,1,40,2,2
5,50,F,6,2003,2,1,1,2,2,1,1,1,1,1,1,2,1,2,9,6,1,1, ?,2,2
5,50,F,6,2003,3,1,1,2,2,1,1,1,1,1,1,2,1,2,14,6,1,1, ?,2,2
5,50,F,6,2003,2,1,1,2,2,1,1,1,1,1,1,2,1,2,8,6,1,1, ?,2,2
10,50,F,6,2003,2,1,1,2,2,1,1,1,1,1,1,1,1,2,9,6,1,1, ?,2,2
10,50,F,6,2003,3,1,1,2,2,1,1,1,1,1,1,1,1,2,9,6,1,1, ?,2,2
11,50,F,6,2003,1,1,1,2,2,2,2,1,2,1,1,2,1,2,9,6,1,1, ?,2,2
10,52,F,6,2003,4,1,1,2,2,1,4,1,1,1,1,2,1,2,9,6,1,1, ?,2,2
10,52,F,6,2003,3,1,1,2,2,1,2,1,1,1,1,3,1,2,9,6,1,1, ?,2,2
10,52,F,6,2003,3,1,1,2,2,1,1,1,1,1,1,3,1,2,9,6,1,1, ?,2,2
2,47,F,6,2003,2,1,1,2,2,1,1,1,1,1,1,3,1,2,6,6,1,1,40,2,2
9,47,F,6,2003,1,1,1,2,2,1,2,1,1,1,1,1,1,2,14,6,1,1, ?,2,2
9,47,F,6,2003,4,1,1,2,2,1,3,1,1,1,1,1,1,2,14,6,1,1, ?,2,2
1,44,G,6,2003,4,1,1,2,2,1,4,1,1,1,1,2,1,1,10,6,1,1, ?,2,2
4,44,F,6,2003,2,1,1,2,2,1,2,1,1,1,1,2,1,2,14,6,1,1, ?,2,2
6,44,F,6,2003,1,1,1,2,2,1,2,1,1,1,1,1,1,2, ?,6,1,1, ?,2,2
6,44,F,6,2003,3,1,1,2,2,1,1,1,1,1,1,1,1,1,8,6,1,1, ?,2,2
6,44,F,6,2003,4,1,1,2,2,1,1,1,1,1,1,1,1,2,9,6,1,1, ?,2,2
10,52,F,7,2003,3,1,1,2,2,1,1,1,2,1,2,3,1,2,9,6,1,1, ?,2,2
10,52,G,7,2003,3,1,1,1,1,1,1,1,1,1,1,3,1,2,9,6,1,1,40,2,2
10,52,G,7,2003,2,1,1,2,2,1,1,1,1,1,1,3,1,2,19,6,1,1, ?,2,2
10,52,F,7,2003,2,1,1,2,2,1,1,1,1,1,1,2,1,2,8,6,1,1, ?,2,2
1,43,F,7,2003,3,1,1,2,2,1,2,1,1,1,1,3,1,2,8,6,1,1, ?,2,2
2,43,F,4,2003,3,1,1,2,2,1,1,1,1,1,1,1,1,2,9,6,1,1, ?,2,2
2,43,F,7,2003,4,1,1,2,2,1,4,1,1,1,1,1,1,2,9,6,1,1, ?,2,2
2,43,F,7,2003,3,1,1,2,2,1,1,1,1,1,1,1,1,2,9,6,1,1, ?,2,2
2,43,F,7,2003,1,1,1,2,2,1,2,1,1,1,1,1,1,2,9,6,1,1, ?,2,2
6,43,F,6,2003,3,1,1,2,2,2,4,2,2,3,2,3,4,2,10,6,1,1, ?,2,2
1,45,G,7,2003,3,1,1,2,2,1,1,1,1,1,1,1,1,1,8,6,1,1,38,2,2
2,45,F,7,2003,1,1,1,2,2,1,4,1,1,1,1,1,1,2,12,6,1,1, ?,2,2
3,45,F,7,2003,2,1,1,2,2,1,1,1,1,1,1,3,1,2,14,6,1,1, ?,2,2
3,45,G,6,2003,3,1,1,2,2,2,1,1,2,1,1,3,1,2,9,6,1,1, ?,2,2
5,45,F,7,2003,3,1,1,2,2,1,1,1,1,1,1,3,1,2,14,6,1,1, ?,2,2
5,45,F,7,2003,3,1,1,2,2,1,1,1,1,1,1,1,1,2,14,6,1,1, ?,2,2
3,46,G,7,2003,2,1,1,2,2,1,2,1,1,1,1,3,1,2,9,6,1,1, ?,2,2
3,46,F,7,2003,2,1,1,2,2,1,2,1,1,1,1,3,1,2,9,6,1,1, ?,2,2
6,48,F,6,2003,2,1,1,2,2,1,2,1,1,1,1,3,1,2,14,6,1,1, ?,2,2
1,50,F,7,2003,3,1,1,2,2,1,1,1,1,1,1,1,1,1,9,6,1,1, ?,2,2
2,50,F,7,2003,4,1,1,2,2,1,3,1,1,1,1,1,1,2,7,6,1,1,25,2,2
11,50,F,7,2003,3,1,1,2,2,1,1,1,1,1,1,1,1,2,9,6,1,1, ?,2,2
12,50,F,7,2003,3,1,1,2,2,1,1,1,1,1,1,3,1,2,9,6,1,1, ?,2,2
12,50,F,7,2003,2,1,1,2,2,1,1,1,1,1,1,1,1,2,10,6,1,1, ?,2,2
12,50,F,7,2003,2,1,1,2,2,1,1,1,1,1,1,1,1,2,9,6,1,1, ?,2,2
13,50,G,7,2003,3,1,1,2,2,1,1,1,1,1,1,3,1,2,9,6,1,1, ?,2,2
2,47,F,7,2003,4,1,1,2,2,1,1,1,1,1,1,1,1,2,12,6,1,1, ?,2,2
8,47,F,7,2003,3,1,1,2,2,1,2,1,1,1,1,1,1,2,8,6,1,1,38,2,2
9,47,S,7,2003,1,1,1,2,2,1,2,1,1,1,1,1,1,2,14,6,1,1, ?,2,2
9,47,F,7,2003,3,1,1,2,2,1,1,1,1,1,1,1,1,2,9,6,1,1, ?,2,2
9,47,G,7,2003,3,1,1,2,2,1,1,1,1,1,1,1,1,2,9,6,1,1,40,2,2
12,47,F,7,2003,1,1,1,2,2,1,2,1,1,1,1,1,1,2,13,6,1,1, ?,2,2
13,47,F,7,2003,4,1,1,2,2,1,2,1,1,1,1,3,1,2,7,6,1,1,35,2,2
3,44,F,7,2003,3,1,1,2,2,1,1,1,1,1,1,1,1,2,9,6,1,1, ?,2,2
3,44,F,7,2003,3,1,1,2,2,1,1,1,1,1,1,1,1,2,9,6,1,1, ?,2,2
3,44,G,7,2003,2,1,1,2,2,1,1,1,1,1,1,1,1,2,14,6,1,1, ?,2,2
4,44,F,7,2003,3,1,1,2,2,1,1,1,1,1,1,3,1,2,14,6,1,1,30,2,2
4,44,F,7,2003,4,1,1,2,2,1,3,1,1,1,1,3,1,2,14,6,1,1,20,2,2
5,44,F,7,2003,3,1,1,2,2,1,1,1,1,1,1,1,1,2,9,6,1,1, ?,2,2
5,44,F,7,2003,3,1,1,2,2,1,1,1,1,1,1,1,1,2,9,6,1,1, ?,2,2
6,44,F,7,2003,3,1,1,2,2,1,1,1,1,1,1,3,1,2,7,6,1,1, ?,2,2
6,44,F,7,2003,2,1,1,2,2,1,1,1,1,1,1,1,1,2,7,6,1,1, ?,2,2
7,44,F,7,2003,2,1,1,2,2,1,1,1,1,1,1,3,1,2,8,6,1,1, ?,2,2
2,47,F,8,2003,3,1,1,2,2,1,1,1,1,1,1,1,1,2,9,6,1,1, ?,2,2
5,47,G,8,2003,3,1,1,2,2,1,1,1,1,1,1,3,1,2,14,6,1,1, ?,2,2
7,47,F,7,2003,4,1,1,2,2,1,4,1,1,1,1,1,1,2,9,6,1,1, ?,2,2
8,47,F,8,2003,3,1,1,2,2,1,1,1,1,1,1,1,1,2,11,6,1,1, ?,2,2
8,47,F,8,2003,1,1,1,2,2,1,2,1,1,1,1,1,1,2,12,6,1,1, ?,2,2
10,47,F,8,2003,4,1,1,2,2,1,4,1,1,1,1,3,1,2,9,6,1,1, ?,2,2
12,47,F,8,2003,2,1,1,2,2,1,2,1,1,1,1,1,1,2,14,6,1,1, ?,2,2
3,49,G,7,2003,2,1,1,2,2,1,1,1,1,1,1,2,1,2,14,6,1,1, ?,2,2
4,49,F,7,2003,3,1,1,2,2,1,1,1,1,1,1,3,1,2,6,6,1,1, ?,2,2
1,52,F,8,2003,3,1,1,2,2,1,1,1,1,1,1,3,1,2,9,6,1,1, ?,2,2
1,52,F,8,2003,4,1,1,2,2,1,4,1,1,1,1,2,1,2,14,6,1,1, ?,2,2
1,52,F,9,2003,3,1,1,2,2,1,1,1,1,1,1,3,1,2,13,6,1,1, ?,2,2
2,52,G,9,2003,3,1,1,2,2,1,1,1,1,1,3,1,2,?,9,6,1,1, ?,2,2
10,52,F,10,2003,2,1,1,2,2,1,1,1,1,1,1,2,1,2,9,6,1,1, ?,2,2
2,43,F,8,2003,3,1,1,2,2,1,1,1,1,1,1,1,1,2,7,6,1,1, ?,2,2
2,43,S,9,2003,2,1,1,2,2,1,1,1,1,1,1,1,1,2,9,6,1,1, ?,2,2
2,43,S,9,2003,3,1,1,2,2,1,1,1,1,1,1,1,1,2,13,6,1,1, ?,2,2
2,43,F,9,2003,2,1,1,2,2,1,1,1,1,1,1,1,1,2,14,6,1,1, ?,2,2
2,43,S,9,2003,1,1,1,2,2,1,4,1,1,1,1,1,1,2,14,6,1,1, ?,2,2
3,43,F,9,2003,3,1,1,2,2,1,1,1,1,1,3,1,1,2,9,6,1,1, ?,2,2
4,43,G,9,2003,2,1,1,2,2,1,1,1,1,1,3,1,1,2,8,6,1,1, ?,2,2
5,43,F,9,2003,3,1,1,2,2,1,1,1,1,1,1,1,2,?,9,6,1,1, ?,2,2
1,47,F,9,2003,3,1,1,2,2,1,1,1,1,1,1,1,1,2,9,6,1,1, ?,2,2
2,47,G,9,2003,1,1,1,2,2,1,4,1,1,1,1,1,1,2,9,6,1,1, ?,2,2
2,47,G,9,2003,4,1,1,2,2,1,4,1,1,1,1,1,1,2,14,6,1,1, ?,2,2
7,47,F,9,2003,1,1,1,2,2,1,4,3,1,1,1,1,1,2,9,6,1,1, ?,2,2
8,47,F,9,2003,1,1,1,2,2,1,2,1,1,1,1,1,1,2,12,6,1,1,30,2,2
8,47,F,9,2003,3,1,1,2,2,1,1,1,1,1,1,1,1,2,9,6,1,1, ?,2,2
8,47,G,9,2003,2,1,1,2,2,1,1,1,1,1,1,1,1,2,14,6,1,1, ?,2,2
1,45,F,8,2003,1,1,1,2,2,1,3,1,1,1,1,1,1,1,14,6,1,1, ?,2,2
4,45,G,8,2003,2,1,1,2,2,1,1,1,1,1,1,3,1,2,9,6,1,1, ?,2,2
5,45,F,8,2003,2,1,1,2,2,2,1,1,2,1,3,1,1,2,9,6,1,1, ?,2,2
6,45,F,8,2003,4,1,1,2,2,1,2,1,1,1,1,1,1,2,9,6,1,1, ?,2,2
6,45,G,8,2003,3,1,1,2,2,1,1,1,1,1,1,1,1,2,9,6,1,1, ?,2,2
6,45,F,8,2003,2,1,1,2,2,1,1,1,1,1,1,3,1,2,19,6,1,1, ?,2,2
6,45,F,8,2003,2,1,1,2,2,1,1,1,1,1,1,1,1,2,9,6,1,1, ?,2,2
1,51,G,7,2003,2,1,1,2,2,1,1,1,1,1,1,2,1,2,9,6,1,1, ?,2,2
9,51,F,7,2003,3,1,1,2,2,1,1,1,1,1,1,3,1,2,14,6,1,1, ?,2,2
13,51,F,7,2003,3,1,1,2,2,1,1,1,1,1,1,3,1,2,9,6,1,1, ?,2,2
12,51,F,8,2003,3,1,1,2,2,1,1,1,1,3,2,3,1,2,17,6,1,1,25,2,2
1,48,F,8,2003,4,1,1,2,2,1,2,1,1,1,1,1,1,2,4,6,1,1, ?,2,2
1,50,G,8,2003,3,1,1,2,2,1,1,1,1,1,1,1,1,1,6,6,1,1, ?,2,2
1,50,F,8,2003,2,1,1,2,2,1,1,1,1,1,1,1,1,2,9,6,1,1, ?,2,2
1,50,F,8,2003,2,1,1,2,2,1,1,1,1,1,1,1,1,2,8,6,1,1, ?,2,2
1,50,F,8,2003,3,1,1,2,2,1,1,1,1,1,1,1,1,2,9,6,1,1, ?,2,2
8,50,F,8,2003,4,1,1,2,2,1,2,1,1,1,1,2,1,2,8,6,1,1,40,2,2
9,50,G,8,2003,2,1,1,2,2,1,1,1,1,1,1,3,1,2,12,6,1,1,25,2,2
12,50,F,8,2003,4,1,1,2,2,1,4,1,1,1,1,1,1,2,9,6,1,1, ?,2,2
12,50,F,8,2003,2,1,1,2,2,1,1,1,1,1,1,1,1,1,9,6,1,1, ?,2,2
13,50,F,8,2003,3,1,1,2,2,1,1,1,1,1,1,3,1,2,9,6,1,1, ?,2,2
1,50,F,9,2003,1,1,1,2,2,1,2,1,1,1,1,1,1,1,14,6,1,1, ?,2,2
1,50,F,9,2003,2,1,1,2,2,1,1,1,1,1,1,3,1,2,5,6,1,1, ?,2,2
1,50,G,9,2003,3,1,1,2,2,1,1,1,1,1,1,1,1,2,9,6,1,1,35,2,2
2,50,F,9,2003,4,1,1,2,2,1,2,1,1,2,2,3,1,2,8,6,1,1,50,2,2
11,50,F,9,2003,3,1,1,2,2,1,1,1,1,1,1,2,1,2,9,6,1,1, ?,2,2
12,50,F,9,2003,2,1,1,2,2,1,1,1,1,1,1,1,1,2,9,6,1,1, ?,2,2
12,50,F,9,2003,3,1,1,2,2,1,1,1,1,1,1,1,1,1,12,6,1,1, ?,2,2
13,50,F,9,2003,3,1,1,2,2,1,1,1,1,1,1,3,1,2,9,6,1,1, ?,2,2
13,50,F,9,2003,4,1,1,2,2,1,2,1,1,1,1,2,1,2,9,6,1,1, ?,2,2
1,50,G,10,2003,3,1,1,2,2,1,1,1,1,1,1,1,1,2,12,6,1,1, ?,2,2
1,50,F,10,2003,4,1,1,2,2,1,4,1,1,1,1,1,1,2,9,6,1,1, ?,2,2
5,50,G,10,2003,4,1,1,2,2,1,1,1,1,1,1,2,1,2,9,6,1,1, ?,2,2
5,50,F,10,2003,3,1,1,2,2,1,2,1,1,1,1,2,1,2,9,6,1,1, ?,2,2
6,50,G,10,2003,2,1,1,2,2,1,1,1,1,1,1,3,1,2,14,6,1,1,25,2,2
8,50,F,10,2003,3,1,1,2,2,2,2,1,1,1,1,2,1,2,8,6,1,1, ?,2,2
9,50,F,10,2003,3,1,1,2,2,1,1,1,1,1,1,2,1,2,9,6,1,1, ?,2,2
11,50,F,10,2003,3,1,1,2,2,1,1,1,1,1,1,2,1,2,9,6,1,1, ?,2,2
11,50,F,10,2003,3,1,1,2,2,1,1,1,1,1,1,2,1,2,9,6,1,1, ?,2,2
12,50,F,10,2003,3,1,1,2,2,1,1,1,1,1,1,1,1,2,14,6,1,1, ?,2,2
12,50,F,10,2003,4,1,1,2,2,1,2,1,1,1,1,1,1,2,14,6,1,1, ?,2,2
12,50,F,10,2003,3,1,1,2,2,1,1,1,1,1,1,1,1,2,12,6,1,1, ?,2,2
1,45,F,9,2003,4,1,1,2,2,1,2,1,1,1,1,3,1,2,13,6,1,1, ?,2,2
1,45,F,9,2003,2,1,1,2,2,1,1,1,1,1,1,1,1,2,14,6,1,1, ?,2,2
6,45,F,9,2003,3,1,1,2,2,1,1,1,1,1,1,3,1,2,9,6,1,1, ?,2,2
6,45,F,9,2003,3,1,1,2,2,1,1,1,1,1,1,1,1,2,10,6,1,1, ?,2,2
6,45,F,9,2003,3,1,1,2,2,1,1,1,1,1,1,1,1,2,9,6,1,1, ?,2,2
1,50,F,11,2003,3,1,1,2,2,1,2,1,1,1,1,1,1,2,9,6,1,1, ?,2,2
2,50,F,11,2003,3,1,1,2,2,1,1,1,1,1,1,1,1,2,12,6,1,1, ?,2,2
5,50,F,11,2003,2,1,1,2,2,1,1,1,1,1,1,2,1,2,14,6,1,1, ?,2,2
5,50,F,11,2003,3,1,1,2,2,1,1,1,1,1,1,2,1,2,9,6,1,1, ?,2,2
5,50,G,11,2003,2,1,1,2,2,1,1,1,1,1,1,2,1,2,9,6,1,1, ?,2,2
5,50,F,11,2003,2,1,1,2,2,1,1,1,1,1,1,2,1,2,9,6,1,1, ?,2,2
9,50,F,11,2003,3,1,1,2,2,1,1,1,1,1,1,3,1,2,6,6,1,1, ?,2,2
11,50,F,11,2003,3,1,1,2,2,1,1,1,1,1,1,2,1,2,6,6,1,1, ?,2,2
12,50,F,11,2003,2,1,1,2,2,1,1,1,1,1,1,1,1,2,14,6,1,1, ?,2,2
12,50,G,11,2003,4,1,1,2,2,1,2,1,1,1,1,1,1,2,9,6,1,1, ?,2,2
1,47,F,10,2003,3,1,1,2,2,1,1,1,1,1,1,1,1,2,9,6,1,1, ?,2,2
1,47,F,10,2003,3,1,1,2,2,1,1,1,1,1,1,1,1,2,9,6,1,1,48,2,2
1,47,F,10,2003,1,1,1,2,2,1,2,1,1,1,1,1,1,2,14,6,1,1,35,2,2
1,47,F,10,2003,3,1,1,2,2,1,1,1,1,1,1,1,1,2,9,6,1,1, ?,2,2
3,47,F,10,2003,4,1,1,2,2,1,2,1,1,1,1,3,1,2,14,6,1,1, ?,2,2
9,47,F,10,2003,2,1,1,2,2,1,1,1,1,1,1,1,1,2,14,6,1,1, ?,2,2
1,43,F,10,2003,1,1,1,2,2,1,4,1,1,1,1,3,1,2,8,6,1,1, ?,2,2
2,43,F,10,2003,3,1,1,2,2,1,1,1,1,1,1,1,1,2,9,6,1,1, ?,2,2
2,43,F,10,2003,4,1,1,2,2,1,2,1,1,1,1,1,1,2,14,6,1,1, ?,2,2
2,43,F,10,2003,2,1,1,2,2,1,1,1,1,1,1,1,1,2,9,6,1,1, ?,2,2
4,43,G,10,2003,1,1,1,2,2,1,4,1,1,1,1,3,1,2,9,6,1,1, ?,2,2
5,43,F,10,2003,2,1,1,2,2,1,1,1,1,1,1,1,1,2,9,6,1,1, ?,2,2
6,43,F,10,2003,2,1,1,2,2,1,1,1,1,1,1,3,1,2,5,6,1,1, ?,2,2
1,43,F,11,2003,3,1,1,2,2,1,1,1,1,1,1,3,1,2,14,6,1,1, ?,2,2
2,43,F,11,2003,2,1,1,2,2,1,1,1,1,1,1,1,1,2,9,6,1,1, ?,2,2
2,43,F,11,2003,3,1,1,2,2,1,1,1,1,1,1,1,1,2,9,6,1,1, ?,2,2
3,43,F,11,2003,2,1,1,2,2,1,1,1,1,1,1,3,1,2,8,6,1,1, ?,2,2
4,43,F,11,2003,3,1,1,2,2,1,1,1,1,1,3,1,1,2,9,6,1,1, ?,2,2
4,43,F,11,2003,2,?,1,2,2,1,1,1,1,1,1,1,1,2,9,6,1,1, ?,2,2
5,43,F,11,2003,2,1,1,2,2,4,1,1,1,1,3,1,1,2,9,6,1,1, ?,2,2
5,43,S,11,2003,3,1,1,2,2,1,1,1,1,1,3,1,1,2,9,6,1,1, ?,2,2
6,43,G,11,2003,2,1,1,2,2,1,1,1,1,1,1,3,1,2,4,6,1,1, ?,2,2
1,45,F,10,2003,4,1,1,2,2,1,2,1,1,1,1,1,1,2,14,6,1,1, ?,2,2
1,45,F,10,2003,2,1,1,2,2,1,1,1,1,1,1,1,1,1,14,6,1,1, ?,2,2
1,45,F,10,2003,2,1,1,2,2,1,1,1,1,1,1,1,1,2,9,6,1,1, ?,2,2
3,45,G,10,2003,3,1,1,2,2,1,1,1,1,1,1,3,1,2,5,6,1,1,35,2,2
4,45,F,10,2003,1,1,1,2,2,4,2,1,1,1,1,3,1,2,14,6,1,1, ?,2,2
6,45,F,10,2003,3,1,1,2,2,1,1,1,1,1,1,1,1,2,14,6,1,1, ?,2,2
6,45,G,10,2003,4,1,1,2,2,1,1,1,1,1,1,1,1,2,8,6,1,1,35,2,2
6,45,F,11,2003,2,1,1,2,2,1,1,1,1,1,1,1,1,2,9,6,1,1, ?,2,2
3,45,F,11,2003,1,1,1,2,2,1,1,1,1,1,1,1,1,2,14,6,1,1, ?,2,2
6,45,F,11,2003,2,1,1,2,2,1,1,1,1,1,1,3,1,2,9,6,1,1, ?,2,2
6,45,F,11,2003,3,1,1,2,2,1,1,1,1,1,1,1,1,2,14,6,1,1, ?,2,2
6,45,F,11,2003,3,1,1,2,2,1,1,1,1,1,1,1,1,2,9,6,1,1, ?,2,2
6,45,F,11,2003,2,1,1,2,2,1,1,1,1,1,1,3,1,2,14,6,1,1, ?,2,2
1,47,G,11,2003,3,1,1,2,2,1,1,1,1,1,1,1,1,2,9,6,1,1, ?,2,2
7,47,F,11,2003,3,1,1,2,2,1,1,1,1,1,1,1,1,2,9,6,1,1, ?,2,2
13,47,F,11,2003,3,1,1,2,2,1,1,1,1,1,1,1,1,2,9,6,1,1, ?,2,2
1,51,G,9,2003,2,1,1,2,2,1,2,1,1,1,1,2,1,2,9,6,1,1, ?,2,2
1,51,G,10,2003,3,1,1,2,2,1,1,1,1,1,1,2,1,2,9,6,1,1, ?,2,2
1,51,F,10,2003,3,1,1,2,2,4,2,1,1,1,1,2,1,2,14,6,1,1,35,2,2
3,51,F,9,2003,2,1,1,2,2,1,1,1,1,1,1,2,1,2,8,6,1,1, ?,2,2
7,51,F,10,2003,3,1,1,2,2,1,1,1,1,1,1,3,1,2,17,6,1,1,35,2,2
8,51,F,9,2003,3,1,1,2,2,1,1,1,1,1,1,3,1,2,19,6,1,1,25,2,2
8,51,F,10,2003,3,1,1,2,2,1,1,1,1,1,1,2,1,2,14,6,1,1, ?,2,2
8,51,G,11,2003,2,1,1,2,2,1,1,1,1,1,1,3,1,2,9,6,1,1, ?,2,2
9,51,G,9,2003,4,1,1,2,2,1,2,1,1,1,1,2,1,2,9,6,1,1, ?,2,2
12,51,F,11,2003,2,1,1,2,2,1,1,1,1,1,1,3,1,2,9,6,1,1,35,2,2
13,51,F,10,2003,2,1,1,2,2,1,1,1,1,1,1,3,1,2,9,6,1,1, ?,2,2
1,52,F,10,2003,3,1,1,2,2,1,1,2,1,1,1,2,1,2,14,6,1,1,26,2,2
2,44,F,8,2003,2,1,1,2,2,1,1,1,1,1,1,3,1,2,9,6,1,1, ?,2,2
2,44,F,8,2003,3,1,1,2,2,1,1,1,1,1,1,1,1,2,9,6,1,1, ?,2,2
3,44,F,8,2003,3,1,1,2,2,1,1,1,1,1,1,1,1,2,9,6,1,1, ?,2,2
4,44,F,8,2003,3,1,1,2,2,1,1,1,1,1,1,2,1,2,8,6,1,1, ?,2,2
4,44,F,8,2003,3,1,1,2,2,1,1,1,1,1,1,2,1,2,15,6,1,1, ?,2,2
4,44,F,8,2003,4,1,1,2,2,1,3,1,1,1,1,2,1,2,14,6,1,1, ?,2,2
6,44,F,8,2003,2,1,1,2,2,1,1,1,1,1,1,1,1,2,9,6,1,1, ?,2,2
7,44,F,8,2003,4,1,1,2,2,1,2,1,1,1,1,1,1,2,9,6,1,1, ?,2,2
1,51,G,12,2003,3,1,1,2,2,1,1,1,1,1,1,3,1,2,4,6,1,1, ?,2,2
3,51,F,12,2003,4,1,1,2,2,1,4,1,1,1,2,3,1,2,4,6,1,1, ?,2,2
9,51,F,12,2003,2,1,1,2,2,1,1,1,1,1,1,2,1,2,7,6,1,1, ?,2,2
9,51,G,12,2003,2,1,1,2,2,4,3,1,1,1,1,3,1,2,4,6,1,1, ?,2,2
1,47,F,11,2003,2,1,1,2,2,4,2,1,1,1,1,3,1,2,9,6,1,1, ?,2,2
2,47,F,12,2003,4,1,1,2,2,1,1,1,1,1,1,1,1,2,9,6,1,1, ?,2,2
7,47,G,12,2003,2,1,1,2,2,1,1,1,1,1,1,1,1,2,10,6,1,1, ?,2,2
7,47,F,12,2003,1,1,1,2,2,4,4,1,1,1,1,1,1,2,14,6,1,1, ?,2,2
9,47,F,12,2003,1,1,1,2,2,1,2,1,1,1,1,1,1,2,14,6,1,1, ?,2,2
1,50,F,12,2003,2,1,1,2,2,4,2,1,1,1,1,1,1,1,14,6,1,1, ?,2,2
2,50,F,12,2003,3,1,1,2,2,1,1,1,1,1,1,1,1,2,14,6,1,1, ?,2,2
2,50,F,12,2003,3,1,1,2,2,1,1,1,1,1,1,1,1,2,9,6,1,1,35,2,2
5,50,F,12,2003,4,1,1,2,2,1,2,1,1,1,1,2,1,2,14,6,1,1, ?,2,2
8,50,F,12,2003,2,1,1,2,2,1,1,3,5,3,2,3,1,2,17,6,1,1, ?,2,2
10,50,F,12,2003,1,1,1,2,2,1,1,1,1,1,1,1,1,2,14,6,1,1, ?,2,2
6,45,G,12,2003,3,1,1,2,2,1,1,1,1,1,1,1,1,2,9,6,1,1, ?,2,2