Thana,District,Accident_Severity,Month,Year,Time,Junction_Type,Traffic_Control,Movement,Divider,Weather,Light,Road_Geometry,Surface_Condition,Surface_Type,Surface_Quality,Road_Class,Road_Feature,Location_Type,Vehicle_Type,Vehicle_Movement,Vehicle_Loading,Vehicle_Defect,Vehicle_Driver_Age,Vehicle_Alcohol,Vehicle_Seat_Belt
6,42,G,10,2003,2,1,1,2,1,1,1,1,1,1,1,5,1,1,8,6,1,1,48,2,2
6,42,F,9,2003,4,3,6,2,1,1,3,1,1,1,1,5,1,1,9,6,1,1, ?,2,2
6,42,F,11,2003,1,1,1,2,2,1,4,1,1,1,1,3,1,1,9,6,1,1, ?,2,2
6,42,F,11,2003,1,1,1,2,2,1,2,1,1,1,1,3,1,1,8,6,1,1, ?,2,2
6,42,G,12,2003,4,1,1,2,2,1,3,1,1,1,1,3,1,1,9,6,?,?, ?,?,?
6,42,G,12,2003,3,1,1,2,1,1,1,1,1,1,1,5,1,1,9,6,1,1, ?,2,2
6,42,F,12,2003,2,1,1,2,2,1,1,1,1,1,1,5,1,1,9,6,1,1, ?,2,2
6,42,F,12,2003,4,1,1,2,2,1,4,1,1,1,1,1,1,1,19,6,?,?, ?,?,?
6,42,F,12,2003,1,2,1,2,2,1,4,1,1,1,1,3,1,1,8,6,1,1, ?,2,2
21,42,F,7,2003,4,1,1,2,1,1,3,1,1,1,1,5,1,1,14,6,1,1, ?,1,2
21,42,F,7,2003,2,7,4,2,1,1,1,1,1,1,1,5,1,1,8,6,1,1, ?,2,2
21,42,F,8,2003,4,7,1,2,2,1,3,1,1,1,1,5,1,1,9,6,?,?, ?,?,?
21,42,G,8,2003,3,1,1,2,1,1,1,1,1,1,1,5,1,1,8,6,?,?, ?,2,2
21,42,F,9,2003,1,6,4,2,1,1,2,1,1,1,1,5,1,1,9,6,?,?, ?,2,2
21,42,G,10,2003,3,1,1,2,1,1,1,1,1,1,1,5,1,1,8,6,?,?, ?,2,2
21,42,G,12,2003,3,1,1,2,1,1,1,1,1,1,1,5,1,1,8,6,?,?, ?,2,2
4,42,S,6,2003,3,7,2,1,1,1,1,1,1,1,1,5,1,1,8,6,1,1, ?,?,?
4,42,F,6,2003,4,1,1,1,1,1,3,1,1,1,1,5,1,1,14,6,1,1, ?,2,2
4,42,S,7,2003,3,1,3,2,1,1,1,1,1,1,1,5,1,1,8,6,?,?, ?,1,2
4,42,F,9,2003,1,?,4,2,1,1,3,1,1,1,1,5,1,1,19,6,?,?, ?,?,?
4,42,F,10,2003,1,1,6,2,1,1,1,1,1,1,1,5,1,1,8,6,?,?, ?,2,2
4,42,S,11,2003,4,1,4,2,1,1,3,2,1,1,1,5,1,1,6,6,?,?, ?,2,2
4,42,F,11,2003,4,?,4,2,1,1,3,1,1,1,1,1,1,1,9,6,1,1, ?,?,?
4,42,F,12,2003,2,1,1,2,2,1,1,1,1,1,1,5,1,1,9,6,?,?, ?,2,2
18,42,F,6,2003,4,1,1,2,1,1,3,1,1,1,1,2,1,1,8,6,1,1, ?,2,2
18,42,F,10,2003,4,7,3,1,1,1,3,1,1,1,1,5,1,1,14,6,1,1, ?,2,2
18,42,F,11,2003,3,7,3,1,1,1,1,1,1,1,1,5,1,1,8,6,1,1, ?,2,2
18,42,F,11,2003,3,1,1,2,1,1,1,1,1,1,1,5,1,1,8,6,1,1,30,2,2
18,42,F,12,2003,1,3,1,2,1,1,4,1,1,1,1,5,1,1,13,6,?,?, ?,?,?
18,42,G,12,2003,2,1,1,1,1,1,1,1,1,1,1,5,1,1,12,6,1,1, ?,2,2
18,42,F,12,2003,1,1,1,1,1,1,3,1,1,1,1,5,1,1,14,6,1,1,30,2,2
3,42,G,6,2003,4,7,1,2,2,1,3,1,1,1,1,5,1,1,12,6,1,1, ?,2,2
3,42,F,7,2003,4,7,8,1,2,1,3,1,1,1,1,5,1,1,19,6,?,?, ?,?,?
3,42,G,9,2003,2,3,1,2,2,1,1,1,1,1,1,5,1,1,12,6,1,1,18,2,2
3,42,G,10,2003,4,7,1,1,1,1,3,1,1,1,1,5,1,1,8,6,1,1, ?,2,2
3,42,S,11,2003,2,1,8,2,1,1,1,1,1,1,1,5,1,1,8,6,?,?,42,2,2
3,42,F,12,2003,3,1,8,2,1,1,1,1,1,1,1,5,1,1,16,6,?,?, ?,?,?
5,42,S,9,2003,1,7,8,1,1,1,1,1,1,1,1,5,1,1,9,6,1,1, ?,2,2
19,42,F,6,2003,2,1,1,2,2,1,2,1,1,1,1,5,1,1,14,6,1,1, ?,?,?
19,42,F,7,2003,3,1,1,2,2,1,1,1,1,1,1,5,1,1,10,6,?,?, ?,?,?
19,42,F,10,2003,2,1,1,2,2,1,2,1,1,1,1,5,1,1,14,6,1,1, ?,2,2
19,42,F,12,2003,3,1,1,2,2,1,1,1,1,1,1,5,1,1,12,6,1,1, ?,2,2
16,42,F,1,2003,2,1,1,2,1,1,1,1,1,1,1,5,1,1,9,6,1,1, ?,?,2
16,42,F,1,2003,1,1,1,2,1,1,2,1,1,1,1,5,1,1,14,6,1,1, ?,2,2
16,42,F,1,2003,4,1,1,2,1,1,3,1,1,1,1,5,1,1,9,6,1,1, ?,2,2
16,42,F,1,2003,2,1,1,2,1,1,1,1,1,1,1,5,1,1,16,6,1,1, ?,2,2
16,42,F,1,2003,2,1,1,2,1,1,1,1,1,1,1,5,1,1,9,6,1,1, ?,2,2
16,42,G,2,2003,2,1,1,2,1,1,1,1,1,1,1,5,1,1,9,6,1,1, ?,1,2
16,42,G,2,2003,2,1,1,2,1,1,1,1,1,1,1,5,1,1,13,6,1,1, ?,2,2
16,42,F,2,2003,2,7,4,2,1,1,1,1,1,1,1,5,1,1,14,6,1,1, ?,2,2
16,42,F,3,2003,1,1,1,2,1,1,3,1,1,1,1,5,1,1,14,6,?,?, ?,?,?
16,42,F,4,2003,2,7,4,2,1,1,1,1,1,1,1,5,1,1,14,6,1,1, ?,?,?
16,42,G,4,2003,2,1,1,2,1,1,1,1,1,1,1,5,1,1,15,6,1,1, ?,2,2
16,42,G,5,2003,2,1,1,2,1,1,1,1,1,1,1,5,1,1,14,6,1,1, ?,2,2
16,42,F,5,2003,2,1,1,2,1,1,2,1,1,1,1,5,1,1,14,6,1,1, ?,2,2
16,42,F,5,2003,4,1,1,2,1,1,3,1,1,1,1,5,1,1,8,6,1,1, ?,2,2
16,42,F,5,2003,2,1,1,2,1,1,1,1,1,1,1,5,1,1,9,6,1,1, ?,2,2
16,42,G,5,2003,2,1,1,2,1,1,1,1,1,1,1,5,1,1,9,6,?,?, ?,2,2
16,42,F,5,2003,1,1,1,2,1,1,2,1,1,1,1,5,1,1,14,6,1,1, ?,?,?
16,42,F,5,2003,2,1,1,2,1,1,1,1,1,1,1,5,1,1,9,6,1,1, ?,?,?
1,42,F,8,2003,1,1,1,2,2,1,3,1,1,1,1,5,1,1,8,6,?,?, ?,?,?
1,42,G,8,2003,2,2,4,1,1,1,1,2,1,1,1,5,1,1,8,6,1,1, ?,2,2
1,42,G,8,2003,4,4,4,1,1,1,3,1,1,1,1,5,1,1,8,6,1,1, ?,2,2
1,42,G,8,2003,4,2,4,1,1,1,3,1,1,1,1,5,1,1,9,6,?,?,38,?,?
1,42,F,8,2003,2,2,4,1,1,1,1,1,1,1,1,5,1,1,9,11,1,7,32,2,2
1,42,G,8,2003,2,1,1,1,1,1,1,1,1,1,1,5,1,1,8,6,1,1, ?,2,2
1,42,F,10,2003,3,1,1,1,1,1,1,1,1,1,1,5,1,1,8,4,1,1,20,1,2
1,42,M,10,2003,1,2,4,1,1,1,2,2,1,1,1,5,1,1,16,6,1,1,32,1,2
1,42,F,10,2003,2,2,4,2,1,1,1,1,1,1,1,5,1,1,8,11,1,1, ?,2,2
1,42,G,8,2003,2,1,2,1,1,1,1,1,1,1,1,5,1,1,10,6,1,1, ?,2,2
1,42,G,11,2003,4,2,4,1,1,1,3,1,1,1,1,5,1,1,8,6,1,1,38,2,2
1,42,S,11,2003,4,1,2,1,1,1,3,1,1,1,1,5,1,1,14,6,2,?,38,2,2
1,42,G,11,2003,2,1,2,2,2,1,1,1,1,1,1,5,1,1,5,6,1,1,35,2,2
1,42,F,11,2003,4,2,4,1,1,1,3,1,1,1,1,5,1,1,8,6,1,1,36,2,2
1,42,S,11,2003,2,1,2,1,1,1,1,1,1,1,1,5,1,1,8,6,1,1,32,1,2
5,28,S,1,2003,1,1,8,1,2,4,2,1,1,1,1,5,1,1,14,6,1,1,35,2,2
4,28,M,7,2003,3,1,1,2,2,1,1,1,1,1,1,1,1,1,9,6,1,1, ?,2,2
3,62,F,1,2003,2,1,1,2,2,1,1,1,1,1,1,2,1,2,9, ?,1,?, ?,1,2
8,65,F,1,2003,3,2,1,2,2,1,1,1,1,1,1,2,1,2,8,2,?,1,27,?,?
14,63,F,1,2003,3,1,1,1,2,1,1,1,1,1,1,1,1,2,9,11,?,?,35,2,2
14,63,F,1,2003,3,1,1,1,2,1,1,1,1,1,1,1,1,2,9,11,?,?, ?,2,2
6,63,F,1,2003,4,?,1,2,2,1,4,1,1,1,1,1,1,2,9,8,1,1,42,?,?
5,63,F,1,2003,2,1,1,2,2,4,1,1,1,1,1,1,1,2,8,6,1,?, ?,2,2
5,63,F,1,2003,2,1,1,2,2,4,2,1,1,1,1,1,1,2,14,6,2,?, ?,1,2
9,63,F,1,2003,3,3,3,1,2,1,1,1,1,1,1,1,1,2,9,6,1,1, ?,2,1
1,68,S,1,2003,4,1,1,2,2,4,2,4,1,1,1,2,1,1,9,1,1,1,33,1,2
9,66,F,2,2003,2,1,1,2,2,1,1,4,1,1,1,2,1,2,8,1,1,1,45,2,2
4,66,F,1,2003,3,1,1,1,2,1,1,4,1,3,2,4,4,2,11,6,1,3,26,1,2
9,63,F,2,2003,2,5,8,1,2,1,1,2,1,1,1,1,1,1,8,1,1,1, ?,2,2
7,63,F,2,2003,3,7,1,2,2,1,1,4,1,1,1,1,1,2,9,1,1,7,35,2,2
3,57,F,1,2003,2,3,8,2,2,4,1,1,1,1,1,1,1,2,7,5,1,1, ?,2,2
3,57,F,2,2003,3,7,8,2,2,1,1,1,1,1,1,1,1,2,9,1,1,3, ?,2,2
2,57,F,2,2003,4,7,1,2,2,1,1,1,1,1,1,1,1,2,16,11,1,1,47,2,2
1,62,F,2,2003,3,?,2,2,2,1,1,1,1,1,1,1,1,2,8,6,1,1,42,2,2
1,62,F,2,2003,2,1,1,2,?,1,1,1,2,1,1,1,1,2,8,6,1,1, ?,2,2
1,60,F,1,2003,3,1,1,2,2,1,1,2,1,1,1,2,1,2,12,2,1,1, ?,2,2
5,60,F,1,2003,2,3,1,2,2,2,1,1,2,1,1,1,1,2,14,6,1,1,26,?,?
6,60,F,1,2003,4,1,1,?,2,1,3,1,1,1,1,2,1,1,9,6,1,1,35,2,2
6,60,F,1,2003,3,2,1,2,2,1,1,1,1,1,1,2,1,1,14,6,1,1,42,2,2
1,60,G,1,2003,2,3,?,2,2,1,1,1,1,1,1,1,1,2,9,4,?,1,28,2,?
4,60,F,2,2003,3,1,1,2,2,1,1,1,1,1,1,4,1,2,5,11,?,?, ?,?,?
4,59,F,2,2003,3,?,3,2,?,?,?,?,?,?,1,1,1,2,9,6,?,?, ?,?,?
2,59,F,2,2003,3,1,1,2,2,1,1,1,1,1,1,4,1,2,17,8,?,?, ?,1,2
7,59,F,3,2003,2,1,8,2,2,1,1,1,1,1,1,4,1,2,6,6,1,1,17,2,2
2,59,F,3,2003,2,1,1,2,2,1,1,1,1,1,1,2,1,2,14,6,1,7,29,2,2
2,59,F,3,2003,3,4,1,2,2,2,1,4,3,3,2,4,3,2,17,2,2,1,29,2,2
3,61,F,1,2003,2,?,3,2,1,1,1,1,1,1,1,3,1,2,5,6,2,?, ?,?,?
3,61,F,1,2003,2,?,4,2,?,1,1,1,1,1,1,1,1,1,14,8,?,?,42,?,?
1,61,F,3,2003,2,1,1,2,2,1,1,1,1,1,2,5,1,1,11,6,1,1, ?,2,2
1,61,F,3,2003,3,1,1,2,?,1,1,1,1,1,1,2,1,2,13, ?,?,?, ?,?,?
1,67,S,3,2003,?,3,1,2,2,1,1,4,1,2,2,3,4,2,13,1,2,6,20,1,2
4,61,F,3,2003,3,7,8,2,?,1,1,1,1,1,1,?,1,2,8,5,?,?, ?,?,?
3,61,F,3,2003,3,?,3,2,2,2,1,1,2,1,1,2,1,2,9,6,?,?, ?,?,?
3,61,G,3,2003,4,?,3,2,?,1,2,1,1,1,1,1,1,2,14,6,2,?,32,?,?
1,68,G,3,2003,4,7,1,2,2,1,3,4,1,1,1,2,1,1,13,2,1,1,35,2,2
7,68,F,3,2003,3,1,1,2,2,1,1,4,1,1,3,4,1,2,13,4,1,?,28,2,2
1,57,F,3,2003,3,1,1,2,2,1,1,1,1,1,3,4,1,2,6, ?,1,1,30,2,2
1,57,F,3,2003,1,1,1,2,2,1,4,1,1,1,1,2,1,2,14,6,1,?, ?,?,?
1,57,F,3,2003,3,3,8,2,2,1,1,4,1,2,2,4,2,2,17,1,1,?, ?,?,2
1,57,F,3,2003,3,1,1,2,2,1,1,1,1,1,1,1,1,2,9,6,?,?, ?,?,?
4,57,F,3,2003,2,1,1,2,2,1,1,1,1,1,2,4,1,2,8,6,1,1,38,2,2
2,57,F,3,2003,2,7,1,2,2,1,1,1,1,1,1,1,1,2,14,11,1,1,25,2,2
1,58,F,1,2003,4,1,2,2,2,1,2,1,1,1,1,1,1,2, ?, ?,?,?, ?,?,?
10,58,F,1,2003,3,7,1,1,1,1,?,1,1,1,1,4,1,2,9,11,1,7,42,2,2
5,58,G,1,2003,4,7,1,2,2,1,2,1,1,1,1,1,2,2,9, ?,1,1, ?,1,2
1,62,F,3,2003,3,1,1,2,2,1,1,1,1,1,1,2,1,1,13,6,1,1,33,2,2
6,58,F,1,2003,2,3,1,2,2,1,1,2,1,1,1,3,1,2,5,1,2,7, ?,2,2
10,58,F,1,2003,3,1,1,2,2,4,4,1,1,1,2,2,1,2,14,4,1,1,40,2,2
1,58,G,1,2003,1,3,3,2,2,1,2,2,1,1,2,5,1,1,17,6,1,7,25,1,2
1,58,F,1,2003,4,3,8,2,2,1,3,1,1,1,2,5,1,1,8,6,1,1,35,2,2
1,58,F,1,2003,3,1,3,2,2,1,1,1,1,1,1,1,1,2,7,6,?,?, ?,?,?
1,58,F,1,2003,4,1,1,2,2,1,1,1,1,1,1,1,1,1, ?, ?,?,?, ?,?,?
1,58,G,1,2003,2,1,1,2,2,1,1,1,1,1,1,5,1,1,8, ?,1,1, ?,?,?
1,58,F,1,2003,4,1,3,2,2,1,2,2,1,1,1,1,1,2, ?, ?,?,?, ?,?,?
1,65,F,3,2003,2,3,1,2,2,1,1,1,1,1,1,3,1,2,9,6,1,6,20,?,?
1,65,F,3,2003,2,1,4,2,2,1,2,1,1,1,1,1,1,2,14,6,?,?, ?,?,?
2,65,F,3,2003,2,1,1,2,?,1,1,1,1,2,1,4,1,2, ?, ?,?,?, ?,?,?
13,63,F,3,2003,3,1,1,2,2,1,1,1,1,1,1,1,1,2,14,8,1,?, ?,1,?
9,63,G,3,2003,3,1,1,2,2,4,4,1,2,1,1,1,1,1,13,6,1,?, ?,2,2
3,63,G,3,2003,3,1,1,2,2,1,1,1,1,1,1,1,1,2,14,6,1,1,35,1,2
5,63,F,3,2003,3,3,1,1,?,1,1,1,1,1,1,2,1,2,14,4,1,?,32,2,2
11,63,G,3,2003,3,?,1,2,?,1,1,1,1,1,1,1,1,2,14,7,1,?, ?,2,2
6,60,G,3,2003,4,2,1,2,2,1,2,1,1,1,1,2,2,2,6,4,2,?, ?,2,2
7,60,F,3,2003,3,7,1,2,2,1,1,1,1,1,1,2,1,2,8,6,1,1,45,2,2
2,60,F,3,2003,2,7,1,1,2,1,1,1,1,1,1,2,1,2,9,11,1,?, ?,2,2
1,60,F,3,2003,2,1,1,2,2,1,1,1,1,1,1,2,1,2,6,6,1,1, ?,2,2
1,58,F,2,2003,2,1,?,2,2,1,1,1,1,1,1,1,1,1,14, ?,2,?, ?,?,?
1,58,F,2,2003,3,1,1,1,2,1,4,1,1,3,2,4,1,2,17, ?,?,?, ?,?,?
1,58,F,2,2003,2,1,?,?,2,1,1,1,?,1,1,4,1,2,8,6,1,1, ?,2,2
1,58,F,2,2003,2,2,?,2,2,1,1,1,1,1,1,1,1,1, ?, ?,?,?, ?,?,?
1,58,G,2,2003,3,1,1,2,2,1,1,1,1,1,1,2,1,2,10,6,1,1, ?,2,2
8,58,F,2,2003,2,1,1,2,2,1,1,2,1,2,3,3,3,2,9,11,1,1,50,1,2
7,58,F,2,2003,4,7,1,2,?,1,3,1,1,1,1,1,1,1,9,5,?,?, ?,?,?
1,58,F,3,2003,4,1,1,2,2,1,4,1,1,1,1,2,1,1, ?, ?,?,?, ?,?,?
1,58,F,3,2003,3,1,?,1,2,1,1,1,1,1,1,2,1,1,9,4,?,?, ?,?,?
5,58,F,3,2003,4,7,1,2,2,1,2,1,1,1,1,1,1,2,14,6,1,1,28,2,2
11,58,F,3,2003,3,?,?,1,2,1,1,1,1,3,1,4,1,2,17,6,1,1,28,2,2
1,59,F,4,2003,2,1,1,2,2,1,1,1,1,1,1,2,1,2,5,11,?,?, ?,2,2
1,59,F,4,2003,2,1,1,2,2,1,1,1,1,1,1,1,1,2,10,6,?,1, ?,2,2
1,58,F,4,2003,3,?,1,?,2,3,2,1,2,1,1,5,1,1,14,6,1,1, ?,2,2
1,58,F,4,2003,3,1,3,2,2,1,1,1,1,1,1,2,1,2,9,6,1,1, ?,1,2
5,58,F,4,2003,2,1,1,2,2,1,1,1,1,1,1,1,1,2,14,1,1,1, ?,1,2
12,58,F,4,2003,2,1,1,2,2,1,1,1,1,1,2,4,1,2,9, ?,?,?, ?,?,?
7,58,F,4,2003,3,3,8,2,2,1,1,1,1,1,1,1,1,1,9,11,1,1, ?,2,2
11,58,S,4,2003,3,1,1,2,2,1,1,1,1,1,2,4,1,2,9,6,1,1,48,2,2
1,61,F,4,2003,3,1,1,2,2,1,1,1,1,1,1,1,1,2,9,6,?,?, ?,?,?
10,67,G,4,2003,3,7,1,2,2,1,1,1,1,1,2,2,1,2,8,11,2,1,35,1,2
6,63,F,3,2003,3,3,1,2,2,1,1,1,1,1,1,1,1,2,9,6,1,1,35,1,2
4,63,F,4,2003,2,1,1,2,2,4,2,1,1,1,2,5,4,2,9,1,1,3,30,2,2
11,63,F,4,2003,1,1,1,2,?,1,4,1,1,1,1,1,1,1,7,6,1,?,35,1,2
9,63,F,4,2003,2,1,1,2,2,1,1,1,1,1,1,1,1,1,5,11,1,1, ?,2,2
9,63,F,4,2003,2,1,?,?,?,1,1,1,1,1,1,1,1,2,9,11,1,?,35,?,2
9,63,S,4,2003,2,1,1,2,2,1,1,2,1,1,1,2,1,1,13,2,1,1,37,1,2
9,63,G,4,2003,?,?,?,2,2,1,1,1,1,1,1,2,2,2,13,11,1,1, ?,2,2
7,63,G,4,2003,4,7,1,2,2,1,2,1,1,1,1,1,1,2,7,11,1,1,32,2,2
7,63,F,4,2003,2,7,1,2,2,1,1,1,1,3,1,4,1,2,4,6,1,7,30,2,2
2,63,F,4,2003,4,7,8,1,2,1,4,1,1,1,1,1,1,2,9,6,1,1, ?,2,2
14,63,F,4,2003,3,?,1,2,2,1,1,1,1,1,1,1,1,2,14,6,2,1, ?,1,2
4,66,G,4,2003,4,?,?,?,?,1,2,1,1,1,1,2,1,2,9,6,1,1, ?,2,2
1,57,F,4,2003,4,1,1,2,2,1,2,1,1,1,1,1,1,2,9,11,?,1, ?,1,2
1,57,F,4,2003,4,1,1,2,2,1,4,1,1,1,3,1,5,2,14,11,1,1,35,2,2
1,57,F,4,2003,3,1,1,2,2,1,1,1,1,1,1,1,1,2,9,11,1,1,40,2,2
1,60,F,4,2003,3,?,1,1,2,1,1,1,1,1,1,1,?,?,12,11,?,?,40,?,2
1,60,F,4,2003,2,1,1,2,2,1,1,1,1,1,1,2,1,2, ?, ?,?,?, ?,?,?
5,65,F,4,2003,2,1,?,1,2,1,2,1,2,1,1,2,1,2,12, ?,1,?,28,2,?
5,65,F,4,2003,2,7,1,1,2,1,1,2,1,?,?,?,1,2,11, ?,?,?, ?,?,?
8,65,S,4,2003,3,?,?,2,?,1,1,1,1,1,1,2,1,2,5,6,?,1, ?,?,?
1,59,F,5,2003,2,1,1,2,2,1,1,1,1,1,1,2,1,2,4,6,?,?, ?,1,2
1,59,F,5,2003,4,1,1,1,2,1,2,1,1,1,1,5,1,2,8,5,1,1,38,2,2
4,59,S,5,2003,1,6,1,1,2,2,4,2,2,1,1,1,1,2,13,2,1,1, ?,2,2
2,59,F,5,2003,3,7,?,1,2,1,1,1,1,3,1,4,1,?,17,6,1,7,35,?,2
5,59,F,5,2003,2,1,1,2,2,1,2,1,1,1,1,2,1,2,5,4,?,?,35,2,2
2,61,S,4,2003,1,1,1,2,2,1,2,1,1,1,1,1,1,1,9,6,1,1,32,2,2
1,61,F,5,2003,4,1,1,1,2,2,4,1,2,1,1,2,1,2,14,6,?,?, ?,?,2
1,61,S,5,2003,2,1,1,2,2,1,1,1,1,1,1,1,1,1,14,6,1,1,40,2,2
1,61,F,5,2003,1,1,1,2,2,1,1,1,1,1,1,1,1,1,7,6,1,?, ?,?,2
1,61,F,5,2003,1,1,1,1,2,1,4,1,1,1,1,1,1,2,14,6,2,?, ?,?,2
2,61,F,5,2003,1,1,1,2,?,1,3,1,1,1,1,1,1,1,14,6,1,1,45,2,2
2,61,F,5,2003,3,1,1,2,2,1,1,1,1,1,1,1,1,1,9,6,1,1,32,1,2
3,61,F,5,2003,3,1,3,2,2,1,1,1,1,1,1,2,1,2,8,6,?,1, ?,2,2
2,62,F,1,2003,2,?,1,2,2,1,1,1,1,1,1,2,1,2,12, ?,?,?, ?,?,?
9,63,F,5,2003,3,3,1,2,2,1,1,1,1,1,1,1,1,2,10,6,?,?, ?,?,?
5,63,G,5,2003,3,1,1,2,2,1,1,1,1,1,1,1,1,2,14,6,1,5,30,2,2
14,63,F,5,2003,2,?,1,2,2,1,2,1,1,1,2,1,1,2,14, ?,?,?, ?,?,?
14,63,F,5,2003,4,?,?,1,2,1,2,1,1,1,1,1,1,2,14,6,1,1,42,2,2
8,63,F,5,2003,2,7,8,2,2,2,1,1,2,1,1,1,1,2,9,5,1,?,45,2,2
8,58,F,5,2003,1,1,1,2,2,1,4,1,1,1,1,1,1,2,13, ?,?,?, ?,1,2
8,58,F,5,2003,2,1,1,2,2,1,1,1,1,1,1,1,1,2, ?, ?,?,?, ?,?,?
7,58,F,5,2003,4,7,8,2,?,1,4,1,1,1,1,1,1,2,9,5,2,?, ?,?,?
7,58,F,5,2003,3,1,1,2,2,1,1,2,1,1,1,1,1,2,10,6,1,1, ?,?,?
6,58,F,5,2003,3,1,1,2,2,2,1,1,2,1,1,1,1,2,9,6,1,1,45,2,2
1,58,F,5,2003,1,1,2,2,2,2,2,1,2,1,1,1,1,2, ?, ?,?,?, ?,?,?
1,58,G,5,2003,3,2,1,2,?,1,1,2,1,?,2,2,1,1,17,2,1,1,18,2,2
1,58,F,5,2003,3,3,1,2,2,1,1,4,1,1,1,5,5,1,17,9,1,?, ?,1,2
1,58,G,5,2003,4,3,4,2,2,1,2,1,1,1,1,5,1,1,17,5,2,?, ?,1,2
10,58,F,5,2003,2,7,8,1,2,1,1,1,1,1,1,4,1,2,9,6,1,?, ?,2,2
1,68,F,5,2003,2,1,1,2,1,1,1,4,1,1,1,2,1,1,14,2,1,3,41,2,2
5,66,F,5,2003,4,1,1,2,2,1,2,2,1,1,1,2,1,2,7,6,1,1,35,2,2
7,60,S,5,2003,2,7,8,2,2,1,1,1,1,1,1,2,1,2,8,11,?,?, ?,1,2
2,60,F,5,2003,4,1,3,1,2,1,2,1,1,1,1,5,1,2,4,6,?,1,25,2,2
3,60,F,5,2003,2,1,1,2,?,1,1,1,1,1,1,2,1,2,8,4,1,1, ?,2,1
6,60,F,5,2003,3,1,4,2,2,1,1,1,1,1,1,5,1,1,9,1,1,1,37,2,2
2,57,F,5,2003,2,1,1,2,2,2,1,1,1,1,1,1,1,2,14,11,1,1,30,2,2
4,57,F,5,2003,2,7,1,2,2,1,1,1,1,1,?,4,1,2,7,6,1,1,30,2,2
7,65,G,5,2003,1,1,2,2,?,1,4,1,2,3,1,4,1,2,11,8,2,1,35,1,2
2,65,F,5,2003,2,7,1,2,2,1,1,1,2,1,1,4,1,2,7,10,1,?, ?,2,2
2,65,G,5,2003,2,7,1,2,?,1,1,1,2,1,1,4,1,2,11,7,1,?, ?,1,2
8,65,F,5,2003,2,3,8,2,2,1,1,1,1,2,1,2,1,2,11,2,?,3, ?,?,?
1,62,F,5,2003,2,7,8,2,2,1,1,1,1,1,1,1,1,2,9,4,?,7, ?,1,2
1,62,F,6,2003,3,3,1,2,2,2,1,1,2,1,1,4,1,2,9,11,?,7,35,1,2
3,62,S,6,2003,1,3,1,1,?,2,2,1,2,2,1,2,1,2,9,6,?,1, ?,2,1
4,59,F,6,2003,3,3,8,2,?,2,1,2,3,3,2,4,4,2,17,1,2,6,28,1,2
1,59,F,6,2003,4,3,1,2,2,2,4,3,1,1,1,2,1,2,9,6,1,1,45,2,1
1,67,F,6,2003,1,1,1,1,2,1,1,1,1,1,1,1,1,1,14,11,1,1,40,1,2
1,61,F,6,2003,4,2,2,2,2,1,1,1,1,1,1,1,1,1, ?, ?,?,?, ?,?,?
1,61,F,6,2003,3,7,1,2,2,1,1,1,1,1,1,1,1,2,9,1,1,1,28,1,2
1,61,G,6,2003,3,7,1,2,2,1,1,1,1,1,1,2,1,2,6,2,1,?, ?,1,2
2,61,F,6,2003,3,1,1,2,2,1,1,1,1,1,1,1,1,1,9,6,?,?, ?,?,?
2,61,S,6,2003,4,1,1,2,2,1,3,1,1,1,1,1,1,1,6,6,1,1,23,2,2
4,61,G,6,2003,1,2,4,?,1,1,2,1,1,1,1,5,1,2,5,10,?,1,35,2,2
3,61,F,6,2003,4,?,8,2,?,1,2,1,1,1,1,1,1,2,9,6,?,?, ?,?,?
1,58,F,1,2003,3,?,3,1,?,1,1,1,1,1,1,2,?,2,9,5,?,?, ?,?,?
10,58,F,6,2003,2,1,1,2,2,1,1,1,1,1,1,2,1,2,10, ?,?,?, ?,?,?
4,58,F,6,2003,2,1,1,2,2,1,1,2,1,1,1,2,1,2,5,3,1,7, ?,2,2
4,58,F,6,2003,3,?,8,2,2,1,1,1,5,1,1,1,?,?, ?,11,2,1,40,1,1
5,58,F,6,2003,4,7,1,2,2,1,4,1,1,1,1,1,1,1,14,6,1,1, ?,1,2
7,58,F,6,2003,3,1,1,2,2,1,1,1,1,1,1,1,1,2,9,6,1,1, ?,2,2
7,58,F,6,2003,1,1,1,2,2,1,4,2,1,1,2,2,1,2,10,2,1,1, ?,?,?
7,58,F,6,2003,3,1,1,2,2,2,1,2,2,1,1,1,1,2, ?, ?,?,?, ?,?,?
1,58,F,6,2003,3,3,3,2,2,2,1,2,2,1,1,1,1,2,9,1,1,1, ?,2,2
1,58,F,6,2003,1,2,2,2,2,2,1,1,2,1,1,1,1,2,9,6,1,1,38,2,2
8,58,F,6,2003,4,7,1,2,2,1,2,1,1,3,1,1,2,?,8,6,1,?, ?,1,2
8,58,F,6,2003,2,7,1,2,?,1,2,3,1,1,1,1,1,2,9,6,1,?, ?,1,2
1,66,F,6,2003,3,?,1,2,2,2,1,2,2,1,1,2,1,1,14,2,1,?, ?,2,2
1,68,F,6,2003,1,7,1,2,2,2,2,4,2,1,1,2,1,2,14,2,1,?, ?,1,2
1,57,F,6,2003,2,1,1,2,2,1,1,1,1,1,1,1,1,2,7,6,?,?, ?,?,?