Thana,District,Accident_Severity,Month,Year,Time,Junction_Type,Traffic_Control,Movement,Divider,Weather,Light,Road_Geometry,Surface_Condition,Surface_Type,Surface_Quality,Road_Class,Road_Feature,Location_Type,Vehicle_Type,Vehicle_Movement,Vehicle_Loading,Vehicle_Defect,Vehicle_Driver_Age,Vehicle_Alcohol,Vehicle_Seat_Belt
7,57,F,6,2003,3,1,1,2,2,1,1,1,1,1,1,2,1,2,5,6,1,6,25,2,2
5,65,G,6,2003,2,?,1,1,2,1,1,1,1,1,1,?,?,2,4,11,?,7,25,2,2
7,65,F,6,2003,3,1,1,2,2,2,1,1,2,1,1,2,1,2,7, ?,?,?, ?,?,?
3,63,F,6,2003,4,7,8,2,2,1,2,1,1,1,1,1,1,2,9,4,1,7,38,?,?
6,63,F,6,2003,4,7,1,2,2,2,4,1,2,1,1,2,2,2,9,6,1,?, ?,1,2
12,63,F,5,2003,4,7,8,1,2,2,2,4,3,3,2,4,4,2,5,11,2,?, ?,?,?
9,63,S,5,2003,2,7,1,2,2,1,1,1,1,1,1,1,1,2,13,6,1,1, ?,2,2
1,62,F,1,2003,3,1,1,1,2,1,1,2,1,3,2,4,1,2,14,2,1,1,30,2,2
1,61,F,2,2003,3,7,1,2,2,1,1,1,1,1,1,1,1,2,9,11,?,?, ?,?,?
3,61,S,2,2003,4,?,4,1,?,1,3,1,1,1,1,1,1,2,9,6,?,6,28,2,?
5,60,F,6,2003,4,1,1,2,?,1,1,1,1,1,?,1,1,2,9, ?,?,?, ?,?,?
6,60,S,6,2003,4,1,1,1,2,1,1,1,1,1,1,4,1,2,9,6,1,1, ?,?,?
1,60,F,6,2003,2,1,1,1,2,1,3,1,1,1,1,5,1,1,14,6,1,1, ?,2,2
1,59,F,7,2003,2,2,1,2,?,1,1,1,1,1,1,1,1,2,12,6,2,7, ?,1,2
2,59,F,7,2003,2,7,1,2,2,1,1,1,1,1,1,4,1,2,9,11,?,?, ?,?,?
1,61,S,7,2003,1,1,1,2,2,1,3,1,1,1,1,1,1,1,14,6,1,1, ?,2,2
1,61,F,7,2003,3,1,1,1,2,1,1,1,1,1,1,1,1,2,9,5,1,4, ?,1,2
1,61,G,7,2003,3,1,1,2,2,1,1,1,1,1,1,1,1,1,12, ?,1,1, ?,?,2
1,61,F,7,2003,3,3,1,2,2,1,1,1,1,1,1,1,1,1,14,6,1,?,32,2,2
1,61,F,7,2003,1,1,1,2,2,1,4,2,1,1,1,1,1,2,7,1,1,?, ?,?,2
1,62,G,7,2003,2,7,8,1,2,1,1,1,1,1,1,1,1,2,9,6,1,6, ?,2,2
1,62,F,7,2003,2,7,8,1,2,1,1,1,1,1,1,1,1,1,9,11,?,1,35,1,2
3,62,F,7,2003,3,7,8,2,2,1,1,1,1,1,1,2,1,2,9,6,1,?,49,2,2
4,62,S,7,2003,4,1,1,2,2,1,1,1,1,1,1,3,1,2,14, ?,?,?, ?,?,?
6,57,F,7,2003,3,1,1,2,2,1,1,1,1,1,3,2,1,2,9,2,1,1,40,1,2
6,57,S,7,2003,2,1,1,2,2,1,1,1,1,1,3,4,1,2,9,9,1,?,31,2,2
3,57,F,7,2003,4,7,1,2,2,1,2,1,1,1,1,1,1,2,9,10,2,7, ?,1,2
1,65,G,7,2003,3,1,1,2,2,1,1,1,1,1,1,5,1,1,7,8,1,?,28,2,2
1,66,F,7,2003,2,1,1,2,2,1,1,2,1,1,2,2,1,2,8,3,1,1, ?,2,2
7,67,G,7,2003,2,7,8,2,2,1,1,1,1,1,1,2,1,1,5, ?,1,?, ?,?,?
2,58,G,7,2003,1,?,1,2,2,1,4,2,1,1,1,1,1,2,9,6,1,?, ?,?,?
2,58,G,7,2003,2,?,1,2,2,1,1,1,1,1,1,2,?,?,5,6,1,?, ?,?,?
5,58,F,7,2003,3,?,1,2,?,1,1,1,1,1,1,1,1,2,9,6,1,1, ?,1,2
1,58,F,7,2003,1,1,2,2,2,2,2,1,2,1,1,1,1,2,14,6,1,1,42,2,2
1,58,F,7,2003,3,1,2,2,2,2,3,1,2,1,1,1,1,2,7,6,1,1, ?,2,2
3,58,F,7,2003,4,1,1,2,2,2,4,1,2,1,1,1,1,2,7,6,1,?,32,2,2
11,58,F,7,2003,4,1,1,2,2,2,4,1,2,1,1,2,1,2, ?,6,?,?, ?,?,?
8,58,G,7,2003,4,7,1,2,2,1,4,1,1,1,1,?,1,2,1, ?,1,?,27,1,2
10,58,F,7,2003,2,7,1,1,2,1,1,1,1,1,1,2,1,2,8,6,1,7,27,2,2
10,58,F,7,2003,2,7,1,1,2,1,4,1,1,1,1,2,1,2,19,11,1,7,25,2,2
7,63,F,7,2003,1,1,1,2,2,2,4,1,2,1,1,4,1,2,12,6,2,7, ?,1,2
8,63,G,7,2003,1,1,1,2,2,2,4,1,2,1,1,1,1,2,7,6,1,?,28,1,2
10,63,F,7,2003,2,7,1,2,2,1,1,1,1,1,1,2,1,2, ?, ?,?,?, ?,?,?
6,60,F,7,2003,3,1,1,1,2,1,1,1,1,1,1,2,1,1,14,6,1,1, ?,?,2
1,60,F,7,2003,3,1,4,1,2,1,1,1,1,1,1,2,1,1,12,6,1,1,34,1,2
1,61,G,8,2003,3,1,1,2,2,1,1,1,1,1,1,1,1,2,9,6,1,?, ?,?,?
1,67,F,8,2003,1,3,1,2,2,1,2,2,1,1,2,1,1,1,14,2,1,1, ?,1,2
5,66,S,8,2003,2,7,1,1,2,2,1,4,2,1,2,1,1,2,9, ?,1,1,35,2,2
5,58,S,8,2003,?,7,1,2,2,1,2,1,1,1,1,1,1,2,14, ?,1,1, ?,2,2
5,58,F,8,2003,2,7,1,2,2,1,1,1,1,1,1,1,1,2,9,11,1,1, ?,2,2
8,58,F,8,2003,4,7,1,1,2,1,2,1,1,1,1,4,1,2,4,6,1,7,32,1,2
1,62,S,8,2003,3,7,3,2,2,1,1,1,1,1,1,1,1,2,14, ?,?,?, ?,?,?
2,60,F,8,2003,3,?,1,1,2,1,1,1,1,1,1,2,1,2,9,11,1,?, ?,2,2
3,60,S,8,2003,2,3,1,1,2,1,1,1,1,1,1,2,1,2,9,11,1,4,60,?,?
1,62,S,8,2003,3,7,5,1,2,1,1,1,1,1,1,4,1,2,9,6,1,1, ?,2,2
4,62,F,9,2003,3,1,1,2,2,1,1,1,1,1,1,2,1,2,7,6,1,1,28,2,2
1,62,F,9,2003,2,7,8,2,2,1,1,1,1,1,1,2,1,1,13, ?,2,?, ?,?,2
1,61,F,9,2003,1,1,1,2,2,1,2,1,1,1,1,1,1,2,14,6,1,1,45,1,2
9,63,F,9,2003,4,1,1,2,2,1,4,1,1,1,1,1,1,2,7,6,1,1, ?,2,2
14,63,G,9,2003,1,1,8,2,?,1,2,2,1,1,1,1,1,2,14, ?,1,?,40,?,?
1,58,S,9,2003,2,7,8,2,2,1,1,1,1,1,1,3,1,1,14,10,1,1,40,2,2
1,58,G,9,2003,4,1,1,2,2,1,3,1,1,1,1,1,1,2,9,6,1,1, ?,2,2
2,58,G,9,2003,1,?,1,2,2,2,4,1,2,1,1,4,1,2,6,6,1,?, ?,?,?
8,58,G,9,2003,3,7,1,2,2,1,1,1,1,1,2,1,1,2,8,6,1,?, ?,1,2
7,60,F,9,2003,3,1,1,2,2,2,1,1,2,1,1,2,1,2,14,6,1,?,30,1,2
3,60,S,9,2003,3,3,1,2,?,1,?,1,1,1,1,2,1,2,14,6,1,1, ?,2,2
5,60,F,9,2003,3,1,1,1,2,2,1,1,3,3,2,4,1,2,7,6,1,?, ?,2,2
1,66,G,9,2003,1,2,4,2,?,1,3,2,1,1,1,5,1,1,14,2,1,1, ?,2,2
1,65,F,9,2003,3,?,1,2,?,1,1,1,1,1,1,1,1,1,9,11,1,7, ?,2,2
1,65,F,9,2003,?,?,8,2,1,1,1,1,1,1,1,1,1,1,9,1,1,7, ?,1,2
5,59,F,10,2003,4,1,1,2,2,2,2,1,2,1,2,4,4,2,7,6,1,7, ?,2,2
1,59,F,10,2003,3,1,1,1,2,1,1,1,1,1,1,4,1,2,7,11,2,7, ?,1,2
1,61,G,10,2003,1,1,1,2,2,1,4,1,1,1,1,1,1,2,6,6,1,?,30,2,2
1,61,F,10,2003,4,3,5,2,?,1,4,2,1,1,3,1,1,2,14,1,1,?, ?,2,2
5,58,G,10,2003,2,3,1,2,2,1,1,1,1,1,1,1,1,2,14,6,1,1, ?,2,2
5,58,F,10,2003,2,7,1,2,2,1,1,1,1,1,1,1,1,2,14,6,1,1,50,2,2
7,58,S,10,2003,3,7,8,2,2,?,?,?,?,?,?,?,1,2,9, ?,?,?, ?,?,?
2,58,S,10,2003,2,7,1,2,?,1,1,1,1,1,1,1,1,2, ?, ?,?,?, ?,?,?
10,58,S,10,2003,4,7,1,1,2,1,3,1,1,1,1,2,1,2,14,11,1,?,36,2,2
8,57,F,10,2003,2,1,1,2,2,1,1,1,1,1,1,1,1,2,9,6,1,1, ?,2,2
1,57,F,10,2003,3,7,8,1,?,1,1,2,1,3,1,4,4,2,6,1,2,7, ?,1,2
1,57,G,10,2003,4,7,8,1,2,1,2,1,1,1,1,2,1,2,5,9,?,?, ?,2,?
5,57,F,10,2003,3,?,2,2,2,1,1,1,1,1,1,1,1,2,9,11,1,?, ?,?,?
1,65,F,10,2003,3,3,3,2,?,1,?,1,1,1,1,4,1,2,5,6,?,?, ?,?,?
1,65,F,10,2003,2,?,8,2,2,1,1,1,1,1,1,1,1,2,9,4,1,7,45,2,2
1,65,G,10,2003,3,7,8,2,?,1,1,1,1,1,1,1,1,2,8,4,1,7, ?,2,2
1,60,F,10,2003,2,1,1,2,2,1,1,1,1,1,1,1,1,2,9,6,1,?, ?,2,2
1,60,F,10,2003,3,1,1,2,2,1,1,1,1,1,1,2,1,1,10,6,1,?, ?,2,2
5,60,F,10,2003,2,1,1,2,2,1,1,1,1,1,1,1,1,2, ?, ?,?,?, ?,2,2
4,63,F,10,2003,1,7,8,2,2,1,4,1,1,1,2,1,1,2, ?, ?,?,?, ?,?,?
6,63,F,10,2003,2,?,1,2,2,1,1,1,1,1,1,2,1,1,19,6,1,1,35,2,2
8,63,F,10,2003,3,?,1,2,2,1,1,1,1,1,1,1,1,2,9, ?,1,1, ?,2,2
9,63,F,10,2003,4,1,1,2,2,1,3,1,1,1,1,1,1,2,11,6,1,1,43,2,2
9,63,S,10,2003,2,1,1,2,2,3,2,1,1,1,1,1,1,2,14, ?,1,?, ?,1,2
14,63,F,10,2003,2,1,8,2,?,1,1,2,1,1,1,1,1,2,14,9,1,?, ?,?,?
14,63,F,10,2003,2,1,1,2,2,1,1,1,1,1,1,1,1,2,14,6,1,?, ?,?,?
8,66,F,11,2003,3,1,2,2,2,1,1,2,1,1,2,2,1,2,9,6,1,1, ?,2,2
1,62,F,11,2003,2,1,1,2,2,1,1,1,1,1,1,2,1,2,12, ?,1,?, ?,?,?
1,61,G,11,2003,1,1,1,2,2,1,2,1,1,1,1,1,?,?,8,6,1,1,33,2,2
1,61,G,11,2003,4,1,1,2,?,1,4,1,1,1,1,1,1,2,9,6,1,7, ?,2,2
2,67,G,11,2003,3,1,1,2,2,1,1,2,1,1,1,2,1,2,17,2,2,7,38,2,2
8,67,S,11,2003,2,7,1,2,2,1,1,2,1,1,1,1,1,2,9,2,1,1,37,2,2
1,58,F,11,2003,3,3,1,?,2,1,1,2,?,?,?,?,1,2,1,8,2,?,28,?,?
5,58,F,11,2003,2,1,1,2,?,1,2,1,1,1,1,1,?,?,14,1,1,?,38,?,?
8,58,F,11,2003,3,7,1,2,2,1,1,2,1,1,1,1,1,2,9,6,?,?,48,2,2
8,58,F,11,2003,2,7,1,2,2,1,2,?,1,1,1,1,1,2,14,6,1,?, ?,1,2
7,58,F,11,2003,3,1,1,2,2,1,1,1,1,1,1,1,1,2,8,11,1,1, ?,2,2
10,58,F,11,2003,2,3,1,1,2,1,1,1,1,1,1,2,1,2,9,6,1,?,31,2,2
6,58,F,11,2003,2,1,2,2,2,1,1,1,1,1,1,1,1,2,9,6,1,1, ?,2,2
1,57,F,11,2003,3,?,?,2,2,1,1,1,1,1,2,4,1,2,17,6,1,1,35,2,2
8,63,F,11,2003,4,1,3,2,2,1,2,1,1,1,1,1,1,2, ?, ?,?,?, ?,?,?
12,63,F,11,2003,2,3,1,1,2,1,2,1,1,1,1,3,1,2,17,6,?,?, ?,?,?
14,63,F,11,2003,2,1,1,2,1,1,1,1,1,1,1,1,1,2,9,6,1,4, ?,2,2
14,63,F,11,2003,3,1,1,2,2,1,4,1,1,1,1,1,1,2, ?, ?,?,?, ?,?,?
7,60,F,11,2003,1,1,1,2,2,1,2,1,1,1,1,2,1,2,10,6,2,1,30,1,2
6,60,S,11,2003,2,3,1,1,2,1,1,1,1,3,1,5,1,1,5,1,?,1, ?,1,2
3,68,F,11,2003,2,1,1,2,2,1,1,4,1,1,2,3,1,2,11,2,2,6,30,2,2
3,68,G,11,2003,2,1,1,1,2,1,1,4,1,1,1,3,1,1,11,1,1,7,30,1,2
1,32,F,6,2004,2,7,3,2,2,1,1,1,1,1,1,1,1,2,14,1,1,1, ?,2,2
1,32,F,6,2004,4,3,8,2,2,1,3,2,1,1,1,2,1,2,6,1,1,7,35,1,2
3,32,F,2,2004,3,1,1,2,2,1,1,1,1,1,1,1,1,2,8,7,1,1, ?,2,2
3,32,M,6,2004,1,1,8,2,2,1,4,1,1,1,1,1,1,2,14,4,1,1, ?,2,2
4,32,F,1,2004,2,1,1,2,2,1,2,2,1,1,1,1,1,2,6,11,1,1,27,2,2
4,32,F,9,2004,4,1,1,2,2,2,4,2,2,1,1,1,1,2,6,5,2,3, ?,2,2
2,32,F,12,2004,3,1,1,2,2,1,1,1,1,1,2,4,1,2,6,6,2,7, ?,2,2
8,29,F,2,2004,2,1,1,2,2,1,1,1,1,1,1,1,1,2,9,2,1,1,27,2,2
5,29,F,2,2004,2,3,1,2,2,1,1,1,2,1,2,2,1,2,12,11,1,1, ?,2,2
4,29,F,1,2004,2,1,1,1,2,1,1,1,1,1,1,4,1,2,7,11,1,7,28,2,2
3,29,F,3,2004,2,7,1,2,2,1,1,1,1,1,1,3,1,2,8,11,1,1,27,2,2
5,29,F,1,2004,3,1,8,1,2,1,1,1,1,1,1,1,1,1,4,6,1,7, ?,2,2
8,25,G,9,2004,2,1,1,2,2,1,1,1,1,1,1,3,1,2,14,6,1,7,35,2,2
1,29,F,9,2004,1,1,4,2,2,2,1,1,2,1,1,1,1,1,9,6,1,1, ?,2,2
9,66,F,3,2004,3,1,1,2,2,1,1,2,1,1,1,2,1,2,12,1,1,?, ?,1,2
9,66,F,5,2004,2,1,1,2,2,1,1,2,1,1,1,2,?,?,14,2,1,?, ?,2,2
1,66,F,5,2004,2,7,1,2,2,1,1,4,1,1,1,2,1,2,11,6,2,6, ?,1,2
1,66,G,6,2004,3,3,4,2,2,1,1,1,1,1,1,2,1,1,9,6,1,1,35,2,2
2,66,F,8,2004,2,1,2,2,2,1,1,1,1,1,1,4,1,2,11,6,?,?, ?,2,2
6,66,F,10,2004,1,1,1,2,2,1,2,5,1,1,2,3,1,2,11,6,2,3,35,2,2
1,66,F,10,2004,3,?,8,1,2,1,1,1,1,3,1,4,1,2,14,7,1,7,33,2,2
4,66,F,10,2004,2,1,1,2,2,1,1,2,1,1,1,2,1,2,12,1,1,1, ?,2,2
1,66,F,11,2004,2,7,8,1,2,1,1,5,5,1,3,3,1,2,12,1,1,7, ?,2,2
4,66,F,11,2004,3,7,7,1,2,1,1,2,1,1,1,2,1,2,9,11,1,?,36,2,2
5,66,F,11,2004,3,7,1,2,2,1,1,2,1,1,1,4,1,2,11,1,1,1, ?,2,2
4,66,F,12,2004,2,7,8,1,?,1,1,2,1,1,1,2,1,2,9,11,1,7, ?,1,2
1,27,F,1,2004,3,2,2,2,2,1,1,1,1,1,1,2,2,2,8,4,1,1, ?,2,2
2,27,F,2,2004,2,3,1,2,2,1,1,1,1,1,3,2,1,2,19,6,2,7,32,1,2
2,27,F,2,2004,2,1,1,2,2,1,1,1,1,1,3,2,4,2,8,5,1,6, ?,1,2
1,31,F,2,2004,2,1,1,2,2,1,1,1,1,1,1,1,1,2,9,6,1,1,52,2,2
2,31,F,2,2004,2,1,1,2,2,1,1,1,1,1,1,2,1,2,9,11,1,1,25,2,2
3,31,F,2,2004,2,7,8,2,2,4,1,2,1,1,1,2,1,2,9,6,1,1,38,2,2
5,31,F,3,2004,3,1,1,2,2,1,1,1,1,2,1,4,1,2,4,11,1,1,18,2,1
2,27,F,3,2004,2,7,1,2,2,4,2,1,5,3,3,2,1,2,9,6,1,1, ?,2,2
1,30,S,2,2004,2,1,1,2,2,1,1,1,1,1,3,2,4,2,9,6,1,1,35,2,2
4,34,F,3,2004,3,1,2,2,2,1,1,1,1,1,1,4,1,2,9,6,1,1, ?,2,2
5,30,F,4,2004,3,1,1,2,2,1,1,1,1,1,1,4,1,2,4,6,1,1, ?,2,1
5,30,F,4,2004,4,1,1,2,2,1,4,1,1,1,1,3,1,2,6,11,1,1, ?,2,2
4,27,F,5,2004,2,1,1,2,2,1,1,1,1,1,1,4,1,2,6,6,1,7,30,1,2
5,27,F,9,2004,2,1,8,2,2,1,1,1,1,1,1,2,1,2,8,11,1,1, ?,2,2
2,27,F,7,2004,3,1,1,2,2,1,1,3,1,2,3,2,1,2,8,6,1,7,39,1,2
1,30,F,5,2004,3,1,1,2,2,1,1,1,1,1,1,3,1,1,4,6,1,1, ?,2,1
1,30,F,6,2004,2,1,1,2,2,1,1,2,1,1,3,1,2,2,9,9,1,1,34,2,2
5,30,G,6,2004,2,1,1,2,2,1,1,1,1,1,1,4,1,2,9,6,1,1, ?,2,2
3,30,F,6,2004,2,3,8,2,2,1,1,1,1,1,2,2,4,2,8,6,1,1,40,2,2
6,30,G,6,2004,3,7,1,2,2,2,1,1,2,1,1,4,1,2,4,6,1,1, ?,2,1
4,34,S,9,2004,2,1,1,2,2,2,2,1,2,1,1,1,3,2,8,11,1,1, ?,2,2
1,34,F,4,2004,4,1,1,2,2,1,2,1,1,1,1,1,1,2,14,6,1,1,45,2,2
1,34,G,5,2004,3,1,1,2,2,1,1,1,1,1,1,5,1,1,14,6,1,1, ?,1,2
1,34,F,6,2004,1,1,1,2,2,1,2,1,1,1,1,2,1,1,9,6,1,1, ?,1,2
1,34,F,7,2004,2,1,1,2,2,1,1,1,1,1,1,2,1,1,9,6,1,1, ?,1,2
1,34,F,7,2004,?,1,1,2,2,2,4,1,2,1,1,1,1,2,9,6,1,1, ?,2,2
10,34,F,7,2004,4,3,1,2,2,1,2,1,1,1,1,4,1,2,14,3,1,1, ?,1,2
10,34,F,10,2004,3,1,1,2,2,1,1,1,1,1,1,2,1,2,7,4,1,1, ?,2,2
6,34,G,2,2004,2,1,8,2,2,1,1,1,1,1,1,1,1,2,8,6,1,7, ?,2,2
6,34,G,2,2004,3,1,1,2,2,1,1,1,1,1,1,1,1,2,9,6,1,1, ?,2,2
6,34,F,3,2004,4,1,1,2,2,1,4,1,1,1,1,1,1,2,6,11,1,2, ?,2,2
6,34,F,5,2004,2,1,1,2,2,1,1,1,1,1,1,1,1,2,14,6,2,1, ?,2,2
1,30,F,9,2004,3,1,1,2,2,1,1,1,1,2,3,4,1,2,9,6,1,1, ?,2,2
2,30,F,10,2004,2,1,1,2,2,1,1,1,1,1,1,4,1,2,6,6,2,1, ?,2,2
2,30,G,10,2004,2,1,1,2,2,1,1,1,1,1,1,4,1,2,12,6,1,7, ?,2,2
2,30,G,10,2004,3,1,1,2,2,1,1,1,1,1,1,4,1,2,5,6,1,7, ?,2,2
4,30,F,10,2004,3,1,1,2,2,1,1,1,1,1,1,2,1,2,4,6,1,1, ?,1,2
4,30,F,10,2004,3,1,1,2,2,1,1,1,1,2,3,4,1,2,17,9,1,3,45,2,2
1,33,F,1,2004,3,7,1,2,2,1,1,1,1,1,1,4,1,2,19,6,1,1, ?,2,2
1,33,F,2,2004,2,4,1,2,2,1,1,1,1,1,1,4,4,2,5,6,1,1, ?,2,2
1,33,F,3,2004,4,3,1,2,2,1,4,2,1,1,1,3,1,1,14,6,1,1, ?,1,2
1,33,F,5,2004,3,3,1,2,2,1,1,1,1,1,1,4,4,2,9,6,1,1, ?,2,2
4,33,G,2,2004,2,1,1,2,2,1,1,1,1,1,1,2,1,2,9,6,2,1,35,1,2
4,33,F,5,2004,3,3,1,2,2,1,1,1,1,1,1,1,1,2,14,6,1,1,32,2,2
4,33,F,7,2004,3,1,1,2,2,1,1,1,1,1,1,1,1,2,9,6,1,1, ?,2,2
4,33,F,9,2004,3,1,1,2,2,1,1,1,1,1,1,2,1,2,9,11,1,1,30,2,2
2,33,F,1,2004,2,1,1,2,2,1,1,1,1,1,1,4,1,2,9,6,1,1, ?,2,2
2,33,F,2,2004,2,1,1,2,2,1,1,1,1,1,1,3,1,2,19,6,1,1, ?,2,2
5,33,S,1,2004,2,1,1,2,2,1,1,1,1,1,1,2,1,2,8,6,1,1,30,2,2
5,33,F,2,2004,4,1,1,2,2,1,4,4,1,1,1,2,1,2,14,2,1,1, ?,2,2
5,33,F,4,2004,2,1,1,2,2,1,1,1,1,1,1,4,1,2,9,6,1,1, ?,2,2
5,33,F,6,2004,3,1,1,2,2,1,1,1,1,1,1,1,1,2,9,6,1,1, ?,2,2
4,30,F,12,2004,2,1,1,2,2,1,1,1,1,1,1,4,1,2,4,6,1,1,25,2,1
1,27,S,11,2004,2,3,2,2,2,1,1,1,1,1,1,4,1,1,4,8,1,1, ?,2,2
2,27,F,12,2004,3,1,1,2,2,1,1,3,1,2,3,2,1,2,6,6,1,1,30,1,2
4,34,S,10,2004,2,1,1,2,2,1,1,1,1,1,1,1,1,2,8,11,1,1, ?,2,2
6,34,F,10,2004,4,1,1,2,2,1,4,1,1,1,1,1,1,2,9,6,1,1, ?,2,2
6,34,F,12,2004,2,1,1,2,2,1,1,1,1,1,1,1,1,2,9,6,1,1, ?,1,2
6,34,G,12,2004,2,1,1,2,2,1,1,1,1,1,1,1,1,2,3,6,1,7, ?,2,2
1,33,F,10,2004,4,1,1,2,2,1,2,1,1,1,1,3,1,2,12,6,1,1, ?,2,2
1,33,F,11,2004,2,1,1,2,2,1,1,1,1,1,1,1,1,2,8,6,1,1, ?,2,2
4,6,F,1,2004,3,7,1,2,2,1,1,1,1,1,1,3,1,2,14,6,1,1, ?,2,2
4,6,G,1,2004,?,7,1,2,2,1,1,1,1,1,1,3,1,2,14,6,1,1, ?,2,2
2,13,F,3,2004,3,7,8,1,2,1,4,1,1,3,3,3,1,2,13,11,2,1,32,2,2
7,13,F,1,2004,2,1,1,2,2,1,1,1,1,1,1,2,1,2,9,6,1,1,40,2,2
1,13,F,1,2004,3,1,1,2,2,1,1,1,1,1,1,3,1,2,14,6,1,1,35,2,2
6,13,F,1,2004,2,1,1,2,2,1,1,1,1,1,1,2,1,2,14,6,1,1,35,2,2
5,13,F,2,2004,3,1,1,2,2,1,1,2,1,1,1,3,1,2,8,1,1,1, ?,2,2
5,13,G,2,2004,3,1,1,2,2,1,1,1,1,1,1,2,1,2,14,6,1,7, ?,2,2
3,13,F,2,2004,3,1,1,2,2,1,1,1,1,1,1,3,1,2,8,6,1,1,35,2,2
4,13,F,4,2004,3,1,1,2,2,1,1,1,1,1,1,4,1,2,4,6,1,1, ?,2,2
4,13,F,3,2004,2,1,1,2,2,1,2,1,1,1,1,4,1,2,14,6,1,1, ?,2,2
1,13,F,4,2004,2,1,1,2,2,1,1,1,1,1,1,3,1,2,8,6,1,1, ?,2,2
1,13,G,4,2004,4,1,1,2,2,1,2,1,1,1,1,4,1,2,14,6,1,1,35,2,2
6,13,F,4,2004,2,1,1,2,2,1,1,1,1,1,1,1,1,2,9,6,1,1, ?,2,2
2,6,G,6,2004,3,5,8,1,2,1,1,2,1,1,1,1,1,2,9,1,1,7, ?,1,2
8,13,F,6,2004,2,7,1,2,2,2,1,2,2,1,1,1,1,2,8,11,1,1,38,1,2
10,9,S,3,2004,1,1,1,2,2,4,2,1,2,1,1,1,1,1,14,6,1,1,37,2,2
10,9,M,4,2004,1,1,1,2,2,4,2,1,1,1,1,1,1,1,14,6,1,1,45,2,2
7,9,F,5,2004,2,7,1,2,2,1,1,1,1,1,1,1,1,1,14,6,1,1, ?,2,2
3,13,F,5,2004,4,7,8,2,2,1,2,2,1,1,1,3,1,2,14,4,1,1,35,2,2
8,13,F,5,2004,3,1,1,2,2,1,1,1,1,1,1,1,3,2,8,6,1,1,40,2,2
5,13,F,5,2004,2,1,1,2,1,1,1,1,1,1,1,2,1,2,9,6,1,1, ?,1,2
7,13,M,4,2004,3,1,1,2,2,1,1,1,1,1,1,2,1,2,9,6,1,1, ?,2,2
10,9,F,1,2004,2,7,1,2,1,1,1,1,1,1,1,1,1,1,9,10,1,4, ?,2,2
10,9,F,3,2004,2,4,1,2,2,1,1,2,1,1,1,1,1,1,9,2,1,1, ?,2,2
6,9,F,2,2004,3,7,8,1,2,1,1,1,1,1,1,2,1,2,14,6,1,1, ?,2,2
3,9,F,2,2004,3,1,1,2,2,1,1,1,1,1,1,3,1,1,8,6,1,1, ?,2,2
1,9,F,3,2004,2,1,1,2,2,1,1,1,1,1,1,1,1,2,14,6,1,1, ?,1,2
1,13,F,7,2004,3,1,1,2,2,1,1,1,1,1,1,3,1,2,6,6,2,6,19,2,2
5,13,F,7,2004,2,2,1,2,2,1,1,1,1,1,1,2,1,1,9,5,1,1, ?,2,2
7,13,F,7,2004,2,1,1,2,2,1,2,1,1,1,1,5,1,2,6,6,1,3, ?,2,2
7,13,S,7,2004,4,1,1,1,2,1,2,1,1,1,1,4,1,2,9,6,1,1, ?,2,2
3,13,F,7,2004,2,6,8,2,2,1,1,1,1,1,1,3,1,2,9,7,1,1,33,2,2
10,9,F,8,2004,2,1,1,2,2,2,2,1,2,1,1,1,1,2,13,6,1,1, ?,2,2
5,9,F,7,2004,2,1,1,1,2,1,1,1,1,1,1,4,1,2,14,7,1,1,32,2,2
8,13,F,8,2004,1,1,1,2,2,1,2,1,1,1,1,1,1,2,14,6,1,1, ?,2,2
3,9,F,8,2004,2,1,1,2,2,1,1,1,5,1,3,3,1,2,8,6,1,1, ?,2,2
8,13,F,9,2004,3,1,1,2,2,1,1,1,1,1,1,1,1,2,9,6,2,1, ?,1,2
8,13,F,9,2004,2,3,1,2,2,2,1,2,2,1,1,1,1,2,14,2,2,1,28,2,2
3,13,F,10,2004,2,1,1,2,2,1,2,1,1,1,1,3,1,2,6,6,1,1, ?,2,2
9,13,F,11,2004,2,3,1,2,2,1,1,1,1,1,1,3,1,2,19,6,2,7,20,2,2
8,13,F,10,2004,4,7,1,2,2,2,2,1,2,1,1,1,1,2,9,6,1,1, ?,1,2
7,13,F,10,2004,2,1,1,2,2,1,1,1,1,1,1,1,1,2,9+,6,1,3,40,2,2
12,9,F,4,2004,3,1,1,2,2,1,1,1,1,1,1,1,1,2,10,5,1,1,30,2,2
12,9,G,9,2004,4,1,1,2,2,1,4,1,1,1,1,1,1,2,13,4,1,1, ?,2,2
5,9,S,7,2004,3,7,1,2,2,1,1,2,1,1,1,3,2,2,6,4,1,1, ?,2,2
2,9,F,10,2004,1,3,1,2,2,1,1,1,1,1,1,2,1,2,8,11,1,7, ?,1,2
5,13,F,10,2004,4,1,1,2,2,1,1,1,1,1,1,2,1,2,14,6,2,1, ?,2,2
4,6,F,1,2004,3,1,1,2,2,1,1,1,1,1,1,1,1,2,13,6,1,1, ?,2,2
5,6,F,4,2004,3,1,1,2,2,1,1,1,1,1,1,1,1,2,14,6,1,1, ?,2,2
5,6,F,10,2004,4,1,1,1,2,2,1,1,1,1,1,3,1,2,14,6,1,1, ?,2,2
3,6,F,4,2004,2,3,1,2,2,1,1,1,1,1,1,1,1,2,9,6,1,1, ?,2,2