Thana,District,Accident_Severity,Month,Year,Time,Junction_Type,Traffic_Control,Movement,Divider,Weather,Light,Road_Geometry,Surface_Condition,Surface_Type,Surface_Quality,Road_Class,Road_Feature,Location_Type,Vehicle_Type,Vehicle_Movement,Vehicle_Loading,Vehicle_Defect,Vehicle_Driver_Age,Vehicle_Alcohol,Vehicle_Seat_Belt
1,50,F,11,2004,4,1,1,2,2,1,4,1,1,1,1,1,1,2,9,6,1,1, ?,2,2
2,50,F,11,2004,3,1,1,2,2,1,1,1,1,1,1,1,1,2,9,6,1,1, ?,2,2
5,50,F,11,2004,3,1,1,2,2,1,1,1,1,1,1,1,1,2,8,6,1,1, ?,2,2
8,50,F,11,2004,4,1,1,2,2,1,2,1,1,1,1,2,1,2,9,6,1,1, ?,2,2
11,50,F,11,2004,3,1,1,2,2,1,1,1,1,1,1,2,1,2,9,6,1,1, ?,2,2
12,50,F,11,2004,3,1,1,2,2,1,1,1,1,1,1,1,1,2,9,6,1,1, ?,2,2
5,41,F,3,2004,4,1,1,2,2,1,4,1,1,1,1,1,1,2,9,6,1,1, ?,2,2
4,41,F,4,2004,2,3,1,2,2,1,1,2,1,1,1,3,1,2,8,1,1,1,29,2,2
1,41,F,5,2004,1,1,1,2,2,1,3,1,1,1,1,1,1,2, ?,6,1,1, ?,2,2
1,41,F,4,2004,2,1,1,2,2,1,1,1,1,1,1,1,1,2,13,6,1,1, ?,2,2
3,41,F,5,2004,2,1,1,2,2,1,1,1,1,1,1,4,1,2,9,11,1,1, ?,2,2
2,41,F,6,2004,2,1,1,2,2,1,2,1,1,1,1,4,1,2,4,6,1,1, ?,2,2
1,41,M,7,2004,3,3,1,2,2,1,1,1,1,1,1,1,1,2,8,6,1,1, ?,2,2
5,41,F,7,2004,2,1,1,2,2,1,1,1,1,1,1,1,1,2,9,6,1,1, ?,2,2
3,41,F,7,2004,2,1,1,2,2,1,1,1,1,1,1,1,1,2,9,6,1,1, ?,2,2
3,41,F,7,2004,2,1,1,2,2,1,1,1,1,1,1,3,1,2,9,6,1,1, ?,2,2
3,41,G,8,2004,3,1,1,2,2,1,1,1,1,1,1,1,1,2,7,6,1,1, ?,2,2
5,41,F,8,2004,1,1,1,2,2,1,4,1,1,1,1,1,1,2,14,6,1,1, ?,2,2
5,41,F,9,2004,4,1,1,2,2,1,4,1,1,1,1,1,1,2,14,5,1,1, ?,2,2
5,41,F,9,2004,2,1,1,2,2,1,1,1,1,1,1,1,1,2,9,6,1,1, ?,2,2
5,41,F,9,2004,2,1,1,2,2,1,1,1,1,1,1,1,1,1, ?,6,1,1,35,2,2
5,41,F,9,2004,2,3,1,2,2,1,1,1,1,1,1,1,1,1, ?,6,1,1, ?,2,2
3,41,F,9,2004,3,1,1,2,2,1,1,1,1,1,1,2,1,2,9,6,1,1, ?,2,2
5,41,F,10,2004,2,3,1,2,2,1,2,4,5,2,2,2,1,2,13,2,1,1, ?,2,2
5,41,F,10,2004,2,1,1,2,2,1,2,1,1,1,1,1,1,1,14,6,1,1, ?,2,2
5,41,F,10,2004,3,1,1,2,2,1,1,1,1,1,1,1,1,2,9,6,1,1, ?,2,2
5,41,F,10,2004,4,1,1,2,1,1,2,1,1,1,1,1,2,?,9,6,1,1, ?,2,2
6,44,F,2,2004,2,1,1,2,2,1,1,1,1,1,1,1,1,2,9,6,1,1, ?,2,2
3,44,F,2,2004,1,1,1,2,2,1,1,1,1,1,1,1,1,2,9,6,1,1, ?,2,2
3,44,F,2,2004,1,1,1,2,2,1,1,1,1,1,1,1,1,2,14,6,1,1, ?,2,2
6,44,G,2,2004,2,1,1,2,2,1,1,1,1,1,1,1,1,2,14,6,1,1, ?,2,2
7,44,F,2,2004,3,1,1,2,2,1,1,1,1,1,1,1,1,2,9,6,1,1, ?,2,2
6,44,F,2,2004,3,1,1,2,2,1,1,1,1,1,1,1,1,2,9,6,1,1, ?,2,2
4,44,F,2,2004,3,1,1,2,2,1,1,1,1,1,1,3,1,2,14,6,1,1, ?,2,2
5,44,F,2,2004,2,1,1,2,2,1,2,1,1,1,1,1,1,2,14,6,1,1, ?,2,2
3,44,G,2,2004,2,1,1,2,2,1,1,1,1,1,1,3,1,2,10,6,1,1, ?,2,2
1,43,F,3,2004,2,1,1,2,2,1,1,1,1,1,1,3,1,2,13,6,1,1, ?,2,2
1,46,F,1,2004,2,1,1,2,2,1,1,1,1,1,1,2,1,1,14,6,1,1,40,2,2
2,46,F,2,2004,2,1,1,2,2,1,1,1,1,1,1,1,1,2,9,6,1,1,32,2,2
1,46,F,3,2004,2,1,1,2,2,1,1,1,1,1,1,1,1,2, ?,6,1,1, ?,2,2
1,46,F,3,2004,2,1,1,2,2,1,1,1,1,1,1,1,1,1,19,6,1,1, ?,2,2
1,46,F,3,2004,4,1,1,2,2,1,4,1,1,1,1,1,1,1, ?,6,1,1, ?,2,2
5,46,F,3,2004,3,1,1,2,2,1,1,1,1,1,1,1,1,2,9,6,1,1, ?,2,2
6,46,F,3,2004,3,1,1,2,2,1,1,1,1,1,1,1,1,2,14,6,1,1,30,2,2
1,46,F,4,2004,3,1,1,2,2,1,1,1,1,1,1,1,1,2,19,6,1,1, ?,2,2
1,46,F,4,2004,3,1,1,2,2,1,1,1,1,1,1,1,1,2,7,6,1,1, ?,2,2
2,46,F,4,2004,4,1,1,2,2,1,2,1,1,1,1,1,1,?,9,6,1,1, ?,2,2
1,46,F,3,2004,2,1,1,2,2,1,4,1,1,1,1,1,1,2,9,6,1,1, ?,2,2
1,46,G,3,2004,3,1,1,2,2,1,1,1,1,1,1,1,1,2,9,6,1,1, ?,2,2
1,46,F,4,2004,4,1,1,2,2,1,3,1,1,1,1,1,1,2,9,6,1,1, ?,2,2
1,46,F,4,2004,2,1,1,2,2,1,1,1,1,1,1,1,1,2,9,6,1,1, ?,2,2
1,46,F,4,2004,3,1,1,2,2,1,1,1,1,1,1,1,1,2,6,6,1,1,35,2,2
5,46,F,4,2004,3,1,1,2,2,1,1,1,1,1,1,1,1,2,9,6,1,1, ?,2,2
5,46,F,4,2004,1,1,1,2,2,1,2,1,1,1,1,4,1,2,9,6,?,?, ?,2,2
5,46,F,5,2004,4,1,1,1,1,1,2,1,1,1,1,1,1,2,7,6,1,1, ?,2,2
1,46,F,5,2004,3,1,1,2,2,1,1,1,1,1,1,3,1,2,12,6,1,1,35,2,2
16,46,F,12,2004,1,1,1,2,2,1,1,1,1,1,1,4,1,2,9,6,1,1, ?,2,2
6,46,F,12,2004,?,1,1,2,2,1,2,1,1,1,1,1,1,2,9,6,1,1, ?,2,2
4,46,F,12,2004,3,1,1,2,2,1,1,1,1,1,1,4,1,2,14,6,1,1, ?,2,2
2,43,F,3,2004,3,1,1,2,2,1,1,1,1,1,1,1,1,2,9,6,1,1, ?,2,2
4,43,F,3,2004,3,1,1,2,2,1,1,1,1,1,1,1,1,2,7,6,1,1, ?,2,2
5,43,F,3,2004,4,1,1,2,2,1,4,1,1,1,1,1,1,2,9,6,1,1, ?,2,2
5,43,F,3,2004,3,2,3,2,2,1,1,1,1,1,1,1,1,2,9,6,1,1, ?,2,2
6,43,F,3,2004,2,1,1,2,2,1,1,1,1,3,1,4,1,2,19,6,1,1, ?,2,2
1,43,F,4,2004,3,1,1,2,2,1,1,1,1,2,2,2,1,2,14,6,1,1, ?,2,2
1,43,G,4,2004,4,1,1,2,2,1,4,1,1,1,1,4,1,2,4,6,1,1, ?,2,2
2,43,G,10,2004,3,7,1,2,2,1,1,1,1,1,1,1,1,2,7,6,1,1, ?,2,2
3,43,F,11,2004,2,1,1,2,2,1,1,1,1,1,1,1,2,2,14,9,1,1, ?,2,2
4,43,F,10,2004,3,1,1,2,2,1,1,1,1,1,1,1,1,2,9,6,1,1, ?,2,2
2,43,G,12,2004,2,1,1,2,2,1,1,1,1,1,1,1,1,2,10,6,1,1, ?,2,2
2,43,G,12,2004,2,1,1,2,2,1,1,1,1,1,1,1,1,2,9,6,1,1, ?,2,2
5,43,F,12,2004,3,1,1,2,2,1,1,1,1,1,1,1,1,2,9,6,1,1, ?,2,2
6,52,F,2,2004,4,1,1,2,2,1,2,1,1,1,1,3,1,2,4,6,1,1,1,2,2
6,52,F,2,2004,2,1,1,2,2,1,1,1,1,1,1,3,1,2,6,6,1,1, ?,2,2
10,52,F,2,2004,2,1,1,2,2,1,1,1,1,1,1,2,1,2,9,6,1,1, ?,2,2
1,52,F,4,2004,2,1,1,2,2,1,1,1,1,1,1,2,1,2,6,6,1,1, ?,2,2
5,52,F,4,2004,2,1,1,2,2,2,2,2,2,1,2,3,1,2,17,11,1,3, ?,2,2
5,52,F,5,2004,1,1,1,2,2,1,1,2,1,1,1,2,1,2,19,6,1,7, ?,2,2
3,52,F,5,2004,2,1,1,2,2,2,1,1,2,1,1,2,1,2,8,11,1,1, ?,2,2
5,52,F,6,2004,3,1,1,2,2,1,1,1,1,1,1,2,1,2,8,11,1,1, ?,2,2
1,52,F,7,2004,1,1,1,2,2,1,1,1,1,1,1,3,1,2,8,6,1,1, ?,2,2
9,52,G,8,2004,1,1,1,2,2,1,1,1,1,1,1,3,1,2,9,6,1,1, ?,2,2
5,52,F,10,2004,1,1,1,2,2,1,1,1,1,1,1,4,1,2,19,6,1,1, ?,2,2
6,52,F,11,2004,2,1,1,2,2,1,1,1,1,1,1,2,1,2,19,6,1,1, ?,2,2
6,52,F,11,2004,?,1,1,2,2,1,1,1,1,1,1,2,1,2,4,6,1,1, ?,2,2
2,35,F,6,2004,3,1,1,2,2,2,1,1,3,1,3,2,1,2,14,6,1,1, ?,2,2
3,46,F,1,2004,3,3,1,2,2,1,1,1,1,1,1,3,1,2,14,6,1,1, ?,2,2
2,43,F,11,2004,1,1,1,2,2,1,4,1,1,1,1,1,2,2,13,6,1,1, ?,2,2
2,43,F,11,2004,3,1,1,2,2,1,1,1,1,1,1,1,1,2,11,6,1,1, ?,2,2
2,43,F,11,2004,2,1,1,2,2,1,1,1,1,1,1,1,1,2,9,6,1,1, ?,2,2
2,43,F,11,2004,3,1,1,2,2,1,1,3,1,1,1,1,1,2,9,6,1,1,35,2,2
2,43,F,11,2004,3,3,1,2,2,1,1,3,1,1,1,1,1,2,8,6,1,1,30,2,2
1,43,F,11,2004,1,1,1,2,2,1,1,1,1,1,1,3,1,2,8,6,1,1,24,2,2
3,43,F,11,2004,2,1,1,2,2,1,1,1,1,1,1,2,2,2,18,6,1,1, ?,2,2
1,39,F,5,2004,4,3,1,2,2,1,4,1,1,1,1,2,1,2,14,6,1,1, ?,2,2
3,39,F,6,2004,?,1,1,2,2,1,4,1,1,1,1,1,1,2, ?,6,1,1, ?,1,2
1,39,F,6,2004,4,1,1,2,2,1,4,1,1,1,1,1,1,2, ?,6,1,1, ?,2,2
3,39,F,7,2004,3,1,1,2,2,1,1,1,1,1,1,1,1,2,7,6,1,1, ?,2,2
3,39,F,7,2004,3,1,1,2,2,1,1,1,1,1,1,1,1,2,9,6,1,1, ?,2,2
1,39,F,8,2004,3,1,1,2,2,1,1,1,1,1,1,2,1,2,14,6,1,1, ?,2,2
1,39,F,10,2004,2,1,1,2,2,1,1,1,1,1,1,1,1,2,9,5,1,1, ?,2,2
1,39,F,10,2004,2,1,1,2,2,1,1,1,1,1,1,3,1,2,14,6,1,1, ?,2,2
1,39,F,10,2004,2,1,1,2,2,1,1,1,1,1,1,1,1,2,14,6,1,1,28,2,2
1,39,F,11,2004,2,1,1,2,2,1,1,1,1,1,1,3,1,2,6,6,1,1, ?,2,2
1,39,F,11,2004,2,1,1,2,2,1,1,1,1,1,1,3,1,2,4,6,1,1, ?,2,2
1,35,F,7,2004,3,4,1,2,2,2,1,2,2,1,1,2,3,2,14,2,1,1, ?,2,2
4,35,F,7,2004,2,1,1,2,2,1,1,1,1,1,1,1,1,2,9,6,1,1, ?,2,2
2,35,F,7,2004,3,1,1,2,2,1,1,1,1,1,1,1,1,2,8,6,1,1,25,2,2
5,35,F,7,2004,3,1,1,2,2,1,1,1,1,1,1,2,1,2,14,6,1,1, ?,2,2
2,35,F,8,2004,2,1,1,2,2,1,1,1,1,1,1,1,1,2,14,6,1,1, ?,2,2
2,35,F,10,2004,3,1,1,2,2,1,1,1,1,1,1,1,1,2,14,6,1,1, ?,2,2
2,35,F,11,2004,2,1,1,2,2,4,2,2,1,1,1,4,1,2,4,6,1,1, ?,2,2
2,35,G,11,2004,3,1,1,2,2,1,2,1,1,1,1,1,?,?,10,6,1,1, ?,2,2
4,44,F,5,2004,2,1,1,2,2,1,1,1,1,1,1,2,1,2,8,2,1,1,35,2,2
4,44,F,5,2004,3,1,1,2,2,1,1,1,1,1,1,1,1,1,8,6,1,1,32,2,2
3,44,F,5,2004,1,1,1,2,2,1,1,1,1,1,1,1,1,2,9,6,1,1, ?,2,2
3,44,F,5,2004,2,1,1,2,2,1,1,1,1,1,1,1,1,2,14,6,1,1,30,2,2
6,44,G,5,2004,2,1,1,2,2,1,2,1,1,1,1,3,1,2,14,6,1,1, ?,?,?
6,44,G,5,2004,1,3,1,1,1,1,4,1,1,1,1,1,1,2,14,6,1,1, ?,2,2
6,44,F,5,2004,1,1,1,2,2,1,1,1,1,1,1,1,1,2,14,6,1,1, ?,2,2
6,44,F,5,2004,1,1,1,2,2,1,1,1,1,1,1,1,1,2,6,6,1,1, ?,2,2
6,44,F,5,2004,1,1,1,2,2,1,1,1,1,1,1,1,1,2,19,6,1,1, ?,2,2
7,44,F,5,2004,2,1,1,2,2,1,1,1,1,1,1,1,1,2,9,1,1,1, ?,2,2
7,44,F,5,2004,1,1,1,2,2,1,3,1,1,1,1,1,1,2,7,6,1,1, ?,2,2
5,44,F,5,2004,4,1,1,2,2,1,4,1,1,1,1,1,1,2,9,6,1,1, ?,2,2
1,38,G,5,2004,3,1,1,2,2,1,1,1,1,1,1,1,1,2,10,9,1,1, ?,2,2
1,38,G,5,2004,2,1,1,2,2,1,1,1,1,1,1,1,1,2,7,6,1,1, ?,2,2
6,38,F,5,2004,2,1,1,2,2,1,1,1,1,1,1,1,1,2,9,6,1,1, ?,2,2
6,38,S,5,2004,1,1,1,2,2,1,1,1,1,1,1,1,1,2,9,6,1,1, ?,2,2
3,34,F,5,2004,2,7,1,2,2,1,1,1,1,1,1,1,1,2,10,6,1,1, ?,2,2
3,38,F,5,2004,2,1,1,2,2,1,1,1,1,1,1,1,1,2,10,6,1,1, ?,2,2
3,38,F,6,2004,1,1,1,2,2,1,2,1,1,1,1,1,1,2,13,6,1,1, ?,2,2
1,38,F,6,2004,1,1,1,2,2,1,2,1,1,1,1,1,1,2, ?,6,1,1, ?,2,2
1,38,F,6,2004,2,1,1,2,2,1,1,1,1,?,?,1,1,2,9,6,1,1, ?,2,2
6,38,F,6,2004,3,1,1,2,2,1,1,1,1,1,1,1,1,2,9,6,1,1, ?,2,2
3,38,F,7,2004,4,1,1,2,2,1,2,1,1,1,1,1,1,2,9,6,1,1, ?,2,2
6,38,F,7,2004,3,1,1,2,2,1,1,1,1,1,1,1,1,2,14,6,1,1,45,2,2
3,38,F,7,2004,2,1,1,2,2,1,1,1,1,1,1,1,1,2,9,6,1,1, ?,2,2
9,38,F,8,2004,3,1,1,2,2,1,1,1,1,1,1,3,1,2,14,6,1,1, ?,2,2
7,38,F,8,2004,3,1,1,2,2,1,1,1,1,1,1,1,1,2,9,6,1,1,40,2,2
6,38,F,8,2004,2,1,1,2,2,1,1,1,1,1,1,1,1,2,13,6,1,1, ?,2,2
3,38,F,8,2004,2,1,1,2,2,1,1,1,1,1,1,1,1,2,11,6,1,1,30,2,2
7,38,F,8,2004,3,1,1,2,2,1,1,1,1,1,1,1,1,2,11,6,1,1, ?,2,2
3,38,F,9,2004,3,1,1,2,2,1,1,1,1,1,1,1,1,2,9,6,1,1, ?,2,2
7,38,F,9,2004,4,1,1,2,2,1,1,1,1,1,1,1,1,2,10,6,1,1, ?,2,2
3,38,F,8,2004,3,1,1,2,2,1,1,1,1,1,1,1,1,2,14,6,1,1, ?,2,2
3,38,F,9,2004,4,1,1,2,2,1,1,1,1,1,1,1,1,2,14,6,1,1, ?,2,2
1,38,G,8,2004,2,1,1,2,2,1,2,1,1,1,1,1,1,2,4,6,1,1, ?,2,2
1,38,F,10,2004,4,1,1,2,2,1,4,1,1,1,1,1,1,2,9,6,1,1, ?,2,2
6,38,F,6,2004,1,1,1,2,2,1,1,1,1,1,1,1,1,2,14,6,1,1, ?,2,2
6,38,F,10,2004,2,1,1,2,2,1,1,1,1,1,1,1,1,2,14,6,1,1, ?,2,2
3,38,F,10,2004,2,1,1,2,2,1,1,1,1,1,1,1,1,2,14,6,1,1, ?,2,2
1,38,F,10,2004,1,1,5,2,1,1,1,1,1,1,1,1,1,2,9,6,1,1, ?,2,2
6,38,F,11,2004,3,1,1,2,2,1,1,1,1,1,1,1,1,2,9,6,1,1, ?,2,2
1,38,G,11,2004,4,1,1,2,2,1,2,1,1,1,1,1,1,2,9,6,1,1, ?,2,2
1,38,F,11,2004,4,1,1,2,2,1,2,1,1,1,1,1,1,2,9,6,1,1, ?,2,2
6,38,G,11,2004,4,1,1,2,2,1,4,1,1,1,1,1,1,2,14,6,1,1, ?,2,2
3,38,G,11,2004,4,1,1,2,2,1,4,1,1,1,1,1,1,2,12,6,1,1, ?,2,2
1,38,F,11,2004,3,1,1,2,2,1,1,1,1,1,1,1,1,2,9,6,1,1, ?,2,2
1,38,F,11,2004,4,1,1,2,2,1,2,1,1,1,1,1,1,2,9,6,1,1, ?,2,2
3,38,F,12,2004,4,1,1,2,2,4,4,1,1,1,1,1,1,2,6,6,1,1, ?,2,2
3,38,G,12,2004,2,1,1,2,2,1,1,1,1,1,1,1,1,2,7,6,1,1,25,2,2
4,38,F,12,2004,1,1,1,2,2,1,1,1,1,1,1,1,1,2,12,6,1,1, ?,2,2
3,38,F,11,2004,2,1,1,2,2,1,1,1,1,1,1,1,1,2,19,6,1,1, ?,2,2
6,38,F,12,2004,2,1,1,2,2,1,1,1,1,1,1,1,1,2,14,6,1,1, ?,2,2
6,38,F,12,2004,2,1,1,2,2,1,1,1,1,1,1,1,1,2,14,6,1,1, ?,2,2
7,38,F,12,2004,4,1,1,2,2,1,2,1,1,1,1,1,1,2,9,6,1,1, ?,2,2
7,38,F,12,2004,3,1,1,2,2,1,1,1,1,1,1,1,1,2,9,6,1,1, ?,2,2
1,38,F,12,2004,3,1,1,2,2,1,1,1,1,1,1,1,1,2,13,6,1,1, ?,2,2
1,38,F,12,2004,3,1,1,2,2,1,1,1,1,1,1,1,1,2,14,6,1,1, ?,2,2
1,50,F,11,2004,2,1,1,2,2,1,1,1,1,1,1,1,1,2,9,6,1,1, ?,2,2
1,50,F,12,2004,4,1,1,2,2,1,1,1,1,1,1,1,1,2,9,6,1,1, ?,2,2
1,50,F,12,2004,3,1,1,2,2,1,1,1,1,1,1,1,1,2,9,6,1,1, ?,2,2
10,50,G,12,2004,3,1,1,2,2,1,1,1,1,1,1,1,1,2,9,6,1,1, ?,2,2
5,50,F,12,2004,3,1,1,2,2,1,1,1,1,1,1,2,1,2,14,6,1,1, ?,2,2
5,50,G,12,2004,2,1,1,2,2,1,1,1,1,1,1,3,1,2,6,6,1,1, ?,2,2
1,52,F,4,2004,1,1,1,2,2,1,2,1,1,1,2,2,1,2,13,6,1,1, ?,2,2
1,49,G,4,2004,2,1,1,2,2,1,1,1,1,1,1,2,1,2,6,6,1,1,28,2,2
1,49,F,5,2004,2,1,1,2,2,1,2,1,1,1,1,2,1,2,14,6,1,1, ?,2,2
1,49,F,5,2004,2,1,1,2,2,1,1,1,1,1,1,3,1,2,9,6,1,1, ?,2,2
1,49,F,6,2004,1,1,1,2,2,1,1,1,1,1,1,2,1,2,19,6,1,1, ?,2,2
1,49,F,6,2004,2,1,1,2,2,2,2,1,2,1,1,3,1,2,14,6,1,1,35,2,2
1,49,F,9,2004,3,1,1,2,2,1,1,1,1,1,1,3,1,2,19,6,1,1, ?,2,2
1,49,F,7,2004,2,1,1,2,2,1,1,1,1,1,1,2,1,2,9,6,1,1, ?,2,2
1,49,F,9,2004,3,1,1,2,2,1,1,1,1,1,1,2,1,2,9,6,1,1,42,2,2
1,49,G,11,2004,3,1,1,2,2,1,1,1,1,1,1,2,1,2,9,6,1,1,35,2,2
2,49,F,6,2004,3,1,1,2,2,1,1,1,1,1,1,3,1,2,19,6,1,1, ?,2,2
2,49,F,11,2004,2,1,1,2,2,1,1,1,1,1,1,3,1,2,19,6,1,1, ?,2,2
3,49,F,7,2004,3,1,1,2,2,1,1,1,1,1,1,3,1,2,9,6,1,1, ?,2,2
3,49,F,8,2004,2,1,1,2,2,1,1,1,1,1,1,3,1,2,9,6,1,1, ?,2,2
3,49,F,4,2004,3,1,1,2,2,1,1,1,1,1,1,3,1,2,9,6,1,1, ?,2,2
3,49,F,9,2004,2,1,1,2,2,1,1,1,1,1,1,3,1,2,9,6,1,1,30,2,2
3,49,F,10,2004,2,1,1,2,2,1,1,1,1,1,1,3,1,2,9,6,1,1, ?,2,2
4,49,S,6,2004,4,1,1,2,2,1,4,1,1,1,1,3,1,2,9,6,1,1, ?,2,2
5,49,G,10,2004,3,1,1,2,2,1,1,1,1,1,1,3,1,2,13,6,1,1,45,2,2
5,49,G,12,2004,3,1,1,2,2,1,1,1,1,1,1,3,1,2,7,6,1,1,18,2,2
4,51,G,7,2004,3,1,1,2,2,1,1,1,1,1,1,2,1,2,14,6,1,1, ?,2,2
4,51,F,7,2004,1,1,1,2,2,1,1,1,1,1,1,1,1,2,9,6,1,1, ?,2,2
9,51,F,7,2004,3,1,1,2,2,1,1,1,1,1,1,2,1,2,16,6,1,1, ?,2,2
12,51,F,7,2004,2,1,1,2,2,1,1,1,1,1,1,2,1,2,9,6,1,1,36,2,2
1,51,F,7,2004,2,1,1,2,2,1,1,1,1,1,1,2,1,2,9,6,1,1, ?,2,2
9,51,F,7,2004,4,1,1,2,2,1,4,1,1,1,1,2,1,2,14,6,1,1, ?,2,2
8,51,G,7,2004,2,1,1,2,2,1,1,1,1,1,1,3,1,2,14,6,1,1, ?,2,2
7,51,G,6,2004,4,1,1,2,2,1,4,1,1,1,1,3,1,2,4,6,1,1, ?,2,2
1,51,F,8,2004,3,1,1,2,2,1,1,1,1,1,1,2,1,2,16,6,1,1, ?,2,2
1,51,F,8,2004,2,1,1,2,2,1,2,1,1,1,1,2,1,2,4,6,1,1, ?,2,2
8,51,F,9,2004,2,1,1,2,2,1,1,1,1,1,1,3,1,2,4,6,1,1, ?,2,2
9,51,F,9,2004,1,1,1,2,2,1,2,1,1,1,1,2,1,2,14,6,1,1, ?,2,2
12,51,F,9,2004,?,1,1,2,2,1,1,1,1,1,1,3,1,2,9,6,1,1, ?,2,2
8,51,G,10,2004,3,1,1,2,2,1,1,1,1,1,1,2,1,2,9,6,1,1, ?,2,2
9,51,G,10,2004,3,1,1,2,2,1,1,1,1,1,1,2,1,2,8,6,1,1, ?,2,2
1,51,F,10,2004,3,1,1,2,2,1,1,1,1,1,1,2,1,2,4,6,1,1, ?,2,2
12,51,F,11,2004,3,1,1,2,2,1,1,1,1,1,1,2,1,2,9,6,1,1, ?,2,2
8,51,F,11,2004,2,1,1,2,2,1,1,1,1,1,1,2,1,2,8,6,1,1, ?,2,2
4,51,F,11,2004,2,1,1,2,2,1,1,1,1,1,1,1,1,2,9,6,1,1, ?,2,2
13,51,G,11,2004,3,1,1,2,2,1,1,1,1,1,1,3,1,2,9,6,1,1, ?,2,2
8,51,G,11,2004,2,1,1,2,2,1,1,1,1,1,1,2,1,1, ?,6,1,1, ?,2,2
8,51,G,11,2004,2,1,1,2,2,1,2,1,1,1,1,2,1,2,9,6,1,1, ?,2,2
8,51,F,12,2004,3,1,1,2,2,1,1,1,1,1,1,3,1,2,9,6,1,1, ?,2,2
3,51,F,12,2004,3,1,1,2,2,1,1,1,1,1,1,2,1,2,14,6,1,1, ?,2,2
8,51,F,12,2004,1,1,1,2,2,1,4,1,1,1,1,2,1,2, ?,6,1,1, ?,2,2
8,51,F,12,2004,3,1,1,2,2,1,1,1,1,1,1,2,1,2,9,6,1,1, ?,2,2
1,51,G,12,2004,3,1,1,2,2,1,1,1,1,1,1,3,1,2,17,6,1,1, ?,2,2
2,51,F,12,2004,2,1,1,2,2,1,2,1,1,1,1,3,1,2,7,6,1,1, ?,2,2
4,44,F,7,2004,?,1,1,2,2,1,1,1,1,1,1,5,1,1, ?,6,1,1, ?,2,2
4,44,F,8,2004,4,1,1,2,2,1,4,1,1,1,1,3,1,2,9,6,1,1, ?,2,2
4,44,F,8,2004,3,1,1,2,2,1,4,1,1,1,1,3,1,2,19,6,1,1, ?,2,2
4,44,F,9,2004,4,3,1,2,2,1,2,1,1,1,1,1,1,2,14,6,1,1, ?,2,2
4,44,G,9,2004,4,1,1,2,2,1,4,1,1,1,1,3,1,2,19,6,1,1, ?,2,2
4,44,F,10,2004,4,1,1,2,2,1,4,1,1,1,3,1,1,2,13,6,1,1, ?,2,2
4,44,F,10,2004,1,1,1,2,2,1,3,1,1,1,1,3,1,2,14,6,1,1, ?,2,2
4,44,S,11,2004,4,7,8,2,2,1,1,1,1,1,1,3,1,2,10,6,1,1, ?,2,2
3,44,F,7,2004,1,1,1,2,2,1,1,1,1,1,1,1,1,2,14,1,1,1, ?,2,2
3,44,F,8,2004,1,1,1,2,2,1,1,1,1,1,1,1,1,2,14,6,1,1, ?,2,2
3,44,F,9,2004,4,1,1,2,2,1,4,1,1,1,1,1,1,2,9,6,1,1, ?,2,2
3,44,F,9,2004,3,3,1,2,2,1,4,1,1,1,1,1,1,2,9,6,1,1, ?,2,2
3,44,F,9,2004,2,1,1,2,2,1,1,1,1,1,1,1,1,2,14,6,1,1, ?,2,2
3,44,G,9,2004,3,1,1,2,2,1,1,1,1,1,1,1,1,2,19,6,1,1, ?,2,2
3,44,F,9,2004,2,1,1,2,2,1,1,1,1,1,1,1,1,2,8,6,1,1, ?,2,2
3,44,F,9,2004,3,1,1,2,2,1,1,1,1,1,1,1,1,2, ?,6,1,1, ?,2,2
3,44,F,10,2004,4,1,1,2,2,1,1,1,1,1,1,1,1,2,9,6,1,1, ?,2,2
3,44,F,9,2004,4,7,1,2,2,1,3,1,1,1,1,1,1,1,14,6,1,1, ?,2,2
3,44,F,11,2004,3,1,1,2,2,1,4,1,1,1,1,1,1,2,8,6,1,1, ?,2,2
3,44,F,11,2004,3,1,1,2,2,1,1,1,1,1,1,1,1,2,6,6,1,1, ?,2,2
3,44,F,9,2004,2,1,1,2,2,1,2,1,1,1,1,1,1,2, ?,6,1,1, ?,2,2
3,44,F,12,2004,3,1,4,2,2,1,1,1,1,1,1,1,1,2,10,6,1,1, ?,2,2
7,44,F,7,2004,1,1,1,2,2,1,4,1,1,1,1,1,1,2, ?,6,1,1, ?,2,2
7,44,G,7,2004,4,1,1,2,2,1,2,3,1,1,1,1,1,2,9,6,1,1, ?,2,2
7,44,G,7,2004,4,1,1,2,2,1,4,1,1,1,1,1,1,2,6,1,1,1, ?,2,2
7,44,F,7,2004,2,1,1,2,2,1,1,1,1,1,1,1,1,2,9,6,1,1, ?,2,2
7,44,F,8,2004,4,1,1,2,2,1,3,1,1,1,1,1,1,2,7,6,1,1, ?,2,2
7,44,F,8,2004,1,1,1,2,2,1,3,1,1,1,1,1,1,2, ?,6,1,1, ?,2,2
7,44,F,8,2004,2,1,1,2,2,1,1,1,1,1,1,1,1,2,1,6,1,1, ?,2,2
7,44,F,8,2004,1,1,1,2,2,1,1,1,1,1,1,1,1,2,6,1,1,1, ?,2,2
7,44,F,10,2004,4,1,1,2,2,1,4,1,1,1,1,1,1,2, ?,6,1,1, ?,2,2
7,44,F,10,2004,3,1,1,2,2,1,1,1,1,1,1,1,1,2, ?,6,1,1, ?,2,2
7,44,F,10,2004,2,1,1,2,2,1,1,1,1,1,1,1,1,2,14,6,1,1, ?,2,2