Thana,District,Accident_Severity,Month,Year,Time,Junction_Type,Traffic_Control,Movement,Divider,Weather,Light,Road_Geometry,Surface_Condition,Surface_Type,Surface_Quality,Road_Class,Road_Feature,Location_Type,Vehicle_Type,Vehicle_Movement,Vehicle_Loading,Vehicle_Defect,Vehicle_Driver_Age,Vehicle_Alcohol,Vehicle_Seat_Belt
1,21,F,4,2004,2,1,1,2,2,1,1,1,1,1,1,1,1,2,9,6,1,6, ?,2,2
6,21,F,4,2004,3,1,1,1,1,1,1,1,1,1,1,2,?,?,14,6,1,6, ?,1,1
2,21,F,4,2004,2,1,3,2,2,1,1,1,1,1,1,4,1,2,4,6,1,7, ?,2,2
2,21,F,4,2004,4,1,1,2,2,1,2,1,1,1,1,4,1,2,14,6,1,7, ?,1,2
3,21,F,4,2004,1,1,1,2,2,1,4,1,1,1,1,1,1,2,11,6,1,1,26,1,2
4,21,F,3,2004,4,1,1,2,2,1,4,1,1,1,1,3,1,2,9,6,1,7, ?,1,2
1,21,F,9,2004,3,1,1,2,2,2,1,1,2,1,1,1,1,2,14,1,1,1, ?,1,2
1,21,F,9,2004,4,1,4,2,2,1,1,1,1,1,1,1,1,1,9,6,1,1, ?,2,2
6,21,F,9,2004,2,1,1,2,2,1,1,1,1,1,1,1,1,2,14,6,1,7, ?,2,2
3,21,F,9,2004,2,3,1,2,2,2,1,1,2,1,2,3,1,2,4,6,1,7, ?,2,2
1,21,F,3,2004,2,2,1,2,2,1,1,1,1,1,1,1,1,2,9,6,1,1, ?,2,2
1,21,F,3,2004,2,1,1,2,2,1,1,1,1,1,1,1,1,1,13,6,1,1, ?,2,2
1,21,F,1,2004,2,1,1,2,2,1,1,1,1,1,1,1,1,2,9,6,1,7, ?,1,2
1,21,G,1,2004,2,7,1,2,2,1,1,1,1,1,1,1,1,2,14,6,1,1, ?,2,2
1,24,F,8,2004,3,1,1,2,1,1,1,1,1,1,1,1,1,2,9,6,1,1, ?,1,2
1,24,F,8,2004,3,3,1,2,1,1,1,1,1,1,1,1,1,2,9,4,1,6, ?,1,2
6,24,F,8,2004,2,1,1,1,2,1,1,1,1,1,1,3,1,2,14,11,1,7, ?,2,2
1,21,F,2,2004,4,1,1,2,2,1,4,1,1,1,1,2,1,2,14,6,1,1, ?,1,2
1,21,F,2,2004,4,1,1,1,2,1,2,1,1,1,1,1,1,1,7,6,1,1, ?,2,1
4,21,F,2,2004,1,1,1,2,2,1,1,1,1,1,3,1,2,?,14,6,1,7,40,2,2
1,21,F,10,2004,4,1,1,2,2,1,2,1,1,1,1,1,1,2,9,5,1,7,35,2,2
1,21,F,10,2004,1,1,1,2,2,4,4,1,1,1,1,2,1,2,14,6,1,1, ?,2,2
2,21,S,10,2004,2,1,1,1,2,1,1,1,2,1,1,3,1,2,9,6,1,7, ?,2,2
1,21,F,6,2004,4,1,4,2,2,1,3,1,1,1,1,1,1,1,4,6,1,1,45,2,2
6,21,F,6,2004,3,1,1,1,1,1,1,1,1,1,1,1,1,2,9,6,1,1,35,2,2
9,24,F,5,2004,3,7,8,2,2,1,1,1,1,1,1,1,1,2,10,5,1,7, ?,2,2
1,24,F,5,2004,4,3,1,1,1,1,1,1,1,1,1,1,1,1,9,6,1,1, ?,1,2
1,24,F,5,2004,2,1,4,2,2,1,1,1,1,1,1,1,1,1,9,6,1,1, ?,2,2
2,28,F,5,2004,3,1,1,2,1,1,3,1,1,1,1,5,1,1,9,11,1,1,30,2,2
2,28,G,5,2004,2,1,8,2,2,1,1,1,1,1,1,5,1,1,14,11,1,1,40,2,2
2,28,G,6,2004,2,1,8,1,1,1,1,1,1,1,1,5,1,1,9,11,1,1, ?,2,2
2,28,F,6,2004,2,1,8,1,1,1,1,1,1,1,1,5,1,1,7,11,1,1, ?,2,2
4,28,F,1,2004,3,1,1,2,2,1,1,1,1,1,1,1,1,1,9,6,1,1, ?,1,2
4,28,F,4,2004,2,1,8,1,2,1,1,1,1,1,2,4,1,2,13,7,1,1,32,1,1
5,28,F,4,2004,3,7,8,1,2,1,1,1,1,1,1,5,1,1,13,6,1,1,35,2,2
5,28,F,5,2004,3,1,3,2,2,1,1,1,1,1,1,3,1,1,14,11,1,1,45,2,2
5,28,G,5,2004,3,7,8,2,2,1,1,1,1,1,1,5,1,1,14,6,1,1, ?,2,2
7,7,F,1,2004,3,7,1,2,2,1,1,1,1,3,2,3,1,2,17,6,1,7, ?,1,2
10,7,F,1,2004,1,7,1,2,2,1,1,1,1,1,1,3,1,2,13,6,1,1, ?,2,2
1,7,F,1,2004,4,1,1,2,2,1,1,2,1,1,1,1,1,2,9,4,1,1, ?,2,2
1,7,F,2,2004,3,4,1,2,2,1,1,1,1,1,1,4,1,2,13,2,1,1, ?,2,2
11,7,F,2,2004,3,1,1,1,2,1,1,1,1,1,1,3,1,2,4,11,1,1,32,2,2
10,7,F,2,2004,2,1,1,2,2,1,1,1,1,1,1,4,1,2,8,6,1,1,30,2,2
1,7,F,3,2004,2,1,1,2,2,1,1,1,1,1,1,3,1,2,8,11,1,1,35,2,2
6,7,F,3,2004,2,1,1,2,2,1,1,1,1,3,2,4,1,2,19,6,2,1,32,2,2
8,7,F,3,2004,2,7,1,2,2,1,1,1,1,1,1,1,1,2,14,6,1,1, ?,1,2
1,2,F,1,2004,2,7,8,1,2,4,2,2,1,1,1,4,2,2,9,2,1,1, ?,2,2
1,1,F,1,2004,3,1,1,2,2,1,1,1,1,1,1,1,1,2,9,11,1,1, ?,2,2
5,1,F,1,2004,2,7,1,2,2,1,1,2,1,1,1,1,1,2,14,1,1,1, ?,2,2
4,2,G,3,2004,4,1,1,1,2,1,2,1,1,1,1,2,1,1,6,5,1,3, ?,2,2
1,2,F,4,2004,3,1,1,2,2,1,1,1,1,1,1,1,1,1,8,6,1,1, ?,2,2
3,8,F,1,2004,2,1,8,2,2,1,1,1,1,1,1,1,1,2,14,6,1,5, ?,2,2
4,11,F,1,2004,2,1,1,2,2,1,1,1,1,1,1,2,1,2,8,4,1,1,42,1,2
9,11,F,1,2004,3,3,1,2,2,1,1,1,1,1,1,4,1,2,9,6,1,1, ?,2,2
5,11,F,1,2004,3,2,1,2,2,1,1,1,1,1,1,2,1,2,9,6,1,7, ?,2,2
10,11,F,1,2004,3,1,1,2,2,1,1,1,1,1,1,3,1,2,8,6,1,7,45,2,1
12,3,F,2,2004,2,1,1,2,2,1,1,1,1,1,1,2,1,2,9,6,1,1, ?,2,2
4,8,G,1,2004,3,1,1,2,2,1,1,1,1,1,1,3,1,2,9,6,1,1, ?,2,2
4,8,F,2,2004,3,1,1,2,2,1,1,1,1,1,1,1,2,1,9,6,1,1, ?,2,2
1,10,F,2,2004,2,1,1,2,2,1,1,1,1,1,1,2,1,2,8,6,1,1,39,2,2
1,10,F,2,2004,3,7,8,2,2,1,1,1,1,1,1,5,1,1,8,6,1,1,35,2,2
1,4,F,3,2004,4,1,1,2,2,1,2,1,1,1,1,2,1,2,9,6,1,1, ?,2,2
4,4,S,2,2004,3,1,1,2,1,1,1,3,1,1,2,4,1,2,8,6,1,1,42,2,2
3,3,S,2,2004,2,1,3,2,2,1,1,1,1,1,1,2,1,2,4,4,1,7,30,2,2
3,3,G,3,2004,3,1,1,2,2,1,1,2,1,1,1,2,1,2,8,2,1,1,42,2,2
8,3,F,3,2004,3,1,1,2,2,1,1,1,1,1,1,1,1,2,4,6,1,1, ?,1,2
6,3,F,1,2004,3,7,1,1,2,1,1,2,1,1,1,3,1,2,6,6,1,1, ?,2,2
4,3,F,1,2004,3,7,1,2,2,1,1,2,1,1,1,4,1,2,17,6,1,1, ?,2,2
2,3,G,1,2004,4,1,1,2,2,1,4,1,1,1,1,3,1,2,17,6,1,1,40,2,2
6,4,F,1,2004,3,1,1,2,2,1,1,1,1,3,2,4,1,2,11,11,1,1, ?,2,2
1,4,F,1,2004,1,1,1,2,2,1,1,1,1,1,1,4,1,2,12,11,1,1, ?,2,2
3,4,F,1,2004,2,1,8,2,2,4,4,2,1,1,2,4,1,2,4,11,1,1, ?,2,2
4,3,F,6,2004,1,1,1,2,2,1,2,1,1,1,1,1,1,1,15,6,1,1, ?,2,2
4,2,G,6,2004,3,1,1,2,2,1,1,1,1,1,1,3,1,2,9,6,1,1, ?,2,2
9,3,G,5,2004,1,7,1,1,2,1,4,1,1,1,1,3,1,2,14,11,1,1,34,1,2
7,7,F,6,2004,4,7,1,2,2,1,1,1,1,1,1,3,1,2,8,6,1,1,26,1,2
4,2,F,3,2004,3,1,1,2,2,1,1,1,1,1,1,3,1,2,9,11,1,1, ?,2,2
2,3,F,6,2004,3,1,1,2,2,2,1,1,2,1,1,3,1,2,4,11,1,1,25,2,1
2,8,F,6,2004,3,1,3,2,2,1,1,1,1,1,1,4,1,2,14,6,1,1,36,2,2
6,3,F,6,2004,3,3,8,2,2,1,2,2,1,1,1,3,1,2,11,11,1,1, ?,2,2
4,8,F,4,2004,3,1,1,2,2,1,1,1,2,1,1,1,1,1,14,6,1,1, ?,1,2
1,7,F,6,2004,3,7,8,2,2,1,1,1,1,1,1,1,1,2,14,6,1,1, ?,2,1
8,7,F,4,2004,3,2,1,2,2,1,1,1,1,1,1,1,1,2,8,6,1,1, ?,2,1
10,3,F,5,2004,2,1,3,2,2,1,1,1,1,1,1,1,1,2,14,11,1,1,38,2,2
6,3,F,3,2004,3,1,1,2,2,1,1,1,1,1,1,3,1,2,4,11,1,1, ?,2,2
5,12,G,2,2004,4,1,1,2,2,1,2,1,1,1,1,3,1,2,14,6,1,7, ?,1,2
4,8,F,4,2004,1,1,8,2,1,1,2,1,1,1,1,1,1,1,14,4,1,1, ?,2,2
4,8,G,5,2004,3,1,1,2,2,1,1,1,1,1,1,2,2,2,8,4,1,1, ?,2,2
1,2,F,5,2004,3,1,1,2,2,1,1,1,1,1,1,3,1,2,8,6,1,1, ?,2,2
1,2,F,5,2004,2,7,1,2,2,1,1,1,1,1,1,1,1,1,14,6,2,7,39,2,2
5,2,F,5,2004,2,3,1,2,2,1,1,1,1,1,1,3,1,2,17,6,1,1, ?,2,2
4,8,G,7,2004,2,1,1,1,2,1,1,1,1,1,1,1,1,1,14,6,1,1, ?,1,2
4,8,F,7,2004,3,1,1,2,1,1,1,1,1,1,1,1,1,2,9,6,1,1, ?,2,2
12,3,F,7,2004,2,1,1,2,2,1,1,1,1,1,1,2,1,2,14,7,1,1, ?,2,1
6,3,S,7,2004,2,1,8,2,2,1,1,1,1,1,1,2,1,2,14,6,1,1, ?,2,2
12,3,F,7,2004,1,2,1,2,2,1,1,1,1,1,1,2,1,2,14,6,1,1, ?,2,2
4,3,S,7,2004,4,1,1,2,1,1,2,1,1,1,1,1,1,2,14,6,1,1,45,2,2
10,3,G,7,2004,1,1,7,2,1,1,1,1,1,1,1,1,1,2,9,6,1,1,45,2,2
1,7,F,7,2004,1,1,1,2,2,2,1,1,2,1,1,1,1,2,7,6,1,1, ?,2,2
2,7,F,7,2004,2,7,1,2,2,1,1,1,1,1,1,3,1,2,7,6,1,1,35,1,2
1,4,S,4,2004,3,1,1,2,2,1,1,1,1,1,1,3,1,2,14,6,1,1, ?,2,2
5,4,F,4,2004,3,1,1,2,2,1,1,1,1,1,1,3,1,2,14,6,2,1, ?,2,2
4,8,S,8,2004,3,1,1,1,2,1,1,1,1,1,1,1,1,2,14,6,1,1, ?,2,2
4,8,F,8,2004,4,1,1,1,2,1,1,1,1,1,1,1,1,2,14,6,1,1, ?,1,2
10,7,F,9,2004,1,1,1,2,2,1,1,1,1,1,1,3,1,2,8,5,1,7, ?,2,2
7,7,F,9,2004,2,1,7,1,2,1,1,1,1,1,1,3,1,2,8,6,1,6,30,1,2
5,12,G,7,2004,3,1,1,2,2,1,1,1,1,1,1,3,1,2,14,6,1,1, ?,2,2
5,12,F,7,2004,4,1,1,2,2,1,4,2,1,1,1,3,1,2,14,6,1,1,45,2,2
2,2,G,8,2004,2,1,1,2,2,1,1,1,1,1,1,3,1,2,8,6,1,1, ?,2,1
7,7,F,8,2004,3,1,1,1,2,1,1,1,1,1,1,3,1,2,14,5,1,1,30,2,2
1,3,F,8,2004,2,2,1,2,2,2,2,1,2,1,1,2,1,1,9,6,1,1,40,2,2
1,3,F,8,2004,3,1,1,2,2,1,1,1,1,1,1,5,1,2,9,5,1,7, ?,2,2
2,10,F,6,2004,4,1,1,1,2,1,2,1,1,1,2,3,1,2,19,11,1,7, ?,2,2
6,3,F,8,2004,2,7,1,2,2,1,2,2,2,2,2,3,2,2,14,6,2,7, ?,2,2
13,3,F,9,2004,1,1,1,2,2,1,1,1,1,2,1,2,1,2,4,6,2,1, ?,2,2
5,2,F,10,2004,2,1,1,1,2,1,1,1,1,1,1,3,1,2,8,6,1,1, ?,2,2
5,10,F,12,2004,3,4,1,2,2,1,1,1,1,1,1,3,1,2,8,6,1,1, ?,2,2
3,10,F,10,2004,3,7,8,2,2,1,1,1,1,1,1,2,1,1,8,11,1,1, ?,2,2
1,10,G,9,2004,1,1,1,2,2,1,3,1,1,1,1,1,3,1,14,6,1,1,35,2,2
8,3,F,8,2004,?,1,1,2,2,1,1,1,1,1,1,2,1,2,9,6,1,1, ?,1,2
3,3,F,8,2004,3,3,1,1,1,1,1,1,1,1,1,2,1,2,14,6,1,1,51,2,2
4,3,S,9,2004,4,1,1,2,2,1,2,1,1,1,1,1,1,2,9,6,1,1, ?,2,2
4,3,F,9,2004,1,1,1,2,2,1,1,1,1,1,1,1,1,2,9,6,1,1, ?,2,2
7,17,F,2,2004,3,3,1,2,2,1,1,1,1,1,1,1,1,2,12,6,1,1, ?,2,2
7,17,F,6,2004,2,3,1,2,2,1,1,2,1,1,1,1,1,2,9,1,1,1,34,2,2
7,17,F,11,2004,2,1,1,2,2,1,1,1,1,1,1,1,1,2,14,6,1,1,40,2,2
1,17,F,4,2004,3,1,1,2,2,1,1,1,1,1,1,1,1,2,8,6,1,1, ?,2,2
1,17,F,10,2004,3,1,1,1,2,1,1,1,1,1,1,3,1,2,9,6,1,1,32,2,2
6,17,F,3,2004,3,2,3,2,1,1,1,1,1,1,1,3,1,2,9,11,1,7, ?,2,2
7,17,F,7,2004,4,1,3,2,2,1,1,1,1,1,1,3,1,2,13,11,1,1,42,2,2
4,17,F,10,2004,3,1,1,2,2,1,1,1,1,1,1,3,1,2,6,1,1,1,35,2,2
5,17,F,9,2004,2,1,1,2,2,1,1,1,1,1,1,3,1,2,9,6,1,1,30,2,2
8,17,F,3,2004,3,7,1,1,2,1,1,1,1,1,1,3,1,2,9,6,2,1, ?,2,2
2,17,F,3,2004,2,1,3,2,2,1,1,1,1,1,1,3,1,2,9,6,1,1,45,2,2
1,17,F,1,2004,2,2,1,2,2,4,1,1,1,1,1,3,1,2,4,6,1,1, ?,2,2
3,17,F,5,2004,3,1,1,2,2,1,1,2,1,1,1,3,1,2,14,2,1,1,35,2,2
3,17,F,6,2004,?,2,3,2,2,4,2,1,1,1,1,3,1,2,19,1,2,1, ?,1,2
3,17,F,9,2004,3,1,1,2,2,1,1,1,1,1,1,3,1,1,8,4,1,7, ?,2,2
9,17,S,3,2004,2,7,1,2,2,1,1,1,1,1,1,3,1,2,9,6,1,1, ?,2,2
7,17,G,3,2004,1,1,2,1,1,1,2,1,1,1,1,1,1,2,19,6,1,1, ?,2,2
10,17,F,2,2004,2,1,1,2,2,1,1,1,1,1,1,1,1,2,14,6,1,1, ?,2,2
10,17,S,1,2004,3,2,1,2,2,1,1,1,1,1,1,1,1,1,9,4,1,7, ?,2,2
10,17,G,6,2004,2,1,3,2,1,3,1,1,1,1,1,1,1,1,4,6,1,1, ?,2,2
10,17,F,10,2004,4,1,1,2,2,1,2,1,1,1,1,1,1,2,9,6,1,1, ?,2,2
10,17,F,9,2004,1,1,1,2,2,1,2,2,1,1,1,1,1,2,14,6,1,1, ?,2,2
7,17,F,3,2004,4,1,1,2,2,1,2,1,1,1,1,1,1,2,14,6,1,1,35,2,2
7,17,F,2,2004,1,4,1,2,2,1,2,2,1,1,1,3,1,2,14,6,1,7, ?,2,2
1,17,F,3,2004,3,1,1,2,2,1,1,1,1,2,2,4,1,1,7,6,1,1, ?,2,2
6,17,F,3,2004,3,1,1,1,1,1,1,1,1,1,3,3,1,2,8,6,1,7, ?,2,2
9,17,F,6,2004,4,1,1,2,2,1,4,2,1,3,2,4,1,2,4,2,1,1, ?,2,2
6,17,F,10,2004,3,2,1,1,2,1,1,1,1,1,1,1,1,2,9,11,1,1, ?,2,2
8,17,F,3,2004,3,7,1,2,2,1,1,1,1,1,1,3,1,1,9,6,1,1, ?,2,2
8,17,F,2,2004,3,3,1,2,2,1,1,1,1,1,1,3,1,1,9,6,1,1,38,2,2
2,3,F,11,2004,2,1,1,2,2,1,1,1,1,1,1,1,1,2,9,6,1,1, ?,2,2
4,17,F,1,2004,2,1,1,2,2,1,1,1,1,1,1,4,1,1,17,6,1,1, ?,2,2
9,17,F,1,2004,4,1,8,2,2,2,4,1,1,2,2,1,2,?,9,2,1,1, ?,2,2
1,3,S,11,2004,3,7,1,2,2,1,1,5,1,1,1,5,3,1,14,2,1,1,40,2,2
8,17,F,5,2004,2,1,1,2,2,1,1,1,1,1,1,1,1,2,8,6,1,1,38,2,2
8,17,F,4,2004,1,1,1,2,2,1,2,5,1,1,1,1,1,2,14,6,1,1,40,1,2
4,3,F,11,2004,3,1,1,2,2,1,1,1,1,1,1,1,1,2,8,6,1,1,38,2,2
1,17,F,2,2004,4,1,1,2,2,1,1,1,1,1,1,1,1,2,19,6,1,1, ?,2,2
10,17,F,7,2004,3,1,1,2,2,1,1,1,1,1,1,1,1,2,8,6,1,1, ?,2,2
8,17,F,2,2004,2,1,1,2,2,1,1,1,1,1,1,1,1,2,9,6,1,1, ?,1,1
6,7,F,12,2004,4,3,1,1,2,1,1,1,1,1,1,3,1,2,4,1,1,1,35,2,2
4,8,F,9,2004,1,1,1,1,2,1,2,1,1,1,1,2,1,2,14,6,1,1,50,1,2
5,8,F,10,2004,2,1,1,2,2,1,1,1,1,1,1,3,1,2,14,6,1,1, ?,2,2
3,8,G,10,2004,3,3,1,2,2,1,1,1,1,1,1,1,1,2,7,6,1,1, ?,2,2
2,2,F,12,2004,1,1,1,2,2,1,1,1,1,1,1,4,1,2,17,6,1,1,26,2,2
8,3,F,12,2004,2,1,1,2,1,1,1,1,1,1,1,1,1,2,14,6,1,1, ?,1,2
8,3,G,12,2004,4,1,1,2,2,1,2,2,1,1,1,4,1,2,4,6,1,1, ?,2,2
1,3,F,12,2004,4,1,1,2,2,1,4,1,1,1,1,2,1,2,9,6,1,1, ?,2,2
3,10,S,12,2004,1,7,8,1,2,1,1,1,1,1,1,1,1,2,4,11,1,1,30,2,2
1,16,F,1,2004,1,1,1,1,2,1,1,1,1,1,1,5,1,2,4,2,1,1, ?,2,2
1,16,S,2,2004,1,1,1,2,2,1,1,1,1,1,1,5,1,1,8,2,1,1, ?,2,2
1,16,S,2,2004,1,3,4,2,2,1,1,2,1,1,1,5,1,1,8,2,1,1,35,2,2
1,16,F,4,2004,3,1,1,2,2,1,1,1,1,1,1,2,1,2,8,6,1,1, ?,2,2
1,16,F,6,2004,1,1,1,1,2,2,2,4,3,2,2,4,4,2,13,2,1,1,32,2,2
8,16,F,5,2004,1,1,1,1,1,1,4,1,1,1,1,2,1,2,9,1,1,1,30,2,2
8,16,F,12,2004,1,1,3,2,2,1,1,1,1,1,1,2,1,2,9,6,1,1,45,2,2
4,12,F,9,2004,2,1,1,1,1,1,1,1,1,1,1,2,1,2,19,6,1,1, ?,2,2
4,12,G,5,2004,4,1,1,2,2,1,3,1,1,1,1,4,1,2,13,6,1,6,45,2,2
5,12,F,12,2004,1,1,1,2,2,1,1,1,1,1,1,2,1,2,14,6,1,1, ?,1,2
5,12,G,10,2004,3,1,1,2,2,1,1,1,1,1,1,2,1,2,14,6,1,1, ?,1,2
3,12,F,12,2004,2,7,1,2,2,1,1,1,1,1,1,2,1,2,14,6,1,7, ?,2,2
2,12,F,12,2004,3,7,8,2,2,1,1,1,1,1,1,2,1,2,12,6,1,7, ?,1,2
2,12,F,10,2004,4,7,1,1,2,1,1,1,1,1,1,2,1,1,13,6,2,1, ?,2,2
4,12,F,11,2004,1,1,1,1,2,1,1,1,1,1,1,4,1,2,8,6,1,2, ?,2,2
4,12,F,11,2004,1,7,1,1,2,1,1,1,1,1,1,4,1,2,8,6,1,1,35,2,2
10,15,G,2,2004,1,1,1,2,2,1,1,1,1,1,1,1,1,1,9,6,1,1, ?,2,2
1,15,G,6,2004,2,1,1,2,2,1,1,1,1,1,1,1,1,2,14,6,1,1, ?,2,2
1,15,G,7,2004,2,1,1,2,2,1,1,1,1,1,1,1,1,2,9,6,1,1, ?,2,2
1,15,F,8,2004,2,1,4,2,2,1,1,1,1,1,1,1,1,2,9,5,1,1, ?,2,2
1,15,G,10,2004,1,1,1,2,2,1,1,1,1,1,1,1,1,2,9,1,1,1, ?,2,2
1,15,G,10,2004,1,1,1,2,2,1,1,1,1,1,1,1,1,2,9,6,1,1, ?,2,2
1,15,G,12,2004,2,1,1,2,2,1,1,1,1,1,1,1,1,2,9,6,1,1, ?,2,2
1,15,G,12,2004,4,1,1,2,2,1,1,1,1,1,1,1,1,1,9,1,1,1, ?,2,2
1,15,G,12,2004,1,1,1,2,2,1,1,1,1,1,1,1,1,2,9,6,1,1, ?,2,2
2,15,F,2,2004,3,1,1,2,2,1,1,1,1,1,1,3,1,2,4,6,1,1, ?,2,2
3,15,F,1,2004,1,1,1,2,2,1,1,1,1,1,1,1,1,2,13,6,1,1, ?,2,2
3,15,G,3,2004,3,1,1,2,2,1,1,1,1,1,1,1,1,2,8,6,1,1, ?,2,2
3,15,F,4,2004,1,1,1,2,2,1,1,1,1,1,1,1,1,1,14,11,1,1, ?,2,2
3,15,F,4,2004,2,1,1,2,2,1,1,1,1,1,1,1,1,2,9,11,1,1, ?,2,2
3,15,F,4,2004,1,1,1,2,2,1,1,1,1,1,1,2,1,2,9,6,1,1, ?,2,2
3,15,G,9,2004,1,1,3,2,2,1,1,1,1,1,1,1,1,1,8,6,1,1, ?,2,2
3,15,G,10,2004,3,1,1,2,2,1,1,1,1,1,1,1,1,2,10,6,1,1, ?,2,2
3,15,G,10,2004,3,1,1,2,2,1,1,1,1,1,1,1,1,2,14,6,1,1, ?,2,2
3,15,G,10,2004,1,1,1,2,1,1,4,1,1,1,1,1,1,2,14,6,1,1, ?,2,2
3,15,F,11,2004,3,1,1,1,1,1,1,1,1,1,1,1,1,2,8,6,1,1, ?,2,2
3,15,G,11,2004,1,1,1,2,1,1,4,1,1,1,1,1,1,2,9,6,1,1,41,2,2
4,15,F,1,2004,4,1,1,2,2,1,1,1,1,1,1,3,1,1,14,6,1,7, ?,2,2
4,15,F,2,2004,4,2,1,1,2,1,2,1,1,1,1,1,1,2,9,6,1,1,37,2,2
4,15,F,9,2004,1,2,1,2,2,1,1,1,1,1,1,1,1,2,8,6,1,7, ?,2,2
5,15,G,1,2004,1,1,5,2,1,2,1,1,1,1,1,2,1,2,14,6,1,1,40,2,2
5,15,F,2,2004,1,1,1,2,2,1,1,1,1,1,1,2,1,2,13,6,1,1, ?,2,2
5,15,F,3,2004,2,1,1,2,2,1,1,1,1,1,1,3,1,2,4,6,1,1, ?,2,2
5,15,F,6,2004,1,1,1,2,2,1,1,1,1,1,1,2,1,2,14,6,1,1, ?,2,2
4,5,F,6,2004,3,6,3,1,1,1,1,1,1,1,1,1,1,2,8,6,2,1, ?,1,2
4,5,F,8,2004,3,1,1,2,2,1,1,1,1,1,1,1,1,2,14,6,1,1,35,1,2
4,5,F,8,2004,2,2,1,2,2,1,1,1,1,1,1,1,1,2,9,6,2,1, ?,2,2
4,5,F,11,2004,1,1,1,2,2,1,1,1,1,1,1,1,1,2,14,6,2,1, ?,1,2
4,5,F,12,2004,3,1,1,2,1,1,1,1,1,1,1,1,1,2,9,6,1,1, ?,1,2
7,5,F,1,2004,2,1,1,2,2,1,1,1,2,1,3,2,1,2,8,6,1,1, ?,2,2
7,5,F,6,2004,1,1,8,2,2,1,4,1,2,1,3,2,1,2,4,6,1,7, ?,2,2
7,5,F,6,2004,2,1,8,2,2,1,1,1,1,1,1,1,1,2,10,6,1,1, ?,2,2
7,5,G,9,2004,4,1,1,2,2,1,1,1,1,1,3,2,1,2,8,6,1,1, ?,2,2
7,5,F,9,2004,2,1,1,2,1,1,1,1,1,1,3,2,1,2,8,6,1,7, ?,2,2
6,5,F,1,2004,4,2,1,2,2,1,1,1,1,1,1,1,1,2,9,6,1,1, ?,2,2
6,5,F,4,2004,2,1,3,2,2,1,1,1,1,1,1,2,1,2,13,6,1,1, ?,2,2
6,5,G,6,2004,1,1,1,2,2,1,1,1,1,1,1,1,1,2,14,6,1,1, ?,2,2
6,5,F,6,2004,1,1,1,2,2,1,1,1,1,1,1,1,1,2,13,6,1,1, ?,2,2
6,5,F,9,2004,1,1,1,2,2,1,2,1,1,1,1,1,1,2,2,9,1,1, ?,2,2
6,5,G,9,2004,1,1,1,2,2,1,1,1,1,1,1,1,1,2,14,6,1,1, ?,2,2
6,5,S,11,2004,3,1,1,2,2,1,1,1,1,1,1,1,1,2,14,11,1,1, ?,2,2
8,5,G,4,2004,3,1,1,2,2,1,1,1,1,1,1,1,1,2,14,6,2,1, ?,1,2
8,5,F,5,2004,2,1,1,2,2,1,1,1,1,1,1,1,1,2,14,6,2,1, ?,1,2
8,5,F,6,2004,1,1,1,2,2,1,1,1,1,1,1,1,1,2,9,6,1,1, ?,1,2
8,5,F,6,2004,1,1,1,1,2,1,2,1,1,3,1,2,1,2,17,11,1,1, ?,2,2
8,5,F,10,2004,3,1,8,2,2,1,1,1,1,1,1,1,1,2,19,6,1,1, ?,1,2
5,5,G,1,2004,1,1,4,2,2,3,4,1,1,1,1,4,1,2,4,6,1,1, ?,2,2
5,5,F,6,2004,2,1,1,2,2,1,1,1,1,1,1,1,1,2,9,6,1,1, ?,2,2
5,5,F,8,2004,1,1,1,2,2,1,4,1,1,1,1,1,1,2,8,4,1,1,35,2,2
5,5,S,9,2004,2,1,1,2,2,1,4,1,1,1,1,1,1,2,9,5,1,7, ?,2,2
5,5,F,10,2004,1,1,5,2,2,1,1,1,1,1,1,1,1,2,9,11,1,7, ?,2,2
5,5,S,11,2004,2,1,1,2,2,1,1,1,1,1,1,1,1,2,9,11,1,3, ?,2,2
5,5,S,12,2004,4,1,1,2,2,1,2,1,1,1,1,1,1,2,9,6,1,1,45,1,2
1,5,F,6,2004,3,2,8,2,2,1,1,1,1,1,1,1,1,2,14,5,1,1, ?,2,2
1,5,S,6,2004,2,7,8,2,2,1,1,1,1,1,1,1,1,2,9,11,1,1, ?,2,2
1,5,F,6,2004,1,7,8,2,2,1,1,1,1,1,1,1,1,2,9,6,1,1, ?,2,2
1,5,F,7,2004,1,7,1,2,2,1,1,1,1,1,1,1,1,2,14,5,1,1, ?,2,2
1,5,G,8,2004,1,1,1,2,2,1,1,1,1,1,1,1,1,1,13,5,1,1, ?,2,2
1,5,F,8,2004,1,1,1,2,2,1,2,1,1,1,1,1,1,1,14,6,1,1, ?,1,1
1,5,G,9,2004,2,1,1,2,2,1,1,1,1,1,1,1,1,2,9,6,1,1,49,2,2
1,5,S,12,2004,1,1,1,2,2,1,1,1,1,1,1,1,1,1,14,6,1,1, ?,2,2
9,16,F,2,2004,1,1,1,2,2,1,1,1,1,1,1,1,1,2,13,6,1,1, ?,2,2
9,16,F,3,2004,4,1,1,1,1,1,3,1,1,1,1,1,1,2,9,6,1,1, ?,2,2
9,16,F,3,2004,4,2,1,2,2,1,2,1,1,1,1,1,1,2,14,6,1,1, ?,2,2
9,16,F,5,2004,2,2,1,2,2,1,1,1,1,1,1,1,1,2,16,6,1,1, ?,2,2
9,16,F,5,2004,4,1,1,1,2,1,1,1,1,3,2,2,1,2,19,6,1,1, ?,2,2
9,16,F,6,2004,4,1,1,1,2,1,1,1,1,1,1,1,1,2,8,6,1,1, ?,1,2