Thana,District,Accident_Severity,Month,Year,Time,Junction_Type,Traffic_Control,Movement,Divider,Weather,Light,Road_Geometry,Surface_Condition,Surface_Type,Surface_Quality,Road_Class,Road_Feature,Location_Type,Vehicle_Type,Vehicle_Movement,Vehicle_Loading,Vehicle_Defect,Vehicle_Driver_Age,Vehicle_Alcohol,Vehicle_Seat_Belt
9,16,F,7,2004,3,1,1,1,2,1,1,1,1,1,1,1,1,2,9,6,1,1, ?,2,2
9,16,F,9,2004,2,1,1,2,2,1,1,1,1,1,1,1,1,2,9,6,1,1, ?,2,2
9,16,F,10,2004,1,1,1,2,2,1,1,1,1,1,1,1,1,2,9,6,1,1, ?,1,2
7,16,F,6,2004,1,1,1,1,2,1,1,1,1,1,1,1,1,2,8,6,1,1, ?,2,2
7,16,G,6,2004,2,1,1,2,2,1,1,1,1,1,1,1,1,2,8,6,1,1, ?,2,2
6,16,G,8,2004,2,1,1,2,2,1,1,1,1,1,1,1,1,2,14,6,1,1, ?,2,2
6,16,F,12,2004,1,1,1,2,2,1,2,1,1,1,1,1,1,2,9,6,1,1, ?,1,2
1,16,F,8,2004,1,1,1,2,2,1,2,1,1,1,1,1,1,2,14,6,1,1, ?,1,2
7,16,S,8,2004,2,1,1,2,2,1,1,1,1,1,1,1,1,2,19,6,1,1, ?,1,2
11,16,F,1,2004,2,1,1,2,2,1,1,1,1,1,1,1,1,2,8,6,1,1, ?,2,2
1,1,F,2,2004,4,7,1,2,2,1,4,1,1,1,1,1,1,2,8,11,1,1, ?,2,2
1,1,F,8,2004,3,1,1,2,2,1,1,1,1,1,1,1,1,2,8,6,1,1, ?,2,2
2,1,F,6,2004,1,1,1,2,2,1,2,1,1,1,1,1,1,1,13,2,1,1, ?,1,2
4,1,F,6,2004,1,7,3,2,2,1,4,1,2,1,1,2,1,2,9,6,1,1, ?,2,2
4,1,F,10,2004,2,7,3,2,2,1,1,1,1,1,1,2,1,2,8,6,1,1, ?,2,2
11,16,F,2,2004,1,1,1,2,2,1,2,1,1,1,1,1,1,1,14,6,1,1, ?,2,2
11,16,F,2,2004,2,1,1,2,2,1,2,1,1,1,1,1,1,1,19,6,1,1, ?,2,2
11,16,F,4,2004,1,1,1,2,2,1,1,1,1,1,1,1,1,2,9,6,1,1, ?,2,2
11,16,F,4,2004,4,1,1,2,2,2,4,1,1,1,1,1,1,1,9,6,1,1,40,2,2
11,16,S,4,2004,1,1,3,2,2,1,4,1,1,1,1,1,1,1,9,1,1,1, ?,2,2
11,16,G,4,2004,1,1,1,2,2,2,3,1,1,1,1,1,1,2,14,6,1,1, ?,2,2
11,16,F,4,2004,1,1,1,2,2,1,1,1,1,1,1,1,1,2,9,6,1,1,42,1,2
11,16,S,4,2004,1,1,1,2,2,1,3,1,1,1,1,1,1,2,14,6,1,1, ?,2,2
11,16,F,5,2004,1,1,1,2,2,1,2,1,1,1,1,1,1,2,13,6,1,1, ?,2,2
5,11,G,11,2004,3,1,1,2,2,1,1,1,1,1,1,3,1,2,19,6,1,1,25,2,2
5,11,G,12,2004,2,1,1,1,2,1,1,1,1,1,1,2,1,2,4,6,1,1, ?,2,2
6,11,F,5,2004,2,1,1,2,2,1,1,1,1,1,1,3,1,2,14,6,1,1, ?,2,2
6,11,F,7,2004,3,1,1,2,2,1,1,1,1,1,1,2,1,1,9,6,1,1, ?,2,2
6,11,F,11,2004,2,1,1,2,2,1,1,1,1,1,1,2,1,2,4,6,1,1, ?,2,2
6,11,F,11,2004,?,1,1,2,2,1,4,1,1,1,1,3,1,2,19,6,1,1, ?,2,2
6,11,G,11,2004,1,1,1,2,2,1,4,2,1,1,1,2,1,2,14,1,1,1, ?,2,2
6,11,G,12,2004,2,1,1,2,2,1,1,1,1,1,1,2,1,2,9,1,1,1, ?,2,2
6,11,S,12,2004,1,1,1,2,2,1,1,1,1,1,1,2,1,2,8,6,1,1, ?,2,2
8,11,F,2,2004,3,1,1,2,2,1,1,1,1,3,2,4,1,2,17,6,1,1, ?,2,2
8,11,F,4,2004,1,1,1,2,2,1,1,1,1,1,1,3,1,2,9,5,1,1,26,2,2
8,11,G,7,2004,1,1,1,2,2,1,1,1,1,1,1,4,1,2,4,6,1,1,25,2,2
8,11,F,12,2004,3,1,1,2,2,1,1,1,1,1,1,2,1,2,14,4,1,1,49,2,2
9,11,F,5,2004,1,1,1,2,2,1,1,1,1,1,1,2,1,2,19,6,1,1, ?,2,2
9,11,F,6,2004,1,1,1,2,2,1,1,1,1,1,1,2,1,2,4,6,1,1, ?,2,2
2,11,F,9,2004,2,1,1,2,2,1,1,1,1,1,1,2,1,2,4,6,1,1,42,2,2
2,11,F,12,2004,1,1,1,2,2,1,1,1,1,1,1,2,1,2,19,6,1,1,35,2,2
10,11,F,8,2004,1,1,1,2,2,1,1,1,1,1,1,4,1,2,8,6,1,1,35,2,2
11,16,F,10,2004,3,7,8,1,2,1,1,1,1,1,1,1,1,2,8,11,1,7, ?,1,2
11,16,F,10,2004,3,1,1,1,2,1,1,1,1,1,1,1,1,2,9,11,1,1, ?,1,2
11,16,F,10,2004,2,1,1,1,1,1,2,1,1,1,1,1,1,2,4,9,2,1, ?,2,2
11,16,F,12,2004,4,1,1,2,2,1,1,1,1,1,1,1,1,2,9,6,1,1, ?,2,2
10,16,F,7,2004,4,1,1,2,2,1,1,1,1,1,1,1,1,2,9,7,1,1, ?,2,2
4,8,F,12,2004,4,1,1,1,2,1,1,1,1,1,1,4,3,2,14,6,1,6, ?,1,2
3,8,F,12,2004,2,7,8,2,2,1,4,1,1,1,1,1,1,2,19,11,1,7, ?,2,2
1,17,F,12,2004,3,7,8,2,2,1,1,1,1,1,1,2,1,1,9,11,1,1,35,2,2
1,4,S,12,2004,4,1,1,2,2,1,1,1,1,1,1,3,1,2,1,6,1,1,32,2,2
3,4,F,7,2004,3,1,3,2,2,1,1,1,1,1,1,4,1,2,9,11,1,1, ?,2,2
2,4,F,12,2004,3,1,1,2,2,1,1,1,1,3,1,4,1,2,19,6,1,1, ?,2,2
2,4,F,11,2004,3,1,1,2,2,1,1,1,1,1,1,2,1,2,14,8,1,1, ?,2,2
6,4,F,10,2004,2,1,1,2,2,1,1,1,1,1,1,1,1,2,9,6,1,1, ?,2,2
6,4,F,11,2004,1,1,1,2,2,1,1,1,1,1,1,1,1,2,9,6,1,1, ?,2,2
6,4,F,4,2004,4,1,1,2,2,1,1,1,1,1,1,1,1,2,7,6,1,1, ?,2,2
6,4,F,7,2004,3,1,1,2,2,1,1,1,1,1,1,1,1,2,12,6,1,1, ?,2,2
5,4,G,7,2004,1,1,1,2,2,1,1,1,1,1,1,2,1,2,4,6,1,1, ?,2,2
5,4,F,9,2004,4,1,1,2,2,1,4,2,1,1,1,2,1,2,9,1,1,1, ?,2,2
4,4,F,10,2004,3,1,1,2,2,1,4,1,1,1,1,4,1,2,9,6,1,7, ?,2,2
4,4,F,12,2004,3,3,3,1,2,1,1,3,1,1,1,2,1,1,9,8,1,1, ?,2,2
9,17,F,12,2004,4,7,1,2,2,1,1,1,1,1,1,1,1,2,9,11,1,1, ?,2,2
5,17,F,11,2004,1,3,4,2,2,1,1,1,1,1,1,3,1,2,8,11,1,7, ?,2,2
6,17,F,11,2004,3,1,3,2,2,4,2,1,1,1,1,1,1,2,9,6,1,1,35,2,2
4,17,G,11,2004,3,1,1,2,2,1,1,1,1,1,1,3,1,2,4,6,1,1, ?,2,2
1,15,F,7,2004,1,1,4,2,1,2,1,1,1,1,1,1,1,2,14,10,2,1, ?,2,2
1,15,G,7,2004,3,1,1,2,2,1,1,1,1,1,1,1,1,2,14,4,1,1, ?,2,2
1,15,F,12,2004,4,1,1,2,2,1,2,1,1,1,1,1,1,2,19,11,1,7, ?,1,2
3,15,F,7,2004,3,1,1,2,2,1,4,1,1,1,1,1,1,2,19,6,1,1, ?,1,2
3,15,F,9,2004,2,1,1,2,2,1,4,1,1,1,1,2,1,2,19,11,1,7, ?,1,2
3,15,F,11,2004,4,1,1,2,2,1,1,1,1,1,1,2,1,2,14,6,1,1,40,2,2
2,7,F,5,2004,3,7,8,1,2,1,1,1,5,3,1,4,1,2,19,11,1,1,32,2,2
4,15,F,9,2004,1,1,1,2,2,1,1,1,1,1,1,1,1,2,14,6,1,1, ?,2,2
1,11,F,6,2004,2,1,1,2,2,1,1,1,1,1,1,5,1,2,14,6,1,1, ?,1,2
1,11,F,6,2004,3,1,1,2,2,1,1,1,1,1,1,2,1,2,14,6,1,1, ?,1,2
5,11,G,2,2004,3,1,1,2,2,4,2,1,1,1,1,3,1,2,9,4,1,1, ?,2,2
5,11,F,5,2004,1,1,1,2,2,1,1,1,1,1,1,1,1,2,9,6,1,1,42,2,2
5,11,F,9,2004,4,1,1,2,2,1,2,1,1,1,1,2,1,1,9,1,1,1,25,2,2
3,14,F,4,2004,4,4,8,2,2,1,3,1,1,1,1,5,1,1,8,6,1,1,35,2,2
3,14,G,5,2004,2,7,3,2,2,1,1,1,1,1,1,5,1,1,6,11,1,7, ?,2,2
3,14,F,5,2004,2,4,8,2,2,1,1,1,1,1,1,5,1,1,14,11,1,1, ?,2,2
1,14,M,1,2004,4,7,8,2,2,1,3,1,1,1,1,5,1,1,14,6,1,1,22,2,2
1,14,M,1,2004,1,3,4,2,2,1,1,1,1,1,1,2,1,1,14,1,1,1,35,2,2
1,14,F,3,2004,3,7,8,1,1,1,1,1,1,1,1,5,1,1,10,6,1,1, ?,?,2
2,14,G,1,2004,2,7,8,1,2,1,2,1,1,1,1,5,1,1,7,2,1,7,28,2,2
2,14,F,2,2004,2,7,1,1,2,4,2,1,1,1,1,1,1,2,13,11,1,1, ?,2,2
2,14,F,4,2004,2,7,1,2,2,1,1,1,1,1,1,2,1,1,7,6,1,1, ?,2,2
4,14,F,3,2004,3,1,3,2,2,1,1,1,1,1,1,1,1,1,7,4,?,?, ?,2,2
4,14,M,3,2004,3,1,8,2,2,1,1,1,1,3,2,4,1,2,7,6,1,1, ?,1,2
3,14,G,7,2004,1,4,3,2,2,1,1,1,1,1,1,5,1,1,9,6,1,7, ?,2,2
4,14,F,8,2004,2,2,4,2,2,1,1,1,1,2,1,1,1,1,14,6,1,1,27,2,2
2,14,G,9,2004,2,7,1,1,2,1,1,1,1,1,1,5,1,1,12,6,1,1,28,2,2
1,14,S,10,2004,3,1,3,1,2,1,1,1,1,1,1,1,1,1,5,6,2,1,35,2,2
4,14,F,11,2004,2,1,2,2,2,1,1,1,1,1,1,1,1,1,14,6,1,1,45,2,2
4,14,F,11,2004,4,1,8,2,2,1,4,1,1,1,1,2,1,1,9,6,2,1,35,2,2
2,14,G,11,2004,4,2,1,2,2,1,3,1,1,2,1,5,1,1,14,6,1,7,35,2,2
3,14,F,10,2004,3,7,8,2,2,1,1,1,1,1,1,1,1,1,14,8,1,1,24,2,2
3,14,G,10,2004,3,1,8,2,2,1,1,1,1,1,1,1,1,1,7,6,1,1, ?,2,2
3,14,F,11,2004,2,1,8,2,2,1,1,1,1,1,1,5,1,1,7,6,1,1,23,2,2
4,14,F,12,2004,2,2,4,2,2,1,1,1,1,1,1,1,1,1,17,4,1,1, ?,2,2
2,14,F,12,2004,2,2,1,2,2,4,2,1,1,1,1,5,1,1,14,6,1,1,45,2,2
2,14,F,12,2004,3,1,8,2,2,1,1,1,1,1,1,1,1,1,9,8,1,1,42,1,2
1,62,F,1,2004,4,7,8,1,2,1,2,2,5,3,1,4,1,1,5, ?,1,1, ?,?,?
1,59,F,1,2004,2,4,1,2,2,1,1,1,1,1,1,2,1,2,14,6,1,?,37,2,2
8,59,G,1,2004,4,7,8,1,2,1,3,2,1,1,1,4,1,2,14,11,1,1,35,1,2
1,67,G,1,2004,2,3,1,2,2,1,2,4,1,1,1,1,1,2,14,1,1,1,30,1,2
1,57,F,1,2004,2,7,3,2,2,1,1,1,1,1,1,1,1,2,14,9,1,3,28,2,2
2,57,F,1,2004,3,1,8,2,2,1,1,1,1,1,1,1,1,2,14,5,1,?,35,2,2
1,61,F,1,2004,3,1,1,2,2,1,1,1,1,1,1,1,1,2,9,6,?,?, ?,?,?
1,61,S,1,2004,2,1,1,1,?,1,2,1,1,1,1,1,1,2,19,6,1,1, ?,2,2
1,61,F,1,2004,3,1,1,2,2,1,1,1,1,1,1,5,?,?,12,6,1,6, ?,1,2
3,61,S,1,2004,3,7,1,2,1,1,1,2,1,1,1,1,1,2,11,3,?,?,35,?,?
2,61,F,1,2004,4,?,1,2,2,1,3,1,1,2,1,1,1,2,14, ?,2,?,43,2,2
1,60,F,1,2004,3,1,1,2,2,1,1,1,1,1,1,1,1,2,14,6,1,1, ?,2,2
1,58,F,1,2004,4,1,2,2,2,1,2,1,1,1,1,1,1,2, ?, ?,?,?, ?,?,?
1,58,S,1,2004,2,1,8,2,2,1,1,1,1,1,1,1,1,2,8,6,?,?, ?,?,?
1,58,F,1,2004,2,3,3,2,2,1,1,1,1,1,1,3,1,2,12,2,1,1,45,2,2
1,58,F,1,2004,3,1,1,2,1,1,1,1,1,1,1,1,1,2,8,5,1,1,40,2,2
10,58,S,1,2004,2,?,?,2,2,1,2,1,1,1,1,2,1,2,13,6,1,?,38,2,2
10,58,F,1,2004,2,?,?,2,2,1,2,1,1,1,1,2,1,2,14,6,1,?, ?,2,2
8,58,F,1,2004,4,7,1,2,2,1,2,2,1,1,1,1,1,2,14,2,1,7, ?,1,2
7,58,F,1,2004,1,1,1,2,2,1,4,1,1,1,1,1,1,2,19,6,1,1, ?,1,2
7,65,F,1,2004,3,3,1,2,2,1,1,1,1,1,1,1,1,2,11,6,?,?, ?,?,?
4,63,F,1,2004,4,7,?,2,2,1,3,1,1,1,1,1,1,2,14,6,1,7, ?,1,2
8,63,F,1,2004,3,1,8,2,?,1,1,?,1,1,1,1,1,2,9, ?,?,?, ?,?,?
5,63,S,1,2004,3,2,8,2,2,1,1,2,1,1,1,2,1,2,14,1,2,7,30,?,2
5,68,S,1,2004,4,1,1,?,2,1,4,4,1,1,2,3,2,2,14,2,2,1,37,2,2
9,67,F,2,2004,2,1,1,2,2,1,1,1,1,1,1,4,1,2,12,11,1,?, ?,2,2
2,67,F,2,2004,3,7,1,1,2,1,1,4,1,1,1,3,1,2,11,7,2,3, ?,2,2
1,61,F,2,2004,3,1,1,2,2,1,1,1,1,1,1,1,1,2,9,4,1,1, ?,2,2
1,61,F,2,2004,1,1,1,2,2,1,2,1,1,1,1,2,1,1, ?, ?,?,?, ?,?,?
1,61,S,2,2004,1,1,1,2,2,4,4,1,1,1,3,1,1,2,14,4,1,1,34,2,2
3,61,F,2,2004,3,?,3,1,2,1,1,1,1,1,1,2,1,2,14,6,2,?, ?,?,?
3,61,F,2,2004,3,?,1,2,?,1,1,1,1,1,1,1,1,2,14,6,2,?, ?,?,?
1,59,F,2,2004,3,1,1,2,1,1,1,1,1,1,1,1,1,2,9,5,1,1, ?,2,2
1,59,S,2,2004,3,1,1,2,2,1,1,1,1,1,1,2,1,1,4,6,?,1,25,1,2
4,59,F,2,2004,4,1,8,2,2,1,2,5,1,1,1,1,1,2,12,6,?,?, ?,?,2
4,59,F,2,2004,3,1,1,1,2,1,1,1,1,1,1,1,1,2,5,6,2,6, ?,2,2
4,62,F,2,2004,2,7,1,2,2,1,1,1,1,2,2,3,2,2,19,9,2,6,30,2,2
1,62,F,2,2004,3,3,1,2,?,1,1,1,1,1,1,2,1,2,9,6,?,1,35,?,2
1,62,F,2,2004,4,7,1,2,2,1,2,1,1,1,1,1,1,2, ?, ?,?,?, ?,?,?
1,62,F,2,2004,2,1,1,2,2,1,1,1,1,1,1,1,1,2,9,1,1,1,34,1,2
2,60,F,2,2004,3,1,1,2,2,1,1,1,1,1,1,3,1,2,9,6,1,1, ?,2,2
5,60,F,2,2004,2,1,?,2,2,1,2,1,1,1,1,1,1,2,14,6,1,7,31,2,2
8,58,F,2,2004,4,7,1,2,2,1,2,1,1,1,1,1,?,?,9, ?,1,7, ?,1,2
1,58,G,2,2004,4,1,1,2,2,1,4,1,1,1,1,2,1,2,7, ?,?,?, ?,?,?
1,58,F,2,2004,3,1,1,2,2,1,1,1,1,1,1,1,1,1,9, ?,?,?, ?,?,?
1,58,F,2,2004,4,3,3,2,2,1,4,1,1,1,1,1,1,2, ?, ?,?,?, ?,?,?
2,58,F,2,2004,2,7,1,2,2,1,1,1,1,1,1,1,1,2,9,6,1,7,35,?,?
5,58,F,2,2004,4,?,1,2,2,1,2,1,1,1,1,?,1,2,14,3,1,1,57,2,2
9,63,F,2,2004,3,1,8,2,?,1,1,1,1,1,1,1,1,2, ?, ?,?,?, ?,?,2
8,63,F,2,2004,3,3,1,1,2,1,1,1,1,1,1,1,1,1,9,2,1,1,35,2,2
8,63,F,2,2004,3,3,2,2,2,1,1,1,1,1,1,1,1,2,8, ?,1,7, ?,2,2
7,63,G,2,2004,4,1,1,2,2,1,2,1,1,1,1,1,1,1,9,4,1,1,35,2,2
7,63,F,2,2004,4,1,8,1,?,1,2,1,1,1,?,?,?,?,9,6,?,?, ?,?,?
6,57,F,2,2004,3,?,3,2,2,1,1,2,1,1,1,2,1,2,6,1,1,1, ?,2,2
5,57,G,2,2004,2,1,1,2,2,1,1,1,1,1,1,2,1,2,6,11,1,3,32,2,2
5,57,F,2,2004,3,3,3,2,2,1,1,1,1,1,3,1,1,2,9,4,2,1,30,2,2
1,57,G,2,2004,4,1,8,2,2,1,2,1,1,1,1,1,1,2,9,6,2,1,33,2,2
8,57,F,2,2004,2,1,1,2,2,1,1,1,1,1,1,1,2,?,9, ?,?,?,45,2,2
5,65,F,2,2004,2,1,1,2,2,1,1,1,1,1,1,1,1,2,9,6,1,?, ?,?,2
1,65,F,2,2004,4,7,8,1,2,1,2,1,1,3,2,4,1,2,13,6,1,1,22,2,2
2,68,F,2,2004,4,7,1,2,?,1,2,2,1,1,1,3,1,2,8,1,1,1,45,2,2
3,68,F,2,2004,4,1,1,1,2,1,2,4,1,1,3,4,4,2,14,3,1,7, ?,1,2
5,57,F,3,2004,2,1,1,?,2,1,1,1,1,1,1,1,1,2,14,4,1,1,34,2,2
1,57,S,3,2004,2,1,1,2,2,1,1,1,1,1,1,1,1,2,14,6,1,1,24,2,2
1,57,G,3,2004,3,7,4,1,2,1,2,1,1,1,1,1,1,2,14,11,2,1,45,2,2
4,59,G,3,2004,2,?,?,2,?,1,?,1,1,?,1,1,1,2,9, ?,?,?,40,?,?
1,59,F,3,2004,2,2,1,2,2,1,1,1,1,1,1,2,1,2,16,5,1,?,56,2,2
1,59,F,3,2004,3,1,1,2,?,1,1,1,1,1,1,1,1,2,16,6,1,?,32,2,2
3,62,F,3,2004,2,7,1,2,2,1,1,1,1,1,1,2,1,2,4, ?,?,?,32,?,?
1,62,F,3,2004,2,2,1,2,2,1,1,3,1,1,1,4,1,2,8,5,2,1, ?,2,2
1,62,F,3,2004,3,?,8,2,2,1,1,1,1,1,1,1,1,2,9,6,?,7, ?,2,2
1,62,F,3,2004,4,1,1,1,2,1,2,1,1,1,1,3,1,2,14,4,1,?, ?,?,?
1,65,F,3,2004,3,1,8,2,2,1,1,1,1,1,1,2,1,2,4,8,?,1,28,?,2
1,61,G,3,2004,2,2,1,2,2,1,2,1,1,1,1,1,1,2,9,6,2,7,30,2,2
2,61,F,3,2004,4,7,1,2,2,1,2,1,1,1,1,1,1,2,9,11,1,?, ?,1,2
1,61,F,3,2004,4,4,1,2,2,1,4,2,1,1,3,1,1,2, ?, ?,?,?, ?,?,?
3,61,F,3,2004,2,1,1,2,?,1,1,1,1,1,1,3,1,2,8,4,1,1, ?,2,2
4,63,F,3,2004,1,1,2,2,?,1,1,1,1,1,1,2,1,2,14, ?,1,1, ?,2,2
9,63,S,3,2004,2,1,1,2,2,2,1,1,2,1,1,1,1,2,9,6,1,1, ?,2,2
13,63,F,3,2004,3,1,3,2,?,1,1,1,1,1,1,1,1,2,14,5,?,?, ?,?,?
13,63,F,3,2004,2,3,1,1,2,1,2,1,1,1,?,1,1,2,6,6,?,?, ?,?,?
6,63,F,3,2004,3,7,8,2,2,1,1,1,1,1,1,1,1,1,14,6,1,1, ?,?,2
10,63,F,3,2004,3,1,1,2,2,1,1,1,1,3,1,4,1,2,11,6,1,1,24,2,2
8,63,F,3,2004,?,1,?,2,2,1,2,1,1,1,1,1,1,2, ?, ?,?,?, ?,1,?
14,63,S,3,2004,3,3,1,2,2,1,1,1,1,1,1,1,1,2,10,1,1,1, ?,2,2
14,63,F,3,2004,4,1,1,2,2,1,4,1,1,1,1,1,1,2,9, ?,?,?, ?,?,?
14,63,S,3,2004,2,1,1,2,2,1,1,1,1,1,1,1,1,2,13,5,?,?,60,2,1
11,63,F,3,2004,4,3,1,2,2,1,3,2,1,2,2,3,1,2,13,2,1,7,35,2,2
7,58,F,3,2004,2,1,1,2,2,1,1,1,1,3,1,1,1,2,6,6,1,?,28,2,2
2,58,G,3,2004,1,7,1,1,2,1,4,1,1,1,1,1,1,2,16,11,1,1,42,2,2
12,58,F,3,2004,2,7,8,1,2,1,1,1,1,1,3,2,1,2,17,6,2,1, ?,2,2
12,58,F,3,2004,2,7,8,2,2,1,1,5,5,3,?,?,?,2,17,6,2,1,25,2,2
12,58,F,3,2004,2,7,1,1,2,1,1,1,1,2,1,3,1,2,5,6,1,7, ?,1,?
1,58,G,3,2004,4,1,1,2,2,1,4,1,1,1,1,2,1,2,9,6,1,1, ?,1,2
5,67,F,3,2004,4,7,8,1,1,1,4,4,1,3,2,4,4,2,13,6,1,7,30,2,2
1,61,M,4,2004,1,1,1,2,2,1,4,1,1,1,3,1,1,2,14,6,1,1,56,2,2
1,61,F,4,2004,2,1,1,2,2,1,1,1,1,1,1,1,1,2,14, ?,?,?, ?,?,?
1,61,F,4,2004,2,1,1,2,2,1,1,1,1,1,1,1,1,2,14,6,1,7,27,2,2
1,61,G,4,2004,2,1,1,2,2,1,1,1,1,1,1,1,1,1,9,1,1,1,35,2,2
1,61,S,4,2004,3,1,1,2,2,1,1,1,1,1,3,2,1,2,9,6,1,7,30,2,2
3,61,F,4,2004,2,7,3,1,?,1,2,1,5,1,?,5,1,?,14,6,?,7,40,?,?
8,67,F,4,2004,3,1,1,2,?,1,1,1,1,1,1,1,1,2,7,4,?,1, ?,2,2
1,58,F,4,2004,3,3,2,1,2,1,1,2,1,1,1,1,1,2,4,1,?,?, ?,?,?
1,58,F,4,2004,2,?,?,2,?,1,2,1,1,1,1,1,2,?,9, ?,?,?, ?,?,?
1,58,G,4,2004,3,7,8,2,2,1,1,1,1,1,1,1,1,1,9,6,1,?, ?,2,?
6,58,F,4,2004,3,2,1,2,2,1,1,1,1,1,1,1,1,1,9,6,1,?,35,2,2
8,58,F,4,2004,2,7,1,2,2,1,2,2,1,1,1,1,1,2, ?,6,?,?, ?,1,2
3,63,F,4,2004,3,7,8,2,?,2,1,1,2,1,1,1,2,2,14,6,1,1,30,2,2
14,63,F,4,2004,1,2,1,2,2,1,2,1,1,1,1,1,1,2,8,6,1,1, ?,2,?
9,63,F,4,2004,2,1,1,2,2,1,1,1,1,1,1,1,1,2,8, ?,1,1,37,2,2
12,63,F,4,2004,2,1,1,2,2,1,1,1,1,1,1,3,1,2,5,6,?,?, ?,?,?
4,63,F,4,2004,2,1,1,2,2,1,1,1,1,1,1,1,1,2,9,5,1,7, ?,2,?
1,62,F,5,2004,2,7,1,2,2,1,1,1,1,1,1,2,1,2,6,1,1,1, ?,1,2
1,62,F,5,2004,3,7,1,2,?,1,1,1,?,1,1,2,1,2,9,1,?,?, ?,?,?
9,67,F,5,2004,3,1,1,1,2,1,1,1,1,1,1,4,1,2,11,11,1,1,38,?,?
1,58,F,5,2004,3,1,1,2,2,1,1,1,1,1,1,1,1,2,9,6,1,1, ?,2,2
1,58,F,5,2004,3,1,1,2,2,1,4,1,1,1,1,1,1,2, ?, ?,?,?, ?,?,?
1,58,F,5,2004,3,1,1,2,2,1,1,1,1,1,1,2,1,2, ?, ?,?,?, ?,?,?
1,58,F,5,2004,3,7,8,2,2,1,?,1,1,1,1,1,1,2,9,11,1,?, ?,?,?
1,58,F,5,2004,2,7,?,?,?,1,1,1,1,1,1,1,1,2,9, ?,1,1, ?,?,?
1,58,F,5,2004,3,1,3,2,2,1,1,1,1,1,1,2,1,2,9,6,?,?, ?,?,?
1,58,F,5,2004,4,2,5,1,?,1,2,1,1,1,1,1,1,1,9,6,1,1,40,2,2
4,58,F,5,2004,4,1,1,2,2,1,1,1,1,1,1,3,1,2, ?, ?,?,?, ?,?,?
10,58,F,5,2004,1,7,1,1,2,1,4,1,1,1,1,2,1,2,19,11,?,?, ?,2,2
1,61,F,5,2004,1,1,1,2,2,1,2,1,1,1,1,1,1,1,9,6,1,1, ?,2,2
1,61,F,5,2004,4,7,1,2,?,1,2,1,1,1,1,2,1,1,19,4,1,1, ?,2,2
1,61,S,5,2004,4,1,1,2,2,1,3,1,1,1,1,1,?,?,9,6,1,1,28,2,1
1,61,F,5,2004,4,1,1,2,2,1,4,1,1,1,3,1,1,2, ?, ?,?,?, ?,?,?
2,61,F,5,2004,3,2,1,2,2,1,1,1,1,1,1,1,1,2,14,6,1,7,30,2,2
2,61,S,5,2004,2,5,1,2,2,2,1,2,2,1,1,1,1,2,14,6,1,1,28,2,2
3,61,F,5,2004,2,7,1,1,?,1,1,1,1,1,1,1,1,?,9,6,?,?, ?,?,?
1,60,F,5,2004,2,7,7,2,2,1,1,1,1,1,2,1,1,1,12,6,1,?, ?,2,2
7,60,F,5,2004,3,7,1,2,?,1,1,1,1,1,1,3,1,2,12,6,1,?, ?,?,2
10,63,F,5,2004,4,3,1,2,2,1,?,1,1,1,1,3,1,2,14,5,1,1,35,2,2
10,63,F,5,2004,3,1,3,2,?,1,3,2,1,1,1,1,1,?,14, ?,?,?, ?,?,?
10,63,F,5,2004,3,7,1,2,2,1,1,1,1,1,1,3,1,2,14,6,?,1,24,2,2
7,63,F,5,2004,3,1,1,2,2,1,1,1,1,1,1,1,1,2,7,6,1,?, ?,?,?
11,63,F,5,2004,2,2,?,?,?,1,1,1,1,1,1,1,1,2,8,11,1,7, ?,2,?
14,63,F,5,2004,4,1,1,2,2,2,4,1,2,1,1,1,1,2, ?, ?,?,?, ?,?,?
14,63,F,5,2004,2,?,1,1,?,1,1,1,1,1,3,1,1,2,9,6,2,3, ?,1,2
9,63,G,5,2004,4,1,3,2,?,1,2,1,1,1,1,1,1,2,10, ?,?,?, ?,?,?
9,63,S,5,2004,4,1,1,1,2,1,2,2,1,1,1,1,1,2,7,11,?,?,22,?,?
8,63,F,5,2004,4,7,1,2,1,1,2,1,1,1,1,1,1,2,9,11,?,?, ?,?,?
5,65,F,5,2004,3,1,1,2,2,1,1,1,1,1,1,3,1,2,11, ?,1,?, ?,2,2
5,65,F,5,2004,3,1,1,2,2,1,1,1,1,1,1,1,1,2,7,1,1,?, ?,2,2
7,59,F,6,2004,3,1,1,2,2,1,1,1,1,1,1,1,1,2,9, ?,?,?, ?,?,?
3,59,F,6,2004,4,1,2,1,?,1,2,1,1,1,1,4,1,2,17,6,1,1, ?,2,2
2,67,F,6,2004,3,7,1,?,2,1,1,4,1,1,1,3,1,2,11,11,1,?,24,1,2
5,57,G,6,2004,3,1,1,2,2,1,1,1,1,1,1,1,1,2,6,6,1,6, ?,2,2
1,61,F,6,2004,1,1,1,2,2,1,4,1,1,1,1,2,1,2, ?, ?,?,?, ?,?,?
1,61,F,6,2004,2,2,1,2,2,1,1,1,1,1,3,1,1,2, ?, ?,?,?, ?,?,?
1,61,F,6,2004,2,7,1,2,2,1,1,1,1,1,1,1,1,2,9,6,1,1,27,2,2
1,61,F,6,2004,4,1,1,2,2,1,4,1,1,1,1,1,1,2,14,6,2,?, ?,2,2