Thana,District,Accident_Severity,Month,Year,Time,Junction_Type,Traffic_Control,Movement,Divider,Weather,Light,Road_Geometry,Surface_Condition,Surface_Type,Surface_Quality,Road_Class,Road_Feature,Location_Type,Vehicle_Type,Vehicle_Movement,Vehicle_Loading,Vehicle_Defect,Vehicle_Driver_Age,Vehicle_Alcohol,Vehicle_Seat_Belt
2,42,F,4,2005,1,2,6,2,1,1,3,1,1,1,1,5,1,1,14,6,1,1, ?,2,2
2,42,F,4,2005,1,1,1,2,1,1,3,1,1,1,1,5,1,1,8,6,1,1, ?,2,2
2,42,F,4,2005,1,1,1,2,1,1,3,1,1,1,1,5,1,1,14,6,1,1, ?,?,2
2,42,F,4,2005,2,1,1,2,1,1,1,1,1,1,1,5,1,1,8,6,1,1, ?,2,2
2,42,F,4,2005,2,5,6,2,1,1,1,1,1,1,1,5,1,1,5,6,1,1, ?,2,2
8,42,F,2,2005,2,1,1,2,1,1,3,1,1,1,1,5,1,1,5,6,1,1, ?,2,2
8,42,G,2,2005,4,1,1,2,1,1,3,1,1,1,1,5,1,1,9,6,1,1, ?,2,2
8,42,F,2,2005,4,3,1,2,1,1,2,1,1,1,1,5,1,1,9,6,1,1, ?,2,2
8,42,G,3,2005,3,1,4,2,1,1,1,1,1,1,1,5,1,1,10,6,1,1,55,2,2
8,42,F,3,2005,3,1,1,2,1,1,1,1,1,1,1,5,1,1,8,6,1,1, ?,2,2
8,42,M,4,2005,1,1,1,2,1,1,3,1,1,1,1,5,1,1,14,6,1,1, ?,?,2
8,42,F,4,2005,3,1,1,2,1,1,1,1,1,1,1,5,1,1,8,6,1,1, ?,2,2
1,42,G,1,2005,2,2,6,2,1,1,1,1,1,1,1,5,1,1,8,6,1,1,28,2,2
1,42,F,1,2005,2,1,1,2,1,1,1,1,1,1,1,5,1,1,9,6,1,1, ?,2,2
1,42,F,1,2005,2,1,1,2,1,1,1,1,1,1,1,5,1,1,9,6,1,1, ?,2,2
1,42,F,1,2005,4,1,1,2,1,1,1,1,1,1,1,5,1,1,19,6,?,?, ?,?,?
1,42,G,3,2005,3,1,1,2,2,1,1,1,1,1,1,5,1,1,5,6,1,1, ?,?,2
1,42,F,3,2005,3,3,4,2,1,1,1,1,1,1,1,5,1,1,9,6,1,1, ?,2,2
1,42,G,4,2005,4,5,6,2,1,1,3,1,1,1,1,5,1,1,9,6,1,1,32,2,2
9,42,F,1,2005,2,1,1,2,1,1,1,1,1,1,1,5,1,1,14,6,1,1, ?,2,2
9,42,F,1,2005,4,1,1,2,1,1,3,1,1,1,1,5,1,1,14,6,1,1, ?,2,2
9,42,F,1,2005,1,1,1,2,1,1,3,1,1,1,1,5,1,1,19,6,1,1, ?,?,?
9,42,F,2,2005,3,3,6,2,1,1,1,1,1,1,1,5,1,1,8,6,1,1, ?,2,2
9,42,G,2,2005,2,7,4,2,1,1,1,1,1,1,1,5,1,1,8,6,1,1, ?,2,2
9,42,F,2,2005,2,3,1,2,1,1,1,1,1,1,1,5,1,1,8,6,1,1, ?,2,2
9,42,F,3,2005,4,1,1,2,1,1,3,1,1,1,1,5,1,1,8,6,1,1, ?,2,2
9,42,F,3,2005,1,3,4,2,1,1,3,1,1,1,1,5,1,1,5,6,?,?, ?,2,2
9,42,G,3,2005,4,7,4,2,1,1,3,1,1,1,1,5,1,1,9,6,1,1, ?,?,2
9,42,S,3,2005,2,3,4,2,1,1,1,1,1,1,1,5,1,1,8,6,1,1, ?,2,2
9,42,G,3,2005,2,7,8,2,1,1,2,1,1,1,1,5,1,1,8,6,1,1, ?,2,2
9,42,G,3,2005,3,1,1,2,1,1,1,1,1,1,1,5,1,1,8,6,1,1,24,2,2
9,42,F,4,2005,3,1,1,2,1,1,1,1,1,1,1,5,1,1,12,6,1,1, ?,2,2
9,42,F,3,2005,3,1,1,2,1,1,1,1,1,1,1,5,1,1,4,6,?,?, ?,2,2
9,42,F,4,2005,1,1,1,2,1,1,3,1,1,1,1,5,1,1,14,6,1,1, ?,2,2
9,42,F,4,2005,4,1,1,2,1,1,2,1,1,1,1,5,1,1,8,6,1,1, ?,2,2
9,42,F,4,2005,?,3,1,2,1,1,3,1,1,1,1,5,1,1,19,6,?,?, ?,?,?
9,42,F,4,2005,4,1,1,2,1,1,3,1,1,1,1,5,1,1,8,6,1,1, ?,2,2
9,42,G,4,2005,2,1,1,2,1,1,1,1,1,1,1,5,1,1,14,6,1,1,25,2,2
9,42,F,4,2005,2,1,1,2,1,1,1,1,1,1,1,5,1,1,8,6,1,1, ?,2,2
9,42,G,4,2005,4,3,4,2,1,1,3,1,1,1,1,5,1,1,9,6,1,1, ?,2,2
17,42,F,1,2005,2,3,4,2,1,1,1,1,1,1,1,5,1,1,8,6,1,1, ?,2,2
17,42,M,2,2005,1,3,6,2,1,1,2,1,1,1,1,5,1,1,8,6,1,1, ?,2,2
17,42,G,2,2005,2,3,6,2,1,1,1,1,1,1,1,5,1,1,8,6,1,1, ?,2,2
17,42,G,2,2005,2,1,1,2,1,1,1,1,1,1,1,5,1,1,8,6,1,1, ?,2,2
14,42,F,1,2005,2,1,1,2,1,1,2,1,1,1,1,5,1,1,19,6,?,?, ?,?,?
14,42,G,1,2005,2,1,1,2,1,1,1,1,1,1,1,5,1,1,10,6,1,1, ?,2,2
14,42,F,2,2005,3,1,1,2,1,1,1,1,1,1,1,5,1,1,19,6,1,1, ?,2,2
16,42,F,1,2005,4,7,4,2,1,1,3,1,1,1,1,5,1,1,14,6,1,1, ?,2,2
16,42,F,2,2005,4,1,1,2,1,1,3,1,1,1,1,5,1,1,19,6,?,?, ?,?,?
16,42,F,2,2005,2,1,1,2,1,1,1,1,1,1,1,5,1,1,9,6,1,1,28,2,2
16,42,M,2,2005,4,1,1,2,1,1,3,1,1,1,1,5,1,1,10,6,1,1, ?,2,2
12,42,F,1,2005,3,1,1,2,1,1,1,1,1,1,1,5,1,1,9,6,?,?, ?,2,2
12,42,F,1,2005,2,1,1,2,1,1,1,1,1,1,1,5,1,1,8,6,1,1, ?,2,2
12,42,F,1,2005,4,3,1,2,1,1,3,1,1,1,1,5,1,1,9,6,1,1, ?,2,2
12,42,F,1,2005,2,1,1,2,1,1,1,1,1,1,1,5,1,1,10,6,1,1, ?,2,2
12,42,G,1,2005,2,1,1,2,1,1,1,1,1,1,1,5,1,1,10,6,1,1, ?,2,2
12,42,F,1,2005,?,6,6,2,1,1,2,1,1,1,1,5,1,1,8,6,1,1,30,2,2
12,42,G,2,2005,4,1,1,2,1,1,2,1,1,1,1,5,1,1,11,6,?,?, ?,2,2
9,42,G,5,2005,2,2,4,2,1,1,1,1,1,1,1,5,1,1,10,6,1,1,20,2,2
9,42,M,5,2005,1,1,4,2,1,1,3,1,1,1,1,5,1,1,10,6,1,1,27,2,2
9,42,F,6,2005,3,1,4,2,1,1,1,1,1,1,1,5,1,1,10,6,1,1, ?,2,2
9,42,G,6,2005,2,3,6,2,1,1,1,1,1,1,1,5,1,1,10,6,1,1, ?,2,2
9,42,G,6,2005,4,1,4,2,1,1,3,1,1,1,1,5,1,1,10,6,1,1, ?,2,2
9,42,G,7,2005,1,1,1,2,1,1,3,1,1,1,1,5,1,1,13,6,1,1, ?,2,2
9,42,G,7,2005,4,7,4,2,1,1,3,1,1,1,1,5,1,1,13,6,1,1, ?,2,2
9,42,F,7,2005,1,1,1,1,2,1,3,1,1,1,1,5,1,1,19,6,?,?, ?,?,?
9,42,F,7,2005,1,1,1,2,1,1,3,1,1,1,1,5,1,1,19,6,?,?, ?,?,?
9,42,G,7,2005,4,5,6,2,1,1,3,1,1,1,1,5,1,1,8,6,1,1,24,2,2
9,42,G,7,2005,4,1,1,2,1,1,3,1,1,1,1,5,1,1,14,6,1,1, ?,2,2
9,42,F,7,2005,1,1,1,2,1,1,2,1,1,1,1,5,1,1,19,6,1,?, ?,?,?
21,42,F,2,2005,3,1,1,2,2,1,2,1,1,1,1,5,1,1,14,6,?,?, ?,2,2
21,42,F,2,2005,3,1,1,2,1,1,1,1,1,1,1,5,1,1,19,6,?,?, ?,?,?
21,42,F,4,2005,3,1,1,2,2,1,1,1,1,1,1,5,1,1,9,6,1,1, ?,2,2
21,42,G,4,2005,3,1,1,2,2,1,1,1,1,1,1,5,1,1,9,6,1,1, ?,2,2
21,42,F,4,2005,1,1,1,2,2,1,3,1,1,1,1,5,1,1,19,6,?,?, ?,?,?
21,42,F,5,2005,1,1,1,2,2,1,4,1,1,1,1,5,1,1,14,6,1,1, ?,2,2
21,42,F,6,2005,2,3,5,2,2,1,1,1,1,1,1,5,1,1,7,6,1,1, ?,1,2
21,42,F,8,2005,4,7,8,2,1,1,1,1,1,1,1,5,1,1,14,6,1,1, ?,2,2
9,42,M,8,2005,4,7,6,2,1,1,3,1,1,1,1,5,1,1,14,7,1,1,38,2,2
17,42,F,3,2005,2,1,4,2,1,1,1,1,1,1,1,5,1,1,10,6,1,1, ?,2,2
17,42,F,4,2005,3,3,5,2,2,1,1,1,1,1,1,5,1,1,19,6,?,?, ?,?,?
17,42,F,4,2005,3,5,6,2,1,1,1,1,1,1,1,5,1,1,8,6,1,1, ?,2,2
17,42,G,5,2005,3,1,1,2,1,1,1,1,1,1,1,5,1,1,7,6,?,?, ?,?,?
17,42,G,6,2005,3,1,1,2,2,1,1,1,1,1,1,5,1,1,12,6,1,1,35,2,2
17,42,G,7,2005,3,1,1,2,1,1,1,1,1,1,1,5,1,1,10,6,1,1, ?,2,2
17,42,F,7,2005,3,1,1,1,1,1,1,1,1,1,1,5,1,1,5,6,1,1, ?,2,2
17,42,G,4,2005,4,3,6,2,1,1,3,1,1,1,1,5,1,1,10,6,1,1, ?,2,2
11,42,F,4,2005,2,1,1,2,1,1,1,1,1,1,1,5,1,1,19,6,1,1, ?,?,?
11,42,F,4,2005,3,1,1,2,1,1,1,1,1,1,1,5,1,1,11,6,1,1, ?,2,2
11,42,F,4,2005,3,1,1,2,1,1,1,1,1,1,1,5,2,1,8,6,1,1, ?,2,2
11,42,F,5,2005,2,5,6,2,1,1,1,1,1,1,1,5,1,1,8,6,1,1, ?,2,2
11,42,F,5,2005,1,3,6,2,1,1,3,1,1,1,1,5,1,1,10,6,1,1, ?,2,2
11,42,F,5,2005,1,1,4,2,1,1,3,1,1,1,1,5,1,1,14,6,?,?, ?,2,2
11,42,G,5,2005,3,1,1,2,1,1,1,1,1,1,1,5,1,1,8,6,1,1, ?,2,2
11,42,F,5,2005,1,1,4,2,1,1,2,1,1,1,1,5,1,1,14,6,1,1, ?,2,2
11,42,G,6,2005,3,3,6,2,1,1,1,1,1,1,1,5,1,1,8,6,1,1, ?,2,2
11,42,F,6,2005,4,1,1,2,1,1,3,1,1,1,1,5,1,1,19,6,1,1, ?,?,?
11,42,F,6,2005,4,1,1,2,1,1,1,1,1,1,1,5,1,1,14,6,1,1,30,2,2
11,42,F,6,2005,1,1,1,2,1,1,3,1,1,1,1,5,1,1,14,6,1,1, ?,2,2
11,42,G,6,2005,2,5,6,2,1,1,1,1,1,1,1,5,1,1,10,6,1,1,40,2,2
11,42,F,7,2005,1,1,1,2,1,1,3,1,1,1,1,5,1,1,8,6,1,1, ?,2,2
11,42,G,7,2005,1,1,1,2,1,1,3,1,1,1,1,5,1,1,14,6,?,?, ?,2,2
11,42,G,7,2005,4,5,6,2,1,1,3,1,1,1,1,5,1,1,10,6,1,1, ?,2,2
11,42,F,7,2005,1,1,4,2,1,1,3,1,1,1,1,5,1,1,14,6,?,?, ?,2,2
2,42,F,5,2005,2,1,1,2,1,1,2,1,1,1,1,5,1,1,19,6,?,?, ?,?,2
2,42,F,5,2005,1,1,1,2,2,1,2,1,1,1,1,5,1,1,9,6,1,1, ?,?,?
2,42,F,7,2005,2,2,6,2,1,1,1,1,1,1,1,5,1,1,12,6,1,1,32,2,2
2,42,F,7,2005,2,1,1,2,1,1,1,1,1,1,1,5,1,1,9,6,?,?, ?,?,2
2,42,F,7,2005,4,1,1,2,1,1,3,1,1,1,1,5,1,1,9,6,1,1,25,2,2
2,42,F,7,2005,1,1,1,2,1,1,3,1,1,1,1,5,1,1,14,6,1,1, ?,2,2
12,42,F,4,2005,4,6,4,2,1,1,3,1,1,1,1,5,1,1,19,6,?,?, ?,?,2
12,42,F,4,2005,2,3,6,2,1,1,1,1,1,1,1,5,1,1,8,6,1,1, ?,2,2
12,42,F,5,2005,3,1,1,2,2,1,1,1,1,1,1,5,1,1,12,6,?,?, ?,2,2
12,42,F,6,2005,4,1,1,2,1,1,1,1,1,1,1,5,1,1,19,6,?,?, ?,2,2
12,42,F,6,2005,2,5,6,2,1,1,1,1,1,1,1,5,1,1,9,6,1,1, ?,2,2
12,42,F,6,2005,4,1,1,2,1,1,3,1,1,1,1,5,1,1,19,6,?,?, ?,?,2
14,42,G,4,2005,2,3,4,2,1,1,1,1,1,1,1,5,1,1,9,6,1,1, ?,2,2
14,42,F,4,2005,4,1,1,2,1,1,3,1,1,1,1,5,1,1,15,6,1,1, ?,2,2
14,42,F,4,2005,2,7,4,2,1,1,1,1,1,1,1,5,1,1,12,6,1,1, ?,2,2
14,42,F,4,2005,3,1,1,2,1,1,1,1,1,1,1,5,1,1,19,6,?,?, ?,2,2
14,42,F,4,2005,2,1,1,2,1,1,1,1,1,1,1,5,1,1,9,6,1,1, ?,2,2
14,42,G,4,2005,2,?,1,2,1,1,1,1,1,1,1,5,1,1,11,6,1,1, ?,2,2
14,42,M,6,2005,2,5,4,2,1,1,1,1,1,1,1,5,1,1,15,6,1,1, ?,2,2
14,42,G,6,2005,3,3,6,2,1,1,1,1,1,1,1,5,1,1,8,6,1,1, ?,2,2
14,42,G,6,2005,2,1,1,2,1,1,1,1,1,1,1,5,1,1,4,6,1,1,30,2,1
3,42,F,3,2005,4,3,1,2,2,1,3,1,1,1,1,5,1,1,14,6,1,1,30,2,2
3,42,G,5,2005,2,7,8,1,2,1,1,1,1,1,1,5,1,1,9,6,1,1, ?,2,2
3,42,G,5,2005,3,1,1,1,2,1,1,1,1,1,1,5,1,1,10,6,1,1, ?,2,2
3,42,G,6,2005,1,3,1,2,1,1,3,1,1,1,1,5,1,1,14,6,1,1, ?,2,2
3,42,M,7,2005,1,1,1,2,1,1,3,1,1,1,1,5,1,1,14,6,1,1,30,2,2
3,42,G,7,2005,1,3,1,2,1,1,3,1,1,1,1,5,1,1,14,6,1,1,30,2,2
22,42,F,1,2005,4,3,8,1,2,1,3,1,1,1,1,5,1,1,19,6,?,?, ?,?,?
22,42,F,1,2005,4,7,1,2,1,1,2,1,1,1,1,5,1,1,10,6,1,1, ?,2,2
22,42,G,2,2005,3,1,4,2,2,1,1,1,1,1,1,5,1,1,9,6,?,?,42,2,2
22,42,G,3,2005,3,5,4,2,1,1,1,1,1,1,1,5,1,1,9,6,1,1, ?,2,2
22,42,F,3,2005,4,7,1,2,1,1,3,1,1,1,1,5,1,1,9,6,1,1, ?,2,2
22,42,F,4,2005,4,1,8,2,1,1,3,1,1,1,1,5,1,1,19,6,?,?, ?,?,?
22,42,F,4,2005,4,7,8,2,1,1,3,1,1,1,1,5,1,1,19,6,?,?, ?,?,?
18,42,S,2,2005,3,3,4,2,1,1,1,1,1,1,1,5,1,1,14,6,1,1,40,2,2
18,42,F,6,2005,2,1,1,2,2,1,2,1,1,1,1,5,1,1,8,6,1,1, ?,2,2
18,42,F,7,2005,3,1,1,2,1,1,1,1,1,1,1,5,1,1,8,6,1,?, ?,?,2
15,42,F,5,2005,2,1,1,1,1,1,2,1,1,1,1,5,1,1,9,6,1,1,30,2,2
15,42,F,7,2005,4,1,1,1,1,1,3,1,1,1,1,5,1,1,8,6,1,1, ?,2,2
15,42,F,8,2005,3,7,2,1,2,1,1,1,1,1,1,5,1,1,14,6,1,1, ?,2,2
15,42,F,8,2005,2,1,1,1,1,1,1,1,1,1,1,5,1,1,8,6,1,1,28,2,2
8,42,G,5,2005,4,1,4,2,1,1,3,1,1,1,1,5,1,1,8,6,1,1, ?,2,2
8,42,F,5,2005,4,1,1,2,2,1,3,1,1,1,1,5,1,1,5,6,1,1, ?,2,2
8,42,G,6,2005,2,1,1,2,1,1,1,1,1,1,1,5,1,1,10,6,1,1, ?,2,2
8,42,F,8,2005,2,5,6,2,1,1,1,1,1,1,1,5,1,1,4,6,1,1,32,2,2
8,42,F,9,2005,3,3,1,2,1,1,1,1,1,1,1,5,1,1,9,6,1,1, ?,2,2
8,42,F,9,2005,3,1,1,2,1,1,1,1,1,1,1,5,1,1,9,6,1,1, ?,2,2
8,42,G,9,2005,2,3,4,2,1,1,1,1,1,1,1,5,1,1,10,6,1,1, ?,2,2
8,42,F,10,2005,4,1,1,2,1,1,3,1,1,1,1,5,1,1,8,6,1,1, ?,2,2
1,42,F,5,2005,2,1,4,2,1,1,1,1,1,1,1,5,1,1,8,6,1,1, ?,2,2
1,42,F,5,2005,3,2,6,2,1,1,1,1,1,1,1,5,1,1,8,6,1,1, ?,2,2
1,42,F,5,2005,4,2,6,2,1,1,3,1,1,1,1,5,1,1,4,6,1,1, ?,2,2
1,42,F,5,2005,2,2,6,2,1,1,1,1,1,1,1,5,1,1,10,6,1,1, ?,2,2
1,42,F,6,2005,4,5,6,2,1,1,3,1,1,1,1,5,1,1,9,6,1,1, ?,2,2
1,42,F,6,2005,2,2,6,2,1,1,1,1,1,1,1,5,1,1,9,6,1,1, ?,2,2
1,42,M,7,2005,3,1,4,2,1,1,1,1,1,1,1,5,1,1,8,6,1,1, ?,2,2
1,42,G,7,2005,3,1,1,2,1,1,1,1,1,1,1,5,1,1,8,6,1,1, ?,2,2
1,42,F,7,2005,4,5,6,2,1,1,3,1,1,1,1,5,1,1,14,6,1,1, ?,2,2
1,42,G,7,2005,2,1,1,2,2,1,1,1,1,1,1,5,1,1,9,6,1,1,26,2,2
1,42,F,7,2005,2,1,1,2,1,1,1,1,1,1,1,5,1,1,9,6,1,1, ?,2,2
1,42,F,8,2005,4,1,1,2,2,1,3,1,1,1,1,5,1,1,5,6,1,1, ?,2,2
1,42,M,8,2005,4,1,1,2,1,1,3,1,1,1,1,5,1,1,8,6,1,1, ?,2,2
1,42,F,8,2005,1,1,1,2,1,1,3,1,1,1,1,5,1,1,14,6,1,1, ?,2,2
1,42,G,9,2005,4,3,6,2,1,1,2,1,1,1,1,5,1,1,7,6,1,1, ?,2,2
1,42,F,9,2005,4,1,1,2,1,1,3,1,1,1,1,5,1,1,8,6,1,1,30,2,2
1,42,G,10,2005,2,2,6,2,1,1,1,1,1,1,1,5,1,1,10,6,1,1, ?,2,2
1,42,G,10,2005,3,1,1,2,1,1,1,1,1,1,1,5,1,1,8,6,1,1,30,2,2
1,42,M,9,2005,2,1,1,2,1,1,1,1,1,1,1,5,1,1,8,6,1,1, ?,2,2
1,42,F,10,2005,2,1,1,2,1,1,1,1,1,1,1,5,1,1,8,6,1,1, ?,2,2
1,42,G,11,2005,2,1,1,2,1,1,1,1,1,1,1,5,1,1,4,6,1,1, ?,2,2
1,42,F,11,2005,3,2,6,2,1,1,1,1,1,1,1,5,1,1,8,6,1,1,25,2,2
1,42,F,11,2005,4,1,1,2,1,1,3,1,1,1,1,5,1,1,14,6,1,1, ?,2,2
1,42,G,11,2005,2,3,1,2,2,1,1,1,1,1,1,5,1,1,10,6,1,1,22,2,2
1,42,G,11,2005,2,2,6,2,1,1,1,1,1,1,1,5,1,1,8,6,1,1, ?,2,2
1,42,F,11,2005,3,2,6,2,1,1,1,1,1,1,1,5,1,1,8,6,1,1, ?,2,2
1,42,F,11,2005,1,1,1,2,2,1,3,1,1,1,1,5,1,1,19,6,1,1, ?,2,2
1,42,G,12,2005,3,2,6,2,1,1,1,1,1,1,1,5,1,1,9,6,1,1, ?,2,2
1,42,G,12,2005,2,1,1,2,1,1,1,1,1,1,1,5,1,1,11,6,1,1, ?,2,2
1,42,F,12,2005,3,1,1,2,1,1,1,1,1,1,1,5,1,1,8,6,1,1, ?,2,2
1,42,F,12,2005,3,2,4,2,1,1,1,1,1,1,1,5,1,1,12,6,1,1,26,2,2
10,42,F,2,2005,4,1,1,1,1,1,3,1,1,1,1,5,1,1,8,6,1,1, ?,2,2
10,42,F,2,2005,2,1,1,2,2,1,1,1,1,1,1,5,1,1,12,6,1,1, ?,2,2
10,42,F,2,2005,2,1,1,2,2,1,2,1,1,1,1,5,1,1,14,6,1,1, ?,2,2
10,42,F,2,2005,1,3,6,1,1,1,3,1,1,1,1,5,1,1,9,6,1,1, ?,2,2
10,42,F,2,2005,4,1,1,2,1,1,4,1,1,1,1,5,1,1,14,6,1,1, ?,2,2
10,42,F,2,2005,1,1,1,2,2,1,4,1,1,1,1,5,1,1,19,6,1,1, ?,2,2
10,42,F,3,2005,1,3,5,1,1,1,3,1,1,1,1,5,1,1,19,6,1,1, ?,?,?
10,42,F,4,2005,3,1,1,2,2,1,1,1,1,1,1,5,1,1,12,6,1,1, ?,2,2
10,42,F,4,2005,1,1,1,2,2,1,4,1,1,1,1,5,1,1,14,6,1,1, ?,2,2
10,42,F,4,2005,3,3,6,1,1,1,1,1,1,1,1,5,1,1,9,6,1,1, ?,2,2
10,42,M,4,2005,2,1,1,1,1,1,1,1,1,1,1,5,1,1,7,6,1,1, ?,2,2
10,42,F,5,2005,3,1,1,2,2,1,1,1,1,1,1,5,1,1,19,6,1,1, ?,?,2
10,42,F,6,2005,1,1,1,2,2,1,3,1,1,1,1,5,1,1,14,6,1,1, ?,2,2
2,42,M,8,2005,3,1,1,1,1,1,1,1,1,1,1,5,1,1,14,6,1,1, ?,2,2
2,42,F,8,2005,1,5,5,1,1,1,2,1,1,1,1,5,1,1,14,9,1,1, ?,?,2
2,42,F,8,2005,2,1,1,1,1,1,1,1,1,1,1,5,1,1,8,6,1,1, ?,2,2
2,42,F,8,2005,1,1,1,1,1,1,3,1,1,1,1,5,1,1,14,6,1,1, ?,2,2
2,42,G,9,2005,2,1,1,1,1,1,1,1,1,1,1,5,1,1,8,6,1,1,22,2,2
2,42,F,9,2005,4,1,1,2,2,1,3,1,1,1,1,5,1,1,19,6,1,1, ?,?,?
2,42,M,10,2005,2,2,4,1,1,1,2,1,1,1,1,5,1,1,9,6,1,1, ?,2,2
2,42,F,10,2005,3,5,6,1,1,1,1,1,1,1,1,5,1,1,9,6,1,1, ?,2,2
2,42,F,10,2005,2,1,1,1,1,1,1,1,1,1,1,5,1,1,8,6,1,1, ?,2,2
2,42,F,10,2005,3,1,1,1,1,1,1,1,1,1,1,5,1,1,15,6,1,1, ?,2,2
2,42,F,10,2005,2,1,1,1,1,1,1,1,1,1,1,5,1,1,19,6,1,1, ?,?,?
2,42,F,11,2005,1,2,1,1,1,1,3,1,1,1,1,5,1,1,15,6,1,1, ?,2,2
10,42,F,8,2005,4,1,1,2,2,1,4,1,1,1,1,5,1,1,8,6,1,1, ?,2,2
10,42,G,9,2005,1,1,1,2,2,1,3,1,1,1,1,5,1,1,10,6,1,1, ?,2,2
10,42,G,9,2005,1,1,5,1,1,1,3,1,1,1,1,5,1,1,7,6,1,1, ?,2,2
10,42,G,9,2005,2,1,1,1,1,1,1,1,1,1,1,5,1,1,8,6,1,1, ?,2,2
10,42,F,10,2005,3,1,1,2,2,1,1,1,1,1,1,5,1,1,11,6,1,1, ?,2,2
10,42,F,11,2005,2,1,1,2,2,1,1,1,1,1,1,5,1,1,9,6,1,1, ?,2,2
10,42,F,11,2005,2,1,1,1,1,1,1,1,1,1,1,5,1,1,19,6,?,?, ?,?,?
10,42,F,11,2005,2,1,1,2,2,1,1,1,1,1,1,5,1,1,14,6,1,1, ?,2,2
10,42,F,12,2005,4,3,5,1,1,1,3,1,1,1,1,5,1,1,13,6,1,1, ?,?,2
10,42,F,12,2005,1,3,5,1,1,1,3,1,1,1,1,5,1,1,14,6,1,1, ?,2,2
10,42,F,12,2005,1,1,1,2,2,1,4,1,1,1,1,5,1,1,14,6,1,1, ?,2,2
10,42,F,12,2005,4,1,1,2,2,1,3,1,1,1,1,5,1,1,14,6,1,1, ?,2,2
4,42,F,1,2005,2,1,1,2,2,1,1,1,1,1,1,5,1,1,19,6,?,?, ?,?,?
4,42,F,1,2005,1,1,1,2,2,1,3,1,1,1,1,5,1,1,14,6,?,?, ?,?,2
4,42,F,1,2005,3,2,4,1,1,1,1,1,1,1,1,5,1,1,9,6,1,1, ?,?,2
4,42,F,2,2005,4,1,1,2,2,1,3,1,1,1,1,5,1,1,14,6,1,1, ?,2,2
4,42,F,2,2005,1,7,4,1,1,1,3,1,1,1,1,5,1,1,14,6,1,1, ?,?,?
4,42,F,2,2005,1,2,4,1,1,1,2,1,1,1,1,5,1,1,9,6,1,1, ?,2,2
4,42,F,4,2005,2,1,1,2,2,1,1,1,1,1,1,5,1,1,14,6,1,1, ?,2,2
4,42,F,6,2005,4,1,1,2,2,1,3,1,1,1,1,5,1,1,9,6,1,1, ?,2,2
4,42,F,7,2005,2,1,1,1,1,1,1,1,1,1,1,5,1,1,14,6,1,1, ?,2,2
4,42,F,9,2005,2,1,1,2,2,1,2,1,1,1,1,5,1,1,12,6,1,1,24,2,2
4,42,F,9,2005,3,1,1,1,1,1,1,1,1,1,1,5,1,1,9,6,1,1,22,2,2
4,42,F,10,2005,1,1,1,2,2,1,3,1,1,1,1,5,1,1,8,6,1,1, ?,2,2
4,42,F,11,2005,1,1,1,2,2,1,2,1,1,1,1,5,1,1,14,6,1,1, ?,?,?
4,42,F,11,2005,3,1,1,2,2,1,1,1,1,1,1,5,1,1,14,6,1,1, ?,2,2
6,42,F,5,2005,2,1,1,1,1,1,1,1,1,1,1,5,1,1,19,6,?,?, ?,?,?
6,42,F,5,2005,4,1,1,2,2,1,3,1,1,1,1,5,1,1,14,6,1,1, ?,2,2
6,42,F,4,2005,2,1,1,2,2,1,1,1,1,1,1,5,1,1,19,6,?,?, ?,?,?
6,42,F,5,2005,2,1,1,2,2,1,1,1,1,1,1,5,1,1,8,6,1,1, ?,2,2
6,42,F,5,2005,4,1,1,2,2,1,3,1,1,1,1,5,1,1,16,6,?,?, ?,?,?
6,42,F,6,2005,2,1,1,1,1,1,1,1,1,1,1,5,1,1,8,6,1,1, ?,2,2
6,42,F,6,2005,2,2,4,1,1,1,1,1,1,1,1,5,1,1,12,6,1,1,35,2,2
6,42,F,6,2005,3,1,1,2,2,1,1,1,1,1,1,5,1,1,9,6,1,1, ?,2,2
6,42,F,6,2005,4,1,1,2,2,1,3,1,1,1,1,5,1,1,9,6,1,1, ?,2,2
6,42,G,7,2005,4,5,6,1,1,1,3,1,1,1,1,5,1,1,9,6,1,1, ?,2,2
6,42,F,7,2005,1,1,1,2,2,1,3,1,1,1,1,5,1,1,13,6,1,1,35,2,2
6,42,F,7,2005,1,1,1,2,2,1,4,1,1,1,1,5,1,1,8,6,1,1, ?,2,2
6,42,F,7,2005,3,1,1,2,2,1,1,1,1,1,1,5,1,1,8,6,1,1, ?,2,2
6,42,F,7,2005,4,1,1,1,1,1,3,1,1,1,1,5,1,1,14,6,1,1, ?,2,2
6,42,F,7,2005,4,1,1,1,1,1,3,1,1,1,1,5,1,1,14,6,1,1, ?,2,2
6,42,F,7,2005,1,5,6,1,1,1,3,1,1,1,1,5,1,1,14,6,1,1, ?,2,2
8,26,F,1,2005,4,7,3,1,1,3,1,1,1,1,1,1,3,2,14,6,1,1,30,1,2
3,26,F,1,2005,3,1,3,2,2,1,1,1,1,1,1,1,1,2, ?, ?,1,6,40,2,2
7,26,F,5,2005,2,1,1,2,1,1,1,1,2,1,1,4,1,2,4,6,1,7,35,1,2
7,26,G,5,2005,3,1,1,2,2,1,1,1,1,3,2,4,4,2,14,6,1,7,45,2,2
6,26,F,5,2005,3,7,8,2,2,1,1,1,1,3,2,4,1,2,14,1,1,7,30,1,2