Thana,District,Accident_Severity,Month,Year,Time,Junction_Type,Traffic_Control,Movement,Divider,Weather,Light,Road_Geometry,Surface_Condition,Surface_Type,Surface_Quality,Road_Class,Road_Feature,Location_Type,Vehicle_Type,Vehicle_Movement,Vehicle_Loading,Vehicle_Defect,Vehicle_Driver_Age,Vehicle_Alcohol,Vehicle_Seat_Belt
4,26,F,8,2005,4,3,3,2,1,1,4,2,1,1,1,1,1,2,14,6,1,7, ?,1,2
4,26,F,8,2005,2,1,1,2,2,2,1,2,2,1,1,1,1,2,9,5,1,7,40,1,2
6,26,F,8,2005,3,1,1,2,1,1,1,1,1,1,1,3,1,2,4,11,1,1,25,1,2
4,26,F,12,2005,3,1,1,1,2,1,1,1,1,1,1,1,1,2,14,11,1,7,30,1,2
1,24,F,2,2005,2,1,1,2,2,1,1,1,1,1,1,1,1,2,17,4,1,7,30,2,2
1,21,F,2,2005,3,1,1,1,2,1,1,1,1,1,1,1,1,2,9,5,1,1, ?,1,2
1,21,F,2,2005,4,1,1,2,2,1,2,1,1,1,1,1,1,2,9,6,1,1,45,1,2
1,21,F,3,2005,2,1,1,2,2,1,1,1,1,1,1,1,1,2,9,6,1,1,30,1,2
4,21,F,4,2005,4,1,1,2,2,1,4,1,1,1,1,2,1,2,8,6,1,1,35,1,2
1,21,F,5,2005,3,1,1,2,2,1,1,1,1,1,1,1,1,2,9,6,1,1,38,1,2
1,21,F,5,2005,3,1,1,2,2,1,1,1,1,1,1,1,1,2,14,6,1,1,40,1,2
1,21,F,1,2005,1,1,1,2,2,4,2,1,1,1,1,2,1,1,14,6,1,1,40,1,2
3,21,F,1,2005,3,1,1,2,2,1,1,1,1,1,1,1,1,1,9,2,2,1,40,2,2
1,21,F,6,2005,4,1,1,2,2,1,1,1,1,1,1,2,1,2,9,6,2,1, ?,1,2
1,21,F,12,2005,2,1,1,2,2,4,1,1,2,1,1,3,1,2,8,6,1,1,40,1,2
2,22,F,8,2005,2,5,1,2,2,1,1,1,1,1,1,4,1,2,9,7,2,1, ?,1,2
1,22,F,6,2005,2,2,1,2,2,1,1,1,1,1,1,1,1,2,7,6,1,1, ?,2,2
1,22,F,4,2005,2,7,8,2,2,1,1,1,1,1,1,1,1,2,14,6,1,7,42,1,2
1,22,F,4,2005,3,3,5,2,2,1,1,1,1,1,1,1,1,2,9,6,1,1, ?,2,2
1,22,F,4,2005,1,1,5,2,2,1,4,1,1,1,1,1,1,2,6,1,1,7, ?,2,2
1,22,F,11,2005,3,1,1,1,2,1,1,1,1,1,1,1,1,1,9,6,1,1, ?,1,2
1,22,F,11,2005,3,1,1,1,2,1,1,1,1,1,1,3,1,2,9,6,1,1, ?,1,2
4,22,F,1,2005,2,1,1,2,2,1,1,1,1,1,1,1,1,2,9,4,1,7,42,2,2
1,22,F,1,2005,2,1,1,2,1,1,1,1,1,1,1,1,1,2,12,6,1,1, ?,2,2
1,22,F,1,2005,3,2,1,2,2,1,1,1,1,1,1,1,1,2,7,6,1,1,29,2,2
2,19,F,8,2005,2,7,1,2,2,1,1,2,1,1,1,3,1,2,9,1,1,1,45,2,2
2,19,F,10,2005,3,1,1,1,2,1,1,1,1,1,1,2,1,2,9,6,1,7, ?,1,2
3,19,G,11,2005,2,7,1,2,2,1,1,1,1,1,3,1,2,?,4,2,1,1,42,2,2
1,19,F,1,2005,3,1,1,2,2,1,1,1,1,1,1,2,1,2,9,6,1,1, ?,2,2
1,23,F,1,2005,2,1,3,1,2,1,1,1,1,1,1,4,1,1,15,1,1,1, ?,2,2
1,28,F,6,2005,1,1,8,2,2,1,4,1,1,1,1,1,1,2,7,6,1,1, ?,2,2
3,14,F,7,2005,2,7,1,2,2,1,1,3,1,3,2,4,4,1,14,6,1,2,30,2,2
3,14,F,7,2005,2,1,3,1,2,1,1,1,1,1,1,5,1,1,4,6,1,1,30,2,2
2,14,F,7,2005,4,1,1,2,2,1,4,1,1,1,1,5,1,1,14,6,2,1,28,1,2
1,14,F,8,2005,3,1,1,2,2,1,1,1,1,1,1,5,1,1,17,6,1,1,20,1,2
2,14,G,9,2005,2,1,2,2,1,1,2,1,1,1,1,5,1,1,14,6,1,7,42,2,2
1,14,G,10,2005,2,3,2,2,2,1,1,1,1,1,1,5,1,1,6,4,1,1,20,2,2
4,14,F,10,2005,2,1,1,2,2,1,1,1,1,1,1,2,1,1,8,6,1,1,28,2,2
4,14,F,10,2005,3,1,3,1,2,1,1,1,1,1,1,5,1,2,6,6,1,1,32,2,2
4,14,F,10,2005,2,1,1,2,2,1,1,1,1,1,1,5,1,1,9,6,1,1, ?,2,2
2,14,G,11,2005,3,7,1,2,2,1,1,1,1,1,1,1,1,1,12,6,1,1,22,2,2
2,14,F,11,2005,2,1,1,2,2,4,2,1,1,1,1,1,1,1,9,6,1,1, ?,1,2
3,14,F,11,2005,2,1,1,2,1,1,2,1,1,1,1,5,1,1,8,11,1,7, ?,2,2
1,14,F,11,2005,1,2,1,1,1,1,3,1,1,1,1,5,1,1,9,5,2,7, ?,1,2
3,14,F,7,2005,3,1,1,2,2,1,1,1,1,1,1,5,1,1,8,6,1,1,32,2,2
3,14,F,1,2005,3,1,1,1,2,1,1,1,1,1,1,5,1,1,11,6,1,3,23,2,2
1,14,F,2,2005,3,1,8,1,2,1,1,1,1,3,1,5,1,1,14,6,1,1,45,1,2
2,14,G,2,2005,2,1,1,2,1,1,1,1,1,1,1,5,1,1,7,6,1,1,25,2,2
3,14,F,2,2005,3,1,1,2,2,1,1,1,1,1,1,1,1,1,4,6,1,1,40,2,2
4,14,F,3,2005,3,1,1,2,2,1,1,1,1,1,1,5,1,1,8,5,1,1,28,2,2
3,14,F,3,2005,2,1,1,2,2,1,2,1,1,1,1,5,1,1,9,6,1,1, ?,2,2
2,14,F,4,2005,2,1,2,2,1,1,1,1,1,1,1,1,1,1,8,6,1,1,35,2,2
1,14,F,4,2005,3,1,1,2,2,1,1,1,1,1,1,5,1,1,5,4,1,1,22,2,2
3,14,F,5,2005,4,7,4,2,2,1,1,1,1,1,1,1,1,1,14,6,1,7, ?,1,2
3,14,F,5,2005,3,1,2,2,2,1,4,1,1,1,3,5,1,1,14,6,1,1, ?,1,2
2,14,F,6,2005,4,7,1,1,1,4,1,1,1,1,1,5,1,1,9,6,1,7, ?,1,2
3,14,F,6,2005,2,3,4,2,2,1,1,3,1,1,1,5,1,1,10,6,1,7,35,1,2
2,14,F,2,2005,3,1,1,2,2,1,1,1,1,1,1,5,1,1,4,6,1,1,40,2,2
5,4,S,5,2005,3,1,1,1,1,1,1,1,1,1,1,2,1,2,16,6,1,1, ?,2,2
1,12,F,2,2005,1,1,1,2,2,1,1,1,1,1,1,2,2,2,8,6,1,1, ?,2,2
1,12,F,6,2005,1,1,1,2,2,1,1,1,2,1,1,2,1,1,13,6,1,1,40,2,2
3,12,F,1,2005,2,1,1,2,2,1,1,1,1,1,2,1,2,?,14,6,1,1, ?,2,2
3,12,F,3,2005,1,1,1,2,2,1,1,1,5,1,2,2,1,2,19,6,1,1, ?,2,2
4,12,F,5,2005,1,7,1,2,2,1,1,1,1,1,1,2,1,2,6,11,1,1,30,2,2
6,15,F,4,2005,2,7,2,1,2,1,1,1,1,1,1,1,1,2,13,11,1,1,45,2,2
6,15,F,2,2005,1,1,1,2,2,1,4,1,1,1,1,1,1,2,14,11,1,1,39,2,2
6,15,F,1,2005,1,1,1,2,2,1,4,1,1,1,1,1,1,2,19,11,1,1, ?,2,2
4,15,F,3,2005,2,2,1,2,2,1,1,1,1,1,1,1,1,2,9,6,1,1,42,2,2
4,15,F,3,2005,1,1,1,2,2,1,2,1,1,1,1,1,1,2,9,6,1,1, ?,2,2
4,13,F,1,2005,1,1,1,2,2,1,2,1,1,1,1,1,1,2,9,6,1,1, ?,2,2
1,15,S,3,2005,4,1,1,2,2,1,2,1,1,1,1,1,1,2,12,6,1,1,25,2,2
6,15,F,4,2005,2,1,1,2,2,1,1,1,1,1,1,1,1,2,13,11,1,7, ?,2,2
7,15,F,4,2005,1,1,1,2,2,1,4,1,1,1,2,1,2,?,13,6,1,1, ?,2,2
3,15,F,1,2005,1,1,1,2,2,1,2,1,1,1,1,3,1,2,4,6,1,1, ?,2,2
3,15,F,4,2005,2,1,1,2,2,1,1,1,1,1,1,1,1,2,14,6,1,1,40,2,2
3,15,F,5,2005,1,1,1,2,2,1,4,1,1,1,1,1,1,2,19,11,1,1, ?,2,2
1,15,F,6,2005,1,1,1,2,2,1,4,1,1,1,1,1,1,2,14,6,1,1,35,2,2
1,4,F,6,2005,2,1,1,2,2,1,1,1,1,1,1,3,1,2,8,6,1,1, ?,2,2
1,4,F,4,2005,4,3,1,2,2,1,4,1,1,1,1,2,1,2,8,6,1,1,38,2,2
6,4,F,3,2005,3,1,1,2,2,1,1,1,1,1,1,1,1,2,9,6,1,1, ?,2,2
4,4,F,4,2005,1,1,1,2,2,1,1,1,1,1,1,3,1,2,14,1,1,1,40,2,2
4,4,F,5,2005,1,7,1,2,2,1,4,1,1,1,1,3,1,2,9,6,1,1,30,2,2
10,3,F,6,2005,2,1,3,2,2,1,1,1,1,1,1,3,1,2,9,6,1,1,45,2,2
5,3,F,6,2005,1,1,1,2,2,1,1,2,1,1,1,3,1,2,8,9,2,1,44,2,2
12,3,F,6,2005,3,1,7,2,2,1,1,1,1,1,1,4,1,2,7,11,1,1,30,2,2
1,3,G,1,2005,1,1,1,2,2,1,4,2,1,1,1,1,1,2,10,6,1,1, ?,2,2
1,3,F,2,2005,1,1,1,2,2,1,1,1,1,1,1,1,1,2,19,6,1,1,20,2,2
1,3,F,3,2005,1,1,1,2,2,2,4,1,1,2,1,1,1,2,9,6,1,1, ?,2,2
1,3,G,4,2005,2,1,1,2,2,2,1,2,1,1,1,1,1,2,3,6,1,1, ?,2,2
3,3,F,4,2005,3,7,2,2,2,1,1,1,1,1,1,2,1,2,9,2,1,1,40,2,2
13,3,S,5,2005,3,1,1,2,2,1,1,1,1,1,1,2,1,2,9,5,1,1,50,2,2
2,3,F,3,2005,3,1,1,2,2,1,1,1,1,1,1,4,1,2,9,6,1,1,43,2,2
3,3,G,3,2005,3,1,1,2,2,1,1,1,1,1,2,2,1,2,7,5,1,1,40,2,2
13,3,F,1,2005,2,1,1,2,2,4,1,1,1,1,1,4,1,2,4,6,1,1, ?,2,2
6,3,F,1,2005,4,1,1,2,2,1,1,1,1,1,1,2,1,2,19,6,1,1, ?,1,2
4,3,S,1,2005,1,1,1,2,2,1,4,1,1,1,1,3,1,2,9,6,1,1,45,2,2
4,3,F,1,2005,2,1,3,2,2,1,1,1,1,1,1,3,1,2,9,6,1,1,35,2,2
1,16,F,5,2005,2,1,1,2,2,1,1,1,1,1,1,4,1,2,8,6,1,1,30,2,2
6,16,F,2,2005,1,1,1,2,1,1,2,1,1,1,1,1,1,2,9,6,1,1, ?,2,2
6,16,F,5,2005,3,1,1,1,1,1,2,3,1,1,1,1,1,2,9,6,1,1, ?,2,2
2,7,F,4,2005,2,1,1,2,2,1,1,1,1,1,1,4,1,2,9,6,1,1,34,1,2
1,7,F,4,2005,1,1,1,2,2,1,2,1,1,1,1,1,1,2,14,6,1,1,41,1,2
1,7,G,6,2005,3,3,1,2,2,1,1,1,1,1,1,2,1,2,12,6,1,1,25,2,2
3,7,F,6,2005,1,1,1,1,1,1,1,1,1,1,1,2,1,2,5,6,1,1, ?,2,2
10,7,F,6,2005,2,1,1,2,2,1,1,1,1,1,1,2,1,2,19,6,1,1, ?,2,2
1,7,F,6,2005,3,1,1,1,2,1,1,1,1,1,1,2,1,1,14,6,1,1, ?,2,2
10,7,F,6,2005,1,1,1,2,2,1,1,1,1,1,1,2,1,2,12,6,1,1, ?,2,2
7,7,F,1,2005,4,1,1,2,2,4,4,2,1,1,1,3,1,2,8,6,1,1,35,2,2
1,7,F,5,2005,1,1,1,2,2,1,2,1,1,1,1,3,1,2,19,6,1,1, ?,2,2
1,7,F,6,2005,1,7,2,2,2,1,1,1,1,1,1,1,1,2,8,11,1,1,30,2,2
1,7,F,6,2005,3,7,1,2,2,1,1,1,1,1,1,3,1,2,9,11,1,1, ?,2,2
12,9,F,4,2005,1,1,1,2,2,1,2,1,1,1,1,1,1,2,9,5,1,1, ?,1,2
12,9,S,4,2005,4,1,1,2,2,1,4,1,1,1,1,1,1,2,5,6,1,1,30,2,2
12,9,S,3,2005,3,1,1,2,2,1,1,2,1,1,1,1,1,2,9,11,1,1,45,2,2
12,9,F,5,2005,3,1,3,2,2,1,1,1,1,1,1,1,1,2,9,5,1,1, ?,1,2
1,9,F,4,2005,2,1,1,2,2,1,2,1,1,1,1,1,1,2,14,1,1,1, ?,2,2
10,9,G,4,2005,4,1,1,2,2,1,4,1,1,1,1,1,1,2,13,4,1,1,40,2,2
12,9,F,6,2005,1,1,1,2,2,1,1,1,1,1,1,1,1,2,9,6,1,1, ?,2,2
12,9,G,1,2005,1,1,1,2,2,1,1,1,1,1,1,1,1,2,1,5,1,1,35,1,2
1,9,F,6,2005,2,1,2,2,2,1,3,2,1,1,1,1,1,1,8,6,1,1, ?,2,2
12,9,F,6,2005,4,1,1,2,2,1,2,1,1,1,2,2,1,1,7,6,1,1,31,2,2
11,9,G,5,2005,3,1,1,2,2,2,1,1,1,1,1,2,1,2,14,6,1,1, ?,2,2
6,9,F,4,2005,3,1,1,1,1,1,1,1,1,1,1,4,1,2,13,6,1,1,22,2,2
1,9,F,1,2005,2,7,8,2,2,1,1,1,1,1,1,5,1,1,9,7,1,1,15,2,2
7,16,F,3,2005,3,1,1,2,2,1,2,1,1,1,1,2,1,2,14,6,1,1, ?,2,2
7,16,F,3,2005,2,1,1,1,2,1,1,1,1,1,1,2,1,2,8,6,1,1, ?,1,2
7,16,F,4,2005,1,1,1,1,2,1,2,1,1,1,1,3,1,2,14,6,1,1, ?,2,2
9,16,F,3,2005,3,1,1,2,2,1,1,1,1,1,1,1,1,2,14,6,1,7, ?,2,2
5,16,F,2,2005,3,1,1,2,2,1,1,1,1,1,1,3,1,2,8,6,1,1, ?,1,2
5,16,F,3,2005,2,1,8,2,2,1,1,2,1,1,1,2,1,2,13,11,1,1,35,1,2
5,16,F,4,2005,3,2,8,2,2,1,2,1,1,1,1,2,1,2,9,6,1,1, ?,1,2
5,16,F,4,2005,3,1,8,2,2,1,1,1,1,1,1,2,1,2,11,11,1,1,35,1,2
11,16,G,1,2005,2,5,3,2,2,1,1,1,1,1,1,1,1,2,8,6,1,1, ?,2,2
11,16,G,2,2005,2,7,1,2,2,1,1,1,1,1,1,1,1,2,9,6,1,1, ?,2,2
11,16,F,2,2005,3,7,1,2,2,1,1,1,1,1,1,1,1,2,7,6,1,1, ?,2,2
11,16,F,6,2005,1,7,8,2,2,1,4,2,1,1,1,1,1,2,9,1,1,1, ?,2,2
10,16,F,4,2005,1,7,8,2,2,1,2,1,1,1,1,1,2,2,19,11,1,7, ?,1,2
7,13,G,6,2005,1,1,1,2,2,1,1,2,1,1,1,5,1,2,19,6,1,1,35,2,2
4,15,F,1,2005,2,1,1,2,2,1,2,1,1,1,1,1,1,2,9,6,1,1, ?,2,2
9,13,F,4,2005,3,1,1,1,2,1,1,1,1,3,3,4,1,2,13,6,1,1, ?,2,2
2,13,G,4,2005,3,1,1,1,1,1,1,1,1,1,1,2,1,2,14,6,1,1, ?,2,2
2,15,F,6,2005,1,1,1,2,2,1,1,1,1,1,1,4,1,2,16,11,1,1, ?,2,2
5,6,F,4,2005,2,1,1,2,2,1,1,1,1,1,1,1,1,2,4,6,1,1,22,2,2
5,6,F,3,2005,3,1,1,2,2,1,1,2,1,1,1,1,1,2,9,2,1,1,38,2,2
5,6,F,2,2005,1,5,1,2,2,4,2,2,1,1,1,1,1,2,9,2,1,1,35,2,2
4,6,G,4,2005,2,1,1,1,2,1,2,1,1,1,1,1,1,2,14,6,1,1, ?,2,2
1,6,G,3,2005,?,1,1,2,2,1,1,1,1,1,1,1,1,2,9,6,1,1,45,2,2
1,6,F,2,2005,3,1,1,2,2,1,1,1,1,1,1,1,1,2,8,5,1,1, ?,2,2
1,6,F,1,2005,1,1,1,2,2,1,1,1,1,1,1,1,1,2,8,6,1,1, ?,2,2
2,2,F,3,2005,1,1,1,2,2,1,2,1,2,1,1,2,1,2,14,6,1,1, ?,2,2
5,2,F,1,2005,3,1,1,2,2,1,1,1,1,1,1,2,1,2,9,6,1,1, ?,2,2
1,2,F,1,2005,?,1,1,2,2,4,1,1,1,1,1,3,1,2,8,6,1,1, ?,2,2
5,10,F,5,2005,1,1,1,2,2,1,1,1,1,1,1,2,1,2,8,6,1,1,38,2,2
8,13,F,6,2005,2,7,1,2,2,2,1,4,2,1,1,1,1,2,9,2,1,1,36,2,2
8,13,F,7,2005,1,7,1,2,2,1,1,2,1,1,1,1,1,2,14,6,1,1, ?,2,2
8,13,F,1,2005,2,1,1,2,2,1,1,1,1,1,1,1,1,2,14,11,1,1, ?,1,2
8,13,F,2,2005,2,1,1,2,2,1,1,1,1,1,1,1,1,2,14,6,1,1, ?,1,2
8,13,S,3,2005,2,1,3,2,2,1,1,1,1,1,1,1,1,2,13,1,1,1, ?,2,2
8,13,F,5,2005,2,1,4,2,2,1,1,1,1,1,1,1,1,1,9,8,1,1, ?,2,2
4,13,F,7,2005,3,3,1,2,2,2,1,2,1,1,1,3,1,2,4,6,2,1, ?,1,2
5,13,F,1,2005,3,1,1,2,1,1,1,1,1,1,1,2,1,2,8,6,1,1, ?,2,2
5,13,G,3,2005,2,1,1,1,1,1,1,1,1,1,1,4,1,2,4,6,1,1,30,2,2
6,13,F,8,2005,2,1,1,2,2,1,1,1,1,1,1,2,1,2,9,6,1,1,40,2,2
7,13,G,7,2005,2,1,1,2,2,1,1,2,1,1,1,2,1,2,14,2,1,1,34,2,2
7,13,F,8,2005,2,1,1,2,2,1,1,2,1,1,1,4,1,2,14,1,1,1,28,2,2
7,13,F,8,2005,3,1,1,2,2,1,1,1,1,1,1,2,1,2,7,6,1,1, ?,2,2
7,13,F,12,2005,1,1,1,2,2,1,1,2,1,1,1,3,1,2,4,6,1,1,32,2,2
9,13,F,1,2005,4,1,1,2,2,1,1,1,1,1,1,2,1,2,19,6,1,1,28,1,2
9,13,G,2,2005,2,1,1,2,2,1,1,1,1,1,1,2,1,2,8,1,1,1,30,2,2
9,13,F,7,2005,3,1,1,2,2,1,1,1,1,1,1,2,1,2,9,6,1,1,33,2,2
1,13,F,7,2005,2,1,1,2,2,1,2,1,1,1,1,2,1,2,14,6,1,1,35,2,2
1,13,F,7,2005,3,1,1,1,2,2,1,1,2,1,1,2,1,2,14,6,1,1, ?,1,2
4,13,F,9,2005,3,1,1,2,2,1,1,1,1,1,1,2,1,2,13,6,1,1,25,2,2
3,13,F,2,2005,4,1,1,2,2,1,1,1,1,1,1,2,1,2,19,6,1,1, ?,2,2
3,13,F,8,2005,3,3,1,2,2,1,1,1,1,1,1,2,1,2,8,5,1,1, ?,2,2
3,13,F,10,2005,2,3,1,1,2,1,1,1,1,1,1,2,1,2,8,5,1,1, ?,2,2
3,13,F,12,2005,2,3,1,2,2,1,1,1,1,1,1,2,1,2,14,2,1,1,27,2,2
3,1,F,5,2005,3,7,8,2,2,1,1,1,1,1,1,1,1,2,14,6,1,1,20,2,2
1,1,F,5,2005,2,3,1,1,2,1,1,1,1,1,1,1,1,2,16,6,1,1,34,1,1
1,1,F,6,2005,3,4,1,2,2,1,1,1,1,1,1,1,1,2,14,6,2,1,25,2,2
2,1,F,5,2005,3,7,1,2,2,1,1,1,1,3,2,4,1,2,19,1,1,7,32,2,2
2,1,F,4,2005,1,1,6,2,1,1,1,1,1,1,1,1,1,2,8,6,2,1,25,2,2
4,1,F,1,2005,3,1,1,2,2,1,2,1,1,1,1,2,1,2,13,6,2,1, ?,1,2
4,1,F,2,2005,3,1,1,1,1,1,1,1,1,1,1,4,4,2,19,6,2,7,20,1,1
1,1,F,1,2005,3,1,1,2,2,1,1,1,1,1,1,1,1,2,4,6,1,1, ?,2,2
3,3,F,12,2005,2,1,3,2,2,1,2,1,1,1,1,2,1,2,8,6,1,1, ?,2,2
13,3,G,12,2005,1,1,1,2,2,1,1,1,1,1,1,1,2,1,4,6,1,1,35,2,2
7,3,F,12,2005,3,7,1,2,2,1,1,1,1,1,1,2,1,1,6,6,1,1, ?,2,2
9,3,G,12,2005,2,1,1,2,2,1,1,1,1,1,1,1,1,2,8,2,1,1,40,2,2
10,3,F,12,2005,1,1,1,2,2,1,1,1,1,1,1,2,1,2,12,5,1,1,25,2,2
7,3,F,12,2005,1,1,1,2,2,1,1,1,1,1,1,2,1,2,14,6,1,1, ?,2,2
12,3,G,11,2005,1,7,1,2,2,1,2,2,1,1,1,2,1,2,9,11,1,1,35,2,2
4,3,G,11,2005,4,1,1,2,2,1,4,1,1,1,1,1,1,2,14,6,1,1,38,1,2
4,3,G,11,2005,1,1,1,2,2,1,2,1,1,1,1,1,1,2,9,6,1,1, ?,2,2
4,3,F,11,2005,4,1,1,2,2,1,2,1,1,1,1,1,1,1,14,6,1,1,29,2,2
6,3,G,11,2005,2,1,1,1,2,1,1,1,1,1,1,2,1,2,8,6,1,1,40,1,2
6,3,F,11,2005,1,1,1,2,1,1,1,1,1,1,1,2,1,2,9,6,1,1, ?,2,2
12,3,F,11,2005,1,1,1,2,2,4,3,2,1,1,1,2,1,2,9,6,1,1, ?,2,2
7,3,G,9,2005,3,1,1,2,2,1,1,1,1,1,1,1,1,2,14,6,1,1, ?,2,2
7,3,F,8,2005,3,3,1,2,2,1,1,1,1,1,1,2,1,1,8,6,1,1,35,2,2
9,3,F,8,2005,4,1,1,2,2,1,4,1,1,1,1,2,1,2,5,6,1,1,45,2,2
1,3,F,7,2005,3,1,1,2,2,1,1,2,3,1,2,4,1,2,17,11,1,1,28,2,2
1,8,F,5,2005,2,1,1,2,2,1,1,1,1,1,1,2,1,2,4,6,1,1, ?,2,2
5,8,G,6,2005,3,1,1,2,2,1,1,1,1,1,1,1,1,2,14,5,1,1, ?,2,2
7,8,F,2,2005,1,7,1,2,2,1,1,1,1,3,1,4,1,2,7,6,1,1,15,2,2
7,8,F,6,2005,1,1,1,2,2,1,1,2,1,1,1,3,1,2,17,6,1,1,32,2,2
4,8,F,1,2005,3,1,1,2,2,1,1,1,1,1,1,2,1,1,14,6,1,1, ?,2,2
4,8,G,2,2005,?,1,1,2,2,1,1,1,1,1,1,2,1,2,8,6,1,1, ?,2,2
4,8,F,2,2005,2,1,1,2,2,1,1,1,1,1,1,1,1,2,9,6,1,1, ?,2,2
4,8,F,2,2005,3,1,1,1,2,1,1,1,1,1,1,2,1,2,19,6,1,1, ?,2,2
4,8,G,3,2005,1,1,1,2,2,1,1,1,1,1,1,2,1,2,9,6,1,1, ?,1,2
4,8,G,3,2005,1,1,1,2,2,1,1,1,1,1,1,1,1,2,16,6,1,1, ?,2,2
4,8,G,4,2005,3,1,1,1,2,1,1,1,1,1,1,1,1,2,9,6,1,1,35,2,2
4,8,F,4,2005,3,1,1,2,2,1,1,1,1,1,1,1,1,2,14,6,1,1, ?,2,2
4,8,F,5,2005,4,1,1,2,2,1,1,3,1,1,1,2,1,1,9,6,1,1, ?,2,2
3,8,F,5,2005,1,1,1,2,2,1,4,1,1,1,1,1,1,2,14,11,2,1, ?,2,2
4,8,G,3,2005,3,7,1,1,2,1,1,1,1,1,1,2,1,1,9,6,1,1, ?,1,2
9,16,F,7,2005,1,7,8,2,2,1,1,1,1,1,1,1,1,2,14,11,1,1, ?,2,2
7,16,F,7,2005,2,1,1,2,2,1,1,1,1,1,1,1,1,2,14,6,1,1, ?,1,2
9,17,F,1,2005,2,7,8,2,2,1,1,1,5,1,1,2,4,2,19,11,1,1, ?,2,2
9,17,F,3,2005,3,7,3,2,2,1,1,1,1,1,1,1,1,2,19,11,2,7, ?,2,2
9,17,F,4,2005,1,7,8,2,2,1,1,1,1,1,1,1,1,2,14,6,1,7,45,1,2
9,17,F,6,2005,2,7,8,2,2,1,1,1,5,1,2,2,1,2,17,11,2,7, ?,2,2
2,17,F,1,2005,3,7,8,2,2,1,1,2,1,1,1,2,1,2,17,1,1,7,45,2,2
2,7,F,2,2005,2,1,3,2,2,1,1,1,1,1,1,2,1,2,9,4,1,1,40,2,2
2,17,F,5,2005,3,2,3,2,2,1,3,1,1,1,1,1,1,2,8,11,1,1, ?,2,2
5,17,F,4,2005,4,7,1,2,2,1,1,1,1,1,1,2,1,2,8,6,1,1,32,2,2
3,17,F,5,2005,2,1,1,2,2,1,1,1,1,1,1,1,1,2,19,6,1,1, ?,1,2
3,17,F,2,2005,3,1,1,2,2,1,1,1,1,1,1,2,1,2,7,6,1,1, ?,2,2
8,16,F,1,2005,2,1,1,2,2,1,1,1,1,1,1,1,1,2,10,6,1,1, ?,1,2
8,17,F,4,2005,1,1,1,2,2,1,4,1,1,1,1,1,1,2,9,1,1,1, ?,2,2
8,17,G,6,2005,2,1,1,2,2,1,1,1,1,1,1,1,1,2,13,6,1,1, ?,2,2
10,17,F,1,2005,2,1,1,1,2,1,1,1,1,1,1,1,1,2,8,6,1,1, ?,2,2
10,17,F,1,2005,2,1,1,1,2,1,1,1,1,1,1,1,1,2,14,6,1,1, ?,2,2
10,17,F,6,2005,1,1,1,2,2,1,1,1,1,1,1,1,1,2,14,6,1,1,38,2,2
10,17,F,6,2005,3,1,1,2,2,1,1,1,1,1,1,1,1,2,8,6,1,1,37,2,2
10,17,F,5,2005,1,1,1,2,2,1,1,1,1,1,1,1,1,2,14,6,1,1,37,2,2
5,8,F,10,2005,4,1,1,2,2,1,4,1,1,1,1,1,1,2,9,6,1,1, ?,2,2
4,8,F,10,2005,3,1,1,2,2,1,1,1,1,1,2,1,1,2,11,6,1,1,39,2,2
7,8,G,11,2005,3,1,1,2,2,1,1,1,1,1,1,3,1,2,14,6,1,1,25,2,2
7,16,F,10,2005,4,1,8,2,2,1,2,1,1,1,1,1,1,2,6,6,1,1, ?,2,2
1,16,F,9,2005,1,1,1,1,2,1,2,1,1,1,1,5,1,1,8,6,1,1, ?,2,2
1,16,F,11,2005,1,1,1,2,2,1,1,1,1,1,1,3,1,2,9,6,1,1, ?,1,2
9,16,F,11,2005,1,1,1,1,2,1,1,1,1,1,1,2,1,2,9,6,1,1, ?,2,2
10,16,F,11,2005,3,2,1,2,2,1,1,1,1,1,1,1,1,2,9,6,1,1,40,2,2
10,16,F,11,2005,3,7,1,2,2,1,1,1,1,1,1,1,1,2,10,6,1,1, ?,2,2
10,16,F,10,2005,4,1,1,2,2,1,4,1,1,1,1,1,1,2,12,6,1,1, ?,1,2
10,16,F,12,2005,2,1,1,2,2,1,1,1,1,1,1,1,1,2,9,6,1,1,36,2,2
9,16,F,12,2005,4,1,1,2,2,1,4,1,1,1,1,2,1,2,14,4,1,1, ?,2,2
5,2,F,12,2005,3,1,1,2,2,1,1,1,1,1,1,3,1,2,17,5,1,1,24,2,2
1,7,F,7,2005,1,1,1,2,2,1,1,1,1,1,1,1,1,2,14,6,1,1,45,2,2
4,17,F,9,2005,1,7,1,2,2,1,4,4,1,1,1,2,1,2,13,6,1,1,45,2,2
3,7,F,9,2005,1,1,1,2,2,1,4,4,1,1,1,2,1,2,12,6,1,1, ?,2,2
9,7,F,11,2005,4,1,1,2,2,1,4,1,1,1,2,2,1,2,14,6,1,1,25,2,2
4,7,F,10,2005,3,7,8,1,2,1,1,1,1,1,1,2,1,2,7,6,1,1, ?,2,2
9,16,F,8,2005,1,1,1,2,2,1,1,2,1,1,1,1,1,2,8,6,1,1,25,2,2
10,17,F,8,2005,3,1,1,2,2,1,1,1,1,1,1,2,1,2,13,6,1,1,45,2,2
10,16,F,8,2005,3,1,1,2,2,1,1,1,1,1,1,2,1,2,13,6,1,1,45,2,2
7,16,F,8,2005,1,1,1,2,2,1,1,1,1,1,1,1,1,2,9,6,1,1, ?,2,2