Thana,District,Accident_Severity,Month,Year,Time,Junction_Type,Traffic_Control,Movement,Divider,Weather,Light,Road_Geometry,Surface_Condition,Surface_Type,Surface_Quality,Road_Class,Road_Feature,Location_Type,Vehicle_Type,Vehicle_Movement,Vehicle_Loading,Vehicle_Defect,Vehicle_Driver_Age,Vehicle_Alcohol,Vehicle_Seat_Belt
1,10,G,1,2005,2,1,8,2,2,1,1,2,1,1,1,2,1,2,4,7,1,1,21,2,2
1,10,G,3,2005,2,1,1,2,2,1,1,1,1,1,1,2,1,2,8,6,1,1,38,2,2
1,10,F,4,2005,4,1,1,2,2,1,1,1,1,1,1,2,1,2,8,11,1,1,40,2,2
5,10,G,4,2005,1,1,1,2,2,1,1,1,1,1,1,2,1,2,4,6,1,1,24,2,2
5,10,F,6,2005,1,1,1,2,2,1,1,1,1,1,1,2,1,2,14,6,1,1, ?,1,2
5,10,G,6,2005,4,1,1,2,2,1,1,1,1,1,1,2,1,2,7,11,1,1,20,2,2
5,10,F,6,2005,1,1,1,2,2,1,1,1,1,1,1,2,1,2,8,6,1,1, ?,2,2
3,10,F,3,2005,3,1,1,1,2,1,1,1,1,1,1,2,1,2,9,11,1,1, ?,2,2
12,9,F,11,2005,1,1,1,2,2,1,2,1,1,1,1,1,1,2,14,6,1,1, ?,2,2
12,9,F,10,2005,2,7,1,2,2,1,1,1,1,1,1,1,1,2,9,6,1,1,35,2,2
10,9,G,12,2005,2,1,1,2,2,1,1,1,1,1,1,2,1,2,9,6,1,7,40,2,2
11,9,F,10,2005,1,7,1,2,2,1,2,3,1,2,2,2,1,2,8,6,1,3,40,1,2
12,9,F,12,2005,1,1,1,2,2,1,1,1,1,1,1,1,1,2,14,6,1,1, ?,1,2
4,9,G,7,2005,3,3,1,1,2,1,1,1,1,1,1,2,1,2,9,6,1,1, ?,2,2
3,8,S,7,2005,3,3,1,2,2,1,1,1,1,1,1,2,1,2,14,6,1,1, ?,2,2
4,12,F,10,2005,2,1,8,2,2,1,2,1,1,1,1,2,1,2,14,6,1,1,30,2,2
4,12,F,9,2005,1,1,1,2,2,1,1,1,1,1,1,2,1,2,6,6,1,1, ?,2,2
1,12,F,9,2005,3,1,1,2,2,1,1,1,1,1,1,3,1,2,8,6,1,1,27,2,2
5,15,F,7,2005,2,1,1,2,2,1,1,1,2,1,1,2,1,2,14,6,1,1, ?,2,2
1,15,F,7,2005,1,1,1,2,2,1,2,2,1,1,1,1,1,2,13,6,1,1, ?,2,2
1,15,F,8,2005,1,1,1,2,2,1,1,1,1,1,1,1,1,2,9,6,1,1,35,2,2
2,17,F,2,2005,2,2,3,1,2,1,1,1,1,1,1,3,1,2,4,1,1,7,40,2,2
8,17,F,1,2005,3,1,1,2,2,1,1,1,1,1,1,2,1,2,10,6,1,1, ?,2,2
1,9,G,9,2005,3,1,1,2,2,1,1,1,1,1,1,1,1,2,8,6,1,1,42,2,2
7,8,F,9,2005,1,1,1,2,2,1,1,1,1,1,1,3,1,2,4,6,1,1,38,2,2
1,3,G,6,2005,3,7,1,2,2,1,1,1,1,1,1,2,5,2,9,6,1,7,36,1,2
4,6,F,8,2005,3,1,1,2,2,1,1,1,1,1,1,1,1,1,14,6,1,1, ?,2,2
2,6,F,7,2005,1,1,1,2,2,1,1,1,1,1,1,1,1,2,9,6,1,1, ?,2,2
3,6,F,5,2005,3,1,1,1,2,1,1,1,1,1,1,1,1,2,14,2,1,1,40,2,2
5,6,F,5,2005,4,7,8,1,2,1,3,1,1,1,1,1,1,2,17,6,1,1,30,1,2
5,6,F,5,2005,2,1,1,1,2,1,1,1,1,1,1,1,1,2,14,2,1,1,40,2,2
5,6,F,6,2005,2,1,8,1,2,1,1,1,1,1,1,1,1,2,4,6,1,1,30,2,2
5,6,F,7,2005,1,2,1,2,2,1,1,1,1,1,1,1,1,2,9,6,1,1, ?,2,2
5,6,F,11,2005,1,6,7,1,2,4,4,5,1,1,1,1,1,2,12,6,1,1, ?,2,2
5,6,F,12,2005,3,1,1,2,2,1,1,1,1,1,1,1,1,2,9,6,1,1, ?,2,2
9,17,F,8,2005,2,1,1,2,2,1,4,1,1,1,1,3,1,2,6,6,1,1, ?,2,2
9,17,F,8,2005,3,1,1,2,2,1,1,1,1,1,1,1,1,2,9,6,1,1, ?,2,2
5,17,F,7,2005,2,1,1,2,2,1,1,1,1,1,1,1,1,2,8,6,1,1,32,2,2
5,17,F,7,2005,1,7,1,1,2,1,1,1,1,1,1,3,1,2,8,6,1,1, ?,2,2
5,17,F,10,2005,2,1,1,2,2,1,1,1,1,1,1,1,1,2,8,6,1,1, ?,2,2
5,17,F,11,2005,1,1,1,2,2,1,1,1,1,1,1,3,1,2,14,6,1,1,45,2,2
3,17,F,7,2005,2,7,5,1,1,1,1,1,1,1,2,4,1,2,8,6,1,1, ?,2,2
8,17,F,9,2005,2,3,1,2,2,4,1,1,4,1,1,4,1,2,6,11,1,1, ?,2,2
8,17,F,10,2005,1,3,1,2,2,2,1,1,2,1,1,1,1,2,9,6,1,1, ?,1,2
8,17,F,11,2005,1,1,4,2,2,1,1,1,1,1,1,3,1,2,14,6,1,1,40,2,2
8,17,F,12,2005,2,4,6,2,2,4,2,1,1,1,1,1,1,2,19,6,1,1, ?,2,2
8,17,F,12,2005,3,4,1,2,2,1,1,1,1,1,1,1,1,2,9,6,1,1, ?,2,2
8,17,F,12,2005,1,3,4,2,2,1,1,1,1,1,1,1,1,2,9,3,1,1,45,2,2
8,17,F,12,2005,1,3,1,2,2,4,3,1,1,1,1,1,1,2,19,6,1,1, ?,2,2
10,17,F,7,2005,3,7,1,2,2,1,1,1,1,1,1,1,1,2,9,1,1,1,45,2,2
10,17,F,7,2005,4,7,1,2,2,1,4,1,1,1,1,1,1,2,14,6,1,1, ?,1,2
7,17,F,7,2005,3,7,8,2,2,2,1,2,2,1,1,1,1,2,14,6,1,1,45,2,2
7,17,G,7,2005,1,1,1,2,2,1,1,2,1,1,1,1,1,2,7,6,1,1, ?,1,2
7,17,F,11,2005,1,7,1,2,2,1,1,1,1,1,1,1,1,2,19,11,1,3, ?,2,2
7,17,G,12,2005,2,1,1,2,2,1,1,1,1,1,1,4,1,2,19,6,1,1,30,1,2
1,15,F,7,2005,1,1,1,2,2,1,4,1,1,1,1,1,2,?,14,4,1,7, ?,2,2
1,15,S,9,2005,2,3,1,2,2,1,1,1,1,1,1,1,1,2,14,6,2,1, ?,2,2
1,15,F,9,2005,2,1,1,2,2,1,1,1,1,1,1,1,1,2,9,11,1,7, ?,2,2
1,15,F,10,2005,1,1,1,2,2,1,1,1,1,1,1,1,1,1,4,11,1,7, ?,2,2
1,15,F,10,2005,2,1,1,2,2,1,1,1,1,1,1,1,1,2,8,6,1,7, ?,2,2
1,15,G,11,2005,4,6,1,2,1,1,4,1,1,1,1,1,1,2,8,6,1,1, ?,2,2
1,15,S,12,2005,2,1,1,2,2,1,1,1,1,1,1,1,1,2,4,6,1,1, ?,2,2
1,15,S,12,2005,4,1,1,2,2,1,2,1,1,1,1,5,1,2,4,6,1,1,19,2,2
7,15,F,9,2005,1,1,1,2,2,1,1,4,1,1,1,4,1,2,6,6,1,1,22,2,2
3,15,F,9,2005,2,7,8,2,2,1,1,1,1,1,1,2,1,2,19,11,1,1,28,2,2
3,15,F,10,2005,1,7,8,2,2,1,1,1,1,1,1,3,1,2,14,6,1,1, ?,1,2
3,15,F,11,2005,4,2,1,2,2,1,2,1,1,1,1,1,1,2,9,6,1,1, ?,2,2
5,15,F,10,2005,3,1,1,2,2,1,1,1,1,1,1,4,1,2,19,6,1,1, ?,2,2
5,15,F,10,2005,1,1,1,2,2,1,1,1,1,2,1,1,1,2,14,6,1,1,30,2,2
1,1,F,8,2005,1,7,1,2,2,1,1,4,1,1,1,1,1,2,17,6,1,1, ?,2,2
3,1,F,12,2005,2,1,1,2,2,1,1,1,1,1,1,1,1,2,8,6,1,1,38,2,2
2,1,F,10,2005,4,3,1,2,2,1,2,1,1,1,1,2,1,1,14,6,1,1, ?,1,2
2,1,F,10,2005,3,7,8,2,2,1,1,1,1,3,2,4,1,2,19,6,1,1,30,2,2
2,1,F,11,2005,4,7,8,2,2,4,4,1,1,1,1,1,1,2,9,6,1,1,35,2,2
4,1,G,10,2005,2,1,5,2,2,3,2,2,3,3,3,4,1,2,4,6,1,1, ?,2,2
3,15,F,3,2005,1,2,3,2,2,1,1,1,1,1,1,2,1,2,14,6,1,1, ?,2,2
3,15,F,4,2005,1,1,1,2,2,1,1,1,1,1,1,2,1,2,9,4,1,1,40,2,2
3,15,F,9,2005,2,7,8,2,2,1,1,1,1,1,1,3,1,2,19,11,1,1,28,2,2
1,6,F,6,2005,3,1,1,2,2,1,1,1,1,1,1,1,1,2,13,6,1,1, ?,2,2
2,6,F,7,2005,1,1,1,2,2,1,1,1,1,2,1,4,1,2,9,6,1,1, ?,2,2
2,6,F,10,2005,2,1,1,2,2,1,1,1,1,1,1,1,1,2,9,6,1,1, ?,2,2
2,6,F,10,2005,2,1,1,2,2,1,1,1,1,1,2,2,1,2,9,6,1,1, ?,2,2
2,6,F,10,2005,?,1,1,2,2,1,1,1,1,1,1,2,1,2,9,6,1,1, ?,2,2
2,6,F,11,2005,3,1,1,2,2,1,1,1,1,1,1,4,1,2,7,6,1,1, ?,2,2
3,6,F,6,2005,3,1,1,2,2,1,1,1,1,1,1,1,1,2,14,6,1,1,35,2,2
1,5,F,1,2005,1,7,8,2,2,1,1,1,1,1,1,2,1,2,9,6,1,1, ?,2,2
1,5,F,1,2005,2,1,1,2,2,1,1,1,1,1,1,1,1,2,13,6,1,1, ?,2,2
6,4,F,10,2005,3,1,1,1,2,1,1,1,1,1,1,2,1,2,17,6,1,1,27,2,2
1,4,F,10,2005,3,1,1,2,2,1,2,1,1,1,1,3,1,2,8,8,1,1,35,2,2
1,4,F,8,2005,3,1,1,2,2,1,1,1,1,1,1,2,1,2,8,6,1,1,33,2,2
1,5,F,1,2005,2,1,1,2,2,1,1,1,1,1,1,1,1,2,14,6,1,1, ?,2,2
1,5,F,1,2005,2,1,1,2,2,1,1,1,1,1,1,2,1,2,8,1,1,1,18,1,2
1,5,F,1,2005,4,1,1,2,2,1,4,1,1,1,1,1,1,2,8,6,1,1, ?,2,2
1,5,F,1,2005,3,1,1,2,2,1,1,1,1,1,1,2,1,2,9,6,1,1, ?,2,2
1,5,F,2,2005,1,3,4,2,2,1,3,2,1,1,1,2,1,2,14,2,1,7, ?,1,2
1,5,F,3,2005,1,1,1,2,2,1,4,2,1,1,1,1,1,2,9,6,1,1, ?,2,2
1,5,F,3,2005,1,7,1,2,2,1,1,1,1,1,1,1,1,2,7,6,1,1, ?,2,2
1,5,F,3,2005,1,1,1,2,2,1,1,1,1,1,1,2,1,2,9,6,1,1, ?,2,2
1,5,F,4,2005,1,7,1,2,2,1,1,1,1,3,2,4,1,2,14,1,1,1, ?,2,2
1,5,F,5,2005,2,7,1,2,2,1,1,1,1,1,1,2,1,1,14,1,1,1,45,2,2
1,5,F,7,2005,3,1,1,2,2,1,1,1,1,2,3,3,3,1,14,1,1,1, ?,2,2
1,5,F,7,2005,2,1,1,2,2,1,1,1,1,2,2,1,1,2,9,6,1,1, ?,2,2
1,5,F,8,2005,2,1,1,2,2,1,2,2,1,1,1,2,1,2,9,6,1,1, ?,2,2
1,5,F,8,2005,3,1,1,2,2,2,2,2,2,2,2,2,1,2,17,6,1,1, ?,2,2
1,5,F,8,2005,2,1,1,2,2,1,2,1,1,2,1,2,1,1,9,6,1,1, ?,2,2
1,5,F,8,2005,2,1,1,2,2,1,1,1,1,1,1,1,1,2,9,6,1,1, ?,2,2
1,5,G,9,2005,4,1,1,2,2,1,1,1,1,1,1,1,1,2,13,6,1,1, ?,2,2
1,5,G,9,2005,?,1,1,2,2,1,1,1,1,1,2,1,1,1,19,6,1,1, ?,2,2
1,5,G,10,2005,3,1,1,2,2,1,1,1,1,1,1,1,1,2,7,6,2,1, ?,1,2
1,5,F,11,2005,?,1,1,2,2,1,1,1,1,1,1,4,1,2,4,6,1,1, ?,2,2
1,5,S,11,2005,3,1,1,2,2,1,1,1,1,1,2,2,1,2,19,6,1,1, ?,2,2
1,5,G,12,2005,1,1,1,2,2,1,1,1,1,1,2,1,1,2,14,6,1,1, ?,2,2
1,5,G,12,2005,1,1,2,2,1,1,1,1,1,1,1,1,1,2,19,6,1,1, ?,2,2
1,5,F,12,2005,1,1,1,2,2,1,1,1,1,1,1,2,1,2,9,6,1,1, ?,1,2
1,5,F,12,2005,1,1,1,2,2,4,2,1,1,1,1,1,1,2,7,6,1,1, ?,1,2
2,5,F,2,2005,1,1,1,2,2,1,1,1,1,1,1,2,1,2,9,6,1,1,45,2,2
2,5,F,7,2005,1,7,1,2,2,1,1,1,1,1,1,2,1,2,17,6,1,1,45,2,2
2,5,F,10,2005,3,1,1,2,2,1,1,1,1,1,1,2,1,2,8,6,1,1, ?,2,2
3,5,F,1,2005,2,1,1,2,2,1,1,1,1,1,1,1,1,2,9,6,1,7, ?,2,2
3,5,F,7,2005,3,1,1,1,2,1,1,1,1,1,1,4,1,2,13,6,1,1,30,2,2
3,5,F,10,2005,1,1,1,2,2,1,1,1,1,1,1,4,1,2,14,6,1,1, ?,2,2
8,5,F,5,2005,1,1,1,2,2,1,1,1,1,1,1,4,1,2,19,11,1,1, ?,1,2
8,5,F,5,2005,1,1,3,2,2,1,1,1,1,1,1,1,1,2,9,6,1,1, ?,2,2
8,5,F,6,2005,1,7,8,2,2,1,1,1,1,1,1,1,1,2,14,6,1,1, ?,2,2
8,5,F,6,2005,1,1,3,2,2,1,4,1,1,1,1,1,1,2,14,1,1,1, ?,1,2
8,5,F,6,2005,2,1,3,2,2,1,1,1,1,1,1,1,1,2,12,6,1,1, ?,2,2
8,5,F,7,2005,3,1,1,2,2,1,1,1,1,1,1,1,1,2,7,1,1,1, ?,2,2
8,5,F,7,2005,2,1,1,2,2,1,2,1,1,1,1,1,1,2,14,1,1,1, ?,2,2
8,5,G,8,2005,1,1,8,2,2,1,1,1,1,1,1,1,1,2,14,6,1,1, ?,2,2
8,5,F,9,2005,3,1,1,2,2,1,1,1,1,1,1,1,1,2,7,6,1,1, ?,2,2
8,5,F,10,2005,3,1,1,2,2,1,1,1,1,1,1,2,1,2,9,6,1,1, ?,2,2
8,5,F,10,2005,1,1,1,2,2,1,1,1,1,1,1,1,1,2,9,6,1,1, ?,2,2
8,5,F,11,2005,1,2,2,2,2,1,1,1,1,1,1,1,1,2,9,6,1,1, ?,2,2
8,5,G,11,2005,3,1,1,2,2,1,1,1,1,1,1,1,1,2,10,6,1,1, ?,2,2
8,5,G,11,2005,3,7,1,2,2,1,1,1,1,1,1,1,1,2,9,11,1,1,42,2,2
8,5,F,11,2005,1,7,1,2,2,1,1,2,1,2,1,1,2,?,9,6,1,1, ?,2,2
8,5,F,11,2005,3,7,1,2,2,1,1,1,1,1,1,1,1,2,10,6,1,1, ?,2,2
8,5,F,12,2005,2,7,1,2,2,1,1,1,1,1,1,1,1,2,9,1,1,1, ?,2,2
8,5,G,12,2005,1,7,1,2,2,1,4,1,1,1,1,1,1,2,8,6,1,1, ?,1,2
8,5,F,12,2005,1,7,1,2,2,1,1,1,1,1,1,1,1,2,19,11,1,7, ?,2,2
8,5,F,12,2005,2,7,1,2,2,1,1,1,1,1,1,1,1,1,19,11,1,7, ?,2,2
5,5,F,2,2005,2,1,1,2,2,1,2,1,1,1,1,1,1,2,9,6,1,1,45,2,2
5,5,F,4,2005,4,7,8,2,2,1,1,1,1,1,1,1,1,2,7,6,1,1, ?,2,2
5,5,F,5,2005,1,1,1,2,2,1,1,1,1,1,1,1,1,2,14,6,1,1, ?,2,2
5,5,F,5,2005,3,1,1,2,2,1,1,1,1,1,1,1,1,2,9,6,1,1, ?,2,2
5,5,F,6,2005,1,7,1,2,2,1,1,1,1,1,1,1,1,2,10,11,1,7, ?,1,2
5,5,F,6,2005,3,7,1,2,2,1,1,1,1,1,1,1,1,2,14,6,1,1, ?,2,2
5,5,G,6,2005,?,1,1,2,2,2,4,1,1,1,1,1,1,2,19,6,1,1, ?,2,2
5,5,G,7,2005,2,7,1,2,2,1,2,1,1,1,1,1,1,2,17,6,1,1, ?,2,2
5,5,G,8,2005,2,7,1,2,2,1,1,1,1,1,1,1,1,2,9,6,1,1, ?,2,2
5,5,F,8,2005,1,7,8,2,2,1,1,1,1,1,1,2,1,2,7,6,1,1,24,2,2
5,5,F,8,2005,2,7,8,2,2,1,4,1,5,1,1,1,1,2,9,11,2,7, ?,2,2
5,5,F,8,2005,2,7,8,1,2,1,2,1,1,1,1,1,1,2,9,6,1,1, ?,2,2
5,5,G,9,2005,1,7,8,2,2,4,2,1,1,1,1,1,1,2,14,6,1,1, ?,2,2
5,5,F,9,2005,2,1,1,2,2,1,1,1,1,1,1,1,1,2,8,2,2,7, ?,2,2
5,5,F,9,2005,2,3,8,1,2,1,1,1,1,1,1,1,1,2,14,6,1,1, ?,2,2
5,5,F,9,2005,2,7,8,2,2,1,1,1,1,1,1,1,1,2,14,6,2,7, ?,2,2
5,5,F,12,2005,3,7,8,2,2,1,1,2,1,1,1,3,1,2,17,7,1,1,22,2,2
7,5,S,3,2005,1,7,1,1,2,1,2,1,1,1,1,3,1,2,8,6,2,1, ?,2,2
7,5,F,7,2005,1,1,1,2,2,1,1,1,1,1,1,3,1,2,7,6,1,7, ?,2,2
7,5,S,8,2005,1,7,8,1,1,2,1,1,1,1,3,1,2,?,8,6,1,1, ?,2,2
4,5,F,1,2005,3,7,3,2,2,1,1,1,1,1,1,1,1,2,8,6,1,1, ?,2,2
4,5,F,3,2005,1,1,3,2,2,1,1,1,1,1,1,1,1,2,9,6,1,1, ?,2,2
4,5,G,3,2005,3,1,3,2,2,1,1,1,1,1,1,1,1,2,8,6,1,1,29,2,2
4,5,F,3,2005,1,1,1,2,2,1,1,1,1,1,1,1,1,2,12,6,1,1, ?,2,2
4,5,F,3,2005,1,1,1,2,2,1,1,1,1,1,1,1,1,2,8,4,1,1, ?,2,2
4,5,F,4,2005,1,1,1,2,2,4,2,1,2,1,1,3,1,2,14,6,1,1, ?,2,2
4,5,F,4,2005,1,1,3,2,2,1,3,1,1,1,1,1,1,2,9,6,1,1,42,2,2
4,5,F,5,2005,3,1,3,2,2,1,1,1,1,1,1,1,1,2,5,6,1,1, ?,2,2
4,5,F,7,2005,1,1,3,2,2,1,2,1,1,1,1,1,1,2,8,6,1,1, ?,2,2
4,5,F,8,2005,1,7,3,2,2,1,1,1,1,1,1,1,1,2,8,11,1,1,26,2,2
4,5,F,11,2005,3,7,3,1,2,1,1,1,1,1,1,1,1,2,8,11,1,1,25,2,2
4,5,F,12,2005,1,1,3,2,2,1,2,1,1,1,1,1,1,2,10,6,1,1, ?,2,2
6,5,F,1,2005,1,1,1,2,2,1,4,1,1,1,1,1,1,2,13,10,1,1, ?,2,2
6,5,G,2,2005,2,1,1,2,2,1,1,1,1,1,1,3,1,2,12,6,1,1, ?,2,2
6,5,F,2,2005,2,1,1,2,2,1,1,1,1,1,1,1,1,2,19,6,1,1, ?,2,2
6,5,F,3,2005,1,1,1,2,2,1,1,1,1,1,1,3,1,2,19,11,1,1, ?,2,2
6,5,F,3,2005,2,1,1,2,2,1,1,1,1,1,1,1,1,2,19,11,1,1, ?,2,2
6,5,F,3,2005,1,1,1,2,2,1,1,1,1,1,1,1,1,2,14,6,1,1, ?,2,2
6,5,F,3,2005,1,1,1,2,2,1,1,1,1,1,1,1,1,2,13,6,1,1, ?,2,2
6,5,F,4,2005,1,1,1,2,2,1,1,1,1,1,1,1,1,2,14,6,1,1, ?,2,2
6,5,F,4,2005,2,1,1,2,2,1,1,1,1,1,1,1,1,2,9,6,1,1, ?,2,2
6,5,F,5,2005,1,1,1,2,2,1,4,1,1,1,1,1,1,2,9,11,1,1, ?,2,2
6,5,F,6,2005,2,1,1,2,2,1,1,1,1,1,1,1,1,2,9,6,1,1, ?,2,2
6,5,F,6,2005,1,1,2,2,2,1,1,1,1,1,1,1,1,2,19,11,1,1, ?,2,2
6,5,G,7,2005,1,1,1,2,2,1,1,1,1,1,1,1,1,2,9,6,1,1,36,2,2
6,5,F,7,2005,1,1,1,2,2,1,1,1,1,1,1,1,1,2,9,6,1,1, ?,2,2
6,5,F,7,2005,1,1,1,2,2,1,4,1,1,1,1,1,1,2,19,11,1,1, ?,2,2
6,5,G,7,2005,1,1,1,1,2,1,4,1,1,1,1,1,1,2,9,11,1,1, ?,2,2
6,5,F,7,2005,2,1,1,2,2,1,1,1,1,1,1,1,1,2,7,6,1,1, ?,2,2
6,5,F,7,2005,3,1,1,2,2,1,1,1,1,1,1,1,1,2,9,8,1,1, ?,2,2
6,5,F,8,2005,1,1,1,2,2,1,1,1,1,1,1,1,1,2,14,6,1,1, ?,2,2
6,5,F,9,2005,1,1,1,2,2,1,1,1,1,1,1,1,1,2,10,6,1,1, ?,2,1
6,5,G,10,2005,1,1,1,2,2,1,4,1,4,1,2,1,1,2,9,8,1,1, ?,2,2
6,5,G,11,2005,3,1,1,2,2,1,1,1,1,1,1,1,1,2,9,11,1,1, ?,2,2
1,11,F,3,2005,1,1,1,2,2,1,1,1,1,1,1,5,1,1,9,6,1,1, ?,2,2
1,11,G,4,2005,1,1,1,2,2,1,1,1,1,1,1,5,1,2,4,6,1,2, ?,2,2
1,11,F,5,2005,1,1,1,2,2,1,1,1,1,1,1,2,1,2,14,6,1,1, ?,2,2
1,11,F,8,2005,4,3,1,2,2,1,4,1,2,1,1,2,1,1,14,6,1,1, ?,2,2
1,11,F,1,2005,1,1,1,2,2,1,4,1,1,1,1,5,1,1,14,6,1,1, ?,2,2
8,11,F,1,2005,2,1,1,2,2,1,2,1,1,1,1,4,1,2,19,6,1,1, ?,2,2
8,11,F,1,2005,2,1,8,2,2,1,1,1,1,1,1,2,1,1,14,6,1,1,30,2,2
8,11,F,3,2005,1,1,3,2,2,1,1,1,1,1,1,2,1,2,14,11,1,1, ?,2,2
8,11,F,5,2005,3,1,3,2,2,1,2,1,1,1,1,2,1,2,14,7,1,1, ?,2,2
8,11,F,6,2005,3,1,1,2,2,1,1,1,1,1,1,2,1,2,13,11,1,1, ?,2,2
8,11,F,9,2005,1,3,1,2,2,1,4,1,1,1,1,2,1,2,19,11,1,1, ?,2,2
5,11,F,3,2005,2,1,1,2,2,1,1,1,1,1,1,2,1,2,14,6,1,1,30,2,2
5,11,F,7,2005,1,1,1,2,2,1,1,1,1,1,1,5,1,2,14,6,1,1,25,2,2
6,11,F,4,2005,2,1,1,2,2,1,1,1,1,1,1,2,1,2,9,6,1,1, ?,2,2
6,11,F,4,2005,1,1,1,2,2,1,1,1,1,1,1,2,1,2,9,6,1,1, ?,2,2
6,11,F,5,2005,2,1,1,2,2,1,1,1,1,1,1,4,1,2,9,6,1,1,38,2,2
6,11,F,5,2005,3,1,1,2,2,1,1,1,1,1,1,4,1,2,9,6,1,1,30,2,2
6,11,F,6,2005,1,1,1,2,2,1,1,1,1,1,1,2,1,2,9,6,1,1,30,2,2
6,11,F,6,2005,1,1,1,2,2,1,1,1,1,1,1,4,4,2,17,6,1,1, ?,2,2
6,11,F,8,2005,1,1,1,2,2,1,2,1,1,1,1,3,1,2,14,6,1,1,27,2,2
6,11,F,8,2005,1,1,8,2,2,1,1,1,1,1,1,2,1,1,14,11,1,1, ?,1,1
6,11,G,11,2005,1,1,1,2,2,1,1,1,1,1,1,3,1,2,14,11,1,1,30,2,2
3,11,F,3,2005,1,7,8,2,2,1,1,1,1,1,1,2,1,2,4,6,1,1, ?,2,2
3,11,F,8,2005,1,7,1,2,2,1,1,1,1,1,1,2,1,2,19,6,1,1,26,2,2
3,11,F,11,2005,3,2,2,2,2,1,1,1,1,1,1,2,1,2,14,1,1,1,45,2,2
8,11,F,12,2005,1,1,1,2,2,1,4,1,1,1,1,4,1,2,19,1,1,1, ?,2,2
4,11,F,4,2005,2,1,1,2,2,1,1,1,1,1,1,3,1,2,19,1,1,7,25,2,2
4,11,G,5,2005,4,1,1,2,2,1,2,1,1,1,1,3,1,2,13,1,1,7,45,2,2
4,11,F,8,2005,2,1,1,2,2,1,1,1,1,1,1,4,1,2,19,2,1,7, ?,2,2
4,11,F,12,2005,2,1,1,2,2,1,1,1,1,1,1,2,1,2,9,6,1,1, ?,2,2
10,11,F,6,2005,?,1,1,2,2,1,4,2,1,1,2,2,1,2,13,2,1,1,45,2,2
7,11,F,6,2005,2,1,1,1,2,1,1,2,2,1,2,4,1,2,19,6,1,1, ?,1,2
7,11,G,7,2005,1,1,1,2,2,1,2,1,1,1,1,2,1,2,4,6,1,1, ?,2,2
11,11,F,8,2005,1,1,1,2,2,1,1,1,1,1,1,2,1,2,19,6,2,1,32,2,2
2,11,F,11,2005,2,7,8,2,2,1,1,1,5,1,2,2,1,2,19,1,1,1,22,2,2
9,16,F,3,2005,3,7,8,1,2,1,1,1,1,1,1,1,1,2,19,6,1,1, ?,1,2
4,17,S,2,2005,1,3,1,2,2,1,1,1,1,1,1,1,1,2,14,4,2,7,30,1,2
5,17,F,4,2005,3,2,1,2,2,1,3,1,1,1,1,2,1,2,14,3,1,1, ?,2,2
1,61,F,6,2005,1,1,1,2,2,1,2,1,1,1,1,1,1,2, ?, ?,?,?, ?,?,?
1,61,S,6,2005,1,1,7,2,1,1,1,1,1,1,1,1,1,1,9,6,1,1, ?,2,2
3,61,S,6,2005,1,1,1,2,?,1,2,2,1,1,?,1,1,2,13, ?,1,3,25,2,2
1,61,F,5,2005,4,1,1,2,2,1,4,1,1,1,1,1,1,2,19, ?,?,?, ?,?,?
5,66,F,6,2005,2,1,1,2,2,1,1,5,1,1,1,2,1,2,9,6,1,1, ?,2,2
5,66,F,6,2005,2,7,8,1,2,1,1,1,1,1,1,4,1,2,9,6,2,1,28,2,2
5,66,F,6,2005,3,1,1,2,1,1,1,1,1,1,1,1,1,2,14,6,1,1,25,2,2
3,68,F,6,2005,2,7,1,1,2,2,1,5,2,2,2,4,1,2,14,6,1,1,38,2,2
9,67,F,6,2005,1,1,5,2,1,1,1,5,1,3,2,4,4,?,11,7,1,1,40,2,2
8,67,F,6,2005,3,7,1,2,1,1,1,1,1,1,1,1,1,2,14,5,1,1,30,2,2
8,67,F,6,2005,4,5,8,2,2,1,2,2,1,1,1,1,1,2,11, ?,1,7, ?,2,2
3,58,F,6,2005,2,1,1,1,2,2,2,1,3,3,2,4,1,2,6,6,1,7, ?,1,2
7,58,F,6,2005,1,1,1,2,2,1,4,1,1,1,1,1,1,2,14,10,1,7,45,2,2
1,58,F,6,2005,1,1,4,2,2,1,1,1,1,1,1,1,1,2, ?, ?,?,?, ?,?,?
1,58,F,6,2005,1,3,4,2,2,1,4,1,1,1,1,1,?,2,12,2,1,4,45,1,2
1,58,F,6,2005,2,3,1,2,2,1,1,1,1,1,1,4,1,2,9,11,?,?, ?,1,2
1,58,F,6,2005,4,1,4,2,2,1,4,1,1,1,1,1,1,2,7,5,1,4, ?,1,2
1,58,F,6,2005,2,2,1,2,2,1,1,1,1,1,1,1,?,2,10,5,?,?, ?,?,2
1,58,F,6,2005,4,1,4,2,2,1,2,1,1,1,1,1,1,2,14,5,1,4,35,1,2
1,58,F,6,2005,3,1,4,2,2,1,1,1,1,1,1,1,2,?,9,4,1,?, ?,1,2
1,58,F,6,2005,3,1,4,2,2,1,1,1,1,1,1,1,1,2,9,4,1,7, ?,1,2
1,58,F,6,2005,4,1,4,2,2,1,1,1,1,1,1,1,1,2, ?, ?,?,?, ?,?,?
4,59,F,6,2005,1,1,1,2,2,1,1,1,1,1,1,2,1,2,9,6,1,1, ?,2,2
2,60,F,6,2005,3,?,?,1,?,1,1,1,1,1,1,3,?,2,8, ?,?,?, ?,?,?
7,60,F,6,2005,2,1,1,1,1,1,1,1,1,1,1,3,1,1,14,6,1,1, ?,2,2