Thana,District,Accident_Severity,Month,Year,Time,Junction_Type,Traffic_Control,Movement,Divider,Weather,Light,Road_Geometry,Surface_Condition,Surface_Type,Surface_Quality,Road_Class,Road_Feature,Location_Type,Vehicle_Type,Vehicle_Movement,Vehicle_Loading,Vehicle_Defect,Vehicle_Driver_Age,Vehicle_Alcohol,Vehicle_Seat_Belt
7,60,F,6,2005,1,1,1,1,2,1,2,1,1,1,1,3,1,2,9,6,1,1, ?,1,2
1,62,F,6,2005,2,3,1,1,2,1,1,1,1,1,1,1,1,2,9,6,2,7,32,2,2
2,57,S,6,2005,3,7,4,2,2,1,1,1,1,1,1,3,1,2,9,11,?,?, ?,?,?
5,57,F,6,2005,2,1,1,2,2,1,2,1,1,1,1,1,1,2,12,5,1,7, ?,2,2
8,66,S,7,2005,2,1,1,2,2,1,1,4,1,1,2,3,1,2,8,6,1,1,35,2,2
4,66,F,7,2005,1,?,?,?,?,2,4,2,2,1,1,4,1,2,11,6,?,1,22,?,?
5,66,G,7,2005,4,1,1,2,2,?,?,?,?,?,?,2,?,?,14,6,1,1, ?,?,?
1,62,G,7,2005,1,2,3,2,2,1,1,?,1,1,1,2,1,2,13, ?,?,?, ?,?,?
4,62,F,7,2005,3,1,1,2,2,1,1,1,1,1,1,2,1,2,9,6,1,1,40,2,2
2,59,F,7,2005,2,?,?,?,?,1,1,2,1,1,1,4,1,2,5,2,?,7, ?,?,?
2,59,F,7,2005,4,1,2,2,2,1,2,3,1,1,1,4,3,2,7,6,?,7,50,1,2
4,59,F,7,2005,3,?,1,2,2,2,1,1,2,1,1,2,1,2,7,9,?,?,36,1,2
1,58,F,7,2005,1,?,?,1,?,?,2,?,?,?,?,1,1,?, ?, ?,?,?, ?,?,?
10,58,F,7,2005,3,7,8,2,2,1,1,1,1,1,1,3,1,2, ?, ?,?,?, ?,?,?
1,61,S,7,2005,2,1,1,2,2,1,1,1,1,1,1,2,1,2,9,6,1,1,35,2,2
1,61,F,7,2005,2,1,1,2,2,1,1,1,1,1,1,1,1,2,14,6,1,1, ?,2,2
1,61,S,7,2005,4,1,1,2,2,1,2,1,1,1,1,1,1,2,10,6,1,1,25,?,2
1,61,F,7,2005,2,1,1,2,2,1,1,1,1,1,1,1,1,2,14,6,1,1,35,2,2
5,60,F,7,2005,2,1,1,2,2,1,2,1,1,1,1,1,1,2,6,11,?,?, ?,1,2
3,60,S,4,2005,2,?,8,2,?,1,2,?,?,?,?,3,1,2,17,6,2,7,25,2,2
7,60,F,4,2005,2,1,1,2,2,1,1,1,1,1,1,3,1,2,9,6,1,1,35,1,2
7,60,F,4,2005,2,1,1,2,?,1,2,1,1,1,1,3,1,2,14,6,1,1, ?,1,2
7,60,F,3,2005,2,1,1,2,2,4,2,1,1,1,1,3,1,2,9,6,1,1,30,1,2
7,60,F,2,2005,4,1,1,2,2,1,4,1,1,1,1,3,1,2,9,6,1,?, ?,1,2
7,60,F,1,2005,2,1,1,2,2,1,1,2,1,1,1,3,1,2,14,6,1,4,35,1,2
8,60,F,2,2005,4,1,1,2,2,1,4,1,1,1,1,3,1,2,14,11,?,1, ?,2,2
2,61,F,5,2005,2,2,3,2,2,1,1,1,1,1,1,1,1,2,14,6,1,1, ?,2,2
2,61,S,3,2005,3,1,1,2,2,1,1,1,1,1,1,3,1,2,9,6,1,1, ?,2,2
1,61,F,5,2005,3,1,1,2,2,1,1,1,1,1,1,1,1,2,6,6,2,6,35,2,2
1,61,S,5,2005,3,1,1,2,2,1,1,1,1,1,1,1,1,2,14,6,1,1,30,2,2
1,61,F,5,2005,4,1,1,2,?,1,4,1,1,1,1,1,1,2,14,6,2,1, ?,1,2
1,61,S,4,2005,2,1,1,2,2,1,1,1,1,1,1,1,1,1,8,6,1,1,35,2,2
1,61,F,3,2005,3,1,1,1,?,1,1,1,1,1,1,2,1,2,16,6,1,1, ?,2,2
1,61,G,3,2005,3,3,1,2,2,1,1,1,1,1,1,1,1,2,9,4,?,?,37,1,2
1,61,F,3,2005,4,1,1,2,2,1,4,1,1,1,1,1,1,2,9,6,?,?, ?,2,2
1,61,G,2,2005,4,1,1,1,2,1,4,1,1,1,1,1,1,2,10,6,1,1,35,2,2
1,61,G,2,2005,1,?,1,2,2,1,2,1,1,1,1,1,1,2,15,11,1,1, ?,1,2
1,61,F,2,2005,2,1,1,2,2,1,1,2,1,1,2,4,1,2,8,1,1,1,40,2,2
1,61,F,2,2005,2,1,1,2,2,1,2,1,1,1,1,1,1,2, ?, ?,?,?, ?,?,?
1,61,F,1,2005,3,1,1,2,2,1,1,1,1,1,1,1,1,2,9,6,?,?, ?,2,2
1,61,G,1,2005,1,1,1,2,2,1,4,1,1,1,1,1,1,2,10,6,1,?, ?,2,2
1,61,G,1,2005,1,7,8,2,2,4,4,1,1,1,1,1,1,2,14,6,1,7, ?,2,2
3,61,F,2,2005,1,3,1,1,2,1,1,2,1,1,1,1,1,2,9,2,1,1, ?,1,2
3,61,F,2,2005,3,2,1,2,2,1,1,1,1,1,1,2,1,2,9,2,1,3, ?,2,2
3,61,F,2,2005,4,?,1,1,2,1,2,1,1,1,1,1,1,1,9,5,1,1,42,2,2
3,61,G,2,2005,2,1,1,2,2,1,1,1,1,1,1,1,1,2,10,6,1,?,34,1,2
4,61,F,2,2005,2,1,1,2,2,1,1,1,1,1,1,3,1,2,9,11,2,7, ?,2,2
6,61,G,4,2005,2,1,1,2,2,1,1,1,1,1,1,4,?,?,12,6,1,1,25,2,2
6,61,G,4,2005,2,1,1,2,2,1,1,1,1,1,1,3,1,2,7,6,1,1,22,2,2
6,61,F,2,2005,2,7,8,1,2,1,1,1,1,3,1,4,1,2,12,10,?,?, ?,2,2
6,61,F,2,2005,2,1,1,2,2,1,1,1,1,1,1,3,1,2,7,6,1,1,25,2,2
1,58,S,5,2005,3,7,1,2,2,1,1,1,?,1,1,4,2,2,17,11,2,7, ?,1,2
1,58,F,5,2005,3,7,1,2,2,1,1,2,1,1,1,1,?,2,9, ?,1,?,33,1,2
1,58,F,5,2005,3,?,1,2,2,1,1,1,1,1,1,1,?,2,9,6,1,1,45,1,2
1,58,F,4,2005,2,7,1,2,2,1,1,2,1,1,1,4,1,2,17,6,1,1, ?,2,2
1,58,F,4,2005,4,1,1,2,2,2,4,1,2,1,1,1,1,2,7,6,?,?, ?,2,?
5,58,F,4,2005,2,7,8,2,2,1,1,1,1,1,1,1,1,2,9,11,1,1,45,2,2
5,58,F,1,2005,2,7,1,2,?,1,2,1,1,1,1,1,1,2,14,6,1,6, ?,1,2
5,58,F,1,2005,1,7,1,2,2,1,4,1,1,1,1,1,1,2,14,6,1,1, ?,2,2
6,58,F,3,2005,4,1,1,2,2,3,4,1,2,1,1,1,1,2,8,9,1,1, ?,2,2
6,58,F,3,2005,2,1,1,2,2,1,1,1,1,1,1,1,?,?,9,6,1,1, ?,2,2
6,58,F,3,2005,4,2,4,2,2,1,1,1,1,1,1,1,1,1,14,6,1,?, ?,1,2
7,58,F,2,2005,3,1,1,2,2,1,1,1,1,1,1,1,1,2,9,4,1,1,38,2,2
8,58,F,3,2005,4,7,?,1,?,1,?,?,?,1,?,1,?,2, ?,6,?,?, ?,1,2
8,58,G,3,2005,2,7,?,1,?,1,1,?,?,1,?,1,1,2,10,6,1,1,25,2,2
8,58,F,2,2005,2,7,8,2,2,1,1,1,1,1,1,1,1,2,9,11,2,1, ?,?,?
8,58,F,1,2005,4,7,8,2,2,1,1,1,1,1,1,1,1,1,9,2,2,7, ?,2,2
3,63,F,5,2005,1,4,1,2,?,1,2,2,1,1,1,1,1,2,6,2,?,?,15,2,2
3,63,F,2,2005,1,7,6,2,1,1,4,5,1,1,2,1,2,?,9,10,?,1, ?,2,2
3,63,G,1,2005,1,1,1,2,2,1,2,1,1,1,1,3,4,2,9,6,1,?,36,2,2
3,63,F,1,2005,1,1,1,2,2,1,4,1,1,1,1,3,3,2,9,11,1,7, ?,2,2
3,63,F,1,2005,2,1,1,2,2,1,1,2,1,1,1,3,1,2,14,2,1,7,36,2,2
7,63,G,5,2005,1,?,4,2,?,1,1,1,1,1,1,1,1,2,14,6,1,?, ?,1,2
7,63,F,5,2005,1,1,1,2,2,1,1,1,1,1,1,1,1,2,8,6,1,1, ?,1,2
7,63,F,4,2005,3,1,4,2,?,1,1,?,1,1,1,1,1,2, ?,6,?,?, ?,1,?
7,63,G,4,2005,2,1,4,2,2,1,1,1,1,1,1,1,1,1,13,6,1,7, ?,1,2
7,63,F,3,2005,2,1,1,2,2,1,1,1,1,1,1,1,1,2,19,6,1,7, ?,1,2
7,63,F,1,2005,2,1,1,2,2,1,1,1,1,1,1,1,1,2,14,6,1,1, ?,2,2
8,63,F,2,2005,4,?,1,2,2,1,2,1,1,1,1,4,?,?,5,6,2,7, ?,1,2
8,63,F,1,2005,2,?,4,2,2,1,1,1,1,1,1,1,1,1, ?, ?,?,?, ?,?,?
12,63,F,1,2005,1,1,1,2,2,1,1,2,1,1,1,4,1,2,5,6,?,?, ?,2,2
13,63,F,5,2005,2,?,1,2,2,1,1,1,1,1,3,1,1,2,8,6,1,3, ?,2,2
13,63,F,1,2005,1,1,1,2,2,1,4,1,1,1,1,1,1,2, ?, ?,?,?, ?,?,?
1,62,F,5,2005,3,1,3,2,2,1,1,1,1,1,1,2,1,2,12,6,1,1,28,2,2
1,62,G,5,2005,2,1,?,2,2,1,1,1,1,1,1,2,1,2,8,6,?,1, ?,2,2
1,62,F,5,2005,2,7,8,1,2,1,1,1,1,1,1,2,1,2,9,6,1,7, ?,2,2
1,62,F,3,2005,1,1,?,2,2,2,1,1,2,1,1,2,1,2,8,6,?,1,35,2,2
1,62,F,2,2005,1,1,4,2,1,1,1,3,1,1,2,2,1,2,14,6,1,7,45,2,2
1,62,F,1,2005,1,1,?,2,2,1,2,1,5,1,3,3,4,2,17,6,1,1,40,2,2
2,62,F,3,2005,2,1,1,2,2,1,1,1,1,1,1,3,1,2,9,1,1,1,28,1,2
3,62,F,4,2005,3,7,1,1,2,1,1,1,1,1,3,3,1,2,9,6,1,7, ?,2,2
4,62,F,5,2005,3,1,1,2,2,1,1,1,1,1,1,4,1,2,8,6,1,1,60,2,2
2,65,F,4,2005,1,1,1,2,2,1,1,1,1,1,1,1,1,2,7,6,1,1,25,2,1
4,65,F,4,2005,2,1,1,2,2,1,1,1,1,3,1,4,3,2,6,6,2,6, ?,2,2
5,65,F,5,2005,2,7,1,2,2,1,1,1,1,1,1,1,1,2,12,6,2,7, ?,1,2
5,65,F,5,2005,2,1,1,2,2,1,1,1,1,1,1,1,1,2,19,6,1,7, ?,1,2
5,65,F,4,2005,2,1,1,2,2,1,2,1,1,1,1,1,1,2,7,6,1,7, ?,1,2
5,65,F,3,2005,2,1,1,2,2,1,1,1,1,1,1,1,1,2,7,6,1,7, ?,1,2
5,65,F,3,2005,3,?,1,2,2,1,1,1,1,1,1,1,1,2,9, ?,1,?, ?,2,2
5,65,F,1,2005,4,7,8,1,?,1,4,?,1,3,2,4,4,2, ?, ?,?,?, ?,2,2
5,65,F,1,2005,3,7,1,2,2,1,1,1,1,1,1,1,1,2,9,5,1,?,40,2,2
6,65,F,5,2005,2,5,1,2,2,1,2,2,1,1,1,1,1,2,11,3,1,4, ?,2,2
6,65,F,1,2005,2,1,3,2,2,1,1,1,1,1,1,1,1,2,7,6,1,1, ?,2,2
7,65,F,4,2005,2,3,1,1,2,1,1,1,1,1,1,1,1,2,14,6,1,7, ?,1,2
7,65,S,3,2005,2,3,1,1,?,1,1,1,1,1,1,1,?,?,4,4,2,7, ?,2,2
1,57,F,5,2005,1,2,1,2,2,1,1,2,1,1,1,1,1,1,9,1,1,1, ?,2,2
3,57,F,5,2005,4,1,1,2,2,1,2,1,1,1,1,1,1,2,9,6,1,1,35,2,2
3,57,F,5,2005,2,?,1,1,2,?,1,1,?,?,?,1,?,2,9,6,1,1, ?,?,2
6,57,F,5,2005,3,3,1,2,2,1,1,1,1,1,1,3,1,2,8,6,1,?, ?,2,2
1,57,F,3,2005,1,7,?,2,1,1,1,1,1,1,1,5,1,1,1,11,2,7, ?,2,?
1,57,F,3,2005,2,?,1,?,?,1,1,3,1,1,1,1,3,2,9,6,?,?, ?,1,2
1,57,F,3,2005,1,7,1,2,2,1,2,1,1,1,1,1,1,2,12,6,1,1, ?,1,2
1,57,S,2,2005,2,3,8,2,?,1,1,1,1,1,1,1,?,2,10,11,1,1, ?,1,2
1,57,F,1,2005,4,1,1,2,2,1,2,1,1,1,1,1,1,2,15,6,1,1, ?,1,2
1,57,F,1,2005,3,7,1,2,2,1,1,1,1,1,1,1,1,2,9,11,2,5, ?,2,2
3,57,F,4,2005,4,1,8,2,2,1,2,1,1,1,1,1,1,2,10,6,1,1, ?,1,2
3,57,F,2,2005,1,2,1,2,2,1,3,1,1,1,1,1,1,2,14,7,1,1, ?,1,2
3,57,F,1,2005,4,1,1,2,2,1,2,3,1,3,2,4,4,2,17,6,1,7,28,2,2
5,57,F,2,2005,2,?,1,2,2,1,4,1,1,1,1,1,1,2, ?, ?,?,?, ?,?,?
5,57,F,2,2005,4,1,1,2,2,1,2,1,1,1,1,1,1,2, ?, ?,?,?, ?,?,?
8,57,F,4,2005,1,7,1,2,?,1,4,4,1,1,1,1,2,2,14,9,1,1,35,2,2
8,57,F,4,2005,3,1,1,2,2,1,4,1,1,1,1,1,1,2, ?, ?,?,?, ?,?,?
1,66,F,4,2005,3,7,1,2,2,2,1,4,2,1,1,2,1,2,14,6,1,?, ?,2,2
1,66,F,3,2005,3,7,1,2,2,1,1,1,1,1,1,2,1,2, ?, ?,?,?, ?,?,?
1,66,F,2,2005,2,4,1,2,2,1,2,5,1,1,1,1,1,2,14,1,2,6,35,1,2
4,61,F,1,2005,3,1,1,2,2,1,1,1,1,1,1,3,1,2,9,6,?,1, ?,2,2
2,66,G,5,2005,1,7,8,2,2,1,1,3,1,2,2,4,1,2,11,5,1,?,22,2,2
2,66,G,4,2005,3,1,1,2,2,1,1,1,1,1,1,4,1,2,12,6,1,7, ?,2,2
2,66,F,4,2005,2,7,1,2,?,1,1,2,1,2,2,4,1,2,11,6,1,1,35,2,2
2,66,F,2,2005,1,7,1,2,2,1,1,2,1,1,2,3,1,2,9,6,1,1, ?,2,2
2,66,F,1,2005,3,7,1,1,2,1,1,4,1,1,2,3,1,2,9,2,1,?, ?,?,2
4,66,G,4,2005,2,1,1,2,2,1,1,4,1,1,3,2,1,2,8,6,1,7, ?,1,2
4,66,G,3,2005,3,1,1,2,2,1,1,1,1,1,3,2,1,2,8,6,2,7, ?,1,2
8,66,F,1,2005,2,7,1,1,?,1,1,2,1,1,1,3,1,2,9,1,?,?, ?,2,2
1,68,F,5,2005,1,1,1,2,2,2,2,4,2,1,2,1,1,2,14,2,1,?,55,1,2
2,68,F,1,2005,3,3,1,2,2,1,1,1,1,1,1,4,1,2,11,6,1,1, ?,2,2
3,68,F,3,2005,3,7,1,2,2,1,1,1,1,2,1,4,1,2,11,5,1,1,32,2,2
4,68,F,4,2005,3,1,1,2,2,1,2,5,1,3,2,4,?,?,13,6,1,1, ?,1,2
1,67,F,5,2005,2,7,1,2,2,1,4,4,1,1,1,1,1,2,13,6,2,7, ?,2,2
2,67,F,2,2005,3,1,1,2,2,1,1,5,1,1,1,3,1,2,11,6,2,4,26,2,2
2,67,F,1,2005,3,7,1,1,2,1,1,4,1,2,2,4,1,2,11,1,2,3, ?,1,2
7,67,F,1,2005,2,?,2,1,2,1,1,2,1,1,2,3,3,2,9,6,1,7,35,2,2
8,67,S,4,2005,3,7,8,2,2,1,1,2,1,1,1,1,1,2,1,7,2,?, ?,2,?
8,67,F,3,2005,1,7,1,2,2,2,2,1,2,1,1,1,1,2,14,5,1,?, ?,1,?
8,67,S,3,2005,4,5,8,2,2,1,1,2,2,1,2,1,2,2,9,6,1,7,35,2,2
9,67,F,3,2005,2,1,1,2,2,1,1,3,1,2,2,4,4,2,11,6,1,7, ?,2,2
9,67,F,2,2005,3,4,1,2,2,1,1,5,1,3,2,4,4,2,11,2,1,7,25,2,2
4,59,F,5,2005,3,7,8,2,2,1,1,1,1,1,1,2,1,2,14,6,?,7, ?,1,2
4,59,F,5,2005,3,7,8,1,2,1,1,1,1,1,1,2,1,2,9,11,1,7, ?,1,2
1,59,F,4,2005,3,1,1,1,?,1,1,1,1,1,1,2,1,2,11,6,1,7,45,2,2
1,59,F,1,2005,3,1,1,2,2,1,1,1,1,1,1,2,1,2,9,6,1,1, ?,2,2
2,59,F,3,2005,1,7,3,2,2,1,1,1,1,1,1,1,1,2,8,6,2,?, ?,1,2
4,59,F,3,2005,2,1,2,1,2,1,1,1,1,1,1,3,1,2,9,6,1,1,40,2,2
4,59,G,2,2005,3,7,3,1,2,1,2,1,1,1,1,1,1,2,19,6,2,1, ?,1,2
4,59,F,1,2005,2,1,8,1,2,1,1,1,1,1,1,2,?,1,9,11,1,1, ?,2,2
9,63,F,8,2005,3,?,3,2,2,1,4,1,1,1,1,1,1,2,19,11,?,?, ?,1,?
9,63,F,8,2005,2,?,3,2,2,1,1,1,1,1,1,1,1,2,9,6,?,7, ?,1,2
8,63,F,8,2005,2,?,?,1,?,1,?,?,?,1,1,1,?,?,9,9,?,7, ?,?,?
6,63,F,8,2005,3,7,1,2,2,1,1,1,1,1,1,1,1,2, ?, ?,?,?,35,2,2
1,63,F,9,2005,2,?,?,2,2,1,1,1,1,1,1,4,1,2,9,6,?,?, ?,1,?
1,63,F,9,2005,2,1,1,2,2,1,1,1,1,1,1,4,1,2,8,6,1,1,40,1,2
6,63,F,9,2005,2,7,8,1,2,4,1,1,5,1,2,2,1,2,9,6,1,7, ?,2,2
9,63,F,9,2005,3,?,?,2,2,1,1,1,1,1,1,3,1,2,8,9,1,7, ?,2,2
9,63,S,9,2005,3,2,8,2,2,1,1,1,1,1,1,1,1,2,9,11,1,?, ?,?,?
9,63,F,9,2005,2,3,8,2,2,1,1,1,1,1,1,1,1,2, ?, ?,?,?, ?,?,?
9,63,F,9,2005,3,?,?,2,2,1,1,3,1,1,2,3,1,2,8,9,1,7, ?,2,2
8,63,F,9,2005,2,?,1,1,2,1,?,1,?,1,1,1,1,2,14,1,1,1,35,2,2
7,63,F,9,2005,3,1,1,2,2,1,1,1,1,1,1,1,1,2,7,6,1,1, ?,2,2
10,63,F,9,2005,2,7,1,2,2,1,1,1,1,1,1,2,1,2,9,11,?,?, ?,?,?
13,63,F,9,2005,2,?,1,2,2,1,1,1,1,1,1,2,1,2,8,6,1,?, ?,2,2
9,63,F,10,2005,3,2,8,2,1,1,1,1,1,1,1,1,1,2, ?, ?,?,?, ?,?,?
7,63,G,10,2005,3,7,1,1,2,1,1,2,1,1,1,1,1,2,9,2,1,1, ?,2,2
8,63,F,10,2005,1,1,1,2,2,2,2,1,1,1,1,1,1,2,9,6,1,1, ?,?,?
8,63,F,10,2005,3,1,8,1,2,1,1,1,1,1,1,4,1,2,11,7,?,1, ?,?,?
1,63,G,10,2005,3,1,1,2,2,1,1,1,1,1,1,3,1,2,9,6,1,1, ?,2,2
3,63,F,10,2005,4,1,1,2,2,1,4,3,2,2,2,4,4,2,9,6,?,?, ?,?,?
10,63,F,10,2005,2,7,1,2,2,1,1,1,1,1,1,3,1,2,9,6,1,1,35,2,2
8,63,F,11,2005,3,2,?,1,2,1,?,1,1,1,1,1,1,2,9,11,?,1, ?,2,?
8,63,F,11,2005,3,1,?,1,?,1,1,1,1,1,1,1,1,2,14, ?,1,1, ?,?,?
13,63,S,11,2005,4,1,1,2,2,1,4,1,1,1,1,1,1,2,14, ?,1,1, ?,2,2
4,63,F,11,2005,1,1,1,1,2,1,1,1,1,1,1,1,1,2,9,6,1,?, ?,2,2
3,63,F,11,2005,1,7,8,2,2,1,1,1,1,1,1,4,1,2,14,6,1,3,55,2,2
3,63,F,11,2005,2,7,1,2,2,4,1,2,1,1,1,3,1,2,7,1,1,1,25,2,2
9,63,S,11,2005,3,7,1,2,2,1,1,1,1,1,1,1,1,2,9,6,1,1,45,2,?
9,63,F,11,2005,3,?,1,2,?,1,1,1,1,1,1,4,1,2,8,6,1,?, ?,1,2
2,63,F,11,2005,2,1,1,2,2,1,1,1,1,1,1,3,1,2,5,5,1,7,24,2,2
1,63,G,11,2005,2,1,1,2,2,1,1,1,?,1,1,3,3,2,11,5,?,?, ?,?,?
7,63,F,11,2005,1,7,8,1,2,1,1,5,1,3,2,4,1,2,12, ?,?,3,20,?,?
7,63,F,12,2005,4,7,8,1,2,1,2,1,1,1,1,1,1,2,9,11,1,1, ?,2,2
7,63,F,12,2005,2,3,1,2,2,1,4,1,1,2,1,4,1,2, ?, ?,?,?, ?,?,?
1,63,F,12,2005,3,4,1,2,2,1,2,2,1,2,2,3,1,2,11,2,?,?, ?,2,2
8,58,F,8,2005,2,1,1,2,2,1,4,1,1,1,1,1,1,2, ?,6,?,?, ?,?,?
6,58,F,8,2005,2,7,1,2,2,1,4,1,1,1,1,4,1,2, ?, ?,?,?, ?,?,?
6,58,F,8,2005,2,7,1,2,?,1,2,1,1,1,1,1,1,2, ?, ?,?,?, ?,?,?
4,58,F,9,2005,4,1,1,2,2,2,2,1,2,1,1,3,1,2,14,6,1,1,48,2,2
7,58,F,8,2005,4,1,1,2,2,1,4,1,1,1,1,4,1,2,8,6,1,1,35,2,2
1,58,F,8,2005,4,7,3,2,?,1,4,1,1,1,1,1,1,1, ?, ?,?,?, ?,?,?
1,58,F,9,2005,1,?,4,2,2,1,2,1,1,1,1,1,?,2, ?, ?,?,?, ?,?,?
1,58,F,9,2005,4,?,4,2,2,1,2,?,1,1,1,2,?,2,8,7,1,1,18,?,?
1,58,G,9,2005,2,1,2,2,2,1,1,1,1,1,1,1,1,1,4,6,1,1, ?,2,1
1,58,M,9,2005,3,3,1,2,2,1,1,1,1,1,1,2,1,2,9,4,1,1,35,2,2
1,58,F,9,2005,4,?,4,2,2,1,2,1,1,1,1,1,1,1, ?, ?,?,?, ?,?,?
1,58,G,9,2005,1,1,1,2,2,2,4,1,2,1,1,2,1,2,9,9,1,1,47,2,2
4,58,F,9,2005,4,1,1,2,2,2,2,1,2,1,1,1,1,2,14,6,1,1,48,2,2
12,58,F,10,2005,2,7,1,?,?,1,1,1,1,?,1,3,?,?, ?, ?,?,?, ?,?,?
1,58,F,10,2005,4,?,4,2,1,2,1,1,1,1,1,1,1,2, ?,5,1,?, ?,?,?
6,58,F,10,2005,2,7,1,2,2,1,1,1,1,1,1,1,1,2, ?, ?,?,?, ?,?,?
10,58,G,10,2005,1,1,1,2,2,1,2,?,1,1,1,4,1,1,2,6,1,?, ?,?,?
1,58,F,11,2005,1,?,8,2,2,1,1,1,1,1,1,5,1,2,4,11,1,7,30,2,2
1,58,F,11,2005,1,1,8,2,2,1,1,1,1,1,1,1,1,1,5,6,?,?, ?,1,2
7,58,F,12,2005,2,7,1,2,2,1,1,1,1,1,1,1,1,2,10,8,1,1,31,2,2
8,58,F,12,2005,3,7,8,2,2,1,1,2,1,1,1,1,1,2,9,2,1,?, ?,?,?
1,61,F,8,2005,4,1,1,2,2,1,4,1,1,1,1,1,1,2, ?, ?,?,?, ?,?,?
3,61,S,8,2005,1,1,1,2,2,1,1,1,1,1,1,1,1,1,10,9,1,1,29,2,2
3,61,F,8,2005,2,1,1,2,2,1,1,1,1,1,1,4,1,2,8,6,1,1,36,2,2
3,61,F,8,2005,3,1,1,2,2,1,1,1,1,1,1,2,1,2,14,6,1,1,32,1,2
3,61,F,8,2005,2,7,1,2,2,2,1,1,2,1,1,4,1,2, ?, ?,?,?, ?,?,?
2,61,F,9,2005,1,?,?,2,2,1,1,1,1,1,1,1,1,2,7,6,?,?, ?,1,2
1,61,F,9,2005,3,1,1,2,2,1,1,1,1,1,1,1,1,2,9,6,1,1,30,2,2
1,61,G,9,2005,4,1,1,2,2,1,2,1,1,1,1,1,1,2,10,6,?,1, ?,2,2
1,61,F,9,2005,4,1,1,2,2,1,2,1,1,1,1,1,1,2,7,6,1,1, ?,2,2
1,61,F,9,2005,2,?,?,2,2,1,1,1,1,1,1,1,1,1,14,1,?,?, ?,?,?
1,61,F,9,2005,2,?,?,1,2,2,1,1,2,1,1,1,1,1, ?, ?,?,?, ?,?,?
1,61,F,9,2005,2,1,1,2,2,1,1,1,1,1,1,1,1,2,8,6,1,1,30,2,2
1,61,F,9,2005,1,1,1,2,2,1,2,1,1,1,1,1,1,2,7,6,1,1,25,2,2
1,61,F,10,2005,2,1,1,2,2,1,1,1,1,1,1,1,1,2,9,6,?,?, ?,?,?
4,61,F,10,2005,2,?,?,?,?,?,?,?,?,?,?,4,?,?, ?, ?,?,?, ?,?,?
1,61,F,10,2005,2,1,1,2,2,1,1,1,1,1,1,1,1,2,16,6,?,?, ?,2,2
1,61,F,10,2005,3,1,1,2,2,1,1,1,1,1,1,1,1,2,9,6,1,1,35,2,2
1,61,F,10,2005,3,?,8,1,2,1,1,1,1,1,1,1,1,2,9,1,1,?,26,2,2
3,61,F,11,2005,3,1,3,1,2,1,1,1,1,1,1,1,1,1,16,4,?,?,35,2,2
1,61,F,11,2005,2,1,1,2,2,1,2,1,1,1,1,1,1,2,14,6,1,?,40,2,2
1,61,F,11,2005,1,1,1,2,1,1,4,1,1,1,1,1,1,1,14,6,?,?, ?,?,?
1,61,M,11,2005,1,7,8,2,2,1,3,1,1,1,1,4,1,1,14,6,1,1, ?,1,2
1,61,F,11,2005,4,1,1,2,2,1,2,1,1,1,1,2,1,2,7,6,?,?, ?,2,2
1,61,F,12,2005,4,1,1,2,2,1,2,1,1,1,1,1,1,2,14,6,1,1, ?,?,2
1,61,F,12,2005,2,1,1,2,2,1,1,1,1,1,1,2,1,1,8,6,1,1,35,2,2
1,61,F,12,2005,2,1,1,2,2,1,1,1,1,1,1,1,1,2,14,6,1,?,40,2,2
1,61,G,12,2005,1,1,1,2,2,1,3,1,1,1,1,1,1,2,10,6,?,?,35,2,2
1,59,F,8,2005,2,1,1,2,2,1,1,1,1,1,1,1,1,2,12,6,1,7, ?,2,2
1,59,F,8,2005,3,7,1,1,2,1,1,1,1,1,1,4,1,2, ?, ?,?,?, ?,?,?
1,59,F,8,2005,2,7,1,1,2,1,1,1,1,1,1,4,1,1,9,11,1,7, ?,2,2
4,59,F,8,2005,2,?,1,1,?,1,1,1,1,1,1,1,1,2,6,6,?,?, ?,?,?
1,59,F,9,2005,2,7,1,2,2,1,1,1,1,1,1,1,1,2,19,11,1,?, ?,2,2
1,59,F,9,2005,4,1,1,1,2,1,4,1,1,1,1,1,1,2,9,6,?,?, ?,2,2
1,59,F,9,2005,3,1,1,2,2,1,1,1,1,1,1,1,1,2,5,6,?,1, ?,2,2
1,59,F,9,2005,3,1,1,2,2,1,1,1,1,1,1,1,1,1,7,6,1,1, ?,2,2
2,59,G,9,2005,2,1,2,1,2,1,1,1,1,1,1,2,1,2,9,11,1,1, ?,2,2
1,59,F,10,2005,2,7,1,1,2,2,1,1,2,1,1,2,1,2, ?, ?,?,?, ?,?,?
1,59,G,10,2005,3,?,1,1,2,1,1,1,1,1,1,1,1,2,6,6,?,7, ?,1,2
1,59,F,10,2005,2,1,?,1,2,1,1,1,1,1,1,1,1,?,19,6,?,?, ?,2,2
1,59,F,10,2005,1,1,8,1,2,1,1,3,2,3,2,4,1,2,17,2,1,?, ?,1,2
7,59,F,10,2005,1,1,1,2,2,2,1,1,2,1,1,1,1,2,9,11,1,?, ?,1,2
4,59,F,11,2005,1,?,?,2,?,?,?,?,?,?,?,4,?,?,5,1,?,?,28,2,2
4,59,G,11,2005,3,?,7,2,2,1,1,1,1,1,1,2,1,2,9,11,1,7, ?,2,2
4,59,F,11,2005,3,7,1,2,2,1,?,1,1,1,1,4,1,2,13,6,1,1,30,2,2
4,59,F,12,2005,3,7,8,1,2,1,1,1,1,1,1,4,1,2,13,11,1,1,35,2,2