Thana,District,Accident_Severity,Month,Year,Time,Junction_Type,Traffic_Control,Movement,Divider,Weather,Light,Road_Geometry,Surface_Condition,Surface_Type,Surface_Quality,Road_Class,Road_Feature,Location_Type,Vehicle_Type,Vehicle_Movement,Vehicle_Loading,Vehicle_Defect,Vehicle_Driver_Age,Vehicle_Alcohol,Vehicle_Seat_Belt
8,67,S,12,2005,3,4,7,1,1,1,2,2,?,1,3,1,3,2,10,2,1,1, ?,2,2
7,67,F,12,2005,2,7,8,2,2,1,1,3,1,2,2,4,1,2,14,6,1,7, ?,1,2
8,67,G,11,2005,1,?,1,2,2,1,4,1,1,1,1,4,2,2,14,11,2,5,35,2,2
1,67,G,11,2005,2,3,4,2,2,1,1,3,1,1,1,1,1,2,14,11,1,1,35,2,2
1,67,G,11,2005,3,7,8,2,2,1,1,1,1,1,1,4,1,2,9,6,1,1, ?,2,2
7,67,F,10,2005,3,7,6,2,2,1,1,4,1,1,1,4,1,2,14, ?,?,?, ?,?,?
5,67,F,8,2005,2,1,1,2,2,1,1,5,1,1,1,4,1,2,11,1,1,3,45,1,2
8,67,F,8,2005,3,3,3,1,2,1,1,1,1,1,1,1,1,2,11,6,?,?,21,1,2
1,67,G,8,2005,3,7,1,2,2,1,1,2,1,1,1,1,1,1,10,3,1,1,40,1,2
1,57,G,9,2005,2,1,8,?,2,1,2,1,1,1,1,1,?,?,6,1,2,7,30,1,2
1,57,F,9,2005,2,2,1,2,2,1,1,1,1,1,1,4,1,2,9,3,?,?, ?,?,?
3,57,F,9,2005,3,7,1,2,2,1,2,1,1,1,1,1,1,2, ?, ?,?,?, ?,?,?
3,57,F,9,2005,1,7,1,1,2,1,3,1,1,1,1,1,1,2, ?, ?,?,?, ?,?,?
6,57,G,10,2005,4,7,1,1,2,1,2,1,1,1,1,4,1,2,6,1,?,2, ?,1,2
1,57,F,11,2005,3,1,1,2,2,1,2,1,1,1,1,1,1,2,9,5,1,1,42,2,2
1,57,F,11,2005,1,1,1,2,2,1,2,1,1,1,1,4,1,2,14,6,1,7, ?,2,2
3,57,F,12,2005,2,7,4,2,2,1,1,1,1,1,1,1,1,2,9,4,?,?, ?,?,?
8,57,F,12,2005,2,1,1,2,?,1,1,1,1,1,1,4,1,2, ?, ?,?,?, ?,?,?
7,60,F,8,2005,2,3,1,2,2,1,1,1,1,1,1,1,1,1,14,6,1,1, ?,2,2
1,60,F,8,2005,3,3,1,2,2,1,1,1,1,1,1,2,1,2,8,9,1,1, ?,2,2
6,60,F,9,2005,4,1,8,1,2,1,2,1,1,1,1,2,1,2,9,6,1,7, ?,1,2
1,60,F,9,2005,3,1,1,2,2,1,1,1,1,1,1,2,2,2,9,6,1,1,44,2,2
2,60,F,9,2005,3,1,8,2,2,1,1,1,1,1,1,2,1,2,13, ?,?,7,45,?,?
1,60,F,10,2005,3,7,1,2,?,1,1,1,1,1,1,2,1,1,9,6,1,1, ?,2,2
4,60,F,11,2005,2,1,1,2,2,1,1,1,1,1,1,3,1,2,4,6,1,?, ?,2,2
7,60,F,11,2005,1,1,1,1,2,1,3,2,1,1,1,1,1,2,9,2,2,1, ?,1,2
6,60,F,12,2005,4,2,2,2,2,4,2,1,1,1,1,5,1,1,12,6,1,1,27,2,2
3,62,F,8,2005,2,7,8,2,2,1,1,1,3,1,2,3,1,2,9,11,1,7,33,?,2
1,62,G,8,2005,4,1,1,2,2,1,4,1,1,1,1,1,1,1,9,6,1,?, ?,2,2
1,62,G,9,2005,1,?,4,1,1,1,1,2,1,1,1,2,1,2,9,2,1,1,30,2,2
3,62,S,9,2005,2,7,8,2,2,?,?,?,?,?,?,4,?,?, ?, ?,?,?, ?,?,?
1,62,F,11,2005,2,7,8,1,2,1,1,1,1,1,1,4,1,2,9,2,?,1,40,?,2
9,66,F,10,2005,3,1,1,2,2,1,1,4,1,1,1,4,1,2,8,1,1,1, ?,2,2
4,68,F,11,2005,3,1,1,2,2,1,1,4,1,1,1,3,1,2,11,6,1,7, ?,2,2
3,68,F,12,2005,2,7,1,1,2,1,4,3,1,2,2,4,4,2,11,6,2,?,30,2,2
3,68,S,12,2005,3,1,1,2,2,1,2,1,1,1,1,3,1,2,5,6,1,1,30,2,2
3,68,F,12,2005,3,1,1,2,2,1,1,3,1,1,1,3,1,2,11,6,1,7,22,2,2
4,65,S,10,2005,3,7,4,2,2,1,1,1,1,1,2,3,1,2,5,6,1,7,22,2,2
7,65,F,10,2005,3,3,1,2,2,1,1,1,1,1,1,1,1,2,7,1,?,?, ?,1,2
1,50,F,2,2005,4,1,1,2,2,1,3,1,1,1,1,1,1,1,9,6,1,1, ?,2,2
1,35,F,1,2005,2,1,1,2,2,1,1,1,1,1,1,2,3,2,14,6,1,1, ?,2,2
6,45,F,1,2005,2,1,4,1,1,1,1,1,1,1,1,1,1,2,14,6,1,1, ?,2,2
8,51,F,4,2005,4,1,1,2,2,1,2,2,1,1,1,2,1,2,9,6,1,1, ?,2,2
9,51,F,4,2005,3,7,1,2,2,1,1,1,1,1,1,4,1,2,14,6,1,1, ?,2,2
1,51,F,4,2005,3,7,1,2,2,1,1,1,1,1,1,5,1,1,4,11,1,1, ?,2,2
9,35,F,1,2005,1,7,1,2,2,1,1,1,1,1,1,2,1,2,7,11,1,1, ?,2,2
5,50,F,4,2005,2,1,1,2,2,1,1,1,1,1,1,1,1,2,9,6,1,1, ?,2,2
8,50,F,4,2005,3,7,3,2,2,1,1,1,1,1,1,1,1,2,14,6,1,1, ?,2,2
1,51,G,4,2005,2,1,1,2,2,1,1,1,1,1,1,2,1,2,3,6,1,1, ?,2,2
4,51,G,4,2005,2,1,1,2,2,1,1,1,1,1,1,1,1,2,14,6,1,1, ?,2,2
8,51,F,4,2005,2,1,1,2,2,1,1,1,1,1,1,3,1,2,12,6,1,1, ?,2,2
8,38,F,3,2005,2,1,1,2,2,1,1,1,1,1,1,4,1,2,4,6,1,1, ?,2,2
7,38,F,3,2005,2,1,1,2,2,1,2,1,1,1,1,4,?,?,14,6,1,1, ?,2,2
7,38,F,3,2005,2,1,1,2,2,1,1,1,1,1,1,5,1,2,8,6,1,1,42,2,2
1,38,G,3,2005,4,1,1,2,2,1,1,1,1,1,1,1,?,?,9,6,1,1, ?,2,2
4,38,F,3,2005,2,1,1,2,2,1,1,1,1,1,1,4,1,2,1,6,1,1, ?,2,2
4,38,F,3,2005,3,1,1,2,2,1,1,1,1,1,1,3,1,2,14,6,1,1, ?,2,2
6,38,F,3,2005,2,1,1,2,2,1,3,1,1,1,1,1,1,2,12,6,1,1, ?,2,2
7,38,G,3,2005,1,1,1,2,2,1,1,1,1,1,1,1,1,2,9,6,1,1, ?,2,2
1,38,F,4,2005,1,1,8,2,1,1,1,1,1,1,1,1,1,2,14,11,1,1, ?,2,2
1,38,F,4,2005,2,1,1,2,2,1,1,1,1,1,1,4,1,2,1,6,1,1, ?,2,2
1,38,G,4,2005,2,1,1,2,2,1,1,1,1,1,1,5,1,2,14,6,1,1, ?,2,2
6,38,F,4,2005,2,1,1,2,2,1,1,1,1,1,1,1,1,2,14,6,1,1, ?,2,2
4,38,F,4,2005,3,3,1,2,2,1,1,1,1,1,1,3,1,2,9,6,1,1, ?,2,2
3,38,S,1,2005,3,1,1,2,2,1,1,1,1,1,1,2,1,2,8,6,1,1, ?,2,2
3,38,F,1,2005,1,1,1,2,2,4,4,1,1,1,1,1,1,2,9,7,1,1, ?,2,2
8,38,F,1,2005,4,7,1,2,2,1,4,1,1,1,1,4,1,2,9,6,1,1, ?,2,2
8,38,F,1,2005,1,7,1,2,2,1,2,1,1,1,1,4,1,2, ?,6,1,1, ?,2,2
6,38,F,1,2005,3,2,1,2,2,1,1,1,1,1,1,1,1,2,9,6,1,1, ?,2,2
1,38,G,2,2005,3,1,1,2,2,1,1,1,1,1,1,1,1,2,14,6,1,1, ?,2,2
1,38,F,2,2005,2,1,1,2,2,1,1,1,1,1,1,4,1,2,10,6,1,1, ?,2,2
3,38,G,2,2005,4,1,1,2,2,1,1,1,1,1,1,1,1,2,10,6,1,1, ?,2,2
1,38,F,2,2005,3,1,1,2,2,1,1,1,1,1,1,1,1,2,9,6,1,1, ?,2,2
1,38,F,2,2005,1,1,1,2,2,1,1,1,1,1,1,1,1,2,9,6,1,1, ?,2,2
1,39,F,1,2005,2,1,1,2,2,4,2,1,1,1,1,1,1,2,14,6,1,1, ?,2,2
3,39,F,1,2005,4,1,1,2,2,1,4,1,1,1,1,1,1,2, ?,6,1,1, ?,2,2
1,39,F,1,2005,2,2,8,2,2,4,2,1,1,1,1,1,1,2,9,6,1,1, ?,2,2
1,37,F,1,2005,4,3,1,2,2,1,3,2,1,1,1,1,2,?,14,6,1,1, ?,2,2
3,39,F,2,2005,1,3,1,2,2,1,4,1,1,1,1,1,1,2,9,6,1,1, ?,2,2
1,39,S,2,2005,1,1,4,2,2,1,1,1,1,1,1,1,1,2,8,2,1,1, ?,2,2
3,39,F,3,2005,1,3,1,2,2,1,1,1,1,1,1,1,1,2,9,6,1,1, ?,2,2
3,39,F,4,2005,2,3,1,2,2,1,1,1,1,1,1,1,1,?,14,6,1,1, ?,2,2
3,39,F,4,2005,2,1,1,2,2,1,1,1,1,1,1,1,1,2,9,6,1,1, ?,2,2
5,35,F,1,2005,4,1,1,2,2,1,1,1,1,1,1,3,1,2,12,6,1,1, ?,2,2
2,35,G,2,2005,2,1,1,2,2,1,1,1,1,1,1,3,2,?,9,6,1,1, ?,2,2
4,35,F,2,2005,2,7,1,2,2,1,1,1,1,1,1,1,1,2,9,6,1,1, ?,2,2
3,35,F,2,2005,3,1,1,2,2,1,1,1,1,1,1,2,1,1,8,8,1,1, ?,2,2
1,51,F,1,2005,1,1,1,2,2,1,1,1,1,1,1,2,1,2,7,6,1,1, ?,2,2
8,51,F,1,2005,3,1,1,2,2,1,1,1,1,1,1,3,1,2,8,6,1,1, ?,2,2
8,51,F,1,2005,2,1,1,2,2,1,1,1,1,1,1,3,1,2,9,6,1,1, ?,2,2
9,51,F,2,2005,3,1,1,2,2,1,1,1,1,1,1,3,1,2,14,6,1,1, ?,2,2
9,51,F,2,2005,2,1,8,2,2,1,4,1,1,1,1,4,1,2,7,6,1,1, ?,2,2
9,51,S,2,2005,3,1,1,2,2,1,1,1,1,1,1,3,1,2,1,6,1,1, ?,2,2
7,51,G,2,2005,3,1,1,2,2,1,1,1,1,1,1,2,1,2,5,6,1,1, ?,2,2
1,51,G,2,2005,4,1,1,2,2,1,1,1,1,1,1,2,1,2,7,6,1,1, ?,2,2
1,49,F,1,2005,3,1,1,2,2,1,1,1,1,1,1,2,1,2,9,5,1,1, ?,2,2
7,37,F,3,2005,2,1,1,2,2,1,1,1,1,1,1,1,2,?,19,6,1,1, ?,2,2
3,38,F,3,2005,2,1,1,2,2,1,1,1,1,1,1,4,1,2,4,6,1,1, ?,2,2
6,47,F,2,2005,2,1,1,2,2,1,1,1,1,1,1,2,1,2,14,6,1,1, ?,2,2
6,37,F,2,2005,1,1,1,2,2,1,1,1,1,1,1,3,1,2,4,6,1,1, ?,2,2
6,45,F,3,2005,3,1,1,2,2,1,1,1,1,1,1,3,1,2,19,6,1,1, ?,2,2
5,45,F,3,2005,2,1,1,2,2,1,1,1,1,1,1,1,1,2,9,6,1,1, ?,2,2
4,45,G,2,2005,2,7,1,2,2,1,1,1,1,1,1,3,1,2,7,6,1,1, ?,2,2
1,45,S,3,2005,4,1,1,2,2,1,1,1,1,1,1,1,1,2,10,6,1,1, ?,2,2
12,47,F,1,2005,4,1,1,2,2,1,1,1,1,1,1,1,2,2,14,6,1,1, ?,2,2
8,47,F,1,2005,1,1,7,2,1,4,1,1,1,1,1,1,1,2,14,6,1,1, ?,2,2
4,43,F,4,2005,4,1,1,2,2,1,1,1,1,1,1,1,1,2,9,6,1,1, ?,2,2
1,43,F,4,2005,2,1,1,2,2,1,1,1,1,1,1,3,1,2,14,6,1,1, ?,2,2
2,43,F,4,2005,3,1,1,2,2,1,1,1,1,1,1,1,1,2,19,6,1,1, ?,2,2
2,43,F,4,2005,2,1,1,2,2,1,1,1,1,1,1,1,1,2,14,6,1,1, ?,2,2
2,43,F,3,2005,2,1,1,2,2,1,1,1,1,1,1,1,1,2,10,6,1,1, ?,2,2
2,43,F,1,2005,3,2,1,2,2,1,1,1,1,1,1,1,1,2,8,6,1,1, ?,2,2
5,43,F,2,2005,2,1,1,2,2,1,2,1,1,1,1,1,1,2,9,6,1,1, ?,2,2
1,45,F,4,2005,2,1,1,2,2,1,1,1,1,1,1,1,2,2,8,6,1,1, ?,2,2
1,45,F,4,2005,4,1,1,2,2,1,2,1,1,1,1,1,1,2,9,6,1,1, ?,2,2
6,45,F,4,2005,4,1,1,2,2,1,4,1,1,1,1,1,1,2, ?,6,1,1, ?,2,2
6,45,F,4,2005,3,1,1,2,2,1,1,1,1,1,1,1,1,2,9,6,1,1, ?,2,2
4,45,F,4,2005,3,1,1,2,2,1,1,1,1,1,1,3,1,2,14,6,1,1, ?,2,2
6,45,F,4,2005,2,1,1,2,2,1,4,1,1,1,1,1,1,2, ?,6,1,1, ?,2,2
3,45,F,4,2005,2,1,1,2,2,1,1,1,1,1,1,1,1,2,14,6,1,1, ?,2,2
13,45,F,4,2005,2,7,1,2,2,1,1,1,1,1,1,2,1,2,9,11,1,1, ?,2,2
1,48,G,2,2005,3,1,1,2,2,1,1,1,1,1,1,1,1,?,14,6,1,1, ?,2,2
1,48,F,5,2005,3,1,1,2,2,1,1,1,1,1,1,1,1,2,14,6,1,1, ?,2,2
1,46,G,3,2005,2,1,1,2,2,1,1,1,1,1,1,2,1,2,14,6,1,1,40,2,2
1,48,F,2,2005,3,1,1,2,2,1,1,1,1,1,1,1,1,2,13,6,1,1, ?,2,2
1,48,F,2,2005,3,7,1,2,2,1,1,1,1,1,1,1,1,2,7,6,1,1, ?,2,2
1,48,F,1,2005,?,1,1,2,2,1,2,1,1,1,1,1,1,2,14,6,1,1, ?,2,2
1,48,F,2,2005,3,1,1,2,2,1,1,2,1,1,1,1,1,2,14,6,1,1, ?,2,2
1,35,F,3,2005,2,1,1,2,2,1,1,2,1,1,3,3,1,2,12,6,1,1, ?,2,2
1,35,F,3,2005,3,1,4,2,2,1,1,1,1,1,1,4,1,2,9,6,1,1, ?,2,2
1,35,G,4,2005,4,1,1,2,2,1,4,2,1,1,1,2,1,2,9,6,1,1, ?,2,2
4,35,F,4,2005,2,1,1,2,2,1,2,1,1,1,3,3,1,2,4,6,1,1, ?,2,2
5,35,F,4,2005,3,1,1,2,2,1,1,1,1,1,1,1,2,1,9,6,1,1, ?,2,2
5,37,F,6,2005,2,1,1,2,2,1,1,1,1,1,1,3,1,2,8,6,1,1,38,2,2
1,51,F,3,2005,2,2,1,2,2,1,3,1,1,1,1,1,1,2,14,11,?,?, ?,2,2
8,51,F,3,2005,3,1,1,2,2,1,1,1,1,1,1,2,1,2,9,6,1,1,85,2,2
12,51,F,3,2005,1,1,1,2,2,1,1,1,1,1,1,1,2,1,14,6,1,1, ?,2,2
8,51,F,3,2005,2,1,1,2,2,1,1,1,1,1,1,2,1,2,8,6,1,1, ?,2,2
1,51,G,3,2005,2,1,1,2,2,1,1,1,1,1,1,2,1,2,9,6,1,1, ?,2,2
4,39,G,6,2005,2,1,1,2,2,1,1,1,1,1,1,3,1,2,9,6,1,1, ?,2,2
1,39,S,3,2005,1,1,1,2,2,1,1,1,1,1,1,2,1,2,7,6,1,1, ?,2,2
1,39,F,6,2005,3,1,1,2,2,1,1,1,1,1,1,4,1,2,9,6,1,1, ?,2,2
1,35,F,6,2005,3,1,1,2,2,1,1,1,1,1,1,3,1,2,9,6,1,1, ?,2,2
1,35,F,6,2005,3,1,1,2,2,1,1,1,1,1,1,3,1,2,9,6,1,1, ?,2,2
3,38,G,5,2005,3,1,1,2,2,1,1,1,1,1,1,1,1,2,9,6,1,1, ?,2,2
1,38,G,5,2005,2,1,1,2,2,1,1,1,1,1,1,3,1,2,14,6,1,1, ?,2,2
4,38,G,5,2005,2,1,1,2,2,1,1,1,1,1,1,3,1,2,9,6,1,1, ?,2,2
6,38,F,5,2005,3,7,8,2,2,1,1,1,1,1,1,1,1,2,7,6,1,1, ?,2,2
6,45,F,5,2005,2,7,1,2,2,1,3,1,1,1,1,1,1,2,14,6,1,1, ?,2,2
6,45,S,5,2005,2,7,1,2,2,1,1,1,1,1,1,1,1,2,14,6,1,1, ?,2,2
1,45,F,5,2005,2,1,1,2,2,1,1,1,1,1,1,3,1,2,9,6,1,1, ?,2,2
1,45,F,5,2005,3,1,1,2,2,1,1,1,1,1,1,1,1,2,14,6,1,1, ?,2,2
6,45,F,5,2005,2,7,1,2,2,1,1,1,1,1,1,1,1,2,19,6,1,1, ?,2,2
6,45,F,5,2005,4,7,1,2,2,1,3,1,1,1,1,1,1,2,14,6,1,1, ?,2,2
1,51,G,5,2005,1,3,1,2,2,1,1,1,1,1,1,3,1,2,19,6,1,1, ?,2,2
12,51,F,5,2005,2,1,8,2,2,1,1,1,1,1,1,4,1,2,4,6,1,1, ?,2,2
1,51,G,5,2005,3,1,1,2,2,1,1,1,1,1,1,4,1,2,9,6,1,1, ?,2,2
12,50,F,1,2005,3,7,1,2,2,1,1,1,1,1,1,4,1,2,5,6,1,1, ?,2,2
8,50,F,1,2005,3,7,1,2,2,1,1,1,1,1,1,1,1,2,14,6,1,1, ?,2,2
5,52,G,5,2005,4,1,8,1,1,4,4,1,1,1,1,4,1,2,17,6,1,1, ?,2,2
10,52,F,5,2005,3,1,1,2,2,1,1,1,1,1,1,3,1,2,14,6,1,1, ?,2,2
10,52,F,5,2005,2,1,1,2,2,1,1,1,1,1,1,3,1,2,9,6,1,1, ?,2,2
1,52,G,5,2005,3,1,8,1,1,1,1,1,1,1,1,?,1,2,6,1,1,1, ?,2,2
5,43,G,5,2005,2,1,1,2,2,1,1,1,1,1,1,1,1,2,12,6,1,1, ?,2,2
5,43,F,5,2005,2,1,1,2,2,1,1,1,1,1,1,1,1,2,19,6,1,1, ?,2,2
4,43,F,5,2005,2,1,1,2,2,1,1,1,1,1,1,1,1,2,9,6,1,1, ?,2,2
2,43,G,5,2005,3,7,3,2,2,1,1,1,1,1,1,1,1,2,19,6,1,1, ?,2,2
2,43,F,5,2005,1,1,1,2,2,1,1,1,1,1,1,1,1,2,9,6,1,1, ?,2,2
2,43,F,5,2005,3,7,1,2,2,1,1,1,1,1,1,1,1,2,7,6,1,1, ?,2,2
2,43,F,5,2005,3,1,1,2,2,1,1,1,1,1,1,1,1,2,9,6,1,1, ?,2,2
2,43,F,5,2005,2,7,1,2,2,1,1,1,1,1,1,1,1,2,7,6,1,1, ?,2,2
2,43,F,5,2005,3,1,1,2,2,1,1,1,1,1,1,1,1,1,10,6,1,1, ?,2,2
1,43,F,5,2005,2,1,1,2,2,1,1,1,1,1,1,4,1,2,14,6,1,1, ?,2,2
2,43,F,4,2005,3,7,1,2,2,1,1,1,1,1,1,1,1,2,8,6,1,1, ?,2,2
5,43,F,5,2005,2,1,1,2,2,1,1,1,1,1,1,1,1,2,14,6,1,1, ?,2,2
3,38,F,10,2005,1,1,5,2,1,4,1,1,1,1,1,1,1,2,9,6,1,1, ?,2,2
1,38,F,10,2005,1,7,1,2,2,1,1,1,1,1,1,1,1,2,9,6,1,1, ?,2,2
3,38,F,10,2005,3,1,1,2,2,1,1,1,1,1,1,3,1,2,13,6,1,1, ?,2,2
1,38,F,9,2005,2,1,1,2,2,1,1,1,1,1,1,1,1,2,9,6,1,1, ?,2,2
3,38,F,8,2005,4,1,1,2,2,1,1,1,1,1,1,1,1,2,14,6,1,1, ?,2,2
6,38,F,8,2005,4,1,1,2,2,1,2,1,1,1,1,2,1,2,8,6,1,1, ?,2,2
3,38,G,8,2005,4,1,1,2,2,1,2,2,2,1,1,1,1,2,12,6,1,1, ?,2,2
3,38,F,8,2005,3,2,1,2,2,2,1,1,2,1,1,1,1,2,9,6,1,1, ?,2,2
3,38,F,8,2005,4,1,1,2,2,2,2,1,2,1,1,1,2,?,9,6,1,1, ?,2,2
1,38,F,6,2005,3,7,1,2,2,1,1,1,1,1,1,1,1,2,9,6,1,1, ?,2,2
8,38,F,6,2005,3,1,1,2,2,1,1,1,1,1,1,3,1,2,8,6,1,1, ?,2,2
5,38,G,6,2005,3,1,1,1,2,1,1,1,5,2,3,4,1,2,8,6,1,1, ?,2,2
1,38,F,6,2005,2,1,1,2,2,1,2,1,1,1,1,1,1,2,12,6,1,1, ?,2,2
3,38,F,7,2005,3,1,1,2,2,2,4,1,2,1,1,1,1,2,9,6,1,1, ?,2,2
7,38,F,7,2005,4,1,1,2,2,1,2,1,1,1,1,1,1,2,14,6,1,1, ?,2,2
6,38,F,7,2005,2,1,8,2,2,2,2,1,2,1,1,1,1,2,14,6,1,1, ?,2,2
3,38,F,11,2005,2,1,1,2,2,1,1,1,1,1,1,1,1,2,9,6,1,1, ?,2,2
3,38,F,11,2005,2,1,1,2,2,1,1,1,1,1,1,1,1,2,7,6,1,1, ?,2,2
6,44,F,1,2005,1,1,1,2,2,1,2,1,1,1,1,1,1,2, ?, ?,?,?, ?,2,2
6,44,F,1,2005,2,1,1,2,2,1,1,1,1,1,1,1,1,2,7,6,1,1, ?,2,2
6,44,F,1,2005,1,1,1,2,2,1,4,1,1,1,1,1,1,2,14,6,1,1, ?,2,2
6,44,F,1,2005,1,1,1,1,1,1,3,1,1,1,1,1,1,2,9,6,1,1, ?,2,2
6,44,F,1,2005,2,1,1,2,2,1,1,1,1,1,1,1,1,2,14,6,1,1, ?,2,2
7,44,F,1,2005,2,1,1,2,2,1,1,1,1,1,1,1,1,2,7,6,1,1, ?,2,2
7,44,F,1,2005,1,1,1,2,2,1,4,1,1,1,1,1,2,?,7,6,1,1, ?,2,2
4,44,F,3,2005,2,2,1,2,2,1,1,1,1,1,1,4,1,2,14,6,1,1, ?,2,2
3,44,M,3,2005,1,1,1,2,2,1,3,1,1,1,1,2,1,2,14,6,1,1, ?,2,2
3,44,F,3,2005,2,2,1,2,2,2,1,1,2,1,1,1,1,2,9,6,1,1, ?,2,2
3,44,F,3,2005,4,1,1,2,2,1,4,1,1,1,1,1,1,2,9,6,1,1, ?,2,2
3,44,F,3,2005,2,1,1,2,2,1,1,1,1,1,1,1,1,2,6,6,1,1, ?,2,2
6,44,F,3,2005,2,3,1,2,2,1,1,1,1,1,1,5,1,2,14,6,1,1, ?,2,2
2,44,F,3,2005,2,7,1,2,2,1,2,1,1,1,1,1,1,?,12,6,1,1, ?,2,2
7,44,G,3,2005,1,7,8,2,2,1,2,1,1,2,1,1,4,2,14,6,1,1, ?,2,2
7,44,F,3,2005,1,1,1,2,2,1,2,1,1,1,1,1,1,2, ?,6,1,1, ?,2,2
5,44,F,3,2005,3,1,1,2,2,1,1,1,1,1,1,1,1,2,7,6,1,1, ?,2,2
6,44,F,4,2005,3,7,1,2,2,1,1,1,1,1,1,1,1,2,14,6,1,1, ?,2,2
6,44,F,4,2005,3,1,1,2,2,1,1,1,1,1,1,4,1,1,14,6,1,1, ?,2,2
7,44,F,4,2005,2,1,1,2,2,1,1,1,1,1,1,1,1,2,14,6,1,1, ?,2,2
4,44,F,5,2005,2,1,1,2,2,1,1,1,1,1,1,3,1,2,8,6,1,1, ?,2,2
3,44,F,5,2005,1,1,1,2,2,1,2,1,1,1,1,2,1,2,9,6,1,1, ?,2,2
3,44,F,5,2005,1,1,1,2,2,1,4,1,1,1,1,1,1,2, ?,6,1,1, ?,2,2
3,44,F,5,2005,4,1,1,2,2,1,2,1,1,1,1,1,1,2, ?,6,1,1, ?,2,2
2,44,F,5,2005,2,1,1,2,2,1,1,2,1,1,3,4,1,2,9,6,1,1, ?,2,2
2,44,F,5,2005,1,3,2,2,2,1,2,1,1,1,1,1,1,2,14,6,1,1, ?,2,2
2,44,F,5,2005,2,4,2,2,2,1,1,1,1,1,1,1,1,2,9,6,1,1, ?,2,2
7,44,F,5,2005,2,3,4,2,2,1,2,2,1,1,1,1,1,2,14,6,1,1, ?,2,2
5,44,F,5,2005,2,7,8,2,2,1,2,1,1,1,1,1,1,2,11,6,1,1, ?,2,2
1,44,F,6,2005,4,1,1,2,2,1,4,1,3,1,2,5,1,2,14,6,1,1, ?,2,2
4,44,G,6,2005,1,3,8,2,2,1,4,1,1,1,1,1,1,2,14,6,1,1, ?,2,2
6,44,F,6,2005,2,3,1,2,2,1,1,1,1,1,1,4,1,2,14,6,1,1, ?,2,2
6,44,F,6,2005,1,7,1,2,2,1,3,1,1,1,1,1,1,2,8,6,1,1, ?,2,2
6,44,G,6,2005,3,7,1,2,2,2,1,2,2,1,1,1,1,2,14,6,1,1, ?,2,2
2,44,G,5,2005,3,1,1,2,2,1,1,1,1,1,1,1,1,2,9,6,1,1, ?,2,2
2,44,F,6,2005,3,1,1,2,2,1,1,1,1,1,1,1,1,2,9,6,1,1, ?,2,2
7,44,F,6,2005,3,2,4,2,2,1,1,1,1,1,1,1,1,2,14,6,1,1, ?,2,2
5,44,F,6,2005,2,1,1,2,2,1,1,1,1,1,1,1,1,2,9,6,1,1, ?,2,2
1,44,F,7,2005,3,7,1,1,1,1,1,1,1,1,1,5,1,2,9,6,1,1, ?,2,2
4,44,F,7,2005,3,1,1,2,2,1,4,1,1,1,1,3,1,2,9,6,1,1, ?,2,2
3,44,F,7,2005,2,1,1,2,2,1,1,1,1,1,1,1,1,2,8,6,1,1, ?,2,2
3,44,F,7,2005,4,1,2,2,2,1,4,1,1,1,1,1,1,2, ?,6,1,1, ?,2,2
3,44,F,7,2005,2,2,1,2,2,1,1,1,1,1,1,1,1,2,9,6,1,1, ?,2,2
6,44,F,7,2005,1,1,1,2,2,1,4,1,1,1,1,1,1,2,7,6,1,1, ?,2,2
2,44,G,7,2005,4,1,1,2,2,1,1,1,1,1,1,1,1,2,9,6,1,1, ?,2,2
2,44,F,7,2005,2,1,1,2,2,1,1,1,1,1,1,1,1,2,10,6,1,1, ?,2,2
2,4,F,7,2005,3,1,1,2,2,1,1,1,1,1,1,4,1,2,5,6,1,1, ?,2,2
7,44,F,7,2005,4,2,2,2,2,1,2,1,1,1,1,1,1,2,19,6,1,1, ?,2,2
5,44,G,6,2005,2,1,1,2,2,1,1,1,1,1,1,1,1,2,9,6,1,1, ?,2,2
5,44,F,5,2005,2,1,1,2,2,1,1,1,1,1,1,1,1,2, ?,6,1,1, ?,2,2
5,44,F,6,2005,3,1,1,2,2,1,1,1,1,1,1,1,1,2,8,6,1,1, ?,2,2
1,44,F,8,2005,3,7,1,2,2,1,1,1,1,1,1,5,1,2,9,6,1,1, ?,2,2
4,44,G,8,2005,3,1,1,2,2,1,1,1,1,1,1,1,1,2,5,6,1,1, ?,2,2
3,44,F,8,2005,3,1,1,2,2,1,1,1,1,1,1,1,1,2,9,6,1,1, ?,2,2
3,44,F,8,2005,1,1,1,2,2,1,1,1,1,1,1,1,1,2,11,6,1,1, ?,2,2
6,44,F,8,2005,1,1,1,2,2,1,1,1,1,1,1,2,1,2,14,6,1,1, ?,2,2
6,44,F,8,2005,3,1,4,2,2,1,1,1,1,1,1,1,1,2,9,6,1,1, ?,2,2
6,44,F,8,2005,1,1,8,2,2,1,4,1,1,1,1,1,1,2,9,6,1,1, ?,2,2
7,44,S,8,2005,2,7,8,2,2,1,4,1,1,1,1,1,1,2,5,3,1,1, ?,2,2
7,44,F,8,2005,2,7,8,2,2,1,2,2,1,1,1,1,1,2,9,6,1,1, ?,2,2
4,44,F,7,2005,3,1,1,2,2,1,1,1,1,1,1,1,1,2,9,6,1,1, ?,2,2
5,44,F,8,2005,2,1,1,2,2,1,2,1,1,1,1,1,1,2,7,6,1,1, ?,2,2
5,44,F,5,2005,4,1,1,2,2,1,4,1,1,1,1,1,1,2, ?,6,1,1, ?,2,2
1,50,F,6,2005,1,1,1,1,1,1,3,1,1,1,1,1,1,2,14,6,1,1, ?,2,2