Thana,District,Accident_Severity,Month,Year,Time,Junction_Type,Traffic_Control,Movement,Divider,Weather,Light,Road_Geometry,Surface_Condition,Surface_Type,Surface_Quality,Road_Class,Road_Feature,Location_Type,Vehicle_Type,Vehicle_Movement,Vehicle_Loading,Vehicle_Defect,Vehicle_Driver_Age,Vehicle_Alcohol,Vehicle_Seat_Belt
4,50,F,6,2005,2,1,1,2,2,1,1,1,1,1,1,4,1,2,9,6,1,1, ?,2,2
6,50,F,6,2005,3,7,4,2,2,1,1,1,1,1,1,2,1,2,17,6,1,1, ?,2,2
12,50,F,6,2005,1,4,1,2,2,2,2,2,2,1,1,1,1,2,13,6,1,1, ?,2,2
9,50,F,6,2005,1,7,1,2,2,1,1,1,1,1,1,2,1,2,9,6,1,1, ?,2,2
13,50,F,6,2005,1,1,1,2,2,1,1,1,1,1,1,2,1,2,9,6,1,1, ?,2,2
5,50,F,6,2005,1,1,1,2,2,1,1,1,1,1,1,4,1,2,19,6,1,1, ?,2,2
8,50,F,6,2005,2,7,1,2,2,1,2,1,1,1,1,3,1,2,6,6,1,1, ?,2,2
1,50,G,7,2005,2,7,8,2,2,1,1,1,1,1,1,1,1,2,8,6,1,1, ?,2,2
1,50,F,7,2005,3,3,1,2,2,1,1,1,1,1,1,1,1,2,8,6,1,1, ?,2,2
10,50,S,7,2005,3,1,1,2,2,1,1,1,1,1,1,1,1,2,9,6,1,1, ?,2,2
12,50,S,7,2005,2,1,1,2,2,1,1,1,1,1,1,1,1,2,9,6,1,1, ?,2,2
2,50,F,7,2005,3,7,8,2,2,2,1,1,2,1,1,1,1,2,13,6,1,1, ?,2,2
11,50,F,7,2005,1,7,4,2,2,1,1,1,1,1,1,3,1,2,13,10,1,6, ?,2,2
11,50,F,7,2005,3,1,1,2,2,1,1,1,1,1,1,2,1,2,9,6,1,1, ?,2,2
5,50,F,7,2005,2,1,1,2,2,1,1,1,1,1,1,1,1,2,9,6,1,1, ?,2,2
5,50,F,7,2005,1,1,1,2,2,1,1,1,1,1,1,3,1,2,14,6,1,1, ?,2,2
1,50,F,8,2005,2,1,1,2,2,1,2,1,2,1,1,1,1,2,9,6,1,1, ?,2,2
2,50,F,9,2005,2,7,1,2,2,1,1,1,1,1,1,3,1,2,9,6,1,1, ?,2,2
2,50,G,9,2005,3,7,3,2,2,1,1,1,1,1,1,1,1,2,9,6,1,1, ?,2,2
10,50,F,8,2005,2,1,1,2,2,1,1,1,1,1,1,1,1,2,9,1,1,1, ?,2,2
10,50,G,8,2005,4,1,1,2,2,1,2,1,1,1,1,1,1,2,9,6,1,1, ?,2,2
13,50,F,8,2005,4,1,1,2,2,1,1,1,1,1,1,1,1,2,10,6,1,1, ?,2,2
13,50,F,8,2005,2,1,1,2,2,1,1,1,1,1,1,3,1,2,14,6,1,1, ?,2,2
2,50,F,8,2005,2,1,1,2,2,1,1,1,1,1,1,3,1,2,4,6,1,1, ?,2,2
1,50,S,10,2005,3,1,1,2,2,1,1,1,1,1,1,1,1,2,9,6,1,1, ?,2,2
1,50,F,10,2005,1,7,1,2,2,1,1,1,1,1,1,2,1,2,9,6,1,1, ?,2,2
11,50,F,10,2005,3,1,1,2,2,1,1,1,1,1,1,4,1,2,4,6,1,1, ?,2,2
3,43,F,6,2005,?,1,1,2,2,1,4,1,1,1,1,1,1,2,19,6,1,1, ?,2,2
2,43,F,6,2005,3,1,1,2,2,1,1,1,1,1,1,1,1,2,7,6,1,1, ?,2,2
2,43,F,6,2005,2,1,1,2,2,1,1,1,1,1,1,1,1,2, ?,6,1,1, ?,2,2
5,43,F,6,2005,3,1,1,2,2,1,1,1,1,1,1,1,1,2,9,6,1,1, ?,2,2
5,43,F,10,2005,2,1,1,2,2,1,1,1,1,1,1,1,1,2,6,6,1,1, ?,2,2
5,43,F,9,2005,1,1,5,2,1,1,4,1,1,1,1,1,1,2,9,6,1,1, ?,2,2
5,43,F,10,2005,1,3,3,2,2,1,1,1,1,1,1,1,1,2,9,6,1,1, ?,2,2
5,43,F,10,2005,2,1,1,2,2,1,1,1,1,1,1,1,1,2,9,6,1,1, ?,2,2
5,43,S,10,2005,2,1,1,2,2,1,1,1,1,1,1,1,1,2,9,6,1,1, ?,2,2
2,43,F,9,2005,2,7,8,2,2,1,1,1,1,1,1,1,1,2,14,6,1,1, ?,2,2
6,43,F,9,2005,2,1,1,2,2,2,1,1,2,1,1,2,1,2,8,6,1,1, ?,2,2
2,43,G,9,2005,3,1,1,2,2,1,1,1,1,1,1,1,1,2,9,6,1,1, ?,2,2
4,43,F,9,2005,4,1,1,2,2,1,1,1,1,1,1,1,1,2,10,6,1,1, ?,2,2
2,43,F,7,2005,4,7,3,2,2,1,2,1,1,1,1,1,1,2,7,6,1,1, ?,2,2
2,43,S,7,2005,2,1,1,2,2,1,1,1,1,1,1,1,1,2,9,6,1,1, ?,2,2
2,43,G,7,2005,3,1,1,2,2,1,1,1,1,1,1,1,1,2,9,6,1,1, ?,2,2
5,43,F,8,2005,4,1,1,2,2,1,4,1,1,1,1,1,1,2,9,6,1,1, ?,2,2
4,43,F,8,2005,2,1,1,2,2,1,1,1,1,1,1,1,1,2,9,6,1,1, ?,2,2
3,43,F,8,2005,1,1,1,2,2,1,2,1,1,1,1,1,1,2,4,6,1,1, ?,2,2
2,43,F,8,2005,4,1,1,2,2,1,1,1,1,1,1,1,1,2, ?,6,1,1, ?,2,2
2,43,F,8,2005,4,3,1,2,2,1,4,3,1,1,1,1,1,2,9,6,1,1, ?,2,2
6,43,F,8,2005,1,1,1,2,2,1,4,1,1,1,1,3,1,2, ?,6,1,1, ?,2,2
3,43,F,11,2005,3,1,1,2,2,1,1,1,1,1,1,2,1,2,9,6,1,1, ?,2,2
2,43,F,11,2005,3,1,1,2,2,1,1,3,1,1,1,1,1,2,9,6,1,1, ?,2,2
2,43,F,12,2005,3,3,1,1,1,1,1,1,1,1,1,1,1,2,9,6,1,1, ?,2,2
1,45,F,1,2005,4,7,4,2,2,1,2,1,1,1,1,1,1,2,9,6,1,1, ?,2,2
6,45,F,1,2005,3,1,1,2,2,1,1,1,1,1,1,1,1,2,9,6,1,1, ?,2,2
1,45,F,10,2005,3,1,3,2,2,1,1,1,1,1,1,4,1,2,8,6,1,1, ?,2,2
6,45,F,10,2005,2,1,1,2,2,1,2,1,1,1,1,1,1,2,13,6,1,1, ?,2,2
1,45,F,10,2005,2,7,1,2,2,1,1,1,1,1,1,1,1,2,8,6,1,1, ?,2,2
3,45,F,10,2005,2,7,1,2,2,1,1,1,1,1,1,1,1,2,9,6,1,1, ?,2,2
1,45,G,7,2005,3,1,1,2,2,1,1,1,1,1,1,2,1,2,8,6,1,1, ?,2,2
6,45,F,7,2005,3,1,1,2,2,1,1,1,1,1,1,1,1,2,9,6,1,1, ?,2,2
2,45,F,7,2005,3,2,1,2,2,1,1,1,1,1,1,1,1,2,9,6,1,1, ?,2,2
1,45,F,7,2005,3,1,3,2,2,1,1,1,1,1,1,1,1,2,12,6,1,1, ?,2,2
1,45,F,7,2005,1,1,1,2,2,1,1,1,1,1,1,1,1,2,9,6,1,1, ?,2,2
1,45,F,8,2005,2,7,1,2,2,1,4,1,1,1,1,1,1,2,19,6,1,1, ?,2,2
1,45,F,8,2005,4,1,4,2,2,1,1,1,1,1,2,1,1,2,9,6,1,1, ?,2,2
6,45,G,8,2005,1,2,1,2,2,1,4,1,2,1,1,1,1,2,8,6,1,1, ?,2,2
4,45,G,8,2005,1,3,1,2,2,1,1,1,1,1,1,2,1,2,6,6,1,1, ?,2,2
6,45,F,8,2005,4,7,1,2,2,1,1,1,1,1,1,1,1,2,13,6,1,1, ?,2,2
6,45,F,8,2005,2,1,1,2,2,1,1,1,1,1,1,1,1,2,9,6,1,1, ?,2,2
1,45,F,8,2005,4,1,1,2,2,1,4,1,1,1,1,1,1,2,9,6,1,1, ?,2,2
1,45,F,9,2005,1,1,1,2,2,1,3,1,1,1,1,2,1,2, ?,6,1,1, ?,2,2
5,45,F,9,2005,3,1,2,2,2,1,3,1,1,1,1,1,1,2,8,6,1,1, ?,2,2
1,45,F,9,2005,1,7,1,2,2,1,1,1,1,1,1,1,1,2, ?,6,1,1, ?,2,2
1,45,F,9,2005,2,7,1,2,2,1,1,1,1,1,1,4,1,2,8,6,1,1, ?,2,2
3,45,F,11,2005,4,7,1,2,2,1,2,1,1,1,1,1,1,2,9,6,1,1, ?,2,2
1,45,G,11,2005,3,1,2,2,2,1,1,1,1,1,1,1,1,2,10,6,1,1, ?,2,2
5,45,F,11,2005,2,1,1,2,2,1,1,1,1,1,1,1,1,2,5,6,1,1, ?,2,2
1,45,G,11,2005,1,7,1,2,2,1,1,1,1,1,1,1,1,2,10,6,1,1, ?,2,2
6,45,F,11,2005,1,1,1,2,1,1,1,1,1,1,1,1,1,2,9,6,1,1, ?,2,2
1,35,M,5,2005,2,1,1,2,2,1,1,1,1,1,1,1,1,2,14,6,1,1, ?,2,2
1,35,F,5,2005,3,1,1,2,2,1,1,1,1,1,1,1,1,2,14,6,1,1, ?,2,2
1,35,F,5,2005,2,1,1,2,2,1,1,1,1,1,1,1,1,2,14,6,1,1, ?,2,2
4,35,F,5,2005,2,7,1,2,2,?,?,?,?,?,?,2,?,2,19,6,1,1, ?,2,2
2,35,F,5,2005,3,1,1,2,2,1,1,1,1,1,1,2,1,2,19,6,1,1, ?,2,2
2,35,G,5,2005,3,3,1,2,2,1,1,1,1,1,1,2,1,2,14,6,1,1, ?,2,2
2,35,F,5,2005,2,1,1,2,2,1,1,1,1,1,1,2,1,2,4,6,1,1, ?,2,2
1,35,F,7,2005,2,1,1,2,2,1,1,1,1,1,1,2,1,2,7,6,1,1, ?,2,2
4,35,G,7,2005,2,1,8,2,2,1,1,1,1,1,1,1,1,2,10,6,1,1, ?,2,2
2,35,F,7,2005,2,1,1,2,2,1,1,1,1,1,1,2,1,2,14,6,1,1, ?,2,2
5,35,F,7,2005,1,1,1,2,2,1,2,1,1,1,1,2,1,2,5,6,1,1, ?,2,2
1,35,F,8,2005,2,7,1,2,2,1,1,1,1,1,1,2,1,2,9,6,1,1, ?,2,2
4,35,F,10,2005,2,1,3,2,2,1,1,1,1,1,1,1,1,2,9,6,1,1, ?,2,2
2,35,F,10,2005,2,2,8,2,2,1,1,1,1,1,1,2,1,2,9,6,1,1, ?,2,2
2,35,F,10,2005,1,1,8,2,2,1,1,1,1,1,1,2,1,2,14,6,1,1, ?,2,2
1,35,F,11,2005,2,1,1,2,2,1,1,1,1,1,1,2,1,2,8,6,1,1, ?,2,2
2,35,G,11,2005,1,1,1,2,2,1,1,1,1,1,1,2,1,2,7,6,1,1, ?,2,2
1,35,F,9,2005,2,1,1,2,2,1,1,1,1,1,1,2,1,2,14,6,1,1, ?,2,2
4,35,F,9,2005,3,1,1,2,2,1,1,1,1,1,1,2,1,2,9,6,1,1, ?,2,2
4,35,G,9,2005,3,7,1,2,2,1,1,1,1,1,1,2,1,2,14,6,1,1, ?,2,2
2,35,F,9,2005,3,1,3,2,2,1,1,1,1,1,1,2,1,2,9,6,1,1, ?,2,2
2,35,F,9,2005,2,1,1,2,2,1,4,1,1,1,1,2,1,2,9,6,1,1, ?,2,2
4,35,F,10,2005,2,1,1,2,2,1,1,1,1,1,1,2,1,2,9,6,1,1, ?,2,2
5,41,F,1,2005,2,3,1,2,2,1,1,1,1,1,1,1,1,2,8,6,1,1, ?,2,2
1,41,F,1,2005,1,1,1,2,2,1,4,1,1,1,1,1,1,2,14,6,1,1, ?,2,2
3,41,F,1,2005,3,1,1,2,2,1,1,1,1,1,1,1,1,2,8,6,1,1, ?,2,2
3,41,G,5,2005,3,1,1,2,2,1,1,1,1,1,1,1,1,2,7,6,1,1, ?,2,2
3,41,F,5,2005,?,2,8,2,2,1,1,1,1,1,1,1,1,2,9,6,1,1, ?,2,2
5,41,F,7,2005,2,1,1,2,2,1,1,1,1,1,1,1,1,2,19,6,1,1, ?,2,2
5,41,F,7,2005,2,7,3,2,2,1,1,1,1,1,1,1,1,2,19,6,1,1, ?,2,2
5,41,F,7,2005,2,1,1,2,2,1,1,1,1,1,1,1,1,2,14,6,1,1, ?,2,2
3,41,F,7,2005,4,1,1,2,2,1,4,1,1,1,1,2,1,2,8,6,1,1, ?,2,2
5,41,F,8,2005,2,1,3,2,2,1,1,1,1,1,1,1,1,2,10,6,1,1, ?,2,2
5,41,F,8,2005,3,1,1,2,2,1,1,1,1,1,1,1,1,2,9,6,1,1, ?,2,2
5,41,G,8,2005,2,1,8,2,2,1,1,1,1,1,1,1,1,2,14,6,1,1, ?,2,2
3,41,F,8,2005,3,1,1,2,2,1,1,1,1,1,1,1,1,2,9,6,1,1, ?,2,2
3,41,G,8,2005,2,1,1,2,2,1,2,1,1,1,1,1,1,2,9,6,1,1, ?,2,2
8,41,F,8,2005,1,1,1,2,2,1,1,1,1,1,1,2,1,2,14,6,1,1, ?,2,2
3,41,G,8,2005,3,1,1,2,2,1,1,1,1,1,1,1,1,2,9,6,1,1, ?,2,2
1,41,F,8,2005,2,3,2,2,2,1,1,1,1,1,1,1,1,2,14,6,1,1, ?,2,2
1,41,F,7,2005,1,7,1,2,2,1,1,1,1,1,1,1,1,2,14,6,1,1, ?,2,2
1,47,F,1,2005,1,1,1,2,2,1,1,1,1,1,1,1,1,2,14,6,1,1, ?,2,2
1,41,F,2,2005,1,1,1,2,2,1,1,1,1,1,1,1,1,2,13,6,1,1, ?,2,2
1,41,F,2,2005,3,1,1,2,2,1,1,1,1,1,1,1,1,2,9,6,1,1, ?,2,2
1,41,F,2,2005,?,1,1,2,2,1,3,1,1,1,1,1,1,2, ?,6,1,1, ?,2,2
1,41,F,2,2005,1,1,1,2,2,1,3,1,1,1,1,1,1,2, ?,6,1,1, ?,2,2
1,41,F,3,2005,1,1,1,2,2,1,1,1,1,1,1,4,1,2,14,6,1,1, ?,2,2
1,41,F,3,2005,2,1,1,1,1,1,3,1,1,1,1,1,1,2, ?,6,1,1, ?,2,2
1,41,F,3,2005,1,2,8,2,1,1,1,1,1,1,1,1,1,2,8,6,1,1, ?,2,2
5,41,F,3,2005,1,3,6,2,1,2,1,1,1,1,1,1,1,2,14,6,1,1, ?,2,2
1,41,F,4,2005,2,1,1,2,2,1,1,1,1,1,1,1,1,2,9,6,1,1, ?,2,2
1,41,F,4,2005,3,1,1,2,2,1,4,1,1,1,1,4,1,2,19,6,1,1, ?,2,2
5,41,F,4,2005,3,1,1,2,2,1,1,1,1,1,1,1,1,2,9,6,1,1, ?,2,2
1,41,F,5,2005,2,1,1,2,2,1,1,1,1,1,1,1,1,2,14,6,1,1, ?,2,2
1,41,F,5,2005,3,1,1,2,2,1,1,1,1,1,1,1,1,2,1,6,1,1, ?,2,2
1,41,F,5,2005,2,1,1,2,2,1,1,1,1,1,1,4,1,2,19,6,1,1, ?,2,2
4,41,F,5,2005,?,1,1,2,2,1,1,1,1,1,1,3,1,2,19,6,1,1, ?,2,2
12,47,F,1,2005,4,7,1,2,2,1,3,2,1,1,1,1,1,2,14,6,1,1, ?,2,2
12,47,F,1,2005,3,1,1,2,2,1,1,1,1,1,1,1,1,2,10,6,1,1, ?,2,2
9,47,F,1,2005,2,1,1,2,2,1,1,1,1,1,1,1,1,2,8,6,1,1, ?,2,2
9,47,F,2,2005,1,1,1,2,2,1,1,1,1,1,1,1,1,2,9,6,1,1, ?,2,2
5,47,F,2,2005,1,1,1,2,2,1,4,1,1,1,1,3,1,2,16,6,1,1, ?,2,2
1,47,F,3,2005,4,1,1,2,2,1,2,1,1,1,1,3,1,2,14,6,1,1, ?,2,2
5,47,F,3,2005,1,1,1,2,2,1,4,1,1,1,1,1,1,2,8,6,1,1, ?,2,2
5,47,F,3,2005,1,3,1,2,2,1,4,1,1,1,1,1,1,2,8,6,1,1, ?,2,2
3,47,G,3,2005,3,1,1,2,2,1,1,1,1,1,1,2,?,?,14,6,1,1, ?,2,2
1,47,F,4,2005,3,1,1,2,2,1,1,1,1,1,1,1,1,2,9,6,1,1, ?,2,2
7,47,G,4,2005,?,1,1,2,2,1,1,1,1,1,1,3,1,2,9,6,1,1, ?,2,2
7,47,F,4,2005,3,1,1,2,2,1,1,1,1,1,1,1,1,2,9,6,1,1, ?,2,2
12,47,F,5,2005,?,1,1,2,2,1,1,1,1,1,1,2,1,2,9,6,1,1, ?,2,2
11,47,F,5,2005,3,1,1,2,2,1,1,1,1,1,1,3,1,2,14,6,1,1, ?,2,2
8,47,F,5,2005,3,1,1,2,2,1,2,1,1,1,1,3,1,2,14,6,1,1, ?,2,2
1,47,F,5,2005,4,1,1,2,2,1,2,1,1,1,1,3,1,2, ?,6,1,1, ?,2,2
7,47,F,5,2005,4,1,1,2,2,1,1,1,1,1,1,1,1,2,9,6,1,1, ?,2,2
6,47,F,5,2005,?,1,1,2,2,1,1,1,1,1,1,3,1,2,17,6,1,1, ?,2,2
1,47,F,5,2005,4,1,1,2,2,1,1,1,1,1,1,3,1,2, ?,6,1,1, ?,2,2
6,5,S,7,2005,2,1,1,2,2,1,2,1,1,1,1,2,1,2, ?,6,1,1, ?,2,2
9,51,F,7,2005,1,1,3,2,2,1,1,1,1,1,1,1,1,2,9,6,1,1, ?,2,2
8,51,F,7,2005,3,1,1,2,2,1,1,1,1,1,1,2,1,2,10,6,1,1, ?,2,2
1,39,G,9,2005,1,1,1,2,2,1,1,1,1,1,1,1,1,2,14,6,1,1, ?,2,2
1,39,F,9,2005,1,1,1,2,2,1,4,1,1,1,1,1,1,2,9,6,1,1, ?,2,2
2,39,G,9,2005,2,1,1,2,2,1,1,1,1,1,1,1,1,2,9,6,1,1, ?,2,2
3,39,F,7,2005,1,1,1,2,2,1,1,1,1,1,1,1,1,2,9,6,1,1, ?,2,2
1,39,F,10,2005,2,1,1,2,2,1,1,1,1,1,1,4,1,2,14,6,1,1, ?,2,2
1,39,F,10,2005,3,1,1,2,2,1,1,1,1,1,1,1,1,2,7,6,1,1, ?,2,2
6,37,G,8,2005,2,1,1,2,2,1,1,1,1,1,1,1,1,2,6,6,1,1, ?,2,2
6,37,F,8,2005,2,1,1,2,2,1,1,1,1,1,1,1,1,2,14,6,1,1, ?,2,2
10,52,G,1,2005,3,1,1,2,2,1,1,1,1,1,1,3,1,2,6,6,1,1, ?,2,2
1,52,G,1,2005,3,1,1,2,2,1,1,1,1,1,1,2,1,2,4,6,1,1, ?,2,2
4,52,F,1,2005,3,1,1,2,2,1,1,1,1,1,1,3,1,2,14,6,1,1, ?,2,2
4,44,F,2,2005,1,1,1,2,2,1,2,1,1,1,1,3,1,2,14,6,1,1, ?,2,2
3,44,F,2,2005,2,1,1,2,2,1,1,1,1,1,1,3,1,2,14,6,1,1, ?,2,2
3,44,F,2,2005,2,1,1,2,2,1,1,1,1,1,1,1,1,2,14,6,1,1, ?,2,2
3,44,F,2,2005,4,1,1,2,2,1,2,1,1,1,1,3,1,2,14,6,1,1, ?,2,2
6,44,F,2,2005,2,1,1,2,2,1,1,1,1,1,1,1,1,2,9,6,1,1, ?,2,2
2,44,F,2,2005,2,1,1,2,2,1,1,1,1,1,1,1,1,2, ?,6,1,1, ?,2,2
7,44,F,2,2005,3,1,1,2,2,1,1,1,1,1,1,1,1,2,9,6,1,1, ?,2,2
7,44,G,2,2005,4,1,1,2,2,1,2,1,1,1,1,1,1,2,14,6,1,1, ?,2,2
5,44,G,2,2005,4,1,1,2,2,1,4,1,1,1,1,1,1,2,9,6,1,1, ?,2,2
5,44,S,2,2005,2,1,8,2,2,1,1,1,1,1,1,3,1,2,6,1,1,1, ?,2,2
1,44,G,11,2005,3,1,1,2,2,1,1,1,1,1,1,3,1,2,10,6,1,1, ?,2,2
4,44,F,11,2005,3,1,1,2,2,1,1,1,1,1,1,3,1,2,9,6,1,1, ?,2,2
3,44,F,11,2005,2,1,1,2,2,1,1,1,1,1,1,1,1,2,9,6,1,1, ?,2,2
6,44,F,11,2005,3,1,1,2,2,1,1,1,1,1,1,1,1,2,14,6,1,1, ?,2,2
6,44,F,11,2005,4,1,1,2,2,1,1,1,1,1,1,1,1,2,8,6,1,1, ?,2,2
7,44,F,11,2005,1,1,1,2,2,1,1,1,1,1,1,1,1,2,9,6,1,1, ?,2,2
7,44,F,11,2005,2,1,1,2,2,1,2,1,1,1,1,1,1,2,9,6,1,1, ?,2,2
7,44,F,11,2005,1,1,1,2,2,1,1,3,1,1,1,1,1,2,6,6,1,1, ?,2,2
5,44,F,11,2005,2,1,1,2,2,1,1,1,1,1,1,1,1,2,9,6,1,1, ?,2,2
5,44,F,11,2005,4,1,1,2,2,1,4,1,1,1,1,1,1,2,14,6,1,1, ?,2,2
1,44,F,10,2005,2,1,1,2,2,1,1,1,1,1,1,3,1,2,9,6,1,1, ?,2,2
4,44,F,10,2005,3,1,1,2,2,1,1,1,1,1,1,3,1,2,8,6,1,1, ?,2,2
3,44,F,9,2005,3,1,1,2,2,1,1,1,1,1,1,1,1,2,9,6,1,1, ?,2,2
3,44,F,10,2005,3,1,1,2,2,1,1,1,1,1,1,1,1,2,9,6,1,1, ?,2,2
6,44,F,10,2005,2,1,1,2,2,1,3,1,1,1,1,1,1,2,9,6,1,1, ?,2,2
6,44,F,10,2005,4,1,1,2,2,1,3,1,1,1,1,1,1,2,9,6,1,1, ?,2,2
6,44,F,10,2005,2,1,1,2,2,1,1,1,1,1,1,1,1,2,14,6,1,1, ?,2,2
7,44,F,10,2005,1,1,1,2,2,1,1,1,1,1,1,1,1,2,9,6,1,1, ?,2,2
7,44,F,10,2005,2,1,1,2,2,1,1,1,1,1,1,1,1,2,9,6,1,1, ?,2,2
4,44,F,9,2005,3,1,1,2,2,1,1,1,1,1,1,2,1,2,14,6,1,1, ?,2,2
3,44,F,9,2005,2,1,1,2,2,1,1,1,1,1,1,1,1,2,14,6,1,1, ?,2,2
3,44,F,9,2005,2,1,1,2,2,1,1,1,1,1,1,1,1,2,14,6,1,1, ?,2,2
6,44,F,9,2005,1,1,1,2,2,1,2,1,1,1,1,4,1,2,19,6,1,1, ?,2,2
6,44,F,9,2005,2,1,1,2,2,1,1,1,1,1,1,2,1,2,12,6,1,1, ?,2,2
6,44,F,9,2005,4,1,1,2,2,1,4,1,1,1,1,1,1,2,14,6,1,1, ?,2,2
6,44,F,9,2005,2,1,1,2,2,1,1,1,1,1,1,1,1,2,10,6,1,1, ?,2,2
6,44,G,9,2005,2,1,1,2,2,1,2,1,1,1,1,1,1,2,12,6,1,1, ?,2,2
5,44,F,9,2005,1,1,1,2,2,1,2,1,1,1,1,4,1,2,14,6,1,1, ?,2,2
5,44,F,9,2005,2,1,1,2,2,1,2,1,1,1,1,1,1,2,14,6,1,1, ?,2,2
1,35,F,11,2005,2,1,1,2,2,1,1,1,1,1,1,1,1,2,14,6,1,1, ?,2,2
1,35,G,12,2005,1,1,1,2,2,1,2,1,1,1,1,1,1,2,12,6,1,1, ?,2,2
2,35,F,12,2005,2,1,1,2,2,1,1,1,1,1,1,2,1,2, ?,6,1,1, ?,2,2
6,45,F,12,2005,2,1,1,2,2,1,1,1,1,1,1,2,1,2,19,6,2,2, ?,2,2
6,45,F,12,2005,2,1,1,2,2,1,1,1,1,1,1,1,1,2,9,6,1,1, ?,2,2
1,45,G,12,2005,4,1,1,2,2,1,4,1,1,1,1,3,1,2,14,6,1,1, ?,2,2
5,45,F,12,2005,4,1,1,2,2,1,4,1,1,1,1,4,1,2,13,6,1,1, ?,2,2
6,45,F,12,2005,3,1,1,2,2,1,1,1,1,1,1,1,1,2,9,6,1,1, ?,2,2
6,45,F,12,2005,4,1,1,2,2,1,4,1,1,1,1,1,1,2,14,6,1,1, ?,2,2
6,45,F,12,2005,2,1,1,2,2,1,2,1,1,1,1,1,1,2,14,6,1,1, ?,2,2
6,45,F,12,2005,1,1,1,2,2,1,2,1,1,1,1,1,1,2,7,6,1,1, ?,2,2
13,50,G,8,2005,2,1,1,2,2,1,2,1,1,1,1,3,1,2,4,6,1,1, ?,2,2
10,52,F,2,2005,1,1,1,2,2,1,1,1,1,1,1,2,1,2,9,6,1,1, ?,2,2
6,52,F,2,2005,4,1,1,2,2,1,4,1,1,1,1,3,1,2,4,6,1,1, ?,2,2
10,52,G,2,2005,3,1,1,2,2,1,1,1,1,1,1,3,1,2,9,6,1,1, ?,2,2
10,52,G,6,2005,1,1,1,2,2,1,1,1,1,1,1,2,1,2,9,6,1,1, ?,2,2
8,52,F,3,2005,3,1,1,2,2,1,1,1,1,1,1,2,1,2,17,6,1,1, ?,2,2
1,52,F,3,2005,4,1,1,2,2,1,1,1,1,1,1,2,1,2,8,6,1,1, ?,2,2
1,40,G,1,2005,2,1,1,2,2,1,1,1,1,1,1,1,1,2,9,6,1,1, ?,2,2
1,40,F,2,2005,1,1,1,2,2,1,3,1,1,1,1,1,1,2,9,6,1,1, ?,2,2
1,40,G,3,2005,1,1,1,2,2,1,1,1,1,1,1,1,1,2,9,6,1,1, ?,2,2
1,40,F,3,2005,2,1,1,2,2,1,1,1,1,1,1,1,1,2,9,6,1,1, ?,2,2
1,40,F,3,2005,3,1,1,2,2,1,3,1,1,1,1,1,1,2,9,6,1,1, ?,?,?
1,40,F,3,2005,1,1,1,2,2,1,1,1,1,1,1,1,1,2,9,6,1,1, ?,2,2
1,40,G,4,2005,2,1,1,2,2,1,2,1,1,1,1,1,?,?,14,6,1,1, ?,2,2
1,40,F,5,2005,3,1,1,2,2,1,1,1,1,1,1,1,1,2,9,6,1,1, ?,2,2
1,40,F,5,2005,3,1,1,2,2,1,1,1,1,1,1,1,1,2,14,1,1,1, ?,2,2
1,40,G,5,2005,2,1,1,2,2,1,1,1,1,1,1,1,1,2,9,6,1,1, ?,2,2
1,40,F,6,2005,4,1,1,2,2,1,1,1,1,1,1,1,2,?,14,6,1,1, ?,2,2
1,40,G,7,2005,3,1,1,2,2,1,1,1,1,1,1,1,1,2,9,6,1,1, ?,2,2
1,40,G,7,2005,1,1,1,2,2,1,1,1,1,1,1,1,1,2,7,6,1,1, ?,2,2
1,40,F,7,2005,2,1,1,2,2,1,1,1,1,1,1,1,1,2,9,6,1,1, ?,2,2
1,40,F,9,2005,4,1,1,2,2,1,3,1,1,1,1,1,1,2,9,6,1,1, ?,2,2
5,40,F,4,2005,3,1,1,2,2,1,1,1,1,1,1,1,1,2,9,6,1,1, ?,2,2
5,40,F,6,2005,1,1,1,2,2,1,1,1,1,1,1,4,1,2,14,6,1,1, ?,2,2
5,40,F,7,2005,2,1,1,2,2,1,1,1,1,1,1,1,1,2,14,6,1,1, ?,2,2
5,40,F,10,2005,2,1,1,2,2,1,1,1,1,1,1,1,1,2,4,6,1,1, ?,2,2
5,40,F,5,2005,2,1,1,2,2,1,1,1,1,1,1,1,1,2, ?,6,1,1, ?,2,2
6,40,F,1,2005,2,1,1,2,2,1,1,1,1,1,1,1,1,2,10,6,1,1, ?,2,2
6,40,F,1,2005,2,1,1,2,2,1,1,1,1,1,1,1,1,2,9,6,1,1, ?,2,2
6,40,F,2,2005,3,1,1,2,2,1,1,1,1,1,1,1,1,2,9,6,1,1, ?,2,2
6,40,F,3,2005,2,1,1,2,2,1,1,1,1,1,1,1,1,2,9,6,1,1, ?,2,2
6,40,F,4,2005,3,1,1,2,2,1,1,1,1,1,1,1,1,2,9,6,1,1, ?,2,2
6,40,G,4,2005,3,1,1,2,2,1,1,1,1,1,1,1,1,2,9,6,1,1, ?,2,2
6,40,G,5,2005,3,1,1,2,2,1,1,1,1,1,1,1,1,2,12,6,1,1, ?,2,2
6,40,F,5,2005,2,1,1,2,2,1,1,1,1,1,1,1,1,2,4,6,1,1, ?,2,2
6,40,F,6,2005,4,1,1,2,2,1,1,1,1,1,1,1,1,2,14,6,1,1, ?,2,2
6,40,F,6,2005,4,1,1,2,2,1,4,1,1,1,1,1,1,2,9,6,1,1, ?,2,2
6,40,F,7,2005,3,1,1,2,2,1,1,1,1,1,1,1,1,2,9,6,1,1, ?,2,2
6,40,F,10,2005,4,1,1,2,2,1,2,1,1,1,1,1,1,2,9,6,1,1, ?,2,2