Thana,District,Accident_Severity,Month,Year,Time,Junction_Type,Traffic_Control,Movement,Divider,Weather,Light,Road_Geometry,Surface_Condition,Surface_Type,Surface_Quality,Road_Class,Road_Feature,Location_Type,Vehicle_Type,Vehicle_Movement,Vehicle_Loading,Vehicle_Defect,Vehicle_Driver_Age,Vehicle_Alcohol,Vehicle_Seat_Belt
1,28,S,3,2005,4,1,2,2,1,1,3,1,1,1,1,5,1,1,2,8,1,1,30,2,2
9,63,F,7,2005,2,1,8,2,2,1,1,2,1,1,1,1,1,2,9,1,?,1, ?,1,2
1,65,F,7,2005,2,?,4,2,2,1,1,1,1,1,1,4,1,2,11,2,?,3, ?,1,2
1,65,F,7,2005,1,1,8,1,2,1,1,1,1,1,1,1,1,2,11,2,1,7, ?,1,2
4,65,F,7,2005,3,1,1,2,2,2,1,1,2,1,1,4,1,2,11,6,1,?,20,2,2
8,65,F,7,2005,4,3,1,2,2,3,4,1,2,1,1,4,1,2,9, ?,?,?, ?,1,2
5,60,F,7,2005,3,2,1,2,2,1,1,5,1,1,1,1,1,2,9,5,?,?,38,1,2
1,60,F,7,2005,3,1,1,2,2,1,1,1,1,1,1,2,1,2,9,6,1,1, ?,2,2
4,60,F,7,2005,2,1,1,2,2,1,1,1,1,1,1,3,1,2,11, ?,1,?, ?,2,2
6,60,F,7,2005,2,7,8,1,2,2,1,1,2,1,1,1,1,2,12,6,1,7, ?,1,2
13,58,F,7,2005,2,7,1,2,2,1,1,1,1,1,1,1,1,2,9,11,1,1,35,2,2
1,60,F,2,2005,2,1,1,1,?,1,1,1,1,1,1,4,1,2,9,6,1,1, ?,2,2
3,60,G,1,2005,1,1,8,1,2,1,1,2,1,1,1,3,1,2,4,6,1,1, ?,2,2
4,60,F,2,2005,2,1,1,2,?,1,2,3,1,3,2,4,1,2,11,7,1,1, ?,2,2
4,60,F,1,2005,2,2,3,2,2,1,1,1,1,1,1,3,1,2,11, ?,?,1, ?,2,1
5,60,F,1,2005,4,1,8,2,2,1,4,1,1,1,1,1,1,2, ?,6,?,?, ?,1,2
7,60,F,4,2005,2,1,1,2,2,1,1,1,1,1,1,3,1,2,6,9,1,1,30,1,2
7,60,G,3,2005,1,1,1,2,2,1,1,1,1,1,1,3,1,2,9,8,1,1, ?,1,2
8,60,G,2,2005,2,1,1,2,2,1,1,1,1,1,1,3,5,2,12,11,1,1,30,1,2
1,61,F,6,2005,1,1,1,2,2,1,2,1,1,1,1,1,1,2, ?, ?,?,?, ?,?,?
2,61,F,1,2005,3,1,1,2,2,1,1,1,1,1,1,3,1,2,12,6,1,7, ?,1,2
1,60,F,2,2005,3,1,1,2,?,1,1,1,1,1,1,2,1,2,9,6,1,1, ?,2,2
2,61,F,7,2005,2,1,2,2,1,1,1,1,1,1,1,1,1,2,9,6,2,?, ?,1,2
1,59,F,6,2005,2,3,1,2,2,1,1,1,1,1,1,2,1,2,9,11,1,?, ?,1,2
7,58,F,7,2005,2,1,1,2,2,2,1,1,2,1,1,1,1,2,14,6,1,1,40,2,2
10,58,F,7,2005,3,7,8,2,2,1,1,1,1,1,1,3,1,2,9,11,?,7,40,2,2
12,58,F,7,2005,3,7,1,2,2,1,1,1,1,1,1,4,1,2,7, ?,1,?, ?,?,2
12,58,F,7,2005,3,1,1,2,?,1,1,1,1,1,1,3,1,2,9, ?,?,?,32,2,2
1,61,S,7,2005,2,?,?,2,1,1,2,1,1,1,1,2,1,1,8,2,?,1,35,2,2
1,61,F,7,2005,4,1,1,2,?,1,4,1,1,1,1,1,1,2,9,6,?,?, ?,2,2
1,61,G,6,2005,1,?,1,2,2,1,1,4,1,1,2,5,4,1,6,1,1,?, ?,2,2
6,27,F,4,2006,4,3,1,2,2,1,2,1,5,3,3,4,1,2,13,11,1,1,32,2,2
5,27,F,5,2006,2,1,1,2,2,1,1,1,1,1,1,3,1,2,8,6,1,1,39,2,2
5,27,S,11,2006,2,3,1,2,2,1,1,1,1,1,1,2,1,2,4,1,1,3,24,2,2
5,27,F,12,2006,3,1,1,2,2,1,1,1,1,1,1,4,1,2,4,6,1,1, ?,2,1
1,27,G,3,2006,2,1,2,2,2,1,1,1,1,1,1,5,1,2,19,6,2,7,20,2,2
1,27,F,6,2006,2,1,2,2,2,1,1,1,1,3,2,3,1,2,12,6,1,1, ?,2,2
1,27,F,12,2006,3,7,1,2,2,1,1,1,1,1,1,4,2,2,1,1,1,1, ?,1,2
2,27,F,2,2006,3,3,1,2,2,1,1,1,1,3,3,2,1,2,9,11,1,7, ?,1,2
2,27,F,6,2006,2,1,1,2,2,1,1,1,1,1,1,2,1,2,19,6,1,1, ?,2,2
2,27,F,7,2006,2,7,1,2,2,1,1,1,1,1,1,2,1,2,9,11,1,1, ?,2,2
2,27,F,7,2006,3,2,1,2,2,1,1,1,1,1,1,2,3,2,9,11,1,1, ?,2,2
2,27,G,10,2006,2,3,1,2,2,4,2,1,1,1,1,1,1,2,9,8,1,7, ?,2,2
2,27,F,12,2006,3,1,1,2,2,1,1,1,1,1,1,1,1,2,19,6,1,1,39,2,2
3,33,F,1,2006,2,1,1,2,2,1,1,3,1,1,2,2,2,2,6,6,1,1, ?,2,2
3,33,F,3,2006,3,1,1,2,2,1,1,1,1,1,1,2,1,2,6,6,1,1, ?,2,2
1,33,F,1,2006,2,1,1,2,2,1,1,1,1,1,1,4,1,2,9,6,1,1,32,2,2
1,33,F,2,2006,2,1,1,2,2,1,1,1,1,1,1,4,1,2,9,6,1,1,23,2,2
1,33,G,2,2006,4,7,1,2,2,1,4,1,1,1,1,2,1,2,15,4,2,7, ?,2,2
5,33,F,2,2006,2,1,1,2,2,1,1,1,1,1,1,4,1,2,14,6,1,1, ?,1,2
5,33,F,4,2006,2,1,1,2,2,1,1,1,1,2,2,4,1,2,6,6,1,7,35,1,2
5,33,F,8,2006,?,1,1,2,2,1,1,1,1,1,1,2,1,2,9,2,1,3, ?,2,2
4,33,F,6,2006,3,1,1,2,2,1,1,1,1,1,1,2,1,2,4,6,1,1, ?,2,1
4,33,F,6,2006,3,1,1,2,2,1,1,1,1,1,1,2,1,2,14,6,2,1, ?,1,2
2,33,F,2,2006,3,1,3,2,2,1,1,1,1,1,1,2,1,2,9,6,1,3,32,2,2
2,33,F,3,2006,3,1,3,2,2,1,1,1,1,1,1,2,1,2,9,6,1,1, ?,1,2
2,33,F,6,2006,4,3,3,2,2,1,1,1,1,1,1,2,1,2,19,6,1,1, ?,1,2
5,31,F,2,2006,3,7,3,2,2,1,2,1,1,2,3,4,1,2,19,4,1,1,22,2,2
6,31,F,2,2006,2,7,8,2,2,1,1,3,1,1,1,2,1,2,8,11,1,1, ?,2,2
4,32,F,3,2006,3,7,8,2,2,1,1,4,1,2,3,2,3,2,9,2,1,1, ?,2,2
4,32,F,4,2006,2,3,1,2,2,1,1,1,1,2,2,4,4,2,6,6,1,1, ?,2,2
4,32,F,9,2006,3,1,1,2,2,2,1,1,2,1,1,2,1,2,9,6,1,1,35,2,2
2,32,F,4,2006,2,7,1,2,2,1,1,1,1,1,1,2,1,2,6,6,2,3,25,2,2
3,32,F,3,2006,3,1,1,2,2,1,1,1,1,1,1,1,1,2,9,6,1,1,40,2,2
3,32,F,3,2006,3,1,1,2,2,1,1,1,1,1,1,1,1,2,9,6,1,1, ?,1,2
3,32,F,4,2006,1,1,1,2,2,1,2,1,1,1,1,2,1,2,9,6,1,1, ?,2,2
3,32,F,8,2006,3,1,1,2,2,1,1,1,1,1,2,4,1,2,6,6,1,1,20,2,2
1,30,F,2,2006,3,1,1,2,2,1,1,1,1,1,1,3,1,2,9,6,1,1,30,2,2
1,30,F,4,2006,4,1,1,2,2,1,4,1,1,1,1,2,1,2,14,6,1,1, ?,1,2
1,30,S,5,2006,2,1,1,2,2,1,1,1,1,1,2,2,1,2,8,6,1,1, ?,2,2
1,30,F,6,2006,3,1,1,2,2,2,1,1,2,1,1,3,1,2,19,6,1,6, ?,2,2
1,30,F,7,2006,2,3,1,2,2,1,1,1,1,2,1,4,1,2,4,6,1,1,30,2,2
1,30,G,10,2006,3,1,1,2,2,1,1,1,1,1,1,1,1,2,10,6,1,1, ?,2,2
7,30,F,4,2006,3,7,1,2,2,1,1,1,1,1,1,3,1,2,9,11,1,3, ?,2,2
7,30,F,7,2006,2,1,1,2,2,2,1,1,2,1,1,1,1,2,8,6,1,1,35,2,2
6,30,F,3,2006,3,1,1,2,2,1,1,1,1,1,1,3,1,2,17,6,1,1,19,2,2
6,30,F,11,2006,2,1,1,2,2,1,1,1,1,1,1,3,1,2,9,6,1,1, ?,1,2
6,30,F,12,2006,2,1,1,2,2,1,1,1,1,1,1,3,1,2,6,6,1,1, ?,2,2
3,30,F,1,2006,3,7,1,2,2,1,1,2,1,2,2,3,1,2,9,6,1,1, ?,2,2
3,30,S,7,2006,2,7,8,2,2,2,2,4,2,1,2,3,1,2,9,1,1,1, ?,2,2
3,30,G,7,2006,3,3,1,2,2,1,1,1,1,1,1,3,1,2,9,8,1,1, ?,2,2
3,30,F,8,2006,3,1,1,2,2,1,1,1,1,1,1,4,1,2,9,6,1,1, ?,2,2
2,30,F,3,2006,2,1,1,2,2,1,1,1,1,1,1,4,1,2,6,6,1,1, ?,2,2
2,30,F,4,2006,2,1,1,2,2,1,1,1,1,1,1,3,1,2,4,6,1,1,25,2,2
2,30,F,5,2006,2,1,1,2,2,2,1,2,2,1,2,3,1,2,8,9,1,1, ?,2,2
2,30,F,7,2006,3,1,1,2,2,1,1,1,1,1,1,4,1,2,19,6,1,3,18,2,2
2,30,F,8,2006,4,1,1,2,2,1,4,1,1,1,1,3,1,2,4,6,1,1, ?,2,1
2,30,F,9,2006,3,1,1,2,2,2,1,1,2,1,1,3,1,2,9,6,1,1,40,2,2
2,30,F,10,2006,4,1,1,2,2,2,4,3,2,2,2,4,1,2,4,6,1,1,28,2,2
2,30,F,10,2006,2,1,1,2,2,1,1,1,1,1,1,4,1,2,17,6,2,1,40,2,2
4,34,F,1,2006,3,1,1,2,2,1,1,1,1,1,1,1,1,2,8,6,1,1,45,2,2
4,34,F,1,2006,2,1,1,2,2,1,1,1,1,1,1,1,3,2,19,11,2,1,22,1,2
4,34,F,2,2006,4,1,1,2,2,1,4,1,1,1,1,1,1,2,8,11,1,1,38,1,2
4,34,F,6,2006,3,1,1,2,2,1,1,1,1,1,1,1,1,2,4,6,1,1,40,2,1
5,34,F,2,2006,2,7,1,2,2,1,1,2,5,1,2,3,4,2,14,6,1,1, ?,2,2
5,34,F,3,2006,3,1,1,2,2,1,1,1,5,1,1,3,1,2,4,6,1,1,25,2,1
5,34,F,7,2006,3,3,1,2,2,1,1,1,1,1,2,3,1,2,6,9,1,6,35,2,2
1,34,F,3,2006,3,2,1,2,2,1,1,1,1,2,1,4,1,2,19,1,1,3, ?,2,2
9,34,F,5,2006,3,1,1,2,2,1,1,1,2,2,3,4,1,2,6,6,1,1, ?,2,2
10,34,F,5,2006,3,1,1,2,2,1,1,1,1,1,1,1,1,2,7,6,1,4, ?,2,2
6,34,G,1,2006,3,1,1,2,2,1,1,1,1,1,1,1,1,2,19,6,1,1,31,2,2
6,34,G,6,2006,3,7,1,2,2,1,1,1,1,1,1,1,1,2,4,6,1,6,26,1,2
6,34,F,6,2006,3,7,1,2,2,1,1,1,1,1,1,1,1,2,6,11,1,3,45,2,2
6,34,F,10,2006,2,1,1,2,2,1,1,1,1,1,1,1,1,2,7,6,1,1, ?,2,2
2,32,F,10,2006,3,1,3,2,2,1,1,1,1,1,1,2,1,2,5,6,2,4, ?,2,2
4,30,F,12,2006,2,3,1,2,2,1,1,2,1,1,1,3,1,2,6,1,1,1, ?,2,2
1,32,F,12,2006,4,1,1,2,2,1,2,1,1,1,1,5,1,1,10,6,1,1, ?,2,2
7,63,S,3,2006,3,2,4,2,?,1,1,1,1,1,1,1,1,2,13,5,1,1, ?,2,1
4,63,F,3,2006,3,1,1,2,2,1,1,1,1,1,1,1,1,2,13,6,1,1, ?,2,2
8,63,G,3,2006,1,1,1,2,2,1,4,1,1,1,1,1,1,2,9,11,1,1,32,1,2
8,63,G,3,2006,3,1,1,2,2,1,1,1,1,1,1,4,1,2,14,6,1,1,45,1,2
8,63,S,3,2006,3,1,2,2,2,1,1,1,1,1,1,1,1,2,9, ?,?,1, ?,2,2
9,63,G,3,2006,2,2,8,2,2,1,2,1,1,1,1,1,1,2,9,6,1,1, ?,2,2
9,63,F,3,2006,3,7,1,2,2,1,1,1,1,1,1,1,2,2,14,6,1,1, ?,2,2
3,63,F,2,2006,4,1,8,1,2,1,2,1,1,1,1,4,1,2,6,6,1,7, ?,2,2
2,63,S,3,2006,3,3,1,2,2,1,1,1,1,2,1,4,1,2,11,6,1,7, ?,2,2
11,63,F,3,2006,3,1,1,2,2,1,2,1,1,1,1,1,1,2,19,6,1,7, ?,2,2
8,63,F,1,2006,2,2,3,2,2,1,1,1,1,1,1,1,1,2,9, ?,?,?, ?,?,?
8,63,F,1,2006,2,1,1,2,2,1,1,1,1,1,1,1,1,2,9,6,?,?,32,2,2
1,63,F,1,2006,3,7,1,2,2,1,1,1,1,1,1,3,1,2,11,6,1,1, ?,2,2
7,63,G,1,2006,2,1,1,2,2,1,1,1,1,1,1,1,1,1,7,6,1,1, ?,2,2
7,63,F,1,2006,3,3,1,2,2,1,1,4,1,1,2,1,1,2,14,1,1,?, ?,2,2
14,63,F,1,2006,3,1,2,2,2,1,1,1,1,1,1,1,1,2,8,6,1,1, ?,2,2
14,63,F,1,2006,1,1,1,2,1,2,1,1,1,1,1,1,1,2,14,6,1,?,37,2,2
9,63,F,2,2006,2,2,8,2,2,1,1,2,1,1,1,1,1,2,8,2,1,1, ?,?,?
6,63,F,2,2006,3,4,8,2,2,1,1,2,1,1,1,1,1,2,19,1,1,1,37,2,2
5,63,F,2,2006,2,?,1,2,2,1,1,3,1,1,1,3,1,2,8, ?,?,7, ?,?,?
9,63,M,2,2006,4,1,1,2,?,1,4,1,1,1,1,1,1,2,9,2,1,1, ?,2,2
1,59,F,1,2006,1,?,8,?,?,1,1,1,1,3,1,4,?,?,17,6,?,?, ?,?,?
6,60,S,2,2006,2,?,1,2,2,1,1,1,1,1,1,4,1,1,10,6,1,1,21,2,2
12,58,F,1,2006,3,?,1,2,2,1,1,1,1,1,1,2,1,2,9,6,1,1, ?,2,2
2,61,S,1,2006,3,7,8,1,2,1,1,1,1,1,1,4,1,2,6,11,1,1, ?,2,2
1,61,F,1,2006,1,1,1,2,2,1,4,1,1,1,1,1,1,2, ?,6,?,?, ?,?,?
1,61,F,1,2006,3,2,3,2,2,1,1,1,1,1,1,1,1,1,14,6,1,1,30,2,2
1,62,F,1,2006,2,7,1,2,2,1,1,1,1,1,1,1,1,2, ?, ?,?,?, ?,?,?
1,62,F,2,2006,3,7,3,2,1,1,1,1,1,1,1,1,1,2,9,11,2,?, ?,?,?
1,62,F,2,2006,2,?,?,2,?,1,2,1,1,1,1,2,?,1,7,8,?,1,25,2,2
1,62,F,2,2006,3,6,?,2,2,1,1,1,1,1,1,2,1,1,6, ?,?,?, ?,?,?
1,61,F,2,2006,2,1,1,2,2,1,1,1,1,1,1,1,1,2,9,6,1,1,47,2,2
6,61,F,2,2006,2,7,1,2,?,1,1,1,1,3,2,4,1,2,17,6,1,?,25,2,2
5,57,F,2,2006,2,1,1,2,1,1,1,1,1,1,1,4,1,2,17,6,1,1, ?,1,2
16,58,G,2,2006,1,1,1,2,2,4,4,1,5,1,1,1,1,2,10,6,1,1,38,1,2
7,58,F,2,2006,2,1,1,2,2,1,1,1,1,1,1,3,1,?,8,6,1,1,35,2,2
10,58,G,2,2006,3,1,1,2,2,1,1,1,1,1,1,2,1,2,9,6,1,1, ?,1,2
1,66,G,3,2006,3,1,1,1,2,1,1,2,1,1,1,3,1,2,8,11,1,1, ?,2,?
4,66,F,2,2006,2,?,1,2,2,1,1,2,1,1,1,1,1,2,14,1,?,?,40,?,?
1,66,G,2,2006,1,1,8,1,2,1,1,1,1,1,1,3,1,2,14,4,1,1, ?,2,2
1,61,G,3,2006,2,1,1,2,2,1,1,1,1,1,1,1,1,2,14,6,?,?, ?,?,2
1,61,F,3,2006,2,1,1,2,2,1,2,1,1,1,1,1,1,2,12,10,1,1,40,?,2
1,67,G,3,2006,4,?,?,2,2,1,2,3,1,1,1,1,1,1,14,11,2,?, ?,1,2
1,59,F,3,2006,2,?,?,1,2,1,1,1,1,1,1,4,1,2,9, ?,?,?, ?,?,?
4,59,S,3,2006,3,?,8,2,2,1,1,1,1,1,1,2,1,2,14,1,1,?, ?,2,?
5,59,F,3,2006,4,3,1,1,?,1,4,2,1,1,1,2,1,2,14,2,?,?,40,2,?
7,59,F,3,2006,2,7,1,2,2,1,1,1,1,1,1,4,1,2,14,6,2,7, ?,?,?
1,62,F,3,2006,2,?,3,?,2,1,2,1,1,1,1,4,1,2, ?, ?,?,?, ?,?,?
3,62,F,3,2006,3,1,8,2,2,1,1,1,1,1,1,2,1,2, ?, ?,?,?, ?,?,?
5,57,F,3,2006,3,1,1,2,2,1,1,2,1,3,1,4,4,2,17,1,1,3, ?,2,2
1,61,F,4,2006,2,1,4,2,1,1,1,1,1,1,1,1,1,1,9,6,1,1,30,2,2
6,61,G,4,2006,2,1,1,2,2,1,1,1,1,1,1,2,1,2,9,6,1,?, ?,2,2
9,63,F,4,2006,2,7,1,2,2,1,2,1,1,1,1,1,1,2,11,6,1,7, ?,1,2
9,63,F,4,2006,3,7,3,2,2,1,1,1,1,1,1,1,1,2,4,6,1,7, ?,2,2
6,63,F,4,2006,2,7,8,2,2,1,1,1,1,1,1,4,1,2,14,8,1,7, ?,2,2
5,63,F,4,2006,3,7,?,2,2,1,1,4,5,3,2,4,?,2,11,11,1,1, ?,2,2
5,63,F,4,2006,2,1,1,2,2,1,1,1,1,1,1,1,1,2,19,6,1,1, ?,2,?
8,63,F,4,2006,4,1,1,2,2,1,4,1,1,1,1,1,1,2,14,6,1,1,31,1,2
8,63,F,4,2006,3,2,8,1,?,1,1,1,1,1,1,1,1,2,9,6,1,7, ?,2,2
4,59,G,4,2006,4,7,1,2,2,2,1,1,1,1,1,4,1,2,9, ?,1,1,30,2,2
4,59,F,4,2006,4,7,1,2,2,2,1,1,1,1,1,4,1,2, ?, ?,?,?, ?,?,?
1,59,F,4,2006,2,3,4,2,2,1,1,1,1,1,1,2,1,1,2,6,1,1, ?,2,2
1,67,F,4,2006,4,7,8,2,2,1,2,1,1,3,1,1,?,1,9,2,1,1,45,1,2
1,67,G,4,2006,4,1,8,2,2,1,1,4,1,1,1,2,1,2,13,6,1,1,35,2,2
8,67,F,4,2006,2,1,3,1,1,1,2,1,1,1,1,3,1,2,9, ?,1,1,38,2,2
8,68,F,4,2006,2,1,1,2,2,1,1,5,1,3,3,4,1,2,14,6,1,?, ?,2,2
5,65,G,4,2006,3,?,1,2,2,1,1,1,1,1,1,1,1,2,11,6,2,7,28,2,2
3,57,F,4,2006,3,1,1,2,2,1,1,1,1,1,1,1,1,2,7,6,1,1, ?,1,2
11,63,F,5,2006,4,1,1,2,2,1,4,1,1,1,1,3,1,2,14,6,1,1,28,2,2
3,63,F,5,2006,2,7,8,1,2,1,2,1,1,3,2,4,1,2,12,6,1,7, ?,2,2
4,63,G,5,2006,2,1,1,2,2,1,1,1,1,1,1,1,1,2,14,4,1,1, ?,1,2
14,63,F,4,2006,3,1,1,2,2,2,1,1,2,1,1,1,1,2,5, ?,1,3,40,2,2
8,63,F,5,2006,4,1,3,1,2,1,4,1,2,1,1,1,1,2,19,6,1,7, ?,2,2
8,63,G,5,2006,4,1,1,2,2,1,4,1,1,1,3,1,1,2,14,6,1,4,50,2,2
10,67,F,5,2006,2,7,8,1,2,1,1,5,1,1,3,4,1,2,14,6,1,?,28,2,2
1,62,F,5,2006,3,1,1,2,2,1,1,1,1,1,1,2,1,2,14, ?,?,?, ?,?,?
1,62,F,5,2006,2,7,6,2,2,1,1,1,1,1,1,4,1,2, ?, ?,?,?, ?,?,?
5,59,F,5,2006,1,1,1,2,2,1,2,3,1,1,1,4,1,2,8,6,1,1, ?,2,2
6,57,F,5,2006,3,3,8,2,2,1,1,1,1,1,1,4,1,2,8,6,1,1,25,2,2
5,57,G,5,2006,3,?,1,2,2,1,1,1,1,1,1,4,1,2,6,6,1,1, ?,1,2
2,61,F,5,2006,3,1,1,2,2,1,1,1,1,1,1,1,1,2,14,6,1,1, ?,2,2
2,61,F,5,2006,2,1,1,2,2,1,1,1,1,1,1,1,1,2,14,6,1,1,39,2,2
1,61,G,5,2006,1,7,8,1,?,1,1,1,1,1,1,1,1,2,4, ?,1,1, ?,2,2
1,62,F,6,2006,3,7,1,1,2,1,1,1,1,1,1,2,1,2,9,6,1,1,48,2,2
1,62,F,5,2006,3,7,6,2,2,1,1,1,1,1,1,2,1,2,14,11,?,1, ?,?,?
5,68,F,6,2006,2,7,1,2,2,1,1,4,1,1,1,3,1,2,11,2,1,3,35,2,2
1,68,F,6,2006,1,7,1,2,2,1,2,4,2,1,2,1,1,1,14,2,1,7,35,2,2
7,65,G,5,2006,3,1,1,2,2,1,1,1,1,1,1,1,1,2,5,6,1,1, ?,2,2
5,65,F,6,2006,2,1,1,2,2,1,1,1,1,1,1,1,?,2,4,6,?,1, ?,?,2
1,65,F,6,2006,1,1,1,2,2,1,4,1,1,1,1,1,1,2, ?, ?,?,?, ?,?,?
7,66,G,5,2006,3,1,1,2,2,1,1,2,1,1,1,4,1,2,13,6,1,1,35,2,2
4,61,F,6,2006,2,?,3,2,?,1,1,1,1,1,1,3,?,?, ?, ?,?,?, ?,?,?
3,61,F,6,2006,3,?,3,2,?,1,1,1,1,1,1,1,2,?,14,6,1,7, ?,2,2
4,59,F,6,2006,3,7,1,2,2,2,1,1,1,1,1,2,1,2,16,1,1,1,40,2,2
5,63,F,10,2006,1,2,3,2,2,4,2,1,1,2,3,1,1,2,11,6,1,7, ?,2,2
3,61,F,7,2006,2,1,1,2,2,1,1,2,1,1,1,1,1,2,9,6,1,1,38,2,2
1,61,F,7,2006,2,1,1,2,2,1,1,1,1,1,1,1,1,2,12,6,1,1, ?,2,2
1,61,F,6,2006,4,1,1,2,2,1,4,1,1,1,1,1,1,1,18,6,1,1, ?,2,2
1,61,F,7,2006,?,7,1,2,2,1,4,1,1,1,1,1,1,1,19,6,1,6, ?,2,2
4,59,F,7,2006,2,7,1,2,2,2,1,1,1,1,1,4,1,2,9,6,1,1, ?,2,2
7,63,F,8,2006,3,1,1,2,2,1,1,2,1,1,1,1,1,2,7,2,1,1,30,2,2
7,63,F,8,2006,3,1,1,2,2,1,1,1,1,1,1,4,1,2,9,6,1,1, ?,2,2
7,63,F,10,2006,2,1,1,2,2,1,1,1,1,1,1,1,1,2,9, ?,1,1,45,2,2
7,63,F,10,2006,2,1,4,2,2,2,1,2,2,1,1,1,1,2,7,4,1,1,32,2,2
7,63,G,12,2006,3,2,1,2,2,1,1,1,1,1,1,2,1,2,9,6,1,1,35,2,2
6,63,F,6,2006,1,7,8,1,2,2,2,2,2,1,1,1,1,2,14,11,1,7, ?,2,2
6,63,G,9,2006,2,7,8,2,2,2,1,2,2,1,1,4,1,2,14,1,1,7,28,2,2
11,63,G,6,2006,3,1,1,2,2,1,1,1,1,1,1,4,1,1,9,6,1,1, ?,2,2
11,63,G,6,2006,2,?,?,1,2,1,1,1,1,?,1,4,2,?,14,6,1,6,42,2,2
11,63,F,7,2006,2,3,1,2,?,1,1,4,1,1,3,1,1,2,9,3,1,7, ?,2,2
11,63,F,8,2006,2,?,?,?,?,?,?,?,?,?,?,4,?,2,19, ?,?,?,35,?,?
14,68,F,7,2006,3,?,1,1,2,2,1,1,2,1,1,1,1,2,12,6,1,?, ?,2,2
13,63,F,8,2006,2,?,1,2,?,1,1,1,1,1,1,1,1,2,14,5,?,?,50,2,2
14,63,S,8,2006,2,?,1,2,2,1,1,1,1,1,1,1,1,2,15,6,1,1,35,2,2
14,63,F,10,2006,3,?,1,2,2,1,1,1,1,1,1,1,1,2,9,4,?,?,25,2,2
14,63,F,12,2006,1,1,1,2,2,1,4,1,1,1,1,1,1,2,19,11,1,6, ?,2,2
10,63,F,8,2006,4,1,1,2,2,1,2,1,1,1,1,4,1,2,11,6,2,3,20,1,2
10,63,F,11,2006,2,?,?,2,2,4,1,2,2,1,?,4,1,2,14,6,1,1, ?,2,2
10,63,F,9,2006,3,?,?,2,2,1,1,1,1,1,1,4,1,2,13,6,1,6, ?,1,2
8,63,F,6,2006,2,2,1,2,2,1,1,1,1,1,1,1,1,2,9, ?,1,1,35,1,2
8,63,F,7,2006,1,2,1,2,?,1,1,1,1,1,1,1,1,1,14,6,1,1, ?,2,2
8,63,F,7,2006,1,?,1,1,?,1,2,1,1,1,1,1,1,2,10,6,1,1,31,2,2
8,63,F,8,2006,3,1,1,1,1,1,1,1,1,1,1,1,1,2,9, ?,1,1, ?,1,2
8,63,F,11,2006,3,3,8,2,2,1,1,1,1,1,1,1,1,2,9,6,1,1,45,2,1
8,63,G,10,2006,2,1,1,1,2,1,1,1,1,1,1,1,1,2,14, ?,1,1,35,1,2
8,63,F,10,2006,1,1,1,2,2,1,4,1,1,1,1,1,1,2,9,4,1,?, ?,1,?
8,63,F,11,2006,2,1,1,1,2,1,1,1,1,1,1,1,1,2,14,6,1,1, ?,2,2
8,63,G,11,2006,1,7,8,1,2,4,2,1,1,1,1,1,1,2,14, ?,1,7, ?,2,2
8,63,F,12,2006,2,1,1,2,2,1,1,1,1,1,2,1,?,?,8,6,1,7, ?,2,2
8,63,F,12,2006,3,7,3,1,2,1,1,1,1,1,1,1,1,?,9,1,1,7, ?,2,1
13,63,F,10,2006,4,1,1,2,?,1,4,1,1,1,1,1,1,2,4, ?,?,?,32,?,?
13,63,F,10,2006,4,3,1,1,2,1,4,1,1,1,1,1,1,2,8,6,1,?,32,2,2
1,63,F,7,2006,4,?,4,2,2,1,4,1,1,1,1,4,1,2,8,6,1,7, ?,2,2
1,63,F,10,2006,2,1,1,2,2,1,1,2,1,1,1,4,1,2,13,6,1,1, ?,2,2
9,63,G,6,2006,4,7,1,2,2,1,4,1,1,1,1,1,1,2,9, ?,?,?, ?,2,2
9,63,S,6,2006,4,7,1,2,2,1,2,1,1,1,1,1,1,2,14,6,1,1, ?,2,2
9,63,S,7,2006,2,7,1,2,2,1,1,1,1,1,1,1,1,2,9,6,1,7, ?,1,2
9,63,F,7,2006,4,1,1,2,2,1,2,1,1,1,1,1,1,2,8,6,1,7, ?,2,2
9,63,F,7,2006,2,1,1,2,2,1,1,1,1,1,1,1,1,2,9,2,1,1, ?,2,2
9,63,G,8,2006,2,1,1,2,2,1,1,1,1,1,1,1,1,2,9,2,1,1, ?,2,2
8,63,F,9,2006,1,7,1,2,2,1,2,1,1,1,1,1,1,2,6,6,1,1, ?,2,2
9,63,G,10,2006,1,1,1,2,2,1,4,1,1,1,1,4,1,2,14,6,1,?,26,2,2
9,63,F,10,2006,3,1,8,2,2,1,1,1,1,1,1,1,1,2,9,6,1,7, ?,2,2
9,63,G,12,2006,3,7,1,2,2,1,1,1,1,1,1,1,1,2,9,1,1,1,50,2,2
4,63,F,6,2006,2,1,1,2,2,1,1,1,1,1,1,1,1,2,9,4,?,1,35,1,2
4,63,F,8,2006,4,2,1,2,2,1,4,1,1,1,1,1,3,2,12,4,1,1,37,1,2
4,63,F,11,2006,2,1,1,2,1,1,1,1,1,1,1,1,1,2,8,4,1,?, ?,1,2
3,58,F,1,2006,2,7,8,2,2,1,1,1,1,1,2,4,1,2,6, ?,?,?, ?,?,?
3,58,F,12,2006,2,7,8,2,2,1,1,1,1,1,1,4,1,2,9,11,?,1, ?,?,?
7,58,F,1,2006,3,1,1,2,2,1,1,1,1,1,1,1,1,2,9,6,1,1,35,2,2