Thana,District,Accident_Severity,Month,Year,Time,Junction_Type,Traffic_Control,Movement,Divider,Weather,Light,Road_Geometry,Surface_Condition,Surface_Type,Surface_Quality,Road_Class,Road_Feature,Location_Type,Vehicle_Type,Vehicle_Movement,Vehicle_Loading,Vehicle_Defect,Vehicle_Driver_Age,Vehicle_Alcohol,Vehicle_Seat_Belt
7,58,G,2,2006,2,1,1,2,2,4,2,1,1,1,1,1,1,2,14, ?,1,1,38,2,2
7,58,F,2,2006,2,1,1,2,2,1,1,1,1,1,1,1,1,2,8,6,1,1,40,2,2
7,58,G,3,2006,1,1,1,2,2,1,1,1,1,1,1,1,1,2,14,6,1,1,35,2,2
7,58,F,3,2006,1,1,1,2,2,1,1,1,1,1,1,1,1,2,15,6,1,1, ?,2,2
7,58,F,3,2006,3,1,1,2,2,1,1,1,1,1,1,1,1,2,9,6,1,1, ?,2,2
7,58,F,5,2006,1,1,1,2,2,1,4,1,1,1,1,1,1,2,12,6,1,1, ?,2,2
7,58,F,5,2006,2,3,1,2,2,1,1,1,1,1,1,1,1,2,9,6,1,1, ?,2,2
7,58,F,5,2006,1,1,1,2,2,1,2,1,1,1,1,1,1,2,14,6,1,1, ?,2,2
7,58,F,5,2006,3,1,1,2,2,1,1,1,1,1,1,1,1,2,9,6,1,1, ?,2,2
7,58,F,5,2006,1,1,1,2,2,1,2,1,1,1,1,1,1,2,12,6,1,1, ?,2,2
7,58,G,7,2006,3,3,1,2,2,1,1,2,1,1,1,1,1,2,7,2,1,1, ?,2,2
7,58,F,12,2006,2,1,1,2,2,1,1,1,1,1,1,1,1,2,9,6,1,1, ?,2,2
7,58,F,12,2006,4,1,1,2,2,1,4,1,1,1,1,1,1,2,9,6,1,1, ?,2,2
8,58,F,12,2006,2,1,3,1,2,1,1,1,1,1,1,4,1,2,13,6,1,1, ?,2,2
6,58,F,5,2006,1,3,1,2,?,1,4,1,1,1,1,1,1,2,14,6,1,1, ?,2,2
6,58,F,5,2006,2,2,1,2,?,1,1,1,1,1,1,1,1,2,12,6,1,1, ?,2,2
6,58,F,9,2006,2,2,4,2,2,1,1,1,1,1,1,1,1,1,13,6,1,1,38,2,2
6,58,F,11,2006,2,3,1,2,2,1,1,1,1,1,1,1,1,2,7,6,1,1, ?,2,2
6,58,F,11,2006,3,1,1,2,2,1,1,1,1,1,1,1,1,2,8,6,1,1,38,2,2
6,58,F,12,2006,3,1,1,2,1,1,1,1,1,1,1,1,1,2,19,6,1,1, ?,2,2
1,58,F,6,2006,2,1,1,2,2,2,1,1,1,1,1,1,1,1,9,6,1,1, ?,2,2
1,58,G,9,2006,2,1,1,2,2,1,1,1,1,1,1,1,1,1,9,6,1,1, ?,2,2
1,58,G,11,2006,4,5,4,2,1,1,4,2,1,1,1,4,1,1,9,2,1,1,52,2,2
1,58,F,10,2006,3,?,2,2,2,1,1,1,1,1,1,4,1,2,9,5,1,1,42,2,2
4,58,F,5,2006,3,1,3,2,2,1,1,1,1,1,1,4,1,2,14,6,1,1, ?,2,2
2,58,F,2,2006,2,1,1,2,2,1,2,2,1,1,1,1,1,2,9,1,1,1,40,2,2
2,58,F,6,2006,?,1,1,2,2,1,2,1,2,1,1,1,1,2,12,6,2,1,35,2,2
2,58,F,9,2006,4,1,1,2,2,1,4,1,1,1,1,1,1,1,9,6,1,1,30,1,2
1,58,F,11,2006,1,1,1,2,2,1,4,1,1,1,1,1,1,2,14,6,1,1,40,2,2
16,58,F,11,2006,?,1,1,2,2,1,4,1,1,1,1,1,1,2,9,6,1,1,30,2,2
16,58,F,12,2006,2,1,1,2,2,1,1,1,1,1,1,4,1,2,14,6,1,1,38,2,2
1,57,F,6,2006,3,1,1,2,2,1,1,1,1,1,1,1,1,2,14,6,1,1,46,2,2
1,57,F,2,2006,3,1,1,2,2,1,1,1,1,1,1,1,1,2,4,6,1,1, ?,2,2
1,57,F,12,2006,2,1,1,2,2,1,1,1,1,1,1,1,1,2,9,6,1,1, ?,2,2
1,57,F,12,2006,3,1,8,2,2,1,1,1,1,1,1,1,1,2,9,6,1,1, ?,2,2
1,57,F,12,2006,3,1,1,2,2,1,1,1,1,1,1,4,1,2,9,6,1,1, ?,2,2
3,57,F,1,2006,2,1,1,2,2,1,1,1,1,1,1,4,1,2,14,6,1,1, ?,2,2
3,57,F,5,2006,2,1,1,2,2,1,1,1,1,1,1,4,2,2,9,6,1,1, ?,2,2
3,57,F,4,2006,4,3,3,2,2,1,2,1,1,1,1,4,?,?,9,6,1,1, ?,2,2
8,57,F,12,2006,?,1,1,2,2,1,1,1,1,1,1,1,1,2,14,5,2,1,35,1,2
8,57,F,11,2006,3,7,1,2,2,1,1,1,1,1,1,1,1,2,9,6,?,?, ?,?,?
7,57,F,4,2006,3,7,8,2,2,1,1,3,1,3,2,4,3,2,5,11,1,7, ?,2,2
2,57,F,8,2006,4,3,1,2,2,4,4,1,2,1,1,4,?,2,19,6,1,1, ?,2,2
2,57,F,11,2006,2,1,1,2,2,1,1,1,1,1,1,4,1,2,13,6,?,3,50,?,2
2,57,F,12,2006,4,1,1,2,2,4,4,2,1,1,1,4,?,2,14,5,2,1,35,1,2
5,57,G,5,2006,3,1,1,1,2,1,1,1,1,1,1,4,1,2,6,9,?,3, ?,1,2
6,60,F,3,2006,3,1,1,2,2,1,1,1,1,1,1,2,?,1,15,6,1,7,22,1,2
1,60,F,2,2006,2,7,1,2,2,1,1,1,1,1,1,1,1,1, ?, ?,?,?, ?,?,?
1,60,F,4,2006,2,7,1,2,2,1,1,1,1,1,1,1,1,1,8,6,1,7, ?,1,?
1,60,F,7,2006,3,7,1,2,2,1,1,1,1,1,1,2,1,2,8,6,1,1,35,1,2
1,60,G,7,2006,3,?,4,1,2,1,1,1,1,1,1,2,1,1,14,1,1,2, ?,?,?
1,60,F,8,2006,3,?,4,2,2,1,1,1,1,1,1,2,1,1,9,1,1,1, ?,?,?
7,60,F,6,2006,3,4,1,1,2,1,1,2,1,1,1,1,2,2, ?, ?,?,?, ?,?,?
3,60,F,4,2006,3,1,1,2,2,1,1,1,1,1,1,2,1,2,14, ?,?,?, ?,1,2
4,60,F,8,2006,3,7,3,1,?,1,1,1,1,1,1,4,1,2,17,8,2,1, ?,2,1
4,60,F,12,2006,2,7,8,1,?,1,1,1,1,1,1,4,1,2,11,11,1,7, ?,2,2
8,60,F,3,2006,4,7,1,2,2,1,4,1,1,1,1,4,1,2,12,6,1,7,29,2,2
8,60,F,8,2006,3,1,3,2,2,1,1,1,1,1,1,4,1,2,9,6,1,?, ?,?,2
5,60,F,11,2006,4,1,1,2,2,1,4,1,1,1,1,4,1,2, ?, ?,?,?, ?,?,?
3,62,F,12,2006,1,1,1,1,2,4,2,1,1,1,1,4,1,2,9,6,1,1, ?,?,?
3,61,F,12,2006,2,1,1,1,?,1,1,1,1,1,1,4,?,2,8,6,1,1, ?,?,?
3,62,M,10,2006,3,7,1,2,2,1,1,1,5,1,2,4,1,2,14,6,?,?, ?,2,2
3,62,S,10,2006,2,7,1,2,2,1,1,1,1,1,1,4,1,2,9,6,?,1, ?,2,2
1,65,F,6,2006,1,1,1,2,2,1,4,1,1,1,1,1,1,2, ?, ?,?,?, ?,?,?
2,65,F,9,2006,2,7,1,2,2,1,1,1,1,1,1,2,1,2,11,11,1,?,22,2,2
7,65,F,10,2006,2,3,1,2,2,1,2,1,1,1,1,1,1,2,11,2,1,7, ?,2,2
6,65,F,10,2006,4,7,1,2,2,1,4,5,1,1,1,1,1,2,11,6,?,1,32,2,2
5,65,F,10,2006,1,1,1,2,2,1,1,1,1,1,1,1,1,2,7,6,1,1, ?,2,2
7,65,F,11,2006,3,7,8,2,2,1,1,2,5,1,1,1,?,2,4,11,2,7, ?,2,2
4,65,F,12,2006,2,1,1,2,2,1,2,1,1,3,1,4,1,2,19,6,1,1, ?,1,2
4,59,F,7,2006,2,7,1,2,2,2,1,1,1,1,1,4,1,2,9,6,1,1, ?,2,2
4,59,F,8,2006,3,7,1,2,2,1,1,1,1,1,1,4,1,2, ?, ?,?,?, ?,?,?
2,59,F,8,2006,1,4,3,2,2,1,1,1,1,1,1,2,1,2,12,6,?,?, ?,?,?
2,59,F,9,2006,2,1,2,1,?,1,1,1,1,1,1,4,1,2,12,6,1,1,22,2,2
1,59,F,11,2006,4,1,8,2,2,1,4,4,1,1,2,2,1,2, ?, ?,?,?, ?,?,?
8,66,F,7,2006,2,?,?,1,?,1,1,1,1,1,1,4,1,2, ?, ?,?,?, ?,?,?
1,66,F,10,2006,3,7,1,2,2,1,1,1,1,1,1,4,1,2,9,6,1,1,40,2,2
2,66,F,12,2006,3,7,8,1,2,1,1,4,1,2,2,4,1,2,19,5,1,?, ?,2,2
1,61,F,12,2006,3,1,3,2,?,1,1,1,1,1,1,1,1,2,14,6,?,?, ?,1,?
2,61,G,12,2006,1,1,1,2,2,1,4,1,1,1,1,1,1,2,14,6,1,1,36,1,2
4,61,F,12,2006,3,1,1,2,2,1,1,1,1,1,1,4,1,2, ?, ?,?,?, ?,?,?
4,61,F,12,2006,2,1,1,2,2,1,1,1,1,1,1,4,2,2, ?, ?,?,?, ?,?,?
1,61,F,11,2006,3,?,?,?,?,1,1,4,1,1,1,1,?,2,5,6,2,7,60,?,?
1,61,F,11,2006,2,?,3,?,1,1,1,1,1,1,1,1,?,?,9,11,2,7,50,?,?
1,61,F,11,2006,2,7,1,2,2,1,1,1,1,1,1,1,1,1,7,6,1,7,55,2,1
1,61,F,11,2006,1,7,1,2,1,1,4,1,1,1,1,1,1,1,9,6,1,7, ?,2,2
1,61,F,8,2006,3,2,1,2,2,1,1,1,1,1,1,1,1,2,6,11,1,7, ?,1,2
3,61,F,9,2006,2,1,1,1,1,1,1,1,1,1,1,1,1,1,9,4,1,1,40,2,2
4,61,F,10,2006,2,1,1,2,2,1,1,1,1,1,1,4,1,2,12,6,1,1,40,2,2
1,68,G,8,2006,4,1,1,2,2,1,2,3,3,1,1,4,1,2,11,6,1,7,39,2,2
1,67,F,9,2006,3,7,4,2,2,1,1,1,1,1,1,1,1,1,5,4,1,?, ?,1,2
1,67,F,12,2006,3,3,4,2,2,1,1,4,1,1,1,1,1,1,9,6,1,7,38,1,2
6,67,F,12,2006,4,1,1,2,2,1,4,2,1,1,1,4,2,2,8,6,?,7,30,?,?
7,58,F,2,2006,2,1,1,2,2,1,1,1,1,1,1,1,1,2,9,6,1,1,50,2,2
7,58,G,6,2006,1,1,1,2,2,1,4,1,1,1,1,1,1,2,9,6,1,1, ?,2,2
7,58,F,7,2006,3,1,1,2,2,1,1,2,1,1,1,1,1,2,7,5,1,1, ?,2,2
2,58,G,3,2006,3,1,1,2,2,1,1,2,2,1,1,1,1,2,12,6,1,1,42,2,2
2,58,F,2,2006,4,1,1,2,2,1,4,2,1,1,1,1,1,1,9,4,1,1,42,2,2
12,58,F,1,2006,3,1,1,2,2,1,2,4,1,3,2,4,4,2,17,7,2,6,30,2,2
6,58,F,4,2006,2,1,1,2,2,1,1,1,1,1,1,1,1,2,19,6,1,1, ?,1,2
6,58,F,3,2006,2,1,1,2,2,1,1,1,1,1,1,1,1,2,12,6,1,1, ?,2,2
4,59,F,8,2006,2,3,1,2,2,1,1,1,1,1,1,1,1,2,9,6,1,6,36,2,2
7,59,G,8,2006,3,1,1,2,2,1,1,1,1,1,1,4,1,2,7,5,1,1, ?,2,2
1,59,F,1,2006,1,1,8,2,2,1,1,1,1,3,1,4,?,?,17,6,1,1, ?,2,2
4,59,F,3,2006,3,2,4,2,2,1,1,1,1,1,2,2,1,1,1,6,1,1,40,2,2
7,59,F,3,2006,2,1,1,2,2,1,1,1,1,1,1,4,1,2,9,6,1,7, ?,2,2
4,59,F,4,2006,2,1,1,2,2,1,1,1,1,1,1,2,1,2,17,6,2,7, ?,2,2
6,59,F,4,2006,1,2,1,2,2,1,1,1,1,3,3,3,1,2,7,6,2,1,22,2,2
3,62,F,12,2006,1,1,1,2,2,1,4,3,1,1,1,4,2,2,19,6,1,1, ?,2,2
3,62,S,10,2006,3,7,1,2,2,1,2,2,5,1,3,4,2,2,14,6,1,1, ?,2,2
1,62,F,7,2006,2,1,1,2,2,1,2,1,1,1,1,4,?,2,19,6,1,1, ?,2,2
3,62,F,3,2006,3,1,1,2,2,1,1,2,1,1,1,2,1,2,9,6,1,1, ?,2,2
1,62,F,1,2006,2,1,1,2,2,2,1,1,1,1,1,1,1,2,14,5,1,1, ?,2,2
4,62,G,2,2006,3,1,1,2,2,1,1,1,1,1,1,2,1,2,8,6,1,1, ?,2,2
4,62,F,2,2006,3,1,1,2,2,1,1,2,1,1,1,4,1,2,7,6,1,1, ?,2,2
1,62,F,7,2006,4,1,1,2,1,4,4,1,1,1,1,4,1,2,6,6,1,1,27,2,2
1,62,F,7,2006,4,1,1,2,1,4,1,1,1,1,1,2,1,2,9,6,2,1, ?,2,2
1,62,F,4,2006,3,1,1,2,2,1,1,1,1,1,1,2,1,2,13,6,1,1,40,2,2
7,60,F,1,2006,1,1,1,2,2,1,1,2,1,1,1,2,1,2,12,1,1,1,30,2,2
6,60,F,5,2006,2,1,1,2,2,1,2,1,1,1,1,2,1,1,14,6,2,1,25,1,2
1,60,G,8,2006,2,1,4,2,2,1,1,1,1,1,1,4,1,2,7,6,1,1, ?,2,2
2,61,G,6,2006,3,1,1,2,2,1,1,1,1,1,1,1,1,2,14,6,1,1, ?,2,2
3,61,S,6,2006,2,1,1,2,2,1,1,1,1,1,1,1,1,2,9,5,1,1, ?,2,2
3,61,F,1,2006,2,1,1,2,2,1,1,1,1,1,1,1,1,2,8,6,1,1, ?,2,2
3,61,F,1,2006,4,?,3,1,1,4,2,1,1,1,1,2,1,1,19,6,1,1, ?,2,2
2,61,F,5,2006,1,1,1,2,2,1,2,1,1,1,1,1,1,2,14,6,2,2, ?,2,2
4,61,F,10,2006,3,1,1,2,2,1,1,1,1,1,2,1,1,2,14,6,1,6, ?,2,2
3,61,F,9,2006,3,1,1,2,2,1,1,1,1,1,1,4,1,2,17,6,1,1, ?,2,2
2,61,G,12,2006,1,1,1,2,2,1,4,1,1,1,1,1,1,2,14,6,1,1,36,1,2
1,61,F,8,2006,1,1,1,2,1,1,2,1,1,1,1,5,1,1,19,6,1,1, ?,2,2
6,61,G,8,2006,3,1,1,2,2,1,1,1,1,1,1,1,1,2,9,6,1,1,30,2,2
1,61,F,8,2006,1,1,3,2,2,1,2,1,1,1,1,5,1,1,19,6,1,1, ?,2,2
1,62,F,8,2006,3,1,1,2,2,1,1,1,1,1,1,2,1,2,6,11,1,6,30,2,2
3,62,G,8,2006,1,1,1,2,2,1,2,1,1,1,2,1,1,2,9,6,1,1, ?,2,2
5,65,F,4,2006,4,4,3,2,1,3,3,2,1,2,2,1,1,2,14,6,1,1,30,1,1
7,65,F,10,2006,2,3,1,2,2,1,1,3,1,1,1,3,1,?,11,6,1,1,35,2,2
1,65,G,1,2006,4,1,1,2,2,1,4,1,1,1,1,1,1,?,19,6,1,1,18,2,2
1,65,F,9,2006,1,1,2,2,2,1,1,1,1,1,1,4,1,1,7,6,1,1, ?,2,2
1,65,F,9,2006,3,1,1,2,2,2,1,1,2,1,1,1,1,2,12,6,1,7, ?,2,2
2,65,G,9,2006,4,6,8,2,2,1,3,1,1,1,1,1,1,2,7,6,1,1, ?,2,2
2,65,F,8,2006,2,7,8,2,2,1,2,1,1,1,1,4,1,2,13,6,1,1,39,2,2
3,68,F,8,2006,3,1,2,2,2,2,1,1,3,3,2,3,3,?,14,6,1,7, ?,2,2
1,67,G,3,2006,1,3,4,2,2,1,4,2,1,1,1,1,1,1,5,3,1,1,18,2,2
4,67,G,2,2006,2,1,5,2,2,1,2,2,1,1,1,1,4,2,11,2,1,1,25,2,2
2,67,F,1,2006,3,1,1,2,2,1,1,4,1,1,1,4,1,2,13,6,1,1, ?,2,2
4,67,G,9,2006,2,1,1,2,2,2,1,2,2,1,2,4,1,2,10,6,1,?, ?,2,2
7,65,F,11,2006,3,1,1,2,2,1,1,3,1,1,1,4,4,2,8,6,1,1, ?,2,2
7,67,F,12,2006,4,1,1,2,2,1,4,2,1,1,1,4,2,2,8,6,1,1,30,2,2
1,67,S,6,2006,3,1,1,2,2,2,1,1,2,1,1,2,1,2,9,6,2,6, ?,1,2
2,66,M,1,2006,4,1,1,2,2,1,4,1,1,2,1,4,4,1,14,6,1,1,36,2,2
8,66,G,5,2006,3,1,1,2,2,1,1,4,2,3,3,4,1,2,11,6,1,1,28,2,2
7,6,G,5,2006,4,1,1,2,2,1,1,4,1,1,1,2,1,2,17,6,1,6,25,2,2
9,66,F,8,2006,2,1,2,2,2,1,2,4,1,1,1,4,1,2,11,2,2,3, ?,2,2
9,66,G,8,2006,3,1,1,2,2,1,1,3,1,1,1,2,1,2,9,2,2,7, ?,1,2
8,66,G,8,2006,2,1,1,2,2,1,2,1,1,1,1,4,1,2,11,6,1,6, ?,2,2
1,66,F,12,2006,2,7,1,2,2,1,1,3,1,2,2,4,3,2,12,6,1,2,27,2,2
8,63,F,1,2006,1,1,1,2,2,1,1,1,1,1,1,1,1,1,13,6,1,1,23,2,2
7,63,F,1,2006,2,1,1,2,2,1,1,2,1,1,1,1,1,2,9,6,1,1, ?,2,2
1,63,G,3,2006,3,1,1,2,2,1,1,1,1,1,1,2,1,2,8,6,1,1, ?,2,2
14,63,F,3,2006,1,1,1,2,2,1,4,1,1,1,1,1,?,?,14,6,1,1, ?,1,2
9,63,G,6,2006,4,1,1,2,2,1,1,1,1,2,2,?,1,2,11,6,1,1, ?,2,2
9,63,F,7,2006,3,1,1,2,2,1,1,1,?,1,?,1,1,1,6,6,1,1, ?,2,2
6,63,F,7,2006,3,1,1,2,2,1,1,1,1,1,1,1,1,2,6,6,1,1, ?,2,1
11,63,F,6,2006,1,1,1,2,2,1,4,1,1,1,1,4,1,2,6,6,1,7, ?,2,2
1,63,F,8,2006,2,1,1,2,2,1,1,1,1,1,1,4,1,2,11,6,1,1,35,2,2
11,63,F,8,2006,4,1,1,2,2,2,2,2,3,1,2,4,4,2,14,1,1,1, ?,2,2
3,63,F,8,2006,1,1,1,2,2,1,1,1,1,1,1,5,1,1,19,6,1,1, ?,2,2
14,63,S,5,2006,3,1,1,2,2,2,1,1,2,1,1,1,2,2,9,2,1,3, ?,2,2
14,63,F,4,2006,1,1,1,2,2,1,2,1,1,1,1,1,1,2,14,6,1,3, ?,2,2
1,57,F,1,2006,3,3,4,2,2,1,1,2,1,1,1,1,1,1,9,2,1,1,24,2,2
1,57,F,1,2006,3,2,4,2,2,1,1,1,1,1,1,1,1,1,14,6,1,1,35,2,2
1,47,G,1,2006,3,1,1,2,2,1,1,1,1,1,1,3,3,2,9,6,1,1,18,2,2
2,47,F,1,2006,1,1,1,2,2,4,4,1,1,1,1,1,1,2,19,6,1,1, ?,2,2
7,47,F,1,2006,3,1,1,2,2,1,1,1,1,1,1,1,1,2,14,6,1,1,35,2,2
9,47,F,1,2006,1,1,1,2,2,4,4,1,1,1,1,1,1,2,9,6,1,1, ?,2,2
9,47,F,1,2006,3,1,1,2,2,1,1,1,1,1,1,1,1,2,9,6,1,1, ?,2,2
12,47,F,1,2006,2,1,1,2,2,1,1,1,1,1,1,1,1,2,9,6,1,1, ?,2,2
12,47,G,1,2006,1,1,1,2,2,4,4,1,1,1,1,1,1,2,9,5,1,1, ?,2,2
12,47,G,1,2006,3,1,1,2,2,1,1,1,1,1,1,1,1,2,7,6,1,1,24,2,2
1,47,F,2,2006,1,1,1,2,2,1,4,1,1,1,1,1,1,2,19,6,1,1, ?,2,2
1,47,F,2,2006,3,1,1,2,2,1,1,1,1,1,1,1,1,2,9,6,1,1, ?,2,2
3,47,F,2,2006,1,1,1,2,2,1,4,1,1,3,2,3,1,2,14,6,1,1,38,2,2
9,47,F,2,2006,2,1,1,2,2,1,1,1,1,1,1,1,1,2,14,6,1,1, ?,2,2
12,47,F,2,2006,2,1,1,1,1,1,1,1,1,1,1,1,2,2,9,6,1,5, ?,2,2
13,47,F,2,2006,3,1,1,2,2,1,1,1,1,1,1,1,1,2,14,6,1,1,30,2,2
4,35,F,4,2006,2,1,1,2,2,1,1,1,1,1,1,3,1,2,4,6,1,1, ?,2,2
1,44,F,1,2006,4,1,1,2,2,1,2,1,1,1,1,5,1,1,14,6,1,1, ?,2,2
6,37,F,6,2006,3,3,1,2,2,1,1,1,1,1,1,3,1,2,6,6,1,1, ?,2,2
5,37,G,5,2006,3,1,1,2,2,1,1,1,1,1,1,3,1,2, ?, ?,1,1, ?,2,2
2,37,F,4,2006,2,1,1,2,2,1,1,1,1,1,1,3,1,2,14,6,1,3, ?,2,2
6,51,F,1,2006,3,1,8,2,2,1,1,1,1,3,2,3,1,2,19,6,1,1,28,2,2
6,51,G,1,2006,2,1,1,2,2,1,1,1,1,1,1,3,1,2,6,6,1,6,45,2,2
3,51,F,1,2006,3,1,1,2,2,1,1,1,1,1,1,2,1,2,9,6,1,1,27,2,2
3,51,F,1,2006,2,1,1,2,2,1,1,1,1,1,1,2,1,2,9,6,1,1, ?,2,2
9,51,F,2,2006,2,1,1,2,2,1,1,1,1,1,1,2,1,2,17,6,1,7, ?,2,2
9,51,F,2,2006,3,1,1,2,2,1,1,1,1,1,1,2,1,1,9,6,1,1, ?,2,2
9,51,G,3,2006,3,1,1,2,2,1,1,1,1,1,1,2,1,2,1,6,1,1, ?,2,2
9,51,F,3,2006,3,1,1,2,2,1,1,1,1,1,1,2,1,2,9,6,1,1, ?,2,2
8,51,F,3,2006,3,1,1,2,2,1,1,1,1,1,1,2,1,2,8,6,1,1,30,2,2
7,51,G,5,2006,1,1,1,2,2,1,4,1,1,1,1,3,1,1,12,6,1,1, ?,2,2
1,49,F,1,2006,3,1,1,2,2,1,1,1,1,1,1,2,1,2,5,6,1,1, ?,2,2
1,49,G,2,2006,2,1,1,2,2,1,1,1,1,1,1,5,1,2,4,6,1,1, ?,2,2
5,49,F,2,2006,3,1,1,2,2,1,1,1,1,1,1,3,1,1,9,6,2,1, ?,2,2
10,52,F,1,2006,2,1,1,2,2,1,1,1,1,1,1,3,1,1,9,6,1,1,24,2,2
2,52,F,1,2006,2,1,1,2,2,1,1,1,1,1,1,3,1,2,9,6,1,1, ?,2,2
5,52,F,2,2006,3,1,1,2,2,1,1,1,1,1,1,3,1,1,6,6,1,1,27,2,2
9,52,F,2,2006,3,1,1,2,2,1,1,1,1,1,1,3,1,1,17,6,2,1,40,2,2
10,52,G,3,2006,2,1,1,2,2,1,1,1,1,1,1,3,1,1,8,6,1,1,35,2,2
1,52,G,4,2006,4,1,1,2,2,1,1,1,1,1,1,2,1,1,8,2,1,1,30,2,2
1,52,G,4,2006,2,1,1,2,2,1,1,1,1,1,1,2,1,1,9,6,1,1,38,2,2
5,49,F,3,2006,3,1,1,2,2,1,1,1,1,1,1,3,1,1,4,6,1,1, ?,2,2
2,49,F,3,2006,3,1,1,2,2,1,1,1,1,1,1,3,1,1,19,6,1,1, ?,2,2
4,49,F,3,2006,3,1,1,2,2,1,1,1,1,1,1,3,3,2,9,6,1,1,27,2,2
1,49,M,4,2006,2,1,1,2,2,1,1,1,1,1,1,3,1,1,12,6,1,1,40,2,2
1,49,G,4,2006,3,1,1,2,2,1,1,1,1,1,1,5,1,1,1,6,1,1, ?,2,2
1,49,G,5,2006,3,1,1,2,2,1,1,1,1,1,1,2,1,1,1,6,1,1, ?,2,2
1,49,M,5,2006,3,1,1,2,2,1,1,1,1,1,1,2,1,1,19,6,1,1, ?,2,2
1,49,G,6,2006,4,1,1,2,2,1,1,1,1,1,1,3,1,2,14,6,1,1,45,2,2
5,49,F,7,2006,3,1,1,2,2,1,1,1,1,1,1,3,1,1,14,6,1,1, ?,2,2
8,52,S,5,2006,4,1,1,2,2,1,3,1,1,1,1,3,1,2,14,6,1,1,28,2,2
1,52,F,5,2006,3,1,1,2,2,1,1,1,1,1,1,3,1,2,9,6,1,1,35,2,2
10,52,F,6,2006,3,1,1,2,2,1,1,1,1,1,1,2,1,2,9,2,1,1,30,2,2
1,52,G,6,2006,3,1,1,2,2,1,1,1,1,1,1,2,1,2,9,6,1,1,30,2,2
3,38,G,1,2006,4,1,1,2,2,1,4,1,1,1,1,1,1,2,10,6,1,1,37,2,2
7,38,F,1,2006,3,1,1,2,2,1,1,1,1,1,1,1,1,2,9,6,1,1, ?,1,2
5,35,F,6,2006,2,1,1,2,2,1,1,1,1,1,1,3,1,2,14,6,1,1, ?,2,2
4,35,F,6,2006,3,1,1,2,2,1,1,1,1,1,1,1,1,2,1,6,1,1,18,2,2
2,35,G,6,2006,2,1,1,2,2,1,1,1,1,1,1,3,1,2,1,6,1,1,32,2,2
2,35,G,7,2006,4,1,1,2,2,1,1,1,1,1,1,3,1,2,4,6,1,1,26,2,2
4,35,F,7,2006,3,1,1,2,2,1,1,1,1,1,1,3,1,2,1,6,1,1,34,2,2
3,35,G,7,2006,2,1,1,2,2,1,1,1,1,1,1,3,1,2,9,6,1,1, ?,2,2
1,39,F,1,2006,3,4,1,2,2,1,1,1,1,1,1,3,1,2,9,6,1,1,41,2,2
1,39,F,4,2006,3,2,1,2,2,1,1,1,1,1,1,3,1,2,9,6,1,1, ?,2,2
1,39,F,4,2006,4,2,1,2,2,1,4,1,1,1,1,3,1,2,9,6,1,1, ?,2,2
4,39,F,5,2006,4,1,1,2,2,1,2,1,1,1,1,3,1,2,4,6,1,1, ?,2,2
4,48,F,1,2006,3,1,1,2,2,1,1,1,1,1,1,3,1,2,9,6,1,1,28,2,2
1,48,F,3,2006,2,1,1,2,2,1,1,1,1,1,1,1,1,2,4,6,1,1, ?,2,2
7,48,F,4,2006,3,1,1,2,2,1,1,1,1,1,1,3,1,2,8,6,1,1,45,2,2
7,48,F,4,2006,2,1,1,2,2,1,1,1,1,1,1,3,1,2,14,6,1,1,40,2,2
1,37,F,1,2006,?,1,1,2,2,1,1,1,1,1,1,3,1,2,9,6,1,1, ?,2,2
3,37,F,2,2006,2,1,1,2,2,1,1,1,1,1,1,3,1,2,4,6,1,1,30,2,2
4,37,F,7,2006,2,1,1,2,2,1,1,1,1,1,1,3,1,2,4,6,1,1,27,2,2
4,52,F,6,2006,3,1,1,2,2,1,1,1,1,1,1,3,1,2,12,6,1,1, ?,2,2
3,36,F,1,2006,3,1,1,2,2,1,1,1,1,1,1,3,1,2,14,6,1,1, ?,2,2
3,36,F,1,2006,3,1,1,2,2,1,1,1,1,1,1,3,1,2,7,6,1,1, ?,2,2
1,36,S,1,2006,3,1,1,2,2,1,1,1,1,1,1,3,1,2,8,6,1,1, ?,2,2
3,36,F,1,2006,3,1,1,2,2,1,1,1,1,1,1,3,1,2,9,6,1,1, ?,2,2
3,36,F,1,2006,4,1,1,2,2,1,4,1,1,1,1,3,1,2,14,6,1,1, ?,2,2
3,36,F,2,2006,2,1,1,2,2,1,1,1,1,1,1,3,1,2,9,6,1,1, ?,2,2
3,36,F,2,2006,2,1,1,2,2,1,1,1,1,1,1,3,1,2,9,6,1,1, ?,2,2
3,36,F,2,2006,2,1,1,2,2,1,1,1,1,1,1,3,1,2,9,6,1,1, ?,2,2
3,36,S,4,2006,4,1,1,2,2,2,4,1,2,1,1,3,1,2,9,6,1,3, ?,2,2
1,36,F,4,2006,3,1,1,2,2,1,1,1,1,1,1,2,1,2,8,6,1,1, ?,2,2
1,36,F,4,2006,?,1,1,2,2,1,1,1,1,1,1,2,1,2, ?,6,1,1, ?,2,2
3,36,F,5,2006,2,1,1,2,2,1,1,1,1,1,1,3,1,2,9,6,1,1, ?,2,2
1,46,F,1,2006,2,1,1,2,2,1,1,1,1,1,1,1,1,2,9,6,1,1, ?,2,2
1,46,G,1,2006,1,1,1,2,2,4,2,1,2,1,1,1,1,2,14,6,1,1, ?,2,2