Thana,District,Accident_Severity,Month,Year,Time,Junction_Type,Traffic_Control,Movement,Divider,Weather,Light,Road_Geometry,Surface_Condition,Surface_Type,Surface_Quality,Road_Class,Road_Feature,Location_Type,Vehicle_Type,Vehicle_Movement,Vehicle_Loading,Vehicle_Defect,Vehicle_Driver_Age,Vehicle_Alcohol,Vehicle_Seat_Belt
1,46,F,1,2006,2,1,1,2,2,1,1,1,1,1,1,1,1,2,9,6,1,1, ?,2,2
1,46,F,1,2006,2,1,1,2,2,1,1,1,1,1,1,1,1,2,9,6,1,1, ?,2,2
6,46,F,1,2006,3,1,1,2,2,1,1,1,1,1,1,1,1,2,10,6,1,1, ?,2,2
1,46,F,1,2006,2,1,1,2,2,1,1,1,1,1,1,1,1,2,11,6,1,1, ?,2,2
6,46,F,1,2006,3,1,1,2,2,1,1,1,1,1,1,1,1,2,14,6,1,1,35,2,2
1,46,F,2,2006,4,2,1,2,2,1,2,1,1,1,1,1,1,2,9,6,1,1, ?,2,2
1,46,F,2,2006,3,1,1,2,2,1,1,1,1,1,3,1,1,2,9,6,1,1, ?,2,2
1,46,F,2,2006,3,1,1,2,2,1,1,1,1,1,1,1,1,2,9,6,1,1, ?,2,2
1,46,G,2,2006,4,1,1,2,2,1,1,1,1,1,1,1,1,2,10,6,1,1, ?,2,2
1,46,G,2,2006,2,1,1,2,2,1,1,1,1,1,1,1,1,2,7,6,1,1, ?,2,2
6,46,F,2,2006,2,1,1,2,2,1,1,1,1,1,1,1,1,2,8,6,1,1, ?,2,2
4,46,F,3,2006,2,1,1,2,2,1,1,1,1,1,1,3,1,2,9,6,1,1, ?,2,2
6,46,F,3,2006,3,1,1,2,2,1,1,1,1,1,1,1,1,2,9,6,1,1, ?,2,2
1,46,F,3,2006,1,1,1,2,2,1,2,1,1,1,1,1,1,2,14,6,1,1, ?,2,2
1,46,F,3,2006,2,1,1,2,2,1,1,1,1,1,1,1,1,2,14,6,1,1, ?,2,2
6,46,F,3,2006,3,1,1,2,2,1,1,1,1,1,1,1,1,2,9,6,1,1, ?,2,2
1,46,F,3,2006,2,1,1,2,2,1,1,1,1,1,1,1,1,2,9,6,1,1, ?,2,2
6,46,F,4,2006,4,1,1,2,2,1,1,1,1,1,1,1,1,2,9,6,1,1, ?,2,2
1,46,G,4,2006,2,1,1,2,2,1,1,1,1,1,1,3,1,2,14,6,1,1, ?,2,2
6,46,M,4,2006,3,1,1,2,2,1,1,1,1,1,1,1,1,2,8,6,1,1,35,2,2
1,46,G,4,2006,4,1,1,2,2,1,4,1,1,1,1,1,1,2,9,6,1,1, ?,2,2
1,46,F,4,2006,3,1,1,2,2,1,1,1,1,1,1,1,1,2,9,6,1,1, ?,2,2
1,46,F,5,2006,2,1,1,2,2,1,1,1,1,1,1,1,1,2,14,6,1,1,35,2,2
1,46,F,5,2006,2,1,1,2,2,1,1,1,1,1,1,1,1,2,14,6,1,1, ?,2,2
1,46,F,5,2006,3,1,1,2,2,1,1,1,1,1,1,1,1,2,9,6,1,1, ?,2,2
1,46,G,5,2006,2,1,1,2,2,1,1,1,1,1,1,1,1,2,9,6,1,1, ?,2,2
1,46,F,6,2006,4,1,1,2,2,1,1,1,1,1,1,1,1,2,14,6,1,1, ?,2,2
1,46,F,6,2006,4,1,1,2,2,1,1,1,1,1,1,1,1,2,12,6,1,1, ?,2,2
7,41,G,1,2006,2,1,1,2,2,1,1,1,1,1,1,2,1,2,9,6,1,1, ?,2,2
6,41,F,1,2006,3,1,1,2,2,1,1,1,1,1,1,1,1,2,12,6,1,1, ?,2,2
7,41,F,1,2006,4,1,1,2,1,1,3,1,1,1,1,1,1,2,9,6,1,1,40,2,2
3,41,F,1,2006,2,1,1,2,2,1,1,1,1,1,1,4,1,2, ?,6,1,1, ?,2,2
7,41,F,1,2006,3,1,1,2,2,1,1,1,1,1,1,2,1,2,9,6,1,1,35,2,2
1,39,F,7,2006,3,1,1,2,2,2,1,1,2,1,1,3,1,2,12,6,1,1,40,2,2
3,39,F,7,2006,2,1,1,2,2,1,1,1,1,1,1,1,1,2,14,6,1,1,35,2,2
3,39,F,7,2006,3,3,1,2,2,1,1,1,1,1,1,2,1,2,13,6,1,1, ?,2,2
3,39,F,7,2006,3,1,1,2,2,1,1,1,1,1,1,1,1,2,9,6,1,1, ?,1,2
4,39,F,7,2006,2,1,1,2,2,1,1,1,1,1,1,3,1,2,9,6,1,1, ?,2,2
1,39,F,8,2006,1,1,1,2,2,1,4,1,1,1,1,1,1,2, ?,6,1,1, ?,2,2
3,39,F,8,2006,3,1,1,2,2,1,1,1,1,1,1,1,1,2,9,6,1,1, ?,2,2
4,39,F,8,2006,3,1,1,2,2,1,1,2,1,1,1,2,1,2,9,2,1,1,36,2,2
3,39,F,8,2006,3,1,1,2,2,1,1,1,1,1,1,3,1,2,9,6,1,1,46,2,2
1,39,F,9,2006,2,1,1,2,2,1,1,1,1,1,1,1,1,2,16,6,1,1,45,2,2
1,39,F,9,2006,3,1,1,2,2,1,1,1,1,1,1,3,1,2,12,6,1,1,35,1,2
1,52,F,7,2006,3,1,1,2,2,1,1,1,1,1,1,2,1,2,13,6,1,1, ?,2,2
10,52,F,7,2006,3,1,1,2,2,1,1,1,1,1,1,3,1,2,14,6,1,1, ?,2,2
1,52,F,7,2006,2,1,1,2,2,1,1,1,1,1,1,2,1,2,8,6,1,1,26,2,2
10,52,F,8,2006,3,1,1,2,2,1,1,1,1,1,1,3,1,2,1,9,1,1, ?,2,2
3,44,F,1,2006,1,1,1,2,2,1,4,1,1,1,1,1,1,2, ?,6,1,1, ?,2,2
7,44,F,1,2006,4,1,1,2,2,1,4,1,1,1,1,1,1,2,9,6,1,1, ?,2,2
4,44,F,1,2006,3,1,1,2,2,1,1,1,1,1,1,2,1,2,9,6,1,1, ?,2,2
3,44,F,1,2006,1,1,1,2,2,1,3,1,1,1,1,1,1,1,9,6,1,1, ?,2,2
6,44,F,1,2006,2,1,1,2,2,1,1,1,1,1,1,1,1,2,12,6,1,1, ?,2,2
6,44,F,1,2006,1,1,1,2,2,1,3,1,1,1,1,1,1,1,9,6,1,1, ?,2,2
3,44,F,1,2006,3,1,1,2,2,1,1,1,1,1,1,1,1,2,14,6,1,1, ?,2,2
6,44,F,1,2006,2,1,1,2,2,1,1,1,1,1,1,5,1,1,15,6,1,1, ?,2,2
6,44,F,2,2006,4,1,1,2,2,1,3,1,1,1,1,1,1,1,14,6,1,1, ?,2,2
7,44,F,2,2006,2,1,1,2,2,1,1,1,1,1,1,1,1,1,9,6,1,1,40,2,2
4,44,F,2,2006,3,1,1,2,2,1,1,1,1,1,1,2,1,2,9,6,1,1,35,2,2
6,44,F,2,2006,2,1,1,2,2,1,2,1,1,1,1,1,1,2, ?,6,1,1, ?,2,2
5,44,F,2,2006,1,1,1,2,2,1,4,1,1,1,1,1,1,2,14,6,1,1, ?,2,2
2,44,F,2,2006,3,1,1,2,2,1,1,1,1,1,1,1,1,2,14,6,1,1, ?,2,2
4,44,F,3,2006,2,1,1,2,2,1,1,1,1,1,1,2,1,2,10,6,1,1, ?,2,2
7,44,F,3,2006,4,1,1,2,2,1,3,1,1,1,1,1,1,2, ?,6,1,1, ?,2,2
6,44,F,3,2006,3,1,1,2,2,1,1,1,1,1,1,1,1,2,14,6,1,1,35,2,2
6,44,F,3,2006,2,1,1,2,2,1,1,1,1,1,1,1,1,2,8,6,1,1, ?,2,2
5,44,F,3,2006,2,1,1,2,2,1,1,1,1,1,1,1,1,2,14,6,1,1, ?,2,2
2,44,F,4,2006,3,1,1,2,2,1,1,1,1,1,1,3,1,2,14,6,1,1, ?,2,2
7,44,G,4,2006,2,1,1,2,2,1,2,1,1,1,1,1,1,2,7,6,1,1,35,2,2
7,44,F,4,2006,1,1,1,2,2,1,2,1,1,1,1,1,1,2,9,6,1,1, ?,2,2
4,44,F,4,2006,4,1,1,2,2,1,4,1,1,1,1,2,1,2,8,6,1,1, ?,2,2
6,44,F,4,2006,4,1,1,2,2,1,4,1,1,1,1,1,1,2,14,6,1,1, ?,2,2
1,44,F,4,2006,4,1,1,2,2,1,4,1,1,1,1,2,1,2,14,1,1,1,41,2,2
6,44,F,4,2006,1,1,1,2,2,1,3,1,1,1,1,1,1,2, ?,6,1,1, ?,2,2
2,44,F,4,2006,3,1,1,2,2,1,1,1,1,1,1,1,1,2, ?,6,1,1, ?,2,2
1,44,G,4,2006,2,1,1,2,2,1,1,1,1,1,1,5,1,1,13,6,1,1,18,2,2
5,44,F,4,2006,4,1,1,2,2,1,4,1,1,1,1,1,1,2, ?,6,1,1,32,2,2
2,44,F,4,2006,3,1,1,2,2,1,1,1,1,1,1,1,1,2,9,6,1,1, ?,2,2
7,44,F,3,2006,4,1,1,2,2,1,4,1,1,1,1,1,1,2, ?,6,1,1, ?,2,2
2,44,F,5,2006,3,1,1,2,2,1,1,1,1,1,1,1,1,2,14,6,1,1, ?,2,2
2,44,F,5,2006,2,1,1,2,2,1,1,1,1,1,1,1,1,2,9,6,1,1, ?,2,2
3,44,F,5,2006,3,1,1,2,2,1,1,1,1,1,1,1,1,2,12,6,1,1,30,2,2
6,44,F,5,2006,3,1,1,2,2,1,1,1,1,1,1,1,1,2,9,6,1,1,30,2,2
6,44,F,5,2006,2,1,1,2,2,1,1,1,1,1,1,2,1,2, ?,6,1,1, ?,2,2
4,44,F,5,2006,4,1,1,2,2,1,3,1,1,1,1,3,1,2,13,1,1,1, ?,2,2
1,44,F,5,2006,2,1,1,2,2,1,1,1,1,1,1,5,1,1,9,1,1,1,28,2,2
4,44,F,5,2006,2,1,1,2,2,1,1,1,1,1,1,2,1,2,14,6,1,1, ?,2,2
6,44,F,5,2006,2,1,1,2,2,1,1,1,1,1,1,2,1,2,5,6,1,1,28,2,2
4,44,F,6,2006,3,1,1,2,2,1,1,1,1,1,1,2,1,2,13,6,1,1, ?,2,2
4,44,F,6,2006,1,1,1,2,2,1,4,1,1,1,1,3,1,2,10,6,1,1,22,2,2
3,44,F,6,2006,4,1,1,2,2,1,3,1,1,1,1,1,1,2,9,6,1,1,32,2,2
4,44,F,6,2006,3,1,1,2,2,1,1,1,1,1,1,3,1,2,8,3,1,1, ?,2,2
6,44,F,6,2006,1,1,1,2,2,1,2,1,1,1,1,1,1,2,14,6,1,1, ?,2,2
6,44,F,6,2006,2,1,1,2,2,1,1,1,1,1,1,1,1,2,9,6,1,1, ?,2,2
6,44,F,6,2006,2,1,1,2,2,1,1,1,1,1,1,1,1,2,8,6,1,1, ?,2,2
6,44,F,6,2006,3,1,1,2,2,1,1,1,1,1,1,1,1,2,9,6,1,1, ?,2,2
7,44,F,6,2006,4,1,1,2,2,1,4,1,1,1,1,1,1,2,9,6,1,1,38,2,2
7,44,F,6,2006,2,1,1,2,2,1,1,1,1,1,1,1,1,2,9,6,1,1, ?,2,2
7,44,F,6,2006,1,1,1,2,2,1,4,1,1,1,1,1,1,2,14,6,1,1, ?,2,2
5,44,F,6,2006,2,1,1,2,2,1,1,1,1,1,1,1,1,2,13,6,1,1, ?,2,2
1,46,F,6,2006,3,1,1,2,2,1,1,1,1,1,1,1,1,2,9,6,1,1, ?,2,2
6,46,F,6,2006,4,1,1,2,2,1,4,1,1,1,1,1,1,2,9,6,1,1,29,2,2
1,46,F,6,2006,3,1,1,2,2,1,1,1,1,1,1,1,1,2,9,6,1,1, ?,2,1
6,46,F,6,2006,1,1,1,2,2,1,4,1,1,1,1,1,1,2,14,6,1,1, ?,2,1
6,46,F,6,2006,3,1,1,2,2,1,1,1,1,1,1,3,1,2,8,1,1,1,35,2,2
6,46,G,7,2006,4,1,1,2,2,1,1,1,1,1,1,3,1,2,9,6,1,1, ?,2,1
4,45,F,1,2006,3,1,1,2,2,1,1,1,1,1,1,3,1,2,10,6,1,1, ?,2,2
1,45,F,1,2006,1,1,1,2,2,1,2,1,1,1,1,3,1,2, ?,6,1,1, ?,2,2
6,45,F,1,2006,4,1,1,2,2,1,4,1,1,1,1,1,1,2,9,6,1,1,38,2,2
1,45,G,1,2006,2,1,1,2,2,1,1,1,1,1,1,1,1,2,10,6,1,1, ?,2,2
4,45,F,1,2006,3,1,1,2,2,1,1,1,1,1,1,3,1,2,9,6,1,1, ?,2,2
6,45,F,1,2006,2,1,1,2,2,1,4,1,1,1,1,3,1,2,9,6,1,1,31,2,2
6,45,F,1,2006,3,1,1,2,2,1,1,1,1,1,1,1,1,2,14,6,1,1, ?,2,2
1,45,G,1,2006,3,1,1,2,2,1,1,1,1,1,1,1,1,2,13,6,1,1,23,2,2
4,45,F,2,2006,3,1,1,2,2,1,1,1,1,1,1,3,1,2, ?,6,1,1, ?,2,2
6,45,F,2,2006,4,1,1,2,2,1,1,1,1,1,1,3,1,2,9,6,1,1,34,2,2
6,45,F,2,2006,2,1,1,2,2,1,1,1,1,1,1,1,1,2,9,6,1,1,38,2,2
6,45,F,2,2006,3,1,1,2,2,1,1,1,1,1,1,1,1,2,14,6,1,1,33,2,2
6,45,F,3,2006,2,1,1,2,2,1,2,1,1,1,1,1,1,2,14,6,1,1, ?,2,2
2,45,G,3,2006,2,1,1,2,2,1,1,1,1,1,1,1,1,2,9,6,1,1,37,2,2
9,45,F,3,2006,2,1,1,2,2,1,1,1,1,1,1,1,1,2,14,6,1,1,31,2,2
6,45,F,3,2006,3,1,1,2,2,1,1,1,1,1,1,4,1,2,9,6,1,1,30,2,2
1,45,G,3,2006,4,1,1,2,2,1,4,1,1,1,1,1,1,2,9,6,1,1, ?,2,2
6,45,F,3,2006,1,1,1,2,2,1,2,1,1,1,1,1,1,2,9,6,1,1,38,2,2
1,45,G,3,2006,2,1,1,2,2,1,2,1,1,1,1,1,1,2,12,6,1,1, ?,2,2
6,45,F,4,2006,4,1,1,2,2,1,4,1,1,1,1,3,1,2,9,5,1,1, ?,2,2
6,45,F,4,2006,3,1,1,2,2,1,1,1,1,1,1,1,1,2,14,6,1,1,35,2,2
2,45,F,4,2006,2,1,1,2,2,1,1,1,1,1,1,1,1,2,9,6,1,1, ?,2,2
6,45,F,4,2006,2,1,1,2,2,1,1,1,1,1,1,1,1,2,14,6,1,1,37,2,2
1,45,G,4,2006,4,1,1,2,2,1,4,1,1,1,1,1,1,2,9,6,1,1,38,2,2
1,45,F,4,2006,1,1,1,2,2,1,2,1,1,1,1,1,1,2,14,6,1,1,34,2,2
6,45,F,5,2006,4,1,1,2,2,1,4,1,1,1,1,1,1,2,7,6,1,1,39,2,2
2,45,G,5,2006,4,1,1,2,2,1,4,1,1,1,1,1,1,2,10,6,1,1,37,2,2
1,45,F,5,2006,3,1,1,2,2,1,1,1,1,1,1,1,1,2,10,6,1,1, ?,2,2
1,45,F,5,2006,3,1,1,2,2,1,1,1,1,1,1,1,1,2,9,1,1,1, ?,2,2
4,45,F,6,2006,4,1,1,2,2,1,3,1,1,1,1,2,1,2,19,11,1,1, ?,2,2
1,45,F,6,2006,2,1,1,2,2,1,1,1,1,1,1,1,1,2,8,6,1,1,38,2,2
6,45,F,6,2006,3,1,1,2,2,1,1,1,1,1,1,1,1,2,14,6,1,1,40,2,2
1,45,F,6,2006,2,1,1,2,2,1,1,1,1,1,1,1,1,2,14,6,1,1,39,2,2
1,45,F,7,2006,2,1,1,2,2,1,1,1,1,1,1,1,1,2,9,6,1,1,38,2,2
2,45,F,7,2006,3,1,1,2,2,1,1,1,1,1,1,1,1,2,9,6,1,1, ?,2,2
6,45,F,7,2006,2,1,1,2,2,1,1,1,1,1,1,1,1,2,9,6,1,1, ?,2,2
6,45,F,7,2006,3,1,1,2,2,1,1,1,1,1,1,1,1,2,9,6,1,1, ?,2,2
1,45,F,7,2006,3,1,1,2,2,1,1,1,1,1,1,1,1,2,14,6,1,1,33,2,2
1,45,F,8,2006,3,1,1,2,2,1,1,1,1,1,1,1,1,2,10,6,1,1,38,2,2
5,45,F,8,2006,3,1,1,2,2,1,1,1,1,1,1,1,1,2,9,6,1,1, ?,2,2
1,45,F,8,2006,3,1,1,2,2,1,1,1,1,1,1,1,1,2,9,6,1,1,32,2,2
1,45,F,8,2006,3,1,1,2,2,1,1,1,1,1,1,1,1,2,14,6,1,1, ?,2,2
4,47,F,3,2006,2,1,1,2,2,1,1,1,1,1,1,1,1,2,14,6,1,1, ?,2,2
9,47,F,3,2006,1,1,1,2,2,1,4,1,1,1,1,1,1,2,19,11,1,1, ?,2,2
12,47,M,3,2006,1,1,1,2,2,1,3,1,1,1,1,1,1,2,9,6,1,1, ?,2,2
12,47,F,3,2006,2,1,1,2,2,1,2,1,1,1,1,1,1,2,14,6,1,1, ?,2,2
9,47,G,4,2006,3,1,1,2,2,1,1,1,1,1,1,1,1,2,9,11,1,1,35,2,2
4,47,F,4,2006,2,1,1,2,2,1,1,1,1,1,1,3,1,2,6,6,1,1, ?,2,2
3,40,G,1,2006,3,1,1,2,2,1,1,1,1,1,1,1,1,2,9,6,1,1,28,2,2
6,40,F,1,2006,3,1,1,2,2,1,1,1,1,1,1,1,1,2,9,8,1,1, ?,2,2
6,40,F,1,2006,2,1,1,2,2,1,1,1,1,1,1,1,1,2,14,6,1,1, ?,2,2
6,40,F,1,2006,3,1,1,2,2,1,1,1,1,1,1,1,1,2,9,6,1,1, ?,2,2
6,40,F,1,2006,3,1,1,2,2,1,1,1,1,1,1,1,1,2,11,6,1,1, ?,2,2
7,40,F,2,2006,3,1,1,2,2,1,1,1,1,1,1,2,1,2,14,6,1,1,35,2,2
1,40,G,2,2006,3,1,1,2,2,1,1,1,1,1,1,2,1,2,4,5,1,1,30,2,2
6,40,F,2,2006,2,1,1,2,2,1,1,1,1,1,1,1,1,2,9,6,1,1, ?,2,2
4,40,G,2,2006,4,1,1,2,2,1,4,1,1,1,1,3,1,2,14,6,1,1,35,2,2
1,40,F,3,2006,1,1,1,2,2,1,4,1,1,1,1,1,1,2,14,6,1,1,30,2,2
1,40,F,4,2006,3,1,1,2,2,1,1,1,1,1,1,3,1,2,13,6,1,1,30,2,2
1,40,F,4,2006,3,1,1,2,2,1,1,1,1,1,1,3,1,2,13,6,1,1,27,2,2
2,40,G,4,2006,4,1,1,2,2,1,3,1,1,1,1,1,1,2,7,6,1,1, ?,2,2
2,40,F,5,2006,1,1,1,2,2,1,4,1,1,1,1,1,1,2,9,8,1,1, ?,2,2
6,40,F,5,2006,1,1,1,2,2,1,4,1,1,1,1,1,1,2,13,6,1,1, ?,2,2
3,40,F,5,2006,2,1,1,2,2,1,1,1,1,1,1,1,1,2,9,6,1,1, ?,2,2
6,40,G,6,2006,3,1,1,2,1,1,1,1,1,1,1,1,1,2,9,6,1,1, ?,2,2
3,40,F,6,2006,2,1,1,2,2,1,1,1,1,1,1,1,1,2,9,6,1,1,40,2,2
1,40,F,6,2006,4,1,1,2,2,1,3,1,1,1,1,1,1,2,19,11,1,1, ?,2,2
3,40,F,6,2006,3,1,1,2,2,1,1,1,1,1,1,1,1,2,9,6,1,1,26,2,2
3,40,F,6,2006,2,1,1,2,2,1,1,1,1,1,1,2,1,2,14,6,1,1,30,2,2
1,40,F,6,2006,3,1,1,2,2,1,1,1,1,1,1,1,1,2,9,6,1,1,35,2,2
1,40,F,6,2006,3,1,1,2,2,1,1,1,1,1,1,1,1,2,13,6,1,1, ?,2,2
10,50,F,1,2006,2,1,1,2,2,1,2,1,1,1,1,1,1,2,9,6,1,1, ?,2,2
11,50,F,1,2006,4,1,1,2,2,1,1,1,1,1,1,2,1,2,9,6,1,1,36,2,2
11,50,F,1,2006,3,1,1,2,2,1,1,1,1,1,1,2,1,2,9,6,1,1, ?,2,2
8,50,G,1,2006,3,1,1,2,2,1,1,1,1,1,1,3,1,2,8,6,1,1, ?,2,2
1,50,F,2,2006,1,1,1,2,2,1,4,1,1,1,1,5,1,2,12,1,1,1,28,2,2
11,50,F,2,2006,3,1,1,2,2,1,1,1,1,1,1,2,1,2,9,6,1,1, ?,2,2
5,50,F,2,2006,4,1,1,2,2,1,4,1,1,1,1,2,1,2,14,1,1,1,32,2,2
5,50,F,2,2006,2,1,1,2,2,1,1,1,1,1,1,2,1,2,9,6,1,1, ?,2,2
9,47,F,5,2006,2,1,1,2,2,1,1,1,1,1,1,1,1,2,13,6,1,1, ?,2,2
1,47,F,5,2006,2,1,1,2,2,1,1,1,1,1,1,1,1,2,14,6,1,1, ?,2,2
2,47,F,5,2006,2,1,1,2,2,1,1,1,1,1,1,1,1,2,9,6,1,1, ?,2,2
1,47,G,5,2006,4,1,1,2,2,1,3,1,1,1,1,5,1,2,9,6,1,1, ?,2,2
12,47,F,5,2006,3,1,1,2,2,1,1,1,1,1,1,1,1,2,12,6,1,1, ?,2,2
9,47,F,5,2006,2,1,1,2,2,1,1,1,1,1,1,3,1,2,14,6,1,1,40,2,2
1,47,F,6,2006,2,1,1,2,2,1,1,1,1,1,1,1,1,2,9,6,1,1, ?,2,2
1,47,F,7,2006,2,1,1,2,2,1,1,1,1,1,1,1,1,2,8,8,1,1,31,2,2
1,47,F,7,2006,4,1,1,2,2,1,3,1,1,1,1,1,1,2,19,11,1,1, ?,2,2
12,47,G,7,2006,3,1,1,2,2,1,1,1,1,1,1,1,1,2,14,6,1,1, ?,2,2
12,47,F,7,2006,1,1,1,2,2,1,1,1,1,1,1,1,1,2,14,1,1,1, ?,2,2
9,47,G,7,2006,2,1,1,2,2,1,1,1,1,1,1,1,1,2,9,6,1,1, ?,2,2
7,47,G,7,2006,3,1,1,2,2,1,1,1,1,1,1,1,1,2,9,6,1,1,45,2,2
12,47,F,8,2006,2,1,1,2,2,1,1,1,1,1,1,1,1,2,9,10,1,1,40,2,2
2,47,G,8,2006,3,1,1,2,2,1,1,1,1,1,1,1,1,2,9,6,1,1, ?,2,2
1,47,F,8,2006,2,1,1,2,2,1,1,1,1,1,1,3,1,2,7,6,1,1, ?,2,2
9,47,F,8,2006,1,1,1,2,2,1,3,1,1,1,1,1,1,2,14,6,1,1,23,2,2
1,50,G,3,2006,3,1,1,2,2,1,1,1,1,1,1,2,1,2,14,6,1,1, ?,2,2
4,37,F,8,2006,3,1,1,2,2,1,1,1,1,1,1,3,1,2,9,6,1,1, ?,2,2
5,37,G,9,2006,2,1,1,2,2,1,1,1,1,1,1,3,2,2,8,6,2,1,30,2,2
4,37,F,9,2006,3,1,1,2,2,1,1,1,1,2,1,3,1,2,8,6,1,1, ?,2,2
6,45,F,9,2006,3,1,1,2,2,1,1,1,1,1,1,1,1,2,9,6,1,1,38,2,2
1,45,F,9,2006,2,1,1,2,2,1,1,1,1,1,1,1,1,2,9,6,1,1,38,2,2
5,45,F,9,2006,4,1,1,2,2,1,3,1,1,1,1,1,1,2,19,11,1,1, ?,2,2
1,45,F,9,2006,4,1,1,2,2,1,1,1,1,1,1,1,1,2,9,6,1,1, ?,2,2
3,45,F,9,2006,3,1,1,2,2,1,2,1,1,1,1,3,1,2,4,6,1,1, ?,2,2
7,44,F,7,2006,1,1,1,2,2,1,3,1,1,1,1,1,1,2,12,6,1,1, ?,2,2
7,44,F,7,2006,4,1,1,2,2,1,3,1,1,1,1,1,1,2,9,6,1,1,40,2,2
7,44,F,7,2006,1,1,1,2,2,1,4,1,1,1,1,1,1,2,9,6,1,1, ?,2,2
7,44,F,7,2006,3,1,1,2,2,1,1,1,1,1,1,1,1,2,14,6,1,1, ?,2,2
5,44,G,7,2006,2,1,1,2,2,1,1,1,1,1,1,1,1,2,11,6,1,1, ?,2,2
7,41,G,2,2006,3,1,1,2,2,1,1,1,1,1,1,2,1,2,9,6,1,1,45,2,2
7,41,F,2,2006,4,1,1,2,2,1,2,1,1,1,1,2,1,2,9,6,1,1, ?,2,2
2,41,F,2,2006,3,1,1,2,2,1,1,1,1,1,1,3,1,2,9,6,1,1,45,2,2
7,41,M,2,2006,2,1,1,2,2,1,1,1,1,1,1,2,1,2,9,5,1,1,28,2,2
7,41,F,2,2006,2,1,1,2,2,1,1,1,1,1,1,4,1,2,14,6,1,1,45,2,2
7,41,F,2,2006,1,1,1,2,2,1,4,1,1,1,1,2,1,2, ?,6,1,1, ?,2,2
7,41,F,3,2006,2,1,1,2,2,1,1,1,1,1,1,2,1,2,9,6,1,1,39,2,2
7,41,F,3,2006,3,1,1,2,1,1,1,1,1,1,1,2,1,1, ?,6,1,1, ?,2,2
5,41,F,3,2006,2,1,1,2,2,1,1,1,1,1,1,1,1,2,9,6,1,1,30,2,2
7,41,F,3,2006,4,1,1,2,1,1,3,1,1,1,1,1,1,2,9,6,1,1, ?,2,2
7,41,F,3,2006,3,1,1,2,2,1,1,1,1,1,1,3,1,2,9,6,1,1, ?,2,2
6,41,F,3,2006,3,1,1,2,2,1,1,1,1,1,1,3,1,2,9,6,1,1, ?,2,2
6,41,F,3,2006,3,1,1,2,2,1,1,1,1,1,1,3,1,2,9,6,1,1, ?,2,1
2,41,F,3,2006,3,1,1,2,2,1,1,1,1,1,1,4,1,2,14,6,1,1,30,2,2
7,41,F,4,2006,2,1,1,2,2,1,1,1,1,1,1,2,1,2,9,6,1,1, ?,2,2
5,41,F,4,2006,2,1,1,2,1,1,2,1,1,1,1,1,1,2,9,6,1,1, ?,2,2
7,41,F,4,2006,3,1,1,2,2,1,1,1,1,1,1,2,1,2,9,6,1,1, ?,2,2
1,41,G,4,2006,4,1,1,2,2,1,3,1,1,1,1,1,1,2,9,6,1,1, ?,2,2
5,41,G,4,2006,3,1,1,2,2,1,1,1,1,1,1,1,1,2,9,6,1,1,40,2,2
5,41,F,4,2006,2,1,1,2,2,1,2,1,1,1,1,1,1,2,9,6,1,1, ?,2,2
7,41,F,5,2006,2,1,1,2,2,1,2,1,1,1,1,2,1,2,6,6,1,1,28,2,2
1,46,F,8,2006,2,1,1,2,2,1,1,1,1,1,1,1,1,2,6,6,1,1, ?,2,2
1,46,F,8,2006,2,1,1,2,2,1,1,1,1,1,1,1,1,2, ?,6,1,1, ?,2,2
2,46,F,8,2006,3,1,1,2,2,1,1,1,1,1,1,1,1,2,8,6,1,1, ?,2,2
1,46,F,8,2006,3,1,1,2,2,1,1,1,1,1,1,1,1,2,9,6,1,1, ?,2,2
1,46,F,8,2006,2,1,1,2,2,1,1,1,1,1,1,1,1,2,8,6,1,1, ?,2,2
1,46,F,8,2006,4,1,1,2,2,1,1,1,1,1,1,1,1,2,9,6,1,1, ?,2,2
1,46,F,8,2006,3,1,1,2,2,1,1,1,1,1,1,3,1,2,14,9,1,1, ?,2,2
1,46,F,9,2006,1,1,1,2,2,1,2,1,1,1,1,1,1,2,9,6,1,1, ?,2,2
2,46,F,9,2006,4,1,1,2,2,1,4,1,1,1,1,1,1,2,13,6,1,1, ?,2,2
1,46,F,9,2006,3,1,1,2,2,1,1,1,1,1,1,1,1,2,14,6,1,1,30,2,2
5,46,F,9,2006,4,1,1,2,2,1,4,1,1,1,1,1,1,2,9,6,1,1, ?,2,2
4,46,F,9,2006,3,1,1,2,2,1,1,1,1,1,1,3,1,2,7,6,1,1, ?,2,2
2,46,G,9,2006,1,1,1,2,2,1,2,1,1,1,1,1,1,2,8,6,1,1, ?,2,2
5,46,F,10,2006,2,1,1,2,2,1,1,1,1,1,1,1,1,2,9,6,1,1, ?,2,2
4,46,F,10,2006,1,1,1,2,2,1,1,1,1,1,1,1,1,2,9,6,1,1, ?,2,2
1,46,F,10,2006,2,1,1,2,2,1,1,1,1,1,1,1,1,2,9,6,1,1,40,2,2
2,46,G,10,2006,3,1,1,2,2,1,1,1,1,1,1,1,1,2,9,6,1,1,43,2,2
1,46,F,10,2006,3,1,1,2,2,1,1,1,1,1,1,3,1,2,14,6,1,1, ?,2,2
1,46,F,10,2006,2,1,1,2,2,1,1,1,1,1,1,1,1,2,9,6,1,1, ?,2,2
6,46,F,10,2006,4,1,1,2,2,1,1,1,1,1,1,1,1,2,10,6,1,1, ?,2,2
2,46,G,10,2006,2,1,1,2,2,1,1,1,1,1,1,1,1,2,9,6,1,1,40,2,2