Thana,District,Accident_Severity,Month,Year,Time,Junction_Type,Traffic_Control,Movement,Divider,Weather,Light,Road_Geometry,Surface_Condition,Surface_Type,Surface_Quality,Road_Class,Road_Feature,Location_Type,Vehicle_Type,Vehicle_Movement,Vehicle_Loading,Vehicle_Defect,Vehicle_Driver_Age,Vehicle_Alcohol,Vehicle_Seat_Belt
2,46,F,10,2006,1,1,1,2,2,1,3,1,1,1,1,1,1,2,14,6,1,1, ?,2,2
4,46,F,10,2006,3,1,1,2,2,1,1,1,1,1,1,3,1,2,1,9,1,1, ?,2,2
1,46,F,10,2006,4,1,1,2,2,1,4,1,1,1,1,1,1,2,9,6,1,1, ?,2,2
3,46,G,10,2006,4,?,?,2,2,1,4,1,1,1,1,3,1,2,8,6,1,1,24,2,2
6,40,F,7,2006,2,1,1,2,2,1,1,1,1,1,1,1,1,2,9,6,1,1, ?,2,2
6,40,F,7,2006,1,1,1,2,2,1,2,1,1,1,1,1,1,2,9,6,1,1, ?,2,2
1,40,F,8,2006,4,1,1,2,2,1,4,1,1,1,1,1,1,2,9,6,1,1, ?,2,2
1,40,G,8,2006,2,1,1,2,2,1,1,1,1,1,1,1,1,2,9,6,1,1,35,2,2
5,40,F,9,2006,1,1,1,2,2,1,4,1,1,1,1,1,1,2,9,6,1,1, ?,2,2
1,40,F,9,2006,1,1,1,2,2,1,4,1,1,1,1,1,1,2,14,6,1,1, ?,2,2
6,40,F,9,2006,2,1,1,2,2,1,1,1,1,1,1,1,1,2,13,6,1,1, ?,2,2
6,40,F,9,2006,2,1,1,2,2,1,1,1,1,1,1,1,1,2,8,6,1,1, ?,2,2
6,40,S,10,2006,4,1,1,2,2,1,4,1,1,1,1,1,1,2,8,6,1,1, ?,2,2
5,40,F,10,2006,2,1,1,2,2,1,1,1,1,1,1,3,1,2,14,6,1,1,28,2,2
6,40,F,10,2006,4,1,1,2,2,1,3,1,1,1,1,1,1,2,9,6,1,1, ?,2,2
1,40,G,10,2006,3,1,1,2,2,1,1,1,1,1,1,1,1,2,8,6,1,1, ?,2,2
6,40,F,10,2006,2,1,1,2,2,1,1,1,1,1,1,1,1,2,9,6,1,1, ?,2,2
6,40,G,10,2006,3,1,1,2,2,1,1,1,1,1,1,1,1,2,9,6,1,1, ?,2,2
3,40,F,10,2006,2,1,1,2,2,1,1,1,1,1,1,1,1,2,9,6,1,1, ?,2,2
4,44,F,8,2006,2,1,1,2,2,1,1,1,1,1,1,2,1,2,15,6,1,1, ?,2,2
4,44,F,8,2006,2,1,1,2,2,1,1,1,1,1,1,2,1,2,9,6,1,1, ?,2,2
3,44,F,8,2006,1,1,1,2,2,1,4,1,1,1,1,3,1,2, ?,6,1,1, ?,2,2
3,44,F,8,2006,1,1,1,2,2,1,4,1,1,1,1,1,1,2,9,6,1,1, ?,2,2
6,44,F,8,2006,4,1,1,2,2,3,4,1,1,1,1,1,1,2, ?,6,1,1, ?,2,2
2,44,F,8,2006,1,1,1,2,2,1,4,1,1,1,1,3,1,2,8,6,1,1, ?,2,2
7,44,F,8,2006,4,1,1,2,2,1,4,1,1,1,1,1,1,2, ?,6,1,1, ?,2,2
7,44,F,8,2006,3,1,1,2,2,1,1,1,1,1,1,4,1,2,9,6,1,1,28,2,2
5,44,F,8,2006,3,1,1,2,2,1,1,1,1,1,1,1,1,2,9,6,1,1, ?,2,2
1,47,G,10,2006,2,1,1,2,2,1,1,1,1,1,1,1,1,2,6,6,1,1, ?,2,2
9,47,F,10,2006,1,1,1,2,2,1,4,1,1,1,1,1,1,2,14,6,1,1, ?,2,2
9,47,F,10,2006,3,1,1,2,2,1,1,1,1,1,1,1,1,2,9,6,1,1, ?,2,2
9,47,F,10,2006,4,1,1,2,2,1,3,1,1,1,1,1,1,2,9,6,1,1,35,2,2
12,47,G,10,2006,1,1,1,2,2,1,4,1,1,1,1,1,1,2,7,6,1,1,25,2,2
6,45,F,10,2006,3,1,1,2,2,1,1,1,1,1,1,1,1,2,9,6,1,1,40,2,2
5,45,F,10,2006,3,1,1,2,2,1,1,1,1,1,1,1,1,2,9,11,1,1, ?,2,2
2,45,F,10,2006,3,1,1,2,2,1,2,1,1,1,1,1,1,2,13,6,1,1, ?,2,2
5,45,F,10,2006,4,1,1,2,2,1,3,1,1,1,1,1,1,2,9,6,1,1, ?,2,2
7,41,G,3,2006,3,3,1,2,1,1,1,1,1,1,1,2,1,2,9,6,1,1,35,2,2
1,41,G,5,2006,3,1,1,2,2,1,1,1,1,1,1,1,1,2,10,6,1,1, ?,2,2
7,41,F,5,2006,1,1,1,2,2,1,2,1,1,1,1,2,1,2, ?,6,1,1, ?,2,2
6,41,F,5,2006,4,1,1,2,2,1,3,1,1,1,1,1,1,2,9,6,1,3, ?,2,2
5,41,F,6,2006,4,1,1,2,2,1,4,1,1,1,1,1,1,2, ?,6,1,1, ?,2,2
1,41,F,6,2006,1,1,1,2,2,1,1,1,1,1,1,1,1,2,9,1,1,?, ?,2,2
6,41,F,6,2006,4,1,1,2,2,1,1,1,1,1,1,1,1,2,9,6,1,1, ?,2,2
1,41,F,6,2006,3,1,1,2,2,1,1,1,1,1,1,1,1,2,9,6,1,1, ?,2,2
6,41,F,6,2006,2,1,1,2,2,1,2,1,1,1,1,3,1,2,9,6,1,1, ?,2,2
6,41,F,6,2006,4,1,1,2,2,1,2,1,1,1,1,1,1,2,9,6,1,1, ?,2,2
7,41,F,6,2006,4,1,1,2,1,1,3,1,1,1,1,1,1,2,14,6,1,1, ?,2,2
4,41,G,6,2006,1,1,1,2,2,4,2,2,2,1,1,3,1,2,8,6,1,1, ?,2,2
5,41,F,6,2006,2,1,1,2,1,1,1,1,1,1,1,1,1,1,9,6,1,1,30,2,2
7,41,F,6,2006,4,1,1,2,2,1,1,1,1,1,1,1,1,2,9,6,1,1, ?,2,2
7,41,G,6,2006,3,1,1,2,2,1,1,1,1,1,1,2,1,2,13,6,1,1,22,2,2
3,41,F,6,2006,2,1,1,2,2,1,1,1,1,1,1,3,1,2,9,6,1,1, ?,2,2
3,41,F,6,2006,2,1,1,2,2,1,1,1,1,1,1,2,1,2,9,6,1,1, ?,2,2
3,51,F,6,2006,2,1,1,2,2,1,1,1,1,1,1,2,1,2,9,6,1,1, ?,2,2
7,51,F,6,2006,1,1,1,2,2,1,4,1,1,1,1,3,1,2,19,6,1,1, ?,2,2
9,51,F,6,2006,3,1,1,2,2,1,1,1,1,1,1,2,1,2,14,6,1,1, ?,2,2
3,51,F,6,2006,3,1,1,2,2,1,1,1,1,1,1,2,1,2,9,6,1,1,44,2,2
4,51,F,6,2006,2,1,1,2,2,1,1,1,1,1,1,1,1,2, ?,6,1,1, ?,2,2
3,51,F,6,2006,3,1,1,2,2,1,1,1,1,1,1,2,1,2,9,6,1,1, ?,2,2
7,51,F,7,2006,3,1,1,2,2,1,1,1,1,1,1,3,1,2,4,6,1,1,35,2,2
1,51,F,9,2006,2,1,1,2,2,1,1,1,1,1,1,2,1,2,14,6,1,1, ?,2,2
12,51,F,9,2006,3,1,1,2,2,1,1,1,1,1,1,3,1,2,17,6,1,1, ?,2,2
8,51,F,10,2006,4,1,1,2,2,1,4,1,1,1,1,2,1,2,9,1,1,1, ?,2,2
3,51,F,10,2006,3,1,1,2,2,1,1,1,1,1,1,2,1,2,9,6,1,1,35,2,2
2,52,G,10,2006,3,1,1,2,2,1,1,1,1,1,1,3,1,2,8,6,1,1,28,2,2
3,52,F,10,2006,2,1,1,2,2,1,1,1,1,1,1,3,1,2,9,8,1,1, ?,2,2
8,52,F,10,2006,2,1,1,2,2,1,1,1,1,1,1,3,1,2,4,6,1,1, ?,2,2
1,49,F,8,2006,2,1,1,2,2,1,1,1,1,1,1,2,1,2,10,6,1,1, ?,2,2
1,49,S,8,2006,4,1,1,2,2,1,4,1,1,1,1,2,1,2,9,4,1,1, ?,2,2
1,49,F,9,2006,3,1,1,2,2,1,1,1,1,1,1,3,1,2,9,6,1,1, ?,2,2
4,49,F,9,2006,4,1,1,2,2,1,4,1,1,1,1,3,1,2,14,6,1,1, ?,2,2
4,49,S,10,2006,4,1,1,2,2,1,1,1,1,1,1,3,1,2,9,6,1,1, ?,2,2
3,49,F,10,2006,3,1,1,2,2,1,1,1,1,1,1,3,1,2,9,6,1,1, ?,2,2
1,36,F,7,2006,3,3,1,2,2,1,1,1,1,1,1,2,1,2,9,2,1,1, ?,2,2
3,36,F,9,2006,4,1,1,2,2,1,4,1,1,1,1,1,1,2,9,6,1,1, ?,2,2
2,36,F,9,2006,3,1,1,2,2,1,1,2,1,1,1,3,1,2,9,6,1,1,58,2,2
4,36,F,9,2006,2,1,1,2,2,1,1,1,1,1,1,3,1,2,14,6,1,1, ?,2,2
4,36,F,10,2006,4,1,1,2,2,1,2,1,1,1,1,3,1,2,4,6,1,1, ?,2,2
6,37,F,10,2006,2,1,1,2,2,1,1,1,1,1,1,3,1,2,9,6,1,1, ?,2,2
3,37,F,10,2006,2,1,1,2,2,1,2,1,1,1,1,3,1,2,6,6,1,1, ?,2,2
5,37,F,10,2006,2,1,1,2,2,1,1,1,1,1,1,3,1,2,9,6,1,1, ?,2,2
1,37,G,10,2006,2,1,1,2,2,1,1,1,1,1,1,3,1,2,5,6,1,1,22,2,2
3,37,F,10,2006,2,1,1,2,2,1,1,1,1,1,1,3,1,2,9,6,1,1, ?,2,2
7,37,G,10,2006,2,1,1,2,2,1,1,1,1,1,1,3,1,2,8,6,1,1, ?,2,2
7,37,F,10,2006,3,1,1,2,2,1,1,1,1,1,1,3,1,2,4,6,1,1, ?,2,2
2,48,F,8,2006,3,1,1,2,2,1,1,1,1,1,1,3,1,2,19,6,1,1, ?,2,2
7,41,G,7,2006,2,1,1,2,2,1,1,1,1,1,1,2,1,1,14,6,1,1,28,2,2
7,41,F,7,2006,3,2,1,2,2,1,1,1,1,1,1,3,1,1,14,2,1,1, ?,2,2
7,41,F,7,2006,2,2,1,2,2,1,1,1,1,1,1,3,1,1,9,6,1,1, ?,2,2
7,41,F,7,2006,4,1,1,2,2,1,4,1,1,1,1,1,1,1,9,6,1,1, ?,2,2
7,41,F,7,2006,1,2,1,2,2,1,4,1,1,1,1,2,1,2, ?,6,1,1, ?,2,2
7,41,G,7,2006,2,1,1,2,2,1,1,1,1,1,1,3,1,2,9,1,1,1, ?,2,2
7,41,G,8,2006,1,2,1,2,2,1,4,1,1,1,1,1,1,2,12,6,1,1,24,2,2
1,41,F,8,2006,1,1,1,2,2,1,2,1,1,1,1,1,1,2,9,6,1,1, ?,2,2
7,41,F,8,2006,4,1,1,2,2,1,2,1,1,1,1,1,1,1,14,6,1,1, ?,2,2
5,41,F,8,2006,4,1,1,2,2,1,1,1,1,1,1,1,1,2,9,6,1,1, ?,2,2
3,41,F,8,2006,1,1,1,2,1,1,3,1,1,1,1,3,1,2, ?,6,1,1, ?,2,2
5,41,F,8,2006,4,1,1,2,2,1,2,1,1,1,1,1,1,2,9,6,1,1, ?,2,2
5,41,F,8,2006,2,1,1,2,1,1,1,1,1,1,1,1,1,2,9,6,1,1, ?,2,2
1,41,F,8,2006,2,1,1,2,2,1,1,1,1,1,1,1,1,2, ?,6,1,1, ?,2,2
7,41,F,8,2006,1,1,1,2,2,1,2,2,1,1,1,1,1,1, ?,6,1,1, ?,2,2
7,41,F,8,2006,2,1,1,2,2,1,1,1,1,1,1,2,1,2,11,6,1,1, ?,2,2
5,41,F,8,2006,4,1,1,2,2,1,1,1,1,1,1,1,1,2,2,6,1,1, ?,2,2
6,41,F,8,2006,4,1,1,2,2,1,4,1,1,1,1,1,1,2,9,6,1,1, ?,2,2
5,41,F,8,2006,2,1,1,2,1,1,1,1,1,1,1,1,1,2,9,6,1,1, ?,2,2
7,41,F,8,2006,3,1,1,2,2,1,1,1,1,3,1,3,1,2,14,6,1,1, ?,1,2
7,41,F,8,2006,2,1,1,2,1,1,1,1,1,1,1,1,1,2,9,6,1,1, ?,2,2
5,41,F,8,2006,?,1,1,2,1,1,4,1,1,1,1,1,1,1, ?, ?,?,?, ?,2,2
7,41,G,8,2006,2,3,1,2,1,1,1,1,1,1,1,1,1,2,9,6,1,1, ?,2,2
5,41,F,9,2006,2,1,1,2,1,1,1,1,1,1,1,1,1,1,9,6,1,1, ?,2,2
7,41,G,9,2006,3,1,1,2,2,1,1,1,1,1,1,2,1,1,6,6,1,1, ?,2,2
6,41,F,9,2006,4,1,1,2,1,2,1,1,1,1,1,1,1,2,9,6,1,1, ?,2,2
1,41,F,9,2006,2,1,1,2,2,1,1,1,1,1,1,1,1,2,9,6,1,1, ?,2,2
7,41,F,9,2006,3,1,1,2,2,1,1,1,1,1,1,3,1,2,14,6,1,1, ?,2,2
1,41,F,9,2006,4,1,1,2,2,1,2,1,1,1,1,1,1,2,8,6,1,1, ?,2,2
7,41,G,10,2006,1,1,1,2,2,1,2,1,1,1,1,1,1,1,9,6,1,1, ?,1,2
7,41,F,10,2006,4,1,1,2,1,1,3,1,1,1,1,3,1,2,14,6,1,1, ?,2,2
5,41,F,10,2006,3,1,1,2,2,1,1,1,1,1,1,1,1,1,4,4,1,1, ?,2,2
5,41,F,10,2006,?,1,1,2,2,2,1,1,2,1,1,1,2,1,8,6,1,1,32,1,2
7,41,F,10,2006,3,1,1,2,2,1,1,1,1,1,1,2,1,2,12,6,1,1,28,2,2
7,41,F,10,2006,3,1,1,2,2,1,1,1,1,1,1,1,1,2,8,6,1,1,30,2,2
7,41,F,10,2006,1,1,1,2,2,1,2,1,1,1,1,1,1,2,14,2,1,1,25,2,2
7,41,F,10,2006,2,1,1,2,2,1,2,1,1,1,1,2,1,1,9,6,1,1, ?,2,2
6,41,F,10,2006,1,1,1,2,2,1,2,1,1,1,1,1,1,2,8,6,1,1, ?,2,2
7,41,F,10,2006,2,3,1,2,2,1,1,1,1,1,1,3,1,2,9,8,1,1, ?,2,2
6,41,F,10,2006,2,1,1,2,2,1,2,1,1,1,1,1,1,2,9,1,1,1, ?,2,2
5,41,F,10,2006,4,1,1,2,2,1,4,1,1,1,1,2,1,2,12,5,1,1, ?,2,2
5,41,F,10,2006,4,1,1,1,2,1,4,1,1,1,1,1,1,2, ?,6,?,?, ?,?,?
7,41,F,10,2006,4,1,1,2,2,1,3,1,1,1,1,1,1,2, ?,6,1,1, ?,?,?
7,41,F,10,2006,2,1,1,2,2,1,1,1,1,1,1,1,1,2,9,6,1,1, ?,2,2
1,41,F,10,2006,2,1,1,2,2,1,1,1,1,1,1,1,1,1,14,6,1,1, ?,2,2
1,41,F,10,2006,3,1,1,2,2,1,1,1,1,1,1,1,1,2,9,6,1,3,20,2,2
5,41,F,10,2006,2,1,1,2,2,1,1,1,1,1,1,1,1,2,9,6,1,1, ?,2,2
1,50,F,3,2006,2,1,1,2,2,1,1,1,1,1,1,1,1,2,14,5,1,1,30,2,2
1,50,G,3,2006,4,1,1,2,2,1,4,1,1,1,1,1,1,2,14,6,1,1, ?,2,2
1,51,G,1,2006,3,1,1,2,2,1,1,1,1,1,1,2,1,2,12,6,1,1, ?,2,2
1,51,F,1,2006,1,1,1,2,2,1,4,1,1,1,1,2,1,2,9,6,1,1, ?,2,2
1,51,F,1,2006,2,1,1,2,2,1,2,1,1,1,1,2,1,2,14,6,1,1, ?,2,2
7,51,F,1,2006,4,1,1,2,2,1,3,1,1,1,1,3,1,2,12,6,1,1, ?,2,2
12,51,F,1,2006,4,1,1,2,2,1,4,1,1,1,1,3,1,2,8,2,1,1, ?,2,2
7,51,F,2,2006,4,1,1,2,2,1,4,1,1,1,1,3,1,2,7,6,1,1, ?,2,2
11,51,F,2,2006,2,1,1,2,2,1,1,1,1,1,1,3,1,2,4,6,1,1,35,2,2
12,51,F,2,2006,4,1,1,2,2,1,2,1,1,1,1,3,1,2,6,6,1,1, ?,2,2
1,51,G,3,2006,3,1,1,2,2,1,1,1,1,1,1,2,1,2,9,6,1,1, ?,2,2
9,51,F,4,2006,2,1,1,2,2,1,1,1,1,1,1,2,1,2,9,6,1,1, ?,2,2
1,51,F,4,2006,2,1,1,2,2,1,1,1,1,1,1,2,1,2,9,1,1,1, ?,2,2
9,51,F,4,2006,4,1,1,2,2,1,4,1,1,1,1,2,1,2,9,6,1,1, ?,2,2
3,51,F,4,2006,3,1,1,2,2,1,1,1,1,1,1,3,1,2,4,2,1,1,28,2,2
1,51,F,5,2006,1,1,1,2,2,1,4,1,1,1,1,3,1,2,14,11,1,1, ?,2,2
8,51,F,5,2006,3,1,1,2,2,1,1,1,1,1,1,3,1,2,5,6,1,1, ?,2,2
1,51,F,6,2006,3,1,1,2,2,1,1,1,1,1,1,2,1,2,11,6,1,1, ?,2,2
12,51,F,9,2006,3,1,1,2,2,1,1,1,1,1,1,3,1,2,9,6,1,1, ?,2,2
5,43,F,1,2006,1,1,1,2,2,1,1,1,1,1,1,3,1,2,9,6,1,1, ?,2,2
5,43,F,1,2006,2,1,1,2,2,1,1,1,1,1,1,3,1,2,9,6,1,1, ?,2,2
2,43,F,1,2006,3,1,1,2,2,1,1,1,1,1,1,1,1,2,7,1,1,1, ?,2,2
5,43,F,1,2006,2,1,1,2,2,1,1,1,1,1,1,1,1,2,9,6,1,1, ?,2,2
5,43,F,1,2006,2,1,1,2,2,1,1,1,1,1,1,1,1,2,9,6,1,1, ?,2,2
2,43,F,1,2006,3,1,1,2,2,1,1,1,1,1,1,1,1,2,9,5,1,1,35,2,2
3,43,G,1,2006,4,1,1,2,2,1,1,1,1,1,1,1,1,2, ?, ?,?,?, ?,2,2
5,43,F,1,2006,2,1,1,2,2,1,1,1,1,1,1,1,1,2,9,6,1,1,25,2,2
4,43,F,2,2006,2,1,1,2,2,1,1,1,1,1,1,1,1,2,9,6,1,1,45,2,2
6,43,F,3,2006,4,1,1,2,2,1,1,1,1,1,1,3,1,2,14,6,1,1, ?,2,2
6,43,G,3,2006,4,1,1,2,2,1,1,1,1,1,1,3,1,2,8,5,1,1, ?,2,2
3,43,F,3,2006,?,1,1,2,2,1,1,1,1,1,1,3,1,2,8,6,1,1, ?,2,2
3,43,F,3,2006,3,1,1,2,2,1,1,1,1,1,1,1,1,2,9,6,1,1, ?,2,2
6,43,F,3,2006,1,1,1,2,2,1,1,1,1,1,1,1,1,2,9,6,1,1, ?,2,2
5,43,F,3,2006,2,1,1,2,2,1,1,1,1,1,1,1,1,2,9,6,1,1,32,2,2
5,43,F,4,2006,2,1,1,2,2,1,1,1,1,1,1,3,1,2,14,6,1,1, ?,2,2
5,43,F,4,2006,4,1,1,2,2,1,1,1,1,1,1,3,1,2,9,6,1,1, ?,2,2
3,43,F,4,2006,2,1,1,2,2,1,1,1,1,1,1,1,1,2,14,6,1,1, ?,2,2
2,43,F,4,2006,3,1,1,2,2,1,1,1,1,1,1,1,1,2,9,6,1,1, ?,2,2
5,43,S,5,2006,4,1,1,2,2,1,1,1,1,1,1,3,1,2,9,6,1,1, ?,2,2
5,43,F,5,2006,4,1,1,2,2,1,3,1,1,1,1,1,1,2,9,6,1,1, ?,2,2
2,43,F,5,2006,1,1,1,2,2,1,2,1,1,1,1,1,1,2,9,6,1,1, ?,2,2
5,43,F,6,2006,2,1,1,2,2,1,1,1,1,1,1,1,1,2,9,6,1,1, ?,2,2
1,43,F,6,2006,3,1,3,2,2,1,1,1,1,1,1,3,1,2,9,6,1,1, ?,2,2
5,43,F,6,2006,?,1,1,2,2,1,1,1,1,1,1,1,1,2,9,6,1,1, ?,2,2
5,43,F,6,2006,2,1,1,2,2,1,1,1,1,1,1,1,1,2,9,6,1,1, ?,2,2
5,43,F,5,2006,2,1,1,2,2,1,1,1,1,1,1,1,1,2,9,6,1,1, ?,2,2
2,43,F,7,2006,4,1,1,2,2,1,1,1,1,1,1,1,1,2,9,6,1,1, ?,2,2
5,43,F,7,2006,3,1,1,2,2,1,1,1,1,1,1,1,1,2,9,6,1,1, ?,2,2
2,43,F,7,2006,3,1,1,2,2,1,1,1,1,1,1,1,1,2,9,6,1,1, ?,2,2
5,43,F,7,2006,3,1,1,2,2,1,1,1,1,1,1,1,1,2,9,6,1,1, ?,2,2
5,43,F,7,2006,4,1,1,2,2,1,1,1,1,1,1,1,1,2,9,6,1,1, ?,2,2
5,43,F,7,2006,3,1,1,2,2,1,1,1,1,1,1,3,1,2,9,6,1,1, ?,2,2
2,43,F,7,2006,3,1,1,2,1,1,1,1,1,1,1,1,1,2,7,6,1,1, ?,2,2
2,43,F,8,2006,3,1,1,2,2,1,1,1,1,1,1,1,1,2,13,6,1,1, ?,2,2
2,43,F,8,2006,2,1,1,2,2,1,1,1,1,1,1,3,1,2, ?,6,1,1, ?,2,2
5,43,F,8,2006,4,1,1,2,2,1,1,1,1,1,1,1,1,2,6,6,1,1, ?,2,2
4,43,F,8,2006,2,1,1,2,2,1,1,1,1,1,1,1,1,2,14,6,1,1, ?,2,2
4,43,F,8,2006,?,1,1,2,2,1,3,1,1,1,1,3,1,2,14,2,1,1, ?,2,2
4,43,F,8,2006,4,1,1,2,2,1,1,1,1,1,1,1,1,2,9,6,1,1, ?,2,2
5,43,F,8,2006,3,1,1,2,2,1,1,1,1,1,1,1,1,2,9,6,1,1, ?,2,2
2,43,F,8,2006,1,1,1,2,2,1,2,1,1,1,1,1,1,2,9,6,1,1, ?,2,2
5,43,F,9,2006,?,1,1,2,2,1,1,1,1,1,1,1,1,2,9,6,1,1, ?,2,2
3,43,F,9,2006,2,1,1,2,2,1,1,1,1,1,1,1,1,2,9,6,1,1, ?,2,2
6,43,F,9,2006,2,1,1,2,2,1,1,1,1,1,1,3,1,2,6,1,1,1,22,2,2
5,43,F,9,2006,2,1,1,2,2,1,1,1,1,1,1,3,1,2,12,6,1,1, ?,2,2
4,43,F,9,2006,3,1,1,2,2,1,1,1,1,1,1,3,1,2,9,6,1,1, ?,2,2
4,43,F,9,2006,2,1,1,2,2,1,1,1,1,1,1,1,1,2,9,6,1,1, ?,2,2
2,43,F,9,2006,3,1,1,2,2,1,1,1,1,1,1,1,1,2,7,6,1,1, ?,2,2
2,43,F,9,2006,3,1,1,2,2,1,1,1,1,1,1,1,1,2,9,6,1,1,30,2,2
2,43,F,9,2006,2,1,1,2,2,1,2,1,1,1,1,1,1,2,9,6,1,1,46,2,2
5,43,F,10,2006,2,1,1,2,2,1,1,1,1,1,1,1,1,2,9,6,1,1, ?,2,2
5,43,F,10,2006,3,1,1,2,2,1,1,1,1,1,1,3,1,2,9,6,1,1, ?,2,2
5,43,G,10,2006,2,1,1,2,2,1,1,1,1,1,1,1,1,2, ?,9,1,1, ?,2,2
4,43,F,10,2006,2,2,1,2,2,1,1,1,1,1,1,1,1,2,9,6,1,1, ?,2,2
5,43,F,10,2006,2,1,1,2,2,1,1,1,1,1,1,1,1,2,9,6,1,1, ?,2,2
1,43,S,10,2006,1,1,1,2,2,1,3,1,1,1,1,5,1,2,14,6,1,1,30,2,2
9,50,F,3,2006,4,1,1,2,2,1,3,1,1,1,1,2,1,2,9,6,1,1,38,2,2
11,50,F,3,2006,1,1,1,2,2,1,4,1,1,1,1,2,1,2,14,6,1,1, ?,2,2
13,50,F,4,2006,4,1,1,2,2,1,3,1,1,1,1,3,1,2,12,6,1,1, ?,2,2
5,50,F,4,2006,2,1,1,2,2,1,2,1,1,1,1,3,1,2,14,6,1,1, ?,2,2
1,50,F,5,2006,4,1,1,2,2,1,3,1,1,1,1,1,1,2,14,2,1,1, ?,2,2
10,50,F,4,2006,3,1,1,2,2,1,1,1,1,1,1,3,1,2,14,6,1,1, ?,2,2
13,50,F,4,2006,2,1,1,2,2,1,1,1,1,1,1,3,1,2,9,6,1,1, ?,2,2
7,50,F,4,2006,4,1,1,2,2,1,3,1,1,1,1,3,1,2,6,6,1,1,20,2,2
5,50,F,3,2006,4,1,1,2,2,1,4,1,1,1,1,2,1,2,14,6,1,1,40,2,2
7,50,F,5,2006,2,1,1,2,2,1,1,1,1,1,1,2,1,2,9,6,1,1, ?,2,2
13,50,G,4,2006,4,1,1,2,2,1,3,1,1,1,1,3,1,2,9,6,1,1, ?,2,2
12,50,F,6,2006,2,1,1,2,2,1,1,1,1,1,1,3,1,2,14,6,1,1,35,2,2
2,50,F,6,2006,2,1,1,2,2,1,1,1,1,1,1,1,1,2,9,6,1,1, ?,2,2
11,50,F,7,2006,4,1,1,2,2,1,4,1,1,1,1,4,1,2,9,6,1,1, ?,2,2
10,50,G,7,2006,3,1,1,2,2,1,1,1,1,1,1,3,1,2,9,6,1,1, ?,2,2
10,50,F,7,2006,3,1,1,2,2,1,1,1,1,1,1,1,1,2,9,6,1,1, ?,2,2
7,50,F,7,2006,2,1,1,2,2,1,1,1,1,1,1,2,1,2,9,6,1,1, ?,2,2
13,50,F,7,2006,4,1,1,2,2,1,4,1,1,1,1,2,1,2,9,6,1,1, ?,2,2
2,50,F,8,2006,2,1,1,2,2,1,1,1,1,1,1,1,1,2,9,6,1,1, ?,2,2
2,50,F,8,2006,2,1,1,2,2,1,1,1,1,1,1,1,1,2,13,6,1,1,16,2,2
5,50,F,8,2006,2,1,1,2,2,1,2,1,1,1,1,1,1,2,14,6,1,1, ?,2,2
8,50,F,8,2006,2,1,1,2,2,1,1,1,1,1,1,3,1,2,9,6,1,1,27,2,2
8,50,G,8,2006,3,1,1,2,2,1,1,1,1,1,1,3,1,2,8,8,1,1, ?,2,2
10,50,G,9,2006,3,1,1,2,2,1,1,1,1,1,1,1,1,2,19,11,1,1,28,2,2
12,50,S,9,2006,2,1,1,2,2,1,1,1,1,1,1,1,1,2,9,6,1,1,35,2,2
6,50,F,9,2006,3,1,1,2,2,1,1,1,1,1,1,3,1,2,19,6,1,1, ?,2,2
5,50,F,9,2006,2,1,1,2,2,1,1,1,1,1,1,3,1,2, ?, ?,?,?, ?,2,2
1,50,S,10,2006,3,1,1,2,2,1,1,1,1,1,1,1,1,2,9,6,1,1,40,2,2
10,50,G,10,2006,2,1,1,2,2,2,1,1,1,1,1,1,1,2,9,6,1,1, ?,2,2
2,50,F,10,2006,2,1,1,2,2,1,1,1,1,1,1,1,1,2,8,6,1,1, ?,2,2
8,50,F,10,2006,2,1,1,2,2,1,1,1,1,1,1,3,1,2,9,6,1,1, ?,2,2
13,50,F,10,2006,4,1,1,2,2,1,4,1,1,1,1,2,1,2,14,2,?,?, ?,2,2
3,38,F,1,2006,3,1,1,2,2,1,1,2,1,1,1,1,1,2,14,6,1,1, ?,2,2
7,38,F,2,2006,3,?,?,2,2,1,1,1,1,1,1,1,1,2,9,6,1,1, ?,2,2
1,38,F,2,2006,3,1,1,2,2,1,1,1,1,1,1,3,1,2,6,6,1,1, ?,2,2
3,38,F,2,2006,1,5,1,2,2,1,4,1,1,1,1,1,1,2,12,2,1,1, ?,2,2
3,38,F,2,2006,3,1,1,2,2,1,1,1,1,1,1,1,1,2,9,6,1,1, ?,2,2
6,38,F,3,2006,4,1,1,2,2,1,4,1,1,1,1,1,1,2,10,6,1,1, ?,2,2
3,38,F,3,2006,1,1,1,2,2,1,4,1,1,1,1,1,1,2,9,6,1,1, ?,2,2
1,38,F,3,2006,3,1,1,2,2,1,1,1,1,1,1,3,1,2,14,6,2,1,30,1,2
7,38,F,3,2006,4,1,1,2,2,1,2,1,1,1,1,1,1,2,9,6,1,1,40,2,2
6,38,F,4,2006,1,1,1,2,2,1,1,1,1,1,1,3,1,2,14,6,1,1,35,2,2
3,38,G,5,2006,2,1,1,2,2,1,1,1,1,1,1,3,1,2,6,1,1,1, ?,2,2
3,38,G,5,2006,2,1,1,2,2,1,1,1,1,1,1,3,1,2,4,6,1,1, ?,2,2
6,38,F,5,2006,1,1,1,2,2,1,4,1,1,1,1,1,1,2, ?,6,1,1, ?,2,2
3,38,F,5,2006,3,1,1,2,2,1,1,1,1,1,1,3,1,2,9,6,1,1, ?,2,2
6,38,F,7,2006,3,1,1,2,2,1,1,1,1,1,1,1,1,2,9,6,1,1, ?,2,2
9,38,F,6,2006,2,1,1,2,2,1,1,2,1,1,1,3,4,2,13,1,1,1, ?,2,2