Thana,District,Accident_Severity,Month,Year,Time,Junction_Type,Traffic_Control,Movement,Divider,Weather,Light,Road_Geometry,Surface_Condition,Surface_Type,Surface_Quality,Road_Class,Road_Feature,Location_Type,Vehicle_Type,Vehicle_Movement,Vehicle_Loading,Vehicle_Defect,Vehicle_Driver_Age,Vehicle_Alcohol,Vehicle_Seat_Belt
10,9,F,6,2006,2,7,8,2,2,1,1,1,2,1,1,1,1,2,19,11,1,7, ?,2,2
4,9,F,11,2006,3,1,1,2,2,1,1,1,1,1,1,5,1,2,4,6,1,7, ?,2,2
12,9,G,12,2006,2,1,1,2,2,1,1,1,1,1,1,1,1,2,13,6,1,1,40,2,2
1,2,F,4,2006,3,1,1,1,2,1,1,1,1,1,1,1,1,1,13,6,1,1, ?,1,2
1,2,G,10,2006,3,1,1,2,2,1,1,1,1,1,1,2,1,1,14,6,1,1,30,2,2
1,2,F,12,2006,2,3,1,2,2,1,1,1,1,1,1,4,1,1,8,6,1,1, ?,2,2
4,2,F,12,2006,2,1,1,2,2,1,1,1,1,1,1,4,1,1,4,6,1,1, ?,2,2
4,2,F,12,2006,2,1,1,2,2,1,1,1,1,1,1,4,1,2,14,6,1,1, ?,2,2
5,2,F,3,2006,2,1,1,1,1,1,1,1,1,1,1,4,1,2,8,6,1,1, ?,2,2
5,2,F,5,2006,2,1,1,2,2,1,1,1,1,1,1,2,1,1,17,6,1,1, ?,2,2
1,13,F,2,2006,2,7,8,2,2,1,1,1,1,1,1,3,1,2,14,6,1,1, ?,2,2
1,13,F,5,2006,3,1,1,2,2,1,1,1,1,1,1,3,1,2,17,11,1,7, ?,2,2
3,13,F,1,2006,2,3,1,2,2,1,1,2,1,1,1,3,1,2,9,2,1,7, ?,2,2
1,10,F,2,2006,3,3,8,2,2,1,1,1,1,1,1,3,4,2,13,6,1,7, ?,1,2
1,10,F,2,2006,2,1,8,2,2,1,1,1,1,1,1,3,1,2,8,6,1,7,30,2,2
1,10,F,12,2006,3,1,1,2,2,1,1,1,1,1,1,2,1,2,8,6,1,1,39,2,2
1,10,F,12,2006,3,7,8,2,2,1,1,2,1,1,1,2,1,2,17,1,2,7,40,2,2
4,10,F,9,2006,1,7,1,2,2,1,4,1,1,1,1,2,1,2,19,1,1,7, ?,1,2
4,10,F,12,2006,3,1,1,2,2,1,1,4,4,2,2,3,1,2,4,6,2,7, ?,1,1
5,10,F,3,2006,2,7,1,2,2,1,1,1,1,1,1,3,1,2,4,6,1,7, ?,2,2
5,10,G,12,2006,3,7,5,2,1,1,1,1,1,1,1,3,1,2,8,11,2,7, ?,2,2
2,10,F,5,2006,2,1,1,2,2,1,2,1,1,1,1,3,1,2,13,11,1,1, ?,2,2
3,13,F,1,2006,2,3,1,1,2,1,1,1,1,1,1,3,1,2,9,11,1,1, ?,2,2
3,13,F,7,2006,4,7,8,1,2,1,2,1,1,1,1,3,1,2,17,6,1,1, ?,1,2
3,13,F,7,2006,3,3,3,2,2,1,1,1,1,1,3,3,2,2,14,6,1,1, ?,2,2
8,13,G,1,2006,4,7,1,1,2,1,4,1,1,1,1,2,1,2,7,6,1,1, ?,1,2
8,13,F,3,2006,2,4,1,2,2,2,1,2,1,1,1,1,1,2,9,6,1,7,37,2,2
8,13,F,5,2006,4,7,8,1,2,3,2,1,1,1,1,1,1,2,9,11,1,1, ?,2,2
8,13,F,7,2006,2,1,1,2,2,1,1,2,1,1,1,1,1,1,14,9,1,1,40,2,2
8,13,F,12,2006,2,1,1,2,1,4,1,2,2,1,1,1,1,2,8,6,1,6, ?,2,2
7,13,F,12,2006,3,2,3,2,1,1,1,1,1,1,1,1,1,2,8,6,1,1,30,2,2
5,13,F,7,2006,2,7,1,2,2,1,1,1,1,1,1,2,1,2,8,4,1,7, ?,2,2
5,13,G,7,2006,3,4,8,2,2,1,1,1,1,1,1,2,1,2,7,8,1,1,25,1,1
5,13,S,10,2006,3,1,1,2,2,1,1,1,1,1,1,2,1,2,9,6,1,1,32,2,2
5,13,F,12,2006,4,2,1,2,2,1,2,1,1,1,1,1,2,?,9,5,1,1,40,1,2
9,13,F,4,2006,2,1,1,2,2,1,1,1,1,1,1,3,1,2,9,6,1,7, ?,2,2
6,13,F,4,2006,3,1,1,2,2,1,1,1,1,1,1,2,1,2,8,6,1,1,53,2,2
3,13,F,2,2006,4,7,1,1,2,1,1,1,1,1,1,3,1,2,14,9,1,1, ?,2,2
7,3,F,1,2006,3,1,8,2,2,1,1,1,1,1,1,2,1,2,14,11,1,1, ?,2,2
7,3,F,4,2006,2,1,1,2,2,1,1,1,1,1,1,2,1,1,4,6,1,7,35,2,2
7,3,F,7,2006,4,1,1,2,2,1,2,1,1,1,1,1,1,2,9,6,1,3, ?,2,2
7,3,F,7,2006,3,1,1,2,2,1,1,1,1,1,1,2,1,2,14,6,2,7, ?,1,2
7,3,F,7,2006,4,7,1,2,2,1,2,1,1,1,1,1,1,1,14,6,1,6,50,2,2
7,3,F,10,2006,2,1,7,2,2,1,4,1,1,1,1,3,1,2,4,6,1,1, ?,1,2
7,3,F,10,2006,1,1,1,2,2,1,4,1,1,1,1,1,1,2,9,4,1,7, ?,2,2
1,3,F,2,2006,3,2,1,2,2,1,1,1,1,1,1,2,1,1,7,6,1,1, ?,1,2
1,3,F,2,2006,2,1,3,2,2,1,1,1,1,1,1,1,1,2,13,6,1,1, ?,2,2
1,3,F,5,2006,3,1,8,2,2,1,1,1,1,1,1,1,1,2,7,6,1,7, ?,1,2
1,3,F,10,2006,2,1,1,2,2,1,1,2,1,1,1,4,1,2,19,6,2,7, ?,2,2
2,3,F,4,2006,3,7,5,2,1,1,1,2,1,3,1,3,1,2,17,11,1,1,40,2,2
5,3,F,8,2006,3,1,1,1,2,1,1,1,1,1,1,4,1,2,17,6,1,1, ?,2,2
10,3,F,9,2006,2,1,1,2,2,1,1,1,1,1,1,1,1,2,8,6,1,1, ?,2,2
10,3,F,10,2006,2,1,1,2,2,1,1,1,1,1,1,1,1,2,8,6,1,1, ?,2,2
12,3,S,2,2006,4,1,1,2,2,1,2,1,1,1,1,2,1,2,13,4,1,1,35,2,2
3,3,F,2,2006,4,1,1,2,1,2,1,1,1,1,1,1,2,?,8,6,1,7, ?,2,2
3,3,F,8,2006,3,1,1,1,2,1,1,1,1,1,1,2,1,2,17,11,2,7, ?,2,2
3,3,S,9,2006,2,7,1,2,2,1,2,1,1,1,1,2,1,2,4,6,1,7, ?,2,2
4,3,F,3,2006,4,1,1,1,2,1,2,1,1,1,1,3,1,2,4,6,1,7, ?,2,2
4,3,F,7,2006,3,1,3,2,1,1,1,1,1,1,1,1,1,2,9,11,1,1,26,2,2
13,3,F,4,2006,3,1,1,2,2,1,1,1,1,1,1,1,1,1,14,6,1,1, ?,2,2
13,3,F,5,2006,3,7,1,1,2,1,1,1,1,1,1,3,1,2,17,6,1,7, ?,2,2
6,3,F,3,2006,2,7,1,1,2,1,1,2,1,1,3,1,2,?,17,2,1,1, ?,2,2
6,3,F,4,2006,?,7,1,1,2,1,4,1,1,1,1,3,1,2,19,6,1,7, ?,2,2
6,3,F,5,2006,2,1,1,1,1,1,1,1,1,1,3,3,1,2,8,6,1,1,30,1,2
6,3,F,5,2006,3,1,1,2,1,1,1,1,1,1,1,1,1,2,14,6,1,1, ?,2,2
11,3,F,1,2006,3,1,1,2,2,1,1,1,1,1,1,2,1,2,8,6,1,1,41,2,2
11,3,F,4,2006,2,2,1,2,2,1,1,1,1,1,1,3,1,2,17,4,1,7,30,2,2
1,16,F,4,2006,3,7,1,2,2,1,1,2,1,1,1,2,1,1,14,11,1,1, ?,2,2
11,16,F,1,2006,3,1,1,2,1,1,1,1,1,1,2,1,2,?,9,6,2,1, ?,2,2
11,16,F,2,2006,2,1,1,2,2,1,1,1,1,1,1,1,1,2,14,6,2,3, ?,1,2
11,16,G,2,2006,1,1,1,1,2,1,4,1,1,1,1,1,1,1,14,6,2,3, ?,1,2
11,16,G,2,2006,1,1,1,1,2,1,2,1,1,1,1,1,1,1,8,6,1,1, ?,1,2
11,16,F,4,2006,3,1,2,1,2,1,1,1,1,1,1,1,2,?,14,11,1,7, ?,2,2
11,16,G,7,2006,3,1,1,2,2,1,1,1,1,1,1,1,1,2,16,6,1,1,30,2,2
11,16,F,7,2006,1,1,1,2,2,1,2,1,1,1,1,1,1,2,9,6,1,1, ?,2,2
11,16,F,7,2006,2,1,3,1,2,1,1,1,1,1,1,1,1,1,9,6,1,6, ?,2,2
11,16,G,5,2006,3,1,3,1,1,1,1,1,1,1,1,1,1,2,9,11,1,7, ?,2,2
11,16,F,5,2006,2,1,1,1,2,1,1,1,1,1,1,1,1,1,14,6,1,7, ?,2,2
11,16,F,8,2006,1,7,3,2,2,1,2,1,1,1,1,1,1,1,9,6,1,7, ?,2,2
11,16,F,8,2006,2,7,8,2,2,2,1,1,2,2,2,1,1,?,11,6,1,7, ?,2,2
11,16,F,8,2006,4,7,1,2,2,1,4,1,1,1,1,1,1,1,14,6,1,7, ?,2,2
11,16,S,8,2006,2,1,1,2,1,1,1,1,1,1,1,1,2,?,14,6,2,6,34,1,2
10,16,F,1,2006,2,1,1,2,2,1,1,1,1,1,1,1,2,?,9,6,1,1,37,2,2
10,16,F,2,2006,1,1,1,2,2,1,3,1,1,1,2,1,1,?,9,6,1,1, ?,2,2
10,16,F,3,2006,3,2,1,2,2,1,1,1,1,1,1,1,1,2,9,5,1,7, ?,2,2
10,16,F,4,2006,4,1,1,2,2,1,2,1,1,1,1,1,1,2,19,6,1,7, ?,2,2
10,16,F,7,2006,4,7,1,2,1,4,4,1,1,1,1,1,1,?,19,11,1,7, ?,2,2
10,16,F,7,2006,3,2,1,2,2,1,1,1,1,1,1,1,1,2,19,6,1,7, ?,2,2
10,16,F,6,2006,1,7,1,1,1,1,3,1,1,1,1,1,2,2,6,6,1,1, ?,2,2
10,16,F,6,2006,4,5,1,2,1,1,4,2,1,1,1,1,1,2,9,2,1,7, ?,2,2
10,16,G,6,2006,3,1,1,2,2,1,1,2,1,1,1,2,?,?,9,5,1,7,38,2,2
10,16,F,8,2006,3,4,6,2,2,1,1,1,1,1,1,1,1,2,14,11,1,1, ?,2,2
10,16,F,8,2006,3,4,6,2,2,1,1,1,1,1,1,1,1,2,14,11,1,1, ?,2,2
6,16,F,5,2006,2,7,8,2,1,1,1,1,1,1,1,1,1,2,13,6,1,7,38,1,2
6,16,S,6,2006,3,7,8,2,2,1,1,3,1,1,1,5,1,1,14,2,1,5,55,2,2
6,16,S,8,2006,4,7,4,1,1,1,2,2,1,1,1,1,1,2,9,5,2,7, ?,2,2
9,16,F,3,2006,2,1,1,2,2,1,1,1,1,1,1,1,1,2,9,6,1,1, ?,1,2
9,16,F,3,2006,3,7,3,1,2,1,1,1,1,1,1,1,1,2,4,11,1,7, ?,1,2
9,16,F,3,2006,4,1,1,2,2,1,2,2,1,1,1,1,1,2,8,2,1,7, ?,1,2
9,16,F,4,2006,3,1,1,2,2,1,1,1,1,1,1,1,1,2,9,6,1,7, ?,2,2
9,16,F,6,2006,2,1,2,2,2,1,1,1,1,1,1,1,1,2,14,6,1,1, ?,2,2
9,16,F,6,2006,2,1,8,2,2,1,1,1,1,1,1,1,1,1,19,11,1,7, ?,2,2
7,16,F,4,2006,4,1,1,2,1,1,4,2,1,1,1,1,1,2,8,5,1,1, ?,2,2
7,16,F,4,2006,2,1,1,2,2,1,1,1,1,1,1,1,1,1,8,6,1,7, ?,2,2
7,16,F,4,2006,3,7,8,2,2,1,1,1,1,1,1,1,1,2,13,6,1,7, ?,2,2
7,16,F,7,2006,2,3,3,2,2,1,1,1,1,1,1,1,1,2,13,6,1,7, ?,2,2
7,16,F,5,2006,2,1,1,2,1,1,1,1,1,1,1,1,1,2,14,6,1,7, ?,2,2
7,16,F,5,2006,3,2,1,2,2,1,1,1,1,1,1,1,1,2,9,6,1,1, ?,2,2
7,16,F,8,2006,2,7,8,2,2,1,1,1,1,1,1,1,1,2,8,11,1,1,32,2,2
1,15,F,1,2006,3,1,1,1,2,1,1,1,1,1,1,1,1,2,9,6,1,7, ?,2,2
1,15,F,1,2006,1,1,1,2,2,1,4,1,1,1,1,1,1,2,9,5,1,1, ?,1,2
1,15,F,2,2006,4,1,1,2,2,1,4,1,1,1,1,1,1,2,19,11,1,7, ?,1,2
1,15,F,2,2006,2,1,1,2,2,1,1,1,1,1,1,4,1,2,14,6,1,1, ?,1,2
1,15,F,6,2006,4,1,2,2,2,1,4,1,1,1,1,1,1,2,19,6,1,7, ?,2,2
1,15,F,6,2006,3,1,1,2,2,1,1,1,1,1,1,1,1,2,9,6,1,7, ?,2,2
1,15,G,6,2006,1,1,1,2,2,1,4,1,1,1,1,1,1,2,14,6,1,7, ?,2,2
1,15,F,4,2006,3,1,4,1,1,1,1,1,1,1,1,1,?,?,13,9,1,1,32,2,2
1,15,G,4,2006,3,1,1,2,2,1,1,1,1,1,1,1,1,2,9,6,1,1,45,2,2
1,15,F,3,2006,2,1,1,2,2,1,1,1,1,1,1,3,1,2,9,6,1,1, ?,2,2
1,15,G,3,2006,2,1,1,2,2,1,1,1,1,1,1,1,1,2,14,6,1,4,34,2,2
1,15,M,3,2006,1,1,1,2,2,1,4,1,1,1,1,1,1,2,14,10,1,1, ?,1,2
1,15,F,3,2006,3,1,4,2,1,1,1,1,1,1,1,4,1,2,6,6,1,7, ?,2,2
1,15,G,6,2006,1,1,1,2,2,2,2,1,1,1,1,1,1,2,13,6,1,1, ?,2,2
1,15,S,7,2006,4,1,1,2,2,1,3,1,1,1,1,1,1,1,19,6,1,2, ?,2,2
1,15,F,7,2006,2,1,1,2,2,1,2,1,1,1,1,1,1,2,14,6,1,1, ?,1,2
1,15,F,9,2006,2,1,1,2,2,1,1,1,1,1,1,1,1,2,11,11,1,7, ?,2,2
3,15,F,1,2006,3,3,3,1,2,1,1,1,1,1,1,4,1,2,14,5,1,7, ?,1,2
3,15,F,1,2006,1,7,8,2,2,1,3,1,1,1,1,4,1,2,14,5,1,7, ?,2,2
3,15,F,1,2006,4,1,1,2,1,1,4,1,1,1,1,1,1,2,9,1,1,1,35,2,2
3,15,F,2,2006,2,3,3,1,2,4,1,1,1,1,1,1,1,2,14,5,2,7, ?,2,2
3,15,F,2,2006,4,3,3,1,2,1,3,1,1,1,2,4,1,2,12,6,1,7, ?,1,2
3,15,F,5,2006,4,5,8,2,2,1,3,2,1,1,1,1,2,1,17,2,1,7, ?,2,2
5,15,F,1,2006,2,1,1,2,2,4,1,1,1,1,1,1,1,2,14,6,1,7, ?,2,2
5,15,F,5,2006,1,1,1,2,2,1,4,1,1,1,1,1,1,2,9,6,1,7,31,2,2
5,15,F,4,2006,2,1,1,2,2,1,1,1,1,1,1,3,1,2,14,6,1,1,27,2,2
6,15,F,6,2006,3,7,8,2,2,2,1,1,2,1,1,1,3,2,9,11,1,1,50,2,2
6,15,F,4,2006,2,7,3,2,2,1,1,1,1,1,1,1,1,2,14,6,1,1, ?,2,2
6,15,F,3,2006,3,7,8,1,2,1,1,1,1,3,2,1,2,?,14,6,1,1,42,2,2
6,15,F,7,2006,2,1,5,2,1,1,1,1,1,1,1,1,1,2,13,6,1,3,40,2,2
4,15,S,1,2006,3,7,1,2,2,1,1,1,1,1,1,1,1,2,7,1,1,7, ?,2,2
4,15,F,2,2006,2,1,1,2,2,1,1,1,1,1,1,1,1,2,9,1,1,7,38,2,2
4,15,F,6,2006,2,1,1,2,2,1,1,1,1,1,1,1,1,2,19,5,2,6,28,2,2
4,15,F,4,2006,2,1,1,1,2,1,1,1,1,1,1,1,1,2,8,6,1,1, ?,2,2
4,15,F,3,2006,3,7,1,2,2,1,1,1,1,1,1,3,1,2,14,6,2,1,40,2,2
1,7,G,4,2006,3,7,8,2,2,1,1,1,1,1,1,1,1,2,14,6,1,1,45,2,2
1,7,G,4,2006,3,7,1,2,2,1,1,1,1,1,1,1,1,2,14,4,1,7,30,2,2
1,7,F,4,2006,2,3,1,2,2,1,1,1,1,1,1,1,1,1,8,6,1,1, ?,2,2
1,7,F,10,2006,1,1,1,2,2,1,4,2,1,1,1,1,1,2,9,6,1,1,48,2,2
8,7,F,1,2006,3,1,1,1,2,1,1,1,1,3,1,4,1,2,4,6,1,1, ?,2,2
8,7,F,5,2006,2,7,8,2,2,1,1,1,1,1,1,1,1,2,9,11,1,7, ?,1,2
8,7,F,11,2006,4,7,8,1,2,1,4,1,1,1,1,3,1,2,9,6,1,1,45,2,2
8,7,F,11,2006,1,7,8,1,2,1,4,1,1,1,1,4,1,2,9,6,1,7, ?,2,2
10,7,F,5,2006,2,1,1,2,2,1,1,2,1,2,3,2,1,2,8,11,1,1,40,2,2
10,7,S,6,2006,3,1,1,2,2,1,1,1,1,1,1,3,1,2,8,6,1,7, ?,2,2
10,7,F,12,2006,2,5,3,1,2,1,1,1,1,1,1,4,1,2,4,6,1,7, ?,2,2
2,7,F,3,2006,3,3,8,2,2,1,1,1,1,3,2,4,1,2,17,6,2,7,25,2,2
1,5,G,1,2006,2,7,1,2,2,1,1,1,1,1,2,2,1,2,9,6,1,1, ?,2,2
1,5,F,1,2006,2,1,1,1,2,1,1,1,1,2,1,2,1,2,14,1,1,1, ?,2,2
1,5,F,1,2006,2,1,8,1,2,1,1,1,1,1,1,1,1,2,4,8,1,1, ?,2,2
1,5,F,1,2006,1,1,8,1,2,1,4,1,2,1,2,1,1,1,14,6,1,1, ?,2,2
1,5,G,2,2006,1,1,1,2,2,1,4,1,1,1,1,1,1,1,14,8,2,1, ?,1,2
1,5,F,2,2006,3,1,1,2,2,1,1,1,1,1,1,1,1,1,9,7,1,1, ?,1,2
5,5,F,1,2006,3,1,1,2,2,1,1,1,1,1,1,2,1,2,19,6,1,1, ?,2,2
5,5,G,1,2006,1,7,8,2,2,1,4,1,1,1,1,1,1,2,14,11,1,1, ?,2,2
5,5,F,2,2006,1,1,8,2,2,1,2,1,1,1,1,1,1,2,19,6,1,1, ?,2,2
2,5,F,1,2006,3,7,8,2,2,1,1,3,1,3,2,4,3,2,19,11,1,1,27,2,2
7,5,F,1,2006,1,1,1,2,2,1,4,1,1,1,1,1,1,2,9,5,1,1,37,1,2
7,5,G,1,2006,2,1,1,2,2,1,1,1,1,1,1,1,1,1,9,6,1,1, ?,2,2
1,17,F,2,2006,3,7,1,2,2,1,1,2,1,1,1,1,1,1,8,6,1,1, ?,2,2
7,17,F,1,2006,2,7,1,1,2,1,1,2,1,1,1,3,1,2,14,7,1,1,32,2,2
5,17,G,2,2006,3,1,1,2,2,1,1,1,1,1,1,3,1,2,6,6,1,1,23,2,2
8,17,F,1,2006,2,1,1,1,2,4,1,1,5,1,1,1,1,2,14,11,1,6, ?,2,2
10,17,F,1,2006,3,1,1,2,2,1,1,1,1,1,1,1,1,2,14,6,1,1, ?,2,2
3,12,F,2,2006,2,1,1,2,2,1,1,1,1,1,2,3,1,2,8,6,1,1,30,2,2
4,12,F,3,2006,2,1,1,1,2,1,1,1,1,1,1,3,1,2,14,6,1,1,40,2,2
4,12,G,8,2006,3,7,8,1,2,1,1,1,1,1,1,3,1,2,14,6,1,1,30,2,2
2,12,F,2,2006,1,7,1,1,2,1,4,1,1,1,3,3,1,1,13,6,1,1, ?,1,2
1,1,G,1,2006,2,3,1,2,2,1,1,1,1,1,1,1,1,2,8,6,1,1, ?,2,2
1,1,F,1,2006,3,1,1,2,2,1,1,1,1,1,1,5,1,2,17,6,2,1, ?,2,2
1,1,G,4,2006,4,1,1,2,2,1,1,1,1,1,1,1,1,2,14,6,1,1, ?,2,2
1,1,F,5,2006,2,1,1,2,2,1,1,1,1,1,1,1,1,2,14,6,2,1, ?,1,2
1,1,F,5,2006,3,1,1,2,2,1,1,1,1,1,1,1,1,2,9,6,1,1,42,2,2
1,1,G,7,2006,2,1,1,2,2,1,1,1,1,1,1,1,1,2,8,6,1,1, ?,2,2
3,1,F,6,2006,2,1,1,2,2,1,1,1,1,1,1,1,1,2,8,5,1,1,35,2,2
5,1,F,2,2006,3,1,1,2,2,1,1,1,1,1,1,1,1,2,9,6,1,1, ?,2,2
5,1,F,4,2006,4,1,1,2,2,1,4,1,1,1,1,1,1,2,14,5,1,1,32,2,2
6,4,F,1,2006,3,1,1,2,2,1,1,1,1,1,1,1,1,1,9,6,1,1, ?,2,2
1,6,F,1,2006,3,1,1,2,2,1,1,1,1,1,1,4,1,2,9,8,1,1, ?,2,2
3,6,S,1,2006,1,1,1,2,2,4,4,1,1,1,1,1,1,2,14,2,1,1, ?,2,2
3,6,F,1,2006,4,1,1,1,2,1,2,1,1,1,1,1,1,1,14,6,1,1, ?,2,2
5,6,S,1,2006,4,4,1,2,2,1,2,2,1,1,1,2,1,1,14,2,1,1,45,2,2
1,8,F,3,2006,2,1,1,2,2,1,1,1,1,1,1,2,1,2,4,6,1,7, ?,2,2
1,8,F,4,2006,2,1,1,2,2,1,2,1,1,1,1,2,1,2,14,6,1,7, ?,1,2
4,8,F,4,2006,2,7,1,2,2,1,1,1,1,1,1,2,1,2,8,11,1,7, ?,2,2
5,8,F,4,2006,3,1,1,2,2,1,1,1,1,1,1,3,1,1,9,8,1,7, ?,2,2
7,8,F,1,2006,3,7,8,2,2,1,1,1,1,1,1,3,1,1,14,6,1,7,39,2,2
1,11,F,2,2006,4,3,1,2,2,1,2,1,1,1,1,2,1,2,14,11,1,1,38,2,2
10,11,F,2,2006,3,1,1,2,2,1,1,1,1,1,1,3,1,2,4,6,1,7,18,2,2
8,11,F,1,2006,3,3,3,1,1,1,1,1,1,1,1,2,1,1,4,4,1,1,45,2,2
5,11,F,2,2006,4,1,1,2,2,1,4,1,1,1,2,3,1,2,17,11,1,1,37,2,2
1,16,F,10,2006,3,7,1,1,2,1,1,1,1,1,1,2,1,2,14,6,1,1,36,1,2
1,16,F,10,2006,2,1,1,2,2,1,1,1,1,1,1,3,1,2,9,4,1,7, ?,2,2
1,16,F,10,2006,4,7,1,1,2,1,4,1,1,1,1,3,1,2,9,6,1,1,42,1,2
5,16,F,10,2006,3,1,8,2,2,1,1,1,1,1,1,3,1,2,8,6,1,1, ?,2,2
11,16,G,10,2006,3,1,1,2,2,1,1,3,1,1,1,1,3,2,9,6,2,7, ?,1,2
11,16,F,10,2006,1,1,1,2,2,1,4,1,1,1,1,3,1,2,14,6,2,1, ?,2,2
6,16,F,10,2006,3,1,8,2,2,1,1,1,1,1,1,1,1,2,14,6,1,7,30,1,2
10,16,F,9,2006,2,2,4,2,2,1,1,1,1,1,1,1,1,2,14,11,1,1, ?,2,2
11,16,F,9,2006,1,1,1,2,2,1,4,3,1,1,1,1,3,2,13,11,2,1, ?,1,2
12,3,F,11,2006,4,1,1,2,2,1,4,1,1,1,1,2,1,2,19,11,1,1, ?,2,2
11,16,G,11,2006,3,1,1,2,2,1,1,3,1,1,1,1,1,2,9,1,1,7, ?,1,2
11,16,F,11,2006,4,1,1,2,2,1,4,3,1,1,1,1,3,2,13,11,2,1, ?,1,2
7,16,F,12,2006,3,1,1,1,2,1,1,1,1,1,1,3,1,2,13,6,1,1, ?,2,2
10,16,F,12,2006,2,1,1,2,2,4,1,1,1,1,1,1,1,2,7,6,1,7, ?,2,2
1,16,F,12,2006,3,7,1,1,2,1,1,1,1,1,1,2,1,2,8,6,1,1,35,2,2
11,16,G,12,2006,3,1,1,1,2,1,1,1,1,1,1,4,1,2,19,6,2,7, ?,1,2
11,16,F,12,2006,4,1,1,2,2,1,2,1,1,1,1,1,1,2,19,11,1,7, ?,2,2
6,16,F,12,2006,2,2,1,2,2,1,2,1,1,1,1,1,1,2,14,6,2,7,35,2,2
1,15,F,10,2006,2,1,1,2,2,1,1,1,1,1,1,1,1,2,7,6,1,1, ?,2,2
1,15,F,12,2006,3,1,1,2,2,1,1,1,1,1,1,1,1,2,9,5,1,1, ?,2,2
1,15,F,12,2006,3,1,1,2,2,1,1,1,1,1,1,1,1,2,8,6,1,1,40,2,2
1,15,F,12,2006,3,7,1,2,2,1,1,1,1,1,1,1,1,1,9,11,2,7,32,1,2
3,15,G,10,2006,2,7,8,2,2,1,1,1,1,1,1,1,1,2,7,3,1,7, ?,2,2
3,15,F,10,2006,3,7,8,1,2,1,1,1,1,1,1,1,1,2,13,6,1,7,40,2,2
3,15,F,11,2006,4,1,1,2,2,1,4,1,1,1,1,1,1,2,19,11,1,7, ?,2,2
3,15,F,11,2006,3,1,1,2,2,1,1,1,1,1,1,1,1,2,4,11,1,7,25,2,2
5,15,F,11,2006,3,1,1,1,2,1,1,1,1,1,1,1,1,2,19,6,1,7, ?,2,2
5,15,F,12,2006,4,1,1,1,2,1,4,1,1,1,1,3,1,2,7,11,1,7,31,2,2
4,15,F,11,2006,2,7,8,2,2,1,1,1,1,1,1,1,1,2,9,6,1,1,45,2,2
6,15,F,11,2006,3,7,8,2,2,1,1,1,1,1,1,1,1,2,4,6,1,7, ?,2,2
2,15,F,11,2006,2,3,1,1,2,1,1,5,1,3,2,4,1,2,19,11,1,1,30,2,2
1,16,F,6,2006,2,7,1,2,2,1,1,1,1,1,1,2,1,2,13,6,1,1,42,2,2
11,16,F,8,2006,3,7,1,2,2,1,1,1,1,1,1,1,1,1,19,11,1,7, ?,2,2
10,16,F,1,2006,1,1,1,2,2,1,4,1,1,1,1,1,1,2,9,5,1,1, ?,2,2
7,17,F,3,2006,4,1,1,2,2,1,4,2,1,1,1,1,1,2,9,5,?,?, ?,1,2
7,17,G,3,2006,4,1,1,2,2,1,2,1,1,1,1,1,1,2,4,4,1,7, ?,1,2
7,17,G,4,2006,3,2,1,2,2,1,1,1,1,1,1,2,1,1,4,5,?,?,22,1,2
7,17,F,10,2006,2,1,1,2,2,1,1,1,1,1,1,1,1,2,14,8,2,7, ?,1,2
7,17,F,10,2006,2,3,1,2,2,1,2,3,1,1,3,3,2,?,17,11,2,7, ?,1,2
7,17,F,11,2006,1,3,1,2,2,1,2,1,1,1,1,3,1,2,4,5,2,7,22,1,2
2,17,F,9,2006,3,7,8,2,2,1,1,1,1,1,1,3,1,2,14,6,2,6,30,2,2
5,17,F,5,2006,3,1,1,1,2,1,1,1,1,1,1,3,1,2,10,11,1,6,30,2,2
5,17,F,9,2006,3,1,1,2,2,1,1,1,1,1,1,3,1,2,19,11,1,1, ?,2,2
4,17,F,8,2006,1,3,1,2,2,1,4,1,1,1,1,4,1,2,19,6,1,1, ?,2,2
4,17,F,9,2006,4,7,1,2,2,1,2,1,1,1,1,1,1,2,19,6,1,1, ?,2,2
9,17,F,8,2006,2,7,8,2,2,1,1,1,1,1,1,1,1,2,19,6,2,6, ?,2,2
10,17,F,3,2006,2,7,8,1,2,1,1,1,1,1,1,1,1,2,9,4,1,7, ?,2,2
10,17,F,4,2006,2,7,8,2,2,1,1,1,1,1,1,1,1,1,14,11,1,7, ?,2,2
8,17,F,12,2006,2,1,1,2,2,1,1,1,1,1,1,3,1,2,14,6,2,1,42,2,2
2,6,F,7,2006,2,1,1,2,2,1,1,1,1,1,1,4,2,?,17,6,1,1,26,2,2
2,6,F,3,2006,2,1,1,2,2,1,1,1,1,1,1,2,1,1,9,6,2,1, ?,2,2
3,6,F,12,2006,3,1,1,2,2,1,1,1,1,1,1,1,1,2,14,6,1,1,37,2,2
12,9,F,5,2006,3,7,1,2,1,1,1,1,1,1,1,1,1,1,14,6,1,3, ?,1,2
12,9,S,6,2006,4,1,1,2,2,1,4,1,1,1,1,1,1,2,14,11,1,1, ?,1,2
12,9,F,8,2006,2,7,1,2,2,1,1,1,1,1,1,1,1,2,13,11,1,1,40,2,2
1,11,F,8,2006,2,1,1,2,2,1,1,1,1,1,1,2,1,2,14,6,2,7, ?,1,2
9,11,F,3,2006,3,7,8,1,2,1,1,1,1,1,1,4,1,2,19,6,2,7, ?,1,2