Thana,District,Accident_Severity,Month,Year,Time,Junction_Type,Traffic_Control,Movement,Divider,Weather,Light,Road_Geometry,Surface_Condition,Surface_Type,Surface_Quality,Road_Class,Road_Feature,Location_Type,Vehicle_Type,Vehicle_Movement,Vehicle_Loading,Vehicle_Defect,Vehicle_Driver_Age,Vehicle_Alcohol,Vehicle_Seat_Belt
1,11,F,11,2006,3,1,1,2,2,1,1,1,1,1,1,2,1,2,9,6,1,7, ?,1,2
2,11,F,7,2006,4,7,8,1,2,1,4,1,1,2,1,4,1,2,7,6,1,7,25,1,2
3,11,F,3,2006,3,7,1,2,2,1,1,1,1,1,1,3,1,2,17,11,2,7, ?,1,2
3,11,F,12,2006,3,7,1,2,2,1,1,2,1,1,1,3,1,2,4,2,1,3,25,2,2
5,11,G,7,2006,4,1,1,2,2,1,2,1,1,1,1,1,1,2,13,11,1,1, ?,2,2
5,11,F,7,2006,3,1,1,2,1,1,1,1,1,1,1,1,2,?,4,11,1,7,35,1,2
5,11,G,9,2006,2,1,1,2,2,1,1,1,1,1,1,2,1,2,7,11,1,5,35,2,2
5,11,F,10,2006,3,1,1,2,2,1,1,1,1,1,1,1,1,2,9,11,1,7,30,1,2
5,11,F,11,2006,2,1,1,2,2,1,1,1,1,1,1,1,1,2,17,11,2,7,32,1,2
5,11,F,12,2006,1,1,1,2,2,1,4,1,1,1,1,1,1,2,14,11,1,5,38,2,2
6,11,F,7,2006,2,7,1,2,2,1,1,3,1,3,2,4,4,2,17,1,1,1, ?,2,2
7,11,F,5,2006,4,1,1,2,2,1,2,1,1,2,1,4,1,2,14,6,1,7,32,2,2
8,11,F,8,2006,3,7,1,2,2,1,1,1,1,1,1,4,1,2,14,11,2,7, ?,2,2
8,11,F,10,2006,3,7,8,2,2,1,1,1,1,1,1,4,1,2,19,11,2,7, ?,2,2
11,11,F,5,2006,2,1,1,2,1,1,1,1,1,1,1,3,1,2,19,6,1,7, ?,2,2
9,11,F,12,2006,2,7,1,1,2,1,1,1,1,1,1,4,1,2,4,4,1,7, ?,2,2
1,7,F,8,2006,2,7,1,2,2,1,1,1,1,1,1,3,1,2,8,6,1,1, ?,2,2
1,8,F,7,2006,3,1,1,2,2,1,1,1,1,1,1,3,1,2,6,6,1,6,30,2,2
1,8,F,9,2006,1,4,1,2,2,1,4,1,1,1,1,2,1,2,9,6,1,1, ?,1,2
1,8,F,11,2006,2,7,1,2,2,1,1,1,1,1,1,4,1,2,4,6,1,1,25,2,2
7,8,F,5,2006,4,1,1,2,2,1,4,1,1,1,1,3,1,2,7,6,1,1, ?,1,2
7,8,F,9,2006,2,7,1,2,2,1,1,1,1,1,1,3,1,2,17,6,1,1, ?,2,2
7,8,S,10,2006,4,1,8,2,2,1,1,1,1,1,1,3,1,2,9,6,1,1,25,2,2
4,8,F,9,2006,3,7,1,2,2,3,1,1,1,1,1,1,1,1,14,6,1,7,36,2,2
4,8,F,11,2006,3,1,1,1,2,1,1,1,1,1,1,1,1,2,9,6,1,7, ?,2,2
4,8,F,8,2006,?,1,3,2,2,1,1,1,1,1,1,2,1,2,9,5,1,7,30,2,2
3,8,F,9,2006,3,1,1,2,2,1,1,1,1,1,1,1,1,1,9,6,1,7,45,2,2
3,8,F,12,2006,3,7,1,2,2,1,1,1,1,1,1,2,1,1,17,6,1,7,28,2,2
1,5,F,4,2006,3,1,1,2,2,1,1,1,1,1,1,1,2,?,14,6,1,1, ?,2,2
1,5,S,4,2006,4,1,1,2,2,1,4,1,1,1,1,1,1,1,14,6,1,1, ?,2,2
1,5,F,4,2006,4,3,4,2,2,1,4,1,1,1,1,2,1,2,4,4,1,1,19,2,2
1,5,F,5,2006,3,1,1,2,2,1,1,1,1,1,1,1,1,1,9,6,1,1, ?,2,2
1,5,F,5,2006,4,1,1,2,2,1,4,1,1,1,1,1,1,1,14,6,1,1, ?,2,2
1,5,F,5,2006,3,1,1,2,2,1,1,1,1,1,1,1,1,1,9,6,1,1, ?,2,2
1,5,F,5,2006,3,1,4,2,2,1,1,1,1,1,3,1,1,2,14,6,1,1,40,2,2
1,5,F,5,2006,4,1,1,2,2,1,2,2,1,1,2,1,1,2,14,6,1,1, ?,2,2
1,5,F,5,2006,3,2,3,2,2,1,1,1,1,1,1,1,1,1,9,6,1,1, ?,2,2
1,5,F,6,2006,3,1,1,2,2,1,1,1,1,1,1,2,1,2,16,6,1,1, ?,2,2
1,5,F,9,2006,4,3,1,2,2,1,4,1,1,1,1,1,1,1,14,6,1,1, ?,2,2
1,5,F,9,2006,4,3,1,2,2,1,4,1,1,1,1,1,1,1,9,6,1,1, ?,2,2
1,5,F,11,2006,2,1,1,2,2,1,1,1,1,3,1,1,1,2,4,6,1,1, ?,2,2
5,5,F,3,2006,3,1,1,2,2,2,1,2,2,3,2,4,1,2,17,6,2,1, ?,2,2
5,5,F,4,2006,1,1,1,2,2,1,4,1,1,1,1,1,1,2,13,6,1,1, ?,2,2
5,5,F,4,2006,3,1,1,2,2,1,1,1,1,3,1,4,1,2,13,11,2,1, ?,1,2
5,5,F,5,2006,4,1,1,2,2,1,4,1,1,1,1,1,1,1,9,6,1,1, ?,2,2
5,5,F,5,2006,3,1,1,2,2,1,1,1,1,1,1,1,1,2,14,6,1,1, ?,1,2
5,5,F,6,2006,3,2,1,2,2,1,1,1,1,1,1,1,1,2,9,6,1,1, ?,1,2
5,5,G,7,2006,4,1,1,2,2,1,2,1,1,1,1,1,1,1,14,6,1,1, ?,2,2
5,5,G,7,2006,1,1,1,2,2,1,4,1,1,1,1,1,1,2,9,6,1,1, ?,1,2
5,5,G,7,2006,1,1,1,2,2,1,4,1,2,1,1,1,1,1,9,1,1,1, ?,1,2
5,5,F,7,2006,2,1,1,2,2,1,1,1,1,1,1,1,1,1,9,6,1,1, ?,2,2
5,5,F,8,2006,2,1,1,2,2,1,1,1,1,1,1,1,1,2,9,6,1,1,45,1,2
5,5,F,8,2006,3,1,1,2,2,1,1,1,1,1,1,2,1,2,17,6,1,1, ?,2,2
5,5,F,9,2006,4,1,1,2,2,1,4,1,1,1,1,1,1,2,14,6,1,1, ?,1,2
5,5,S,10,2006,2,1,1,2,2,1,2,1,1,1,1,1,1,2,14,6,2,1, ?,2,2
5,5,F,10,2006,3,1,1,1,2,1,1,1,1,3,2,4,1,2,17,6,1,1,24,2,2
5,5,F,11,2006,4,1,1,2,2,1,2,1,1,1,1,4,1,2,17,6,1,1,40,2,2
6,5,F,4,2006,3,1,1,1,2,1,1,1,1,3,2,4,1,1, ?,6,1,1, ?,2,2
6,5,F,6,2006,3,1,1,1,2,1,1,1,1,1,1,1,1,2,9,6,1,1, ?,2,2
6,5,F,7,2006,1,1,1,2,1,1,4,1,1,1,1,1,1,2,4,6,1,1, ?,2,2
6,5,F,9,2006,3,1,1,2,1,1,1,1,1,1,1,1,1,1,9,6,1,1, ?,2,2
6,5,F,11,2006,4,1,1,2,2,1,4,1,1,1,1,1,1,2,7,6,1,1, ?,2,2
6,5,F,11,2006,3,1,1,1,2,1,1,1,1,1,1,1,1,1,19,5,1,1, ?,2,2
6,5,F,12,2006,2,1,1,2,1,1,1,1,1,1,1,1,1,2,9,6,1,1, ?,2,2
7,5,G,5,2006,1,1,1,2,2,1,2,1,1,1,1,4,1,2,17,6,1,1, ?,2,2
7,5,F,6,2006,2,1,1,2,2,1,1,1,1,1,1,3,1,2,8,7,1,1, ?,2,2
7,5,F,6,2006,2,1,1,2,2,1,1,1,1,1,1,3,1,2,4,6,1,1, ?,2,2
7,5,F,8,2006,2,1,1,2,2,1,1,1,1,1,1,3,1,1,9,6,1,1, ?,2,2
4,5,F,5,2006,3,1,1,2,2,1,1,1,1,1,1,1,1,1,14,6,1,1, ?,1,2
4,5,G,7,2006,4,1,1,2,1,1,3,4,1,3,1,2,2,?,9,6,1,1,47,2,2
4,5,F,7,2006,3,4,1,2,2,1,1,1,1,1,1,1,1,2,4,6,1,1,25,1,2
4,5,F,12,2006,4,1,1,2,2,1,4,1,1,1,1,2,1,2,13,6,1,1,35,1,2
8,5,F,4,2006,2,3,1,2,2,1,1,1,1,1,1,1,1,2,14,6,1,1, ?,2,2
8,5,F,5,2006,3,2,3,2,2,1,1,1,1,1,1,1,1,2,9,6,1,1, ?,1,2
8,5,G,7,2006,3,1,1,2,1,1,1,1,1,1,1,1,2,2,14,6,1,1, ?,2,2
8,5,F,8,2006,2,2,1,2,2,1,1,1,1,1,1,1,1,1,9,6,1,1, ?,2,2
8,5,S,9,2006,3,2,1,2,2,1,1,1,1,1,1,1,1,2,14,5,1,1,36,2,2
3,5,G,6,2006,4,1,1,2,2,1,2,1,1,1,1,3,1,1,14,6,1,1,50,2,2
1,2,F,8,2006,4,3,1,2,2,1,2,1,1,1,1,2,1,2,4,6,2,1,35,2,2
4,12,F,10,2006,3,1,1,2,2,1,1,1,1,1,1,2,1,2,8,6,1,1,35,2,2
4,2,F,10,2006,3,1,1,2,2,1,1,1,1,1,1,2,1,1,8,6,2,1, ?,2,2
4,1,F,7,2006,4,1,1,2,2,1,4,1,1,1,1,4,1,2,8,6,1,4, ?,2,2
5,5,F,8,2006,4,1,1,2,2,1,4,1,1,1,1,1,1,2,9,5,1,1, ?,2,2
8,5,F,6,2006,2,1,1,2,2,1,1,1,1,1,1,1,2,?,14,6,1,1, ?,2,2
3,5,F,12,2006,4,1,1,2,2,4,2,1,2,1,1,3,2,2,17,6,1,1,25,2,2
3,3,F,3,2006,3,3,1,2,2,1,1,1,1,1,1,2,1,1,3,1,1,7,36,2,2
4,3,F,6,2006,3,2,1,2,2,1,1,1,1,1,1,1,1,2,9,6,1,7, ?,1,2
6,3,F,9,2006,3,4,1,1,2,1,1,2,1,1,1,3,4,2,17,1,2,1, ?,2,2
3,15,F,4,2006,4,7,8,2,2,1,4,1,1,1,1,1,1,2,19,6,1,1,30,2,2
6,5,F,1,2006,1,1,1,2,2,1,4,1,1,1,1,1,1,2,9,5,1,1,37,1,2
6,5,G,1,2006,2,1,1,2,1,1,1,1,1,1,1,1,1,2,9,6,1,1, ?,2,2
4,8,F,5,2006,3,1,1,2,2,1,1,1,1,1,1,2,1,2,19,1,1,1, ?,2,2
1,5,F,4,2006,2,1,4,2,2,1,1,1,1,1,1,1,1,1,7,6,1,1, ?,2,2
12,9,F,4,2006,4,1,1,2,2,1,4,1,1,1,1,1,1,2,14,2,1,1, ?,2,2
3,13,F,9,2006,3,1,1,2,2,1,1,1,1,1,1,3,1,2,9,6,1,5,36,2,2
1,15,F,6,2006,3,1,1,2,2,1,1,1,1,1,1,1,1,2,14,6,1,1, ?,2,2
1,15,F,4,2006,2,1,1,2,2,1,1,1,1,1,1,1,1,1,14,6,1,1,38,2,2
9,16,F,1,2006,2,1,1,2,2,4,1,1,1,1,1,1,1,2,8,6,1,1, ?,2,2
10,16,F,12,2006,1,1,1,2,2,4,4,1,1,1,1,1,1,2,14,6,1,1,36,2,2
4,2,F,10,2006,3,1,1,2,2,1,1,1,1,1,1,3,1,2,8,6,1,1, ?,2,2
3,14,F,2,2006,1,1,3,2,2,1,4,1,1,1,1,5,1,1,9,6,1,7, ?,1,2
4,14,F,3,2006,3,2,1,2,2,1,1,1,1,1,1,5,1,1,8,6,1,1, ?,2,2
2,14,F,5,2006,4,1,1,2,2,1,4,2,1,1,1,?,5,2,9,6,1,1, ?,2,2
4,14,F,5,2006,2,1,1,2,2,1,1,1,1,1,1,?,1,1,6,6,1,1, ?,2,2
4,14,F,10,2006,1,1,1,2,2,1,1,1,1,1,1,?,1,2,9,6,1,1, ?,2,2
2,14,G,8,2006,2,1,2,2,2,1,1,1,1,1,1,?,1,2,4,6,1,1,35,2,2
4,14,F,5,2006,2,5,1,2,1,1,1,2,1,1,1,?,1,1,14,2,1,1,33,2,2
4,14,F,6,2006,2,1,1,2,2,1,1,1,1,1,1,?,1,2,8,6,1,1,30,2,2
4,14,F,6,2006,3,1,1,2,2,1,1,1,1,1,1,?,1,1,4,6,1,1, ?,2,2
3,14,F,12,2006,4,1,1,2,2,1,4,1,1,3,1,4,1,2,14,7,1,1, ?,2,2
3,14,F,5,2006,3,3,1,2,2,1,1,1,1,1,1,?,1,1,6,2,2,6, ?,2,2
2,14,M,12,2006,3,1,1,2,2,1,1,1,1,1,1,1,1,2,9,6,1,1,29,2,2
2,14,F,7,2006,2,3,1,2,2,1,1,1,1,1,1,?,1,2,12,6,1,1, ?,2,2
2,14,F,1,2006,2,1,1,2,2,1,1,1,1,1,1,1,1,1,14,6,1,1, ?,2,2
2,14,F,7,2006,2,3,1,2,2,1,1,1,1,1,1,?,1,2,12,6,1,1, ?,2,2
1,14,F,3,2006,2,1,1,2,2,1,1,1,1,1,1,2,1,1,9,2,1,1, ?,2,2
1,14,F,6,2006,2,3,1,2,2,1,1,1,1,1,1,2,1,1,8,6,1,1,34,2,2
1,55,F,4,2006,3,7,1,2,2,1,1,1,1,1,1,4,1,1,7,6,1,1,25,2,2
7,56,F,1,2006,3,4,1,2,2,4,1,2,1,1,1,3,1,2,6,6,1,?,22,2,2
3,56,F,1,2006,3,1,1,2,2,1,1,1,1,1,1,1,1,2,13,6,2,?, ?,1,2
5,56,F,1,2006,3,1,1,2,2,1,1,4,1,3,2,4,3,2,17,1,2,?, ?,?,?
3,56,F,1,2006,3,1,1,2,2,1,1,1,1,1,1,1,1,2,9,6,1,7, ?,1,2
3,56,F,1,2006,2,7,1,2,2,1,1,2,1,1,1,1,1,2,13,6,1,?, ?,1,2
4,56,F,1,2006,2,?,1,2,2,1,1,1,1,3,2,2,1,2,11,11,1,7,27,1,2
4,56,F,1,2006,3,?,1,2,2,1,1,1,1,1,1,2,1,2,7,6,1,7, ?,1,?
6,56,G,1,2006,2,7,8,1,2,1,1,1,1,1,1,4,1,2,11,11,?,?,21,?,?
7,53,F,1,2006,2,1,1,2,2,1,1,1,1,1,1,4,1,2,9,6,1,1,35,2,2
6,55,F,1,2006,3,7,1,2,2,1,1,1,1,1,1,1,1,2,9, ?,?,?, ?,?,?
6,55,F,1,2006,3,3,1,2,2,1,1,?,1,1,?,2,1,1,11,4,1,1, ?,?,?
1,53,F,2,2006,2,7,1,2,2,1,1,1,1,1,1,4,1,2,11,6,1,6,30,?,?
3,53,F,2,2006,3,7,8,2,2,1,1,1,1,1,1,3,1,2,9,11,1,?, ?,?,?
6,53,G,2,2006,3,?,?,?,?,?,?,?,?,?,?,4,1,2,9,3,?,?, ?,?,?
13,54,F,1,2006,2,7,1,2,2,1,1,1,1,1,1,1,1,2,13,1,1,7, ?,2,2
13,54,F,1,2006,3,7,?,2,2,1,1,1,1,1,1,1,1,2,9,6,1,7, ?,?,?
7,56,F,2,2006,4,7,1,2,2,1,4,1,1,1,1,1,1,2,19,11,?,?, ?,?,?
7,56,F,2,2006,1,7,1,2,2,1,4,1,1,1,1,1,2,?,19,6,?,?, ?,?,?
7,56,G,2,2006,4,?,7,2,2,1,4,1,1,1,1,1,1,2,12,6,?,?, ?,?,?
3,56,F,2,2006,3,1,1,1,2,1,1,3,1,1,1,1,1,2,9,6,1,7, ?,?,?
3,56,F,2,2006,2,?,?,2,2,1,2,1,1,1,1,1,2,?,13,6,?,?, ?,?,?
3,56,G,2,2006,2,2,1,2,2,1,1,1,1,1,1,1,1,2,14,6,2,7, ?,1,2
8,56,F,2,2006,3,1,1,2,2,1,1,1,1,1,1,1,1,1,9,6,1,?, ?,?,?
8,56,F,2,2006,3,1,1,2,2,1,1,1,1,1,1,1,1,2,4,6,1,?, ?,?,?
8,56,F,2,2006,1,1,1,2,2,4,4,1,1,1,1,1,1,2,14,6,1,1,32,1,2
1,55,F,2,2006,2,3,1,2,2,1,1,1,1,1,1,3,1,2,8,6,2,6,25,?,?
1,55,F,2,2006,3,1,1,2,2,1,1,1,1,1,1,1,1,2,9,6,?,?, ?,?,?
4,55,F,2,2006,3,1,1,2,2,1,1,1,1,1,1,2,1,2,9,6,1,1, ?,2,2
2,55,M,3,2006,4,1,?,2,2,1,2,1,1,1,1,5,?,?,9,6,?,?, ?,?,?
13,54,F,1,2006,3,1,1,2,2,1,1,1,1,1,1,1,1,2,9,6,1,1, ?,?,?
13,54,G,1,2006,3,?,8,2,2,1,1,1,1,1,1,1,1,2,6,2,1,7, ?,?,?
7,54,G,1,2006,2,2,1,2,2,1,1,1,1,1,1,3,1,2,9,1,1,1, ?,1,2
7,54,F,2,2006,2,1,1,2,2,1,1,1,1,1,3,3,1,2,7,6,1,?, ?,?,?
13,54,F,3,2006,1,?,1,2,2,1,4,1,1,1,1,3,1,2,13,6,?,?, ?,?,?
5,56,S,3,2006,4,?,1,1,2,1,4,2,1,1,1,1,1,2,14,3,1,1,35,2,2
5,56,F,3,2006,3,1,8,2,2,1,1,4,2,3,2,4,4,2,14,8,1,1,25,2,2
3,56,G,3,2006,2,7,1,2,2,1,1,1,1,1,1,3,1,2,9,6,2,7, ?,?,?
8,56,F,3,2006,3,1,1,2,2,1,1,1,1,1,1,1,1,2,9,6,1,1, ?,2,2
4,56,F,3,2006,4,?,8,2,2,1,2,1,1,1,1,2,1,2,9,6,1,1,45,?,?
12,54,F,4,2006,4,5,1,2,2,1,1,1,1,1,1,1,1,2,14,6,1,?, ?,?,?
13,54,F,3,2006,3,?,1,2,2,1,1,1,1,1,1,3,1,2,9,1,?,?, ?,2,2
13,54,F,3,2006,3,1,1,2,2,1,1,1,1,1,1,1,1,2,7,6,?,?, ?,?,?
1,54,F,2,2006,3,7,1,2,2,1,1,1,1,1,1,1,1,1,8,2,1,?,47,2,2
1,54,S,2,2006,3,3,1,2,2,1,1,2,1,1,2,3,1,1,12,1,1,1,20,?,?
1,54,F,1,2006,2,7,1,2,2,1,1,1,1,1,1,2,1,2,12,6,?,?,29,2,2
1,54,F,1,2006,2,7,1,2,2,1,1,5,1,1,1,1,1,2,13,2,?,?, ?,?,?
3,55,F,3,2006,3,7,?,2,2,2,1,1,1,1,3,3,1,2,11,6,?,?, ?,?,?
3,55,G,2,2006,3,?,8,2,2,1,1,1,1,1,1,4,?,?,12,6,1,1, ?,2,2
5,55,F,3,2006,2,1,2,2,2,1,1,1,1,1,1,3,1,2,14,6,1,1, ?,2,2
3,53,G,3,2006,3,1,4,2,2,1,1,1,1,1,1,3,1,2,7,6,1,?,25,2,1
6,53,S,3,2006,3,?,1,1,2,1,1,1,1,1,1,4,?,?,8,11,1,?,35,2,2
7,53,F,3,2006,4,1,1,2,2,1,2,3,1,3,2,4,1,2,14,6,?,?, ?,?,?
1,53,F,4,2006,3,1,1,2,2,1,1,1,1,1,1,3,1,2,8,11,?,?, ?,?,?
3,53,F,4,2006,4,1,1,2,2,2,2,1,1,1,1,3,1,2,6,6,?,?, ?,2,2
3,53,F,5,2006,2,1,1,2,2,1,4,1,1,1,1,4,1,2,4,6,1,?,20,?,?
1,53,F,5,2006,2,1,1,2,2,1,1,1,1,1,1,1,1,2,8,11,1,1, ?,2,2
3,56,F,4,2006,3,1,1,2,2,2,1,1,2,1,1,1,1,2,12,6,2,7, ?,2,2
3,56,F,4,2006,3,1,8,2,2,1,1,1,1,1,1,1,1,2,14,6,1,7, ?,1,2
8,56,F,4,2006,4,3,1,2,2,1,4,1,1,1,1,1,1,2,9,6,1,1, ?,2,2
1,55,F,5,2006,3,7,1,2,2,1,1,1,1,1,1,2,1,2,8,6,1,7, ?,1,2
6,55,F,5,2006,3,1,1,2,2,1,1,1,1,1,1,3,1,2,4,6,1,1,35,2,1
5,55,F,4,2006,3,4,1,2,2,1,1,2,1,1,1,3,1,2,6,11,1,7,24,2,2
2,55,S,2,2006,3,7,1,2,2,1,1,1,1,1,1,2,1,2,8,6,1,1,35,2,2
1,54,F,5,2006,2,7,8,2,2,1,1,1,1,2,2,2,4,1,8,11,1,1,35,1,2
1,54,F,5,2006,2,1,1,2,2,1,1,1,1,1,1,2,1,2,13,6,1,6,38,?,?
1,54,G,4,2006,2,7,1,1,2,1,1,1,1,1,1,5,1,1,14,6,1,1, ?,1,2
8,54,G,4,2006,2,1,1,2,2,1,2,1,1,1,1,3,1,2,13,6,?,1, ?,?,?
9,54,F,5,2006,1,4,?,2,2,2,4,3,2,3,2,4,?,2,14,7,1,7, ?,?,?
9,54,F,4,2006,4,3,?,2,2,2,4,1,1,?,?,2,2,2,19,6,?,?, ?,?,?
12,54,F,3,2006,3,?,3,1,2,1,1,1,1,1,1,3,1,2,8,8,?,1, ?,2,2
12,54,S,4,2006,3,7,1,2,2,1,1,2,2,1,1,1,1,2,13,5,1,1, ?,2,2
12,54,F,5,2006,2,7,1,2,2,2,1,2,2,1,1,1,1,2,12,1,1,?,40,2,2
13,54,F,5,2006,2,?,1,2,2,1,1,1,1,1,1,1,1,2,19,6,?,?, ?,?,?
4,54,F,4,2006,2,1,1,2,2,1,1,1,1,1,1,4,1,2,16,6,1,1,55,?,?
4,54,F,5,2006,3,1,1,2,2,1,1,2,1,1,1,3,1,2,13,2,1,1,22,2,2
7,54,F,3,2006,4,3,1,2,2,1,2,2,1,1,1,2,1,2,14,6,2,?, ?,1,2
7,54,S,3,2006,2,1,1,1,2,1,1,1,1,1,1,3,1,2,7,6,?,?, ?,?,?
7,54,F,4,2006,2,1,1,2,2,1,1,1,1,1,1,3,1,2,8,6,?,?, ?,1,?
3,54,S,5,2006,2,7,8,2,2,1,1,1,1,1,1,2,3,2,14,6,2,?,37,2,2
3,56,G,5,2006,4,1,2,2,2,1,4,1,1,1,1,1,1,2,14,6,2,?, ?,1,?
3,56,F,5,2006,3,?,1,2,2,1,1,1,1,1,1,1,1,2,7,6,1,?, ?,1,2
3,56,G,5,2006,?,1,1,2,1,1,1,1,1,1,1,1,1,2,13, ?,1,7, ?,1,2
7,56,F,7,2006,4,7,?,?,2,1,4,1,5,1,1,1,1,2,19,6,?,?, ?,?,?
3,56,F,7,2006,2,7,1,2,2,1,1,1,1,1,1,1,1,2,7,6,?,?, ?,?,?
3,53,F,7,2006,2,7,3,1,2,1,1,1,1,1,1,4,1,2,12,11,2,7,23,?,?
7,53,G,7,2006,2,?,1,2,2,1,1,1,?,1,1,3,2,1,13,6,?,?,24,2,2
3,53,F,7,2006,3,3,4,2,2,1,1,1,1,1,1,3,1,2,8,6,1,?,46,2,2
1,53,F,7,2006,3,?,1,2,2,1,1,1,1,1,1,2,1,2,8,6,1,?, ?,?,?
1,53,S,7,2006,2,1,8,2,2,?,?,?,?,?,?,3,1,2,6,6,1,1,30,2,2
6,55,F,6,2006,3,1,1,2,2,1,1,1,1,1,1,3,1,2,8,11,1,?, ?,2,2
9,56,F,6,2006,4,1,?,2,2,1,2,1,1,1,1,1,2,2,14,6,?,?, ?,?,?
3,56,G,6,2006,3,?,1,2,2,1,1,1,1,1,1,1,1,2,13,6,2,?, ?,1,2
6,55,S,8,2006,2,1,1,2,2,1,1,1,1,1,1,3,1,2,9,6,1,1,30,2,2
2,55,F,7,2006,4,7,1,2,2,1,1,2,1,1,1,4,1,2,14,2,1,1, ?,?,?
6,55,F,8,2006,2,1,1,2,2,1,1,1,1,1,1,1,1,2,9,6,1,1, ?,2,2
4,55,F,8,2006,2,7,1,2,2,1,1,2,1,1,1,3,1,2,16,2,1,1, ?,2,2
1,55,F,7,2006,3,7,8,2,2,2,1,1,2,1,1,3,1,2,12,6,1,7, ?,2,2
3,56,F,8,2006,3,1,1,2,2,1,1,1,1,1,1,4,1,2,14,6,2,7, ?,1,2
3,56,S,8,2006,3,1,1,2,2,1,1,1,1,1,1,1,1,2,8,6,?,?, ?,?,?
3,56,F,9,2006,2,7,1,2,2,1,1,1,1,1,1,1,1,2,9,6,?,?, ?,?,?
3,56,F,9,2006,3,1,1,2,2,1,1,1,1,1,1,1,1,2,9,6,1,7,36,2,2
3,56,F,9,2006,3,7,2,2,2,1,1,1,1,1,1,3,1,2,7,6,?,?,25,?,?
9,56,G,9,2006,2,1,1,1,2,1,1,1,1,1,1,4,1,2,4,6,1,1, ?,?,?
4,56,F,9,2006,2,1,1,2,2,1,1,1,1,1,1,3,1,2,9,6,1,1,24,2,2
6,56,F,9,2006,2,7,?,2,2,1,1,4,?,3,2,3,1,2,14,11,1,?,30,?,?
2,53,F,10,2006,3,?,3,2,2,1,1,1,1,1,1,4,1,2,4,6,?,2,28,2,2
3,53,F,10,2006,2,7,1,2,2,1,1,1,1,1,2,4,1,2,5,6,1,?, ?,2,2
1,55,F,9,2006,3,?,?,2,2,1,1,1,1,1,1,3,1,2,14,6,?,?, ?,?,?
1,55,F,8,2006,3,?,8,2,2,1,1,1,1,1,1,3,1,2,14,6,1,1,30,1,2
1,54,F,4,2006,2,?,?,1,2,1,1,1,1,1,1,3,1,2,8,6,?,?, ?,?,?
13,54,F,6,2006,3,5,1,2,2,1,1,2,1,1,1,2,1,2,9,2,?,?,40,1,2
4,54,F,8,2006,2,1,1,2,2,1,1,1,1,1,1,4,1,2,7,6,1,1,22,2,2
11,54,F,5,2006,4,?,3,2,2,1,4,1,1,1,1,3,1,2,19,6,?,?, ?,?,?
8,56,F,10,2006,3,?,1,2,2,1,1,1,1,1,1,3,1,2,8,6,?,?, ?,2,2
8,56,F,10,2006,3,?,1,2,2,1,1,1,1,1,1,2,1,2,13,6,1,7,25,1,2
7,56,F,11,2006,3,1,?,2,2,4,1,1,1,1,1,1,1,1,13,6,2,7, ?,?,?
8,56,F,11,2006,3,1,1,2,2,1,1,1,1,1,1,1,3,2,9,6,2,1,33,1,2
1,56,F,11,2006,3,1,1,2,2,4,1,1,1,1,1,3,1,2,9,6,?,1,36,2,2
9,56,F,11,2006,1,?,?,2,2,1,2,1,1,1,1,3,1,2,8,11,?,?,31,?,?
1,53,F,11,2006,3,?,1,2,2,1,1,1,1,1,1,1,1,2,11,6,1,7, ?,1,2
8,53,S,10,2006,3,7,1,2,2,1,1,1,1,1,2,4,1,2,6,6,1,4, ?,2,2
2,55,F,9,2006,4,?,?,1,?,1,1,1,1,1,1,4,1,1,4,6,?,7,20,?,?
4,55,F,10,2006,3,3,1,2,2,1,1,1,1,1,1,3,1,2,9,11,?,?, ?,?,?
4,55,M,10,2006,2,7,1,2,2,1,1,?,?,?,?,3,4,1,14,2,?,?, ?,2,2
9,54,G,11,2006,3,1,3,2,2,1,1,1,1,1,1,1,1,2,19,6,?,?, ?,?,?
5,54,F,4,2006,2,1,1,2,2,1,1,1,1,1,1,3,1,2,19,6,?,?, ?,?,?
5,54,F,11,2006,2,1,1,2,2,1,1,1,1,1,1,4,1,2,4,6,?,1,25,2,2
13,54,F,12,2006,2,1,1,1,?,1,1,?,1,1,1,1,1,2,9,5,1,?,40,1,2
7,54,F,2,2006,4,1,1,1,2,1,4,1,1,1,1,2,1,2,8,5,1,3, ?,2,2
2,54,F,12,2006,3,7,2,2,2,1,1,1,1,1,3,4,1,2,12,6,?,?, ?,?,?
11,54,F,12,2006,3,1,1,2,2,4,1,1,1,1,1,3,1,2,7,6,?,?, ?,?,?
1,53,M,12,2006,2,3,8,2,2,1,1,1,1,1,1,5,1,1,14,11,1,7,50,2,2
11,54,F,12,2006,4,7,1,2,2,4,2,1,1,1,1,3,1,2,19,6,?,?, ?,?,?
8,54,F,12,2006,3,1,8,2,2,1,1,1,1,1,1,3,1,2,13,1,1,7,40,2,2
3,54,S,10,2006,3,3,1,2,2,1,1,1,1,1,1,3,1,2,12,6,2,7,28,2,2
1,54,F,11,2006,2,?,1,?,?,1,1,1,1,1,1,2,?,?,4,6,?,?, ?,?,?
3,56,G,12,2006,3,7,8,2,2,1,1,1,1,1,1,1,1,2,7,6,?,?,33,?,?
2,56,F,12,2006,3,7,8,2,2,1,1,1,1,3,1,4,1,2,1,6,?,7, ?,?,?
13,54,F,11,2006,3,?,3,2,2,1,1,1,1,1,1,1,1,?,9,11,1,7,35,2,2
13,54,F,12,2006,4,3,8,2,2,1,1,1,1,1,1,1,1,2,10,4,?,?, ?,2,2