Thana,District,Accident_Severity,Month,Year,Time,Junction_Type,Traffic_Control,Movement,Divider,Weather,Light,Road_Geometry,Surface_Condition,Surface_Type,Surface_Quality,Road_Class,Road_Feature,Location_Type,Vehicle_Type,Vehicle_Movement,Vehicle_Loading,Vehicle_Defect,Vehicle_Driver_Age,Vehicle_Alcohol,Vehicle_Seat_Belt
13,54,F,11,2006,3,?,3,2,2,1,1,1,1,1,1,1,?,?,14,11,1,?,20,2,2
13,54,F,12,2006,3,3,3,2,2,1,1,1,1,1,1,1,1,2,4,11,?,?, ?,2,2
5,55,F,12,2006,1,1,1,2,2,1,2,1,1,1,1,3,1,2,5,6,?,?, ?,?,?
6,55,F,3,2006,2,1,1,2,2,1,1,1,1,1,1,1,1,2,14,6,?,?, ?,?,?
1,55,F,12,2006,3,?,1,2,2,1,1,3,1,3,2,4,1,2,13,6,1,?, ?,2,?
5,55,F,11,2006,2,1,1,2,2,1,1,2,3,3,2,4,1,2,13,11,1,1, ?,2,2
7,55,F,11,2006,3,1,2,2,2,1,1,2,1,1,1,2,1,2,14,2,1,1, ?,2,2
6,55,F,11,2006,3,1,1,1,2,1,1,1,1,1,1,1,?,?,6,6,?,?, ?,?,?
11,54,F,12,2006,3,3,8,2,2,1,1,1,1,1,1,3,1,2,7,6,1,1,23,2,2
8,54,F,12,2006,2,1,8,2,2,1,2,1,1,1,1,4,1,2,19,11,1,7,25,?,?
8,54,F,12,2006,3,7,1,1,2,1,1,1,1,2,2,4,1,2,14,11,1,1,45,2,1
1,56,F,12,2006,4,1,1,1,1,4,2,1,1,1,1,2,1,2,10,4,1,7, ?,1,1
1,28,G,1,2006,1,7,5,2,1,1,3,1,1,1,1,1,1,1,13,11,1,1,35,2,2
1,28,F,4,2006,3,7,8,2,2,1,1,1,1,1,3,5,1,1,1,6,1,1, ?,2,2
1,28,G,5,2006,3,7,1,2,2,1,1,4,1,1,1,1,2,1,1,8,1,7, ?,1,1
1,28,G,7,2006,2,1,8,2,2,2,2,1,1,1,1,5,1,1,8,4,1,3, ?,1,2
1,28,F,11,2006,2,7,1,1,2,1,1,1,1,1,1,5,1,1,4,11,1,7, ?,2,2
2,28,F,7,2006,4,4,8,2,1,1,4,1,1,1,1,1,1,1,19,7,1,2, ?,2,2
2,28,F,8,2006,4,7,8,2,2,1,4,3,1,1,1,1,5,1,14,6,1,7, ?,2,2
2,28,G,9,2006,3,1,1,2,2,1,1,1,1,1,1,5,1,1,14,8,1,1,38,2,2
3,28,F,1,2006,3,7,1,2,2,1,1,1,1,1,1,5,1,1,10,11,1,1, ?,2,2
3,28,S,1,2006,3,7,8,2,2,1,1,1,1,1,2,5,1,1,8,6,2,3, ?,2,2
3,28,F,2,2006,1,7,1,2,2,1,4,1,1,1,1,5,1,1,14,11,1,7, ?,2,2
3,28,F,4,2006,3,6,8,2,1,1,1,1,1,1,1,1,1,1,14,6,1,3,28,1,2
3,28,G,8,2006,3,7,8,1,2,1,1,1,1,1,1,1,1,1,5,4,1,2,27,2,2
4,28,G,5,2006,3,2,8,1,2,2,1,1,2,1,1,1,1,1,9,6,1,1, ?,2,2
4,28,F,5,2006,2,1,1,1,1,1,1,1,1,1,1,5,1,1,15,6,1,1,28,2,2
4,28,G,6,2006,2,1,8,1,1,1,1,1,1,1,1,1,1,1,9,11,1,1,45,2,2
4,28,G,7,2006,3,3,3,2,2,1,1,1,1,1,1,1,1,1,4,6,1,1,30,2,2
4,28,F,8,2006,2,7,8,1,1,1,2,1,1,1,1,1,1,1,9,5,1,7, ?,1,2
4,28,F,9,2006,4,7,8,1,2,1,3,1,1,1,1,1,1,1,9,11,1,7,50,1,2
4,28,G,10,2006,4,1,8,2,2,1,3,2,1,1,1,1,1,1,5,2,1,1,28,1,2
4,28,F,11,2006,2,3,3,2,2,1,1,1,1,1,1,1,1,1,9,6,1,1,38,2,2
4,28,F,11,2006,2,1,1,1,2,1,1,1,1,1,1,5,1,1,9,8,1,1, ?,1,2
4,28,F,12,2006,2,2,4,2,2,4,2,1,1,1,1,1,1,1,16,11,1,7,35,1,2
4,28,G,7,2006,3,1,1,2,2,1,1,1,1,1,1,1,2,1,9,6,1,1,30,2,2
5,28,F,6,2006,2,1,1,2,2,1,1,1,1,1,1,5,1,1,14,1,1,1, ?,1,1
5,28,F,10,2006,3,1,1,2,2,1,1,1,1,1,1,5,1,1,10,7,1,1, ?,1,1
9,64,F,12,2006,3,1,1,2,2,1,1,1,1,1,1,5,1,1,14,6,1,1,23,2,2
4,64,F,1,2006,2,4,2,2,2,1,1,1,1,1,1,5,1,1,9,5,1,1,0,2,2
4,64,G,2,2006,3,2,2,2,2,1,1,1,1,1,1,5,1,1,9,5,1,1,0,2,2
4,64,F,3,2006,1,2,2,2,2,1,2,1,1,1,1,5,1,1,9,5,1,1,0,2,2
4,64,F,3,2006,1,2,2,2,2,1,2,1,1,1,1,5,1,1,9,5,1,1,0,2,2
4,64,F,4,2006,3,2,2,2,2,1,1,1,1,1,1,5,1,1,9,5,1,1,0,2,2
8,64,S,6,2006,4,7,8,2,2,1,3,1,1,1,2,5,1,1,14,6,1,7,0,2,2
8,64,F,7,2006,4,7,8,2,2,1,2,1,1,1,1,5,1,1,14,6,1,7,0,2,2
8,64,F,8,2006,4,7,8,2,1,3,4,1,1,1,2,5,1,1,9,6,1,6,0,1,2
8,64,F,9,2006,2,7,8,2,2,1,1,1,1,1,1,5,1,1,9,6,1,6,0,2,2
8,64,F,5,2006,4,4,8,2,2,1,3,1,1,1,1,5,1,1,9,6,1,7,0,1,2
8,64,F,11,2006,2,7,8,2,2,1,1,1,1,1,2,5,1,1,14,6,1,1,0,1,2
8,64,F,12,2006,2,7,8,2,2,1,1,1,1,1,2,5,1,1,14,6,1,6,0,1,2
10,64,F,1,2006,2,7,8,2,2,1,1,1,1,1,1,5,1,1,14,6,1,6,0,1,2
10,64,F,1,2006,1,2,8,2,2,1,4,1,1,1,1,5,1,1,14,6,1,1,0,1,2
10,64,F,2,2006,2,7,8,2,2,1,1,1,2,1,1,5,1,1,9,6,1,1,0,1,2
10,64,F,3,2006,1,7,8,2,2,1,3,1,1,1,1,5,1,1,14,6,1,1,0,1,2
10,64,G,6,2006,2,7,8,2,2,1,1,1,1,1,1,5,1,1,14,6,1,1,38,1,2
10,64,G,6,2006,2,7,8,2,2,1,1,1,1,1,1,5,1,1,9,6,1,7,25,1,2
10,64,F,7,2006,2,2,8,2,2,1,1,1,1,1,1,5,1,1,14,6,1,7,33,1,2
10,64,F,7,2006,4,7,8,2,2,1,4,1,1,1,1,5,1,1,14,7,1,7,45,1,2
6,64,F,1,2006,2,1,8,2,1,1,1,1,1,1,1,1,1,1,14,6,1,1,0,2,2
6,64,F,1,2006,3,2,4,2,1,1,1,1,1,1,1,1,1,1,9,6,1,7,0,1,2
6,64,F,4,2006,4,2,4,2,1,1,3,1,1,1,1,1,1,1,14,6,1,6,0,2,2
6,64,F,6,2006,2,1,1,2,1,2,1,1,1,1,1,1,1,1,9,6,1,7,0,2,2
12,64,F,9,2006,3,7,1,2,2,1,1,3,1,1,2,3,4,1,14,6,1,1,28,2,2
12,64,F,10,2006,2,7,7,1,2,1,1,1,1,1,1,2,1,1,11,6,1,7,25,2,2
3,64,F,4,2006,3,7,3,2,2,1,1,1,1,1,1,1,1,1,14,6,2,6,29,1,2
3,64,M,5,2006,2,5,1,2,1,1,1,1,1,1,1,1,1,1,14,4,1,7,45,1,2
3,64,F,9,2006,3,1,1,2,2,2,1,1,2,1,1,5,1,1,14,6,1,1,0,2,2
5,64,F,6,2006,3,1,1,2,1,1,1,1,1,1,1,1,1,1,9,2,1,1,0,2,2
5,64,F,8,2006,4,1,1,2,1,1,4,1,1,1,1,5,1,1,14,6,1,7,35,2,2
5,64,F,10,2006,2,2,4,2,1,1,1,1,1,1,1,5,1,1,14,1,1,7,0,2,2
5,64,F,11,2006,4,3,1,1,2,1,2,1,1,1,1,1,1,1,12,11,1,7,25,2,2
5,64,F,10,2006,2,1,1,1,1,1,1,1,1,1,1,5,1,1,9,6,1,1,0,2,2
5,64,F,11,2006,2,1,1,2,1,1,1,1,1,1,1,1,1,1,14,6,1,7,42,2,2
5,64,G,11,2006,2,1,1,1,1,1,1,1,1,1,1,1,1,1,14,6,1,7,35,2,2
5,64,F,12,2006,4,1,1,1,2,1,2,1,1,1,1,1,1,1,9,6,1,7,0,2,2
5,64,F,12,2006,2,1,1,2,2,1,1,1,1,1,1,1,1,1,14,6,1,7,0,2,2
7,64,F,3,2006,3,1,8,2,2,1,1,1,1,1,1,5,1,1,9,6,1,7,0,2,2
7,64,F,3,2006,4,1,6,2,2,1,3,3,1,1,1,1,1,1,8,6,1,7,0,2,2
7,64,F,4,2006,2,1,1,1,1,1,1,1,1,1,1,5,1,1,14,6,1,7,0,2,2
7,64,F,7,2006,4,5,4,2,2,1,4,1,1,1,1,5,1,1,14,3,1,1,0,2,2
7,64,F,8,2006,3,2,6,1,1,1,1,1,1,1,1,1,1,1,8,6,1,7,0,2,2
7,64,F,8,2006,2,2,1,1,1,1,1,1,1,1,1,5,1,1,14,6,1,7,35,2,2
4,64,G,7,2006,2,2,2,2,2,1,1,1,1,1,1,5,1,1,9,5,1,1,30,2,2
4,64,F,9,2006,4,2,2,2,2,1,4,1,1,1,1,5,1,1,9,5,1,1,0,2,2
4,64,F,10,2006,3,1,1,2,2,1,1,1,1,1,1,5,1,1,9,5,1,1,20,2,2
4,64,F,11,2006,2,1,4,2,2,1,1,1,1,1,1,5,1,1,9,5,1,1,25,2,2
4,64,F,1,2006,3,2,2,2,2,1,1,1,1,1,1,5,1,1,9,5,1,1,0,2,2
1,64,F,7,2006,3,2,1,2,2,1,1,1,1,1,1,5,1,1,8,6,1,7,0,2,2
1,64,F,8,2006,1,7,1,1,2,1,2,1,1,1,1,5,1,1,14,6,1,7,0,2,2
2,64,F,2,2006,3,7,1,2,2,1,1,2,1,1,1,2,1,1,14,8,1,1,0,2,2
2,64,F,5,2006,3,7,1,1,1,1,1,1,1,1,1,1,1,1,14,6,1,7,0,2,2
2,64,F,10,2006,2,5,1,2,2,1,1,4,1,1,1,1,1,1,8,6,1,7,0,2,2
2,64,F,10,2006,3,1,1,1,2,1,1,1,1,1,1,1,1,1,14,6,1,7,0,2,2
2,64,F,11,2006,4,2,1,2,1,1,3,2,5,1,1,5,1,1,9,3,1,7,0,2,2
11,64,F,2,2006,2,7,8,2,1,1,1,1,1,1,1,5,1,1,10,6,1,1,17,1,2
11,64,F,4,2006,3,7,3,2,1,1,1,1,1,1,1,5,1,1,14,6,1,1,30,1,2
11,64,G,4,2006,2,7,1,2,2,1,1,1,1,1,1,5,1,1,9,6,1,1,30,1,2
11,64,F,4,2006,3,7,1,2,2,1,1,1,1,1,1,5,1,1,10,6,1,1,28,1,2
11,64,F,5,2006,4,7,1,1,2,1,3,1,1,1,1,5,1,1,7,6,1,7,26,1,2
11,64,F,5,2006,3,7,1,1,2,1,1,1,1,1,1,5,1,1,14,7,1,1,50,1,2
11,64,F,5,2006,3,7,1,2,1,1,1,1,1,1,1,5,1,1,9,6,1,7,0,1,2
11,64,F,5,2006,3,7,1,1,2,1,1,1,1,1,1,5,1,1,14,11,1,7,0,1,2
11,64,F,8,2006,3,7,1,1,2,1,1,1,1,1,1,5,1,1,14,6,1,1,38,1,2
11,64,G,10,2006,4,7,1,2,1,1,3,1,1,1,1,5,1,1,19,6,1,1,35,1,2
2,64,F,4,2006,2,1,1,2,1,1,1,1,1,1,1,5,1,1,9,6,1,7,38,2,2
2,64,F,5,2006,2,7,1,2,2,1,2,1,1,1,1,5,1,1,19,6,1,7,0,1,2
2,64,F,9,2006,3,2,1,2,2,1,1,1,1,1,1,2,1,1,8,6,1,1,45,2,2
2,64,G,10,2006,2,1,1,2,2,1,1,2,1,1,1,5,1,1,7,11,1,1,29,2,2
2,64,F,11,2006,4,1,1,1,1,1,2,1,1,1,1,5,1,1,14,6,1,7,45,2,2
2,64,F,12,2006,3,7,8,2,2,1,1,1,1,1,1,2,1,1,14,6,1,7,0,2,2
2,64,F,12,2006,3,4,3,2,2,1,1,1,1,1,1,1,1,1,14,6,1,7,0,2,2
2,64,F,12,2006,3,1,1,1,1,1,1,1,1,1,1,2,1,1,14,6,2,7,0,2,2
2,64,F,1,2006,2,2,1,2,1,1,1,1,1,1,1,5,1,1,9,6,1,1, ?,2,2
2,64,F,1,2006,1,2,1,2,1,1,3,1,1,1,1,5,1,1,16,6,1,1, ?,2,2
2,64,F,6,2006,?,3,1,2,2,1,1,1,1,1,1,5,1,1,15,6,1,1, ?,2,2
2,64,F,3,2006,3,3,1,2,2,1,1,1,1,1,1,5,1,1,14,6,1,1,25,2,2
2,64,G,2,2006,4,2,1,2,1,1,2,1,1,1,1,5,1,1,9,1,1,1, ?,2,2
2,64,F,1,2006,2,3,3,1,1,1,1,2,1,1,1,5,1,1,14,6,1,5,21,2,2
1,27,F,2,2007,3,1,1,1,1,1,1,1,1,1,1,4,1,2,8,6,2,1, ?,1,2
1,27,F,2,2007,4,1,1,2,2,1,4,1,5,1,1,4,1,2,9,6,1,1, ?,1,2
7,30,G,2,2007,3,7,1,2,2,1,1,1,1,1,1,4,1,2,8,6,1,1,27,2,2
4,32,F,2,2007,2,1,1,2,2,1,1,1,1,1,1,1,1,2,9,6,1,1,27,2,2
4,32,F,3,2007,3,1,1,2,2,1,1,1,1,1,1,4,1,2,19,6,2,6, ?,2,2
2,27,F,4,2007,2,2,1,2,2,1,1,1,1,1,1,1,1,1,9,11,1,7, ?,2,2
2,27,F,4,2007,3,2,1,2,2,1,1,1,1,1,1,2,1,2,4,6,2,7, ?,1,2
2,27,F,8,2007,3,1,1,2,2,1,1,1,1,1,1,2,1,2,8,6,1,7, ?,1,2
6,34,S,4,2007,2,7,1,2,2,1,1,1,1,1,1,1,1,2,9,6,1,1, ?,2,2
6,34,F,6,2007,1,7,1,2,2,1,3,2,1,1,1,1,1,2,13,6,1,1,35,2,2
10,34,F,3,2007,2,7,1,2,2,1,1,2,1,1,1,1,1,2,14,6,1,1,30,2,2
9,34,F,4,2007,3,3,8,2,2,1,1,3,1,2,2,4,1,2,6,6,1,1, ?,2,2
9,34,F,5,2007,2,3,1,2,2,2,1,1,2,2,3,2,1,2,3,6,1,1, ?,2,2
7,34,F,2,2007,3,1,1,2,2,1,1,1,1,1,1,4,1,2,19,6,2,1,32,2,2
8,34,F,6,2007,3,3,1,2,2,1,1,1,1,2,2,4,1,2,19,6,1,1, ?,2,2
2,34,F,1,2007,2,1,1,2,2,4,2,1,1,1,1,4,1,2,14,6,1,1, ?,1,2
4,34,F,3,2007,1,1,1,2,2,1,1,1,1,1,1,1,1,2,14,6,1,1,30,1,2
4,34,G,4,2007,2,7,1,2,2,1,1,2,1,1,1,1,1,1,9,6,1,1, ?,2,2
4,34,F,4,2007,2,1,1,2,2,1,1,1,1,1,1,1,1,2,9,6,1,1, ?,2,2
4,34,F,5,2007,3,1,1,2,2,1,1,1,1,1,1,1,1,2,19,1,2,7,45,1,2
4,33,F,1,2007,3,1,1,2,2,1,1,1,1,1,1,4,1,2,9,6,1,1, ?,1,2
5,33,F,4,2007,3,1,1,2,2,1,1,1,1,1,1,3,1,2,13,6,1,1, ?,1,2
3,33,F,5,2007,4,1,1,2,2,1,4,1,1,1,1,3,1,2,19,1,1,1, ?,1,2
1,33,F,2,2007,4,1,1,2,2,1,4,4,1,1,2,2,1,2,19,6,1,6, ?,2,2
1,33,F,3,2007,4,3,3,2,2,1,4,1,1,1,1,4,1,2,4,7,1,1, ?,2,1
1,33,F,5,2007,3,1,1,2,2,1,1,1,1,1,1,3,1,2,14,3,1,1, ?,1,2
1,33,F,6,2007,3,3,1,2,2,1,1,1,1,1,1,3,1,2,9,6,1,7, ?,2,2
1,33,F,6,2007,2,1,1,2,2,2,2,1,2,1,1,2,1,2,14,11,1,1,31,2,2
1,33,F,7,2007,3,1,3,2,2,1,1,1,1,1,1,2,1,2,14,6,1,1, ?,1,2
2,27,F,5,2007,4,1,1,2,2,1,4,1,1,1,1,4,1,2,9,6,1,1,35,1,2
2,27,F,7,2007,4,1,1,2,2,1,2,1,1,1,1,4,2,2,9,6,1,1, ?,2,2
5,27,F,6,2007,4,1,1,2,2,1,2,1,3,1,1,2,1,2,4,6,1,1,28,1,2
4,27,G,7,2007,2,1,1,2,2,1,1,1,1,1,1,4,1,2,8,11,1,7, ?,1,2
3,27,F,7,2007,3,1,3,2,2,2,1,1,1,1,1,3,1,2,6,6,1,7,30,2,2
3,27,F,5,2007,2,1,1,2,2,1,1,1,1,1,1,3,1,2,4,6,1,3,32,1,2
3,32,F,3,2007,2,3,1,2,2,1,1,1,1,1,1,1,1,2,8,6,1,1, ?,2,2
2,32,F,6,2007,2,1,1,2,2,1,1,1,1,1,1,3,1,2,9,6,1,1, ?,1,2
3,32,F,8,2007,4,1,1,2,2,1,1,1,1,1,1,4,1,2,4,6,1,1, ?,2,1
3,31,F,3,2007,3,1,1,2,2,1,1,1,1,1,1,3,1,2,9,6,1,1,25,2,2
2,31,F,5,2007,4,1,1,2,2,1,2,1,1,1,1,3,2,2,9,2,1,1,43,2,2
2,31,G,5,2007,3,1,1,2,2,2,1,1,2,1,2,3,3,2,9,2,1,1,35,2,2
2,31,F,6,2007,3,2,1,2,2,2,1,2,2,1,1,3,1,1,9,3,1,1, ?,2,2
4,31,F,1,2007,2,1,1,2,2,1,1,1,1,1,1,3,1,2,4,6,1,1, ?,1,2
4,31,F,2,2007,3,1,1,2,2,1,4,1,1,2,1,4,1,2,4,6,1,1, ?,2,1
4,31,F,2,2007,4,7,1,2,2,1,2,1,1,1,1,3,1,2,4,6,1,1, ?,2,2
4,31,F,3,2007,2,1,1,2,2,1,2,1,1,1,1,3,1,1,9,6,1,1, ?,2,2
4,31,F,4,2007,2,7,1,2,2,1,1,1,1,1,1,3,1,1,4,6,1,1,30,1,2
4,30,F,8,2007,2,1,1,2,2,1,1,1,1,1,1,4,1,1,4,6,1,1, ?,2,1
7,30,G,3,2007,3,7,1,2,2,1,1,1,1,1,1,4,1,2,8,6,1,1,25,2,2
2,30,F,1,2007,3,2,8,2,2,1,1,1,1,1,1,4,1,2,19,6,2,7,40,2,2
2,30,G,8,2007,4,3,1,2,2,1,2,1,1,1,1,4,1,2,9,6,1,1,37,2,2
1,30,F,1,2007,2,1,1,2,2,4,1,1,1,1,1,3,1,2,12,6,1,1, ?,2,2
1,30,F,2,2007,3,1,1,2,2,1,1,1,1,1,1,3,1,2,4,6,1,1,28,2,2
1,30,F,3,2007,3,1,3,2,2,1,1,1,1,1,1,2,1,2,9,6,1,1, ?,2,2
1,30,F,3,2007,1,1,1,2,2,1,2,1,1,1,1,1,1,2,9,6,1,1, ?,2,2
1,30,F,3,2007,2,1,1,2,2,1,1,1,1,1,1,1,1,2,9,6,1,1,40,2,2
1,30,F,4,2007,3,5,4,2,2,1,1,2,1,1,1,2,1,1,9,6,1,1,40,2,2
1,30,F,5,2007,2,1,3,2,2,1,1,1,1,1,2,4,1,2,4,6,1,1, ?,2,1
4,34,F,5,2007,2,1,1,2,2,1,1,1,1,1,1,4,1,2,13,11,1,1,27,1,2
4,34,G,8,2007,3,7,1,2,2,1,1,1,2,1,1,1,1,2,9,6,1,1, ?,2,2
2,27,F,1,2007,2,3,1,2,2,1,1,1,1,1,1,2,1,2,8,7,1,1, ?,2,2
2,27,F,10,2007,2,4,1,2,2,1,1,1,1,1,1,3,1,2,8,6,1,1, ?,1,2
1,27,G,10,2007,3,1,1,2,2,1,1,1,1,2,3,4,1,2,4,6,1,1, ?,2,2
1,30,F,12,2007,2,2,1,2,2,1,1,1,1,1,1,1,1,1,9,2,1,1,35,2,2
2,30,G,11,2007,3,1,3,2,2,1,1,1,1,1,1,4,1,1,4,6,1,1, ?,2,2
5,30,F,9,2007,3,4,1,2,2,2,1,1,2,1,1,4,1,2,6,6,1,1,25,2,2
6,30,F,9,2007,2,1,1,2,2,2,1,1,2,1,1,4,1,2,4,6,1,1,32,2,2
1,30,F,11,2007,3,1,1,2,2,1,1,1,1,1,1,1,1,1,9,6,1,1,35,2,2
1,30,G,11,2007,2,7,1,2,2,1,1,1,1,1,1,1,1,2,9,6,1,1,42,2,2
8,31,F,9,2007,4,3,8,2,2,1,3,1,1,1,1,2,1,1,9,6,1,7, ?,2,2
2,31,F,10,2007,3,1,1,2,2,1,1,4,1,1,1,4,1,2,4,2,1,3, ?,2,2
2,31,F,10,2007,2,3,1,2,2,1,1,4,1,1,1,4,1,2,6,6,1,3,26,2,2
4,31,F,10,2007,2,1,1,2,2,1,1,1,1,1,1,3,1,2,4,6,1,1, ?,2,2
4,31,F,12,2007,3,1,1,2,2,1,1,1,1,1,1,4,1,2,19,2,2,7,35,2,2
2,32,F,11,2007,2,1,1,2,2,1,1,1,1,1,1,4,1,2,4,4,2,7, ?,2,2
3,32,F,12,2007,1,1,1,2,2,1,1,1,1,1,1,2,1,2,14,6,1,1, ?,1,2
3,32,F,12,2007,2,1,1,2,2,1,1,1,1,1,1,4,1,2,9,6,1,1,45,2,2
3,32,F,12,2007,1,3,1,2,2,4,2,1,1,1,1,2,1,2,14,6,1,1, ?,1,2
5,33,F,10,2007,2,1,1,2,2,1,1,1,1,1,1,3,1,2,9,6,1,5, ?,2,2
2,33,G,12,2007,1,1,1,2,2,1,1,2,1,1,1,4,1,2,6,6,1,1, ?,2,2
2,33,F,10,2007,2,1,1,2,2,1,1,1,1,1,2,4,1,2,9,6,1,1, ?,2,2
1,33,F,11,2007,3,4,3,2,2,1,2,1,1,1,1,2,1,2,4,6,1,1, ?,2,1
1,33,F,12,2007,3,1,1,2,2,1,1,1,1,1,1,2,1,2,9,11,1,1,35,2,2
3,33,F,9,2007,4,1,1,2,2,1,4,1,1,1,1,4,1,2,6,6,1,1, ?,2,2
3,33,F,10,2007,3,7,8,2,2,1,1,3,1,1,2,3,1,2,17,6,2,7, ?,2,2
3,33,F,11,2007,3,1,1,2,2,1,1,1,1,1,2,4,1,2,8,6,1,1,40,2,2
2,34,F,10,2007,3,7,1,2,2,1,1,1,1,1,1,3,1,2,9,6,1,1, ?,1,2
6,34,F,11,2007,2,1,1,2,2,1,1,1,1,1,1,1,1,2,4,6,1,1,42,2,2
6,34,F,11,2007,3,1,1,2,2,1,1,1,1,1,1,1,1,2,9,6,1,1, ?,2,2
4,34,F,9,2007,3,7,1,2,2,1,1,2,1,1,1,1,1,2,9,6,1,1, ?,2,2
4,34,G,10,2007,4,1,1,2,2,1,2,2,1,1,1,1,1,2,8,2,1,1, ?,2,2
3,34,G,10,2007,1,1,1,2,2,1,2,1,1,1,1,1,1,2,9,6,1,1, ?,2,2
3,34,G,12,2007,2,3,3,2,2,1,1,1,1,1,1,1,1,2,9,6,1,1, ?,2,2
10,34,F,10,2007,1,1,1,2,2,1,2,1,1,1,1,1,5,2,9,6,1,7, ?,2,2
1,64,F,8,2007,3,3,3,2,2,1,1,2,1,1,1,5,1,1,14,1,1,1,35,1,2
1,64,F,9,2007,4,3,8,1,2,1,1,1,1,1,1,5,1,1, ?,2,1,7, ?,1,2
1,64,F,9,2007,?,7,8,1,2,1,1,1,1,1,1,5,1,1, ?,6,1,1, ?,1,2
2,64,F,3,2007,2,1,1,1,2,1,1,1,1,1,1,5,1,1,19,6,1,1, ?,2,2
2,64,F,4,2007,4,1,8,2,2,1,1,1,1,1,1,5,1,1,15,6,1,1, ?,2,2
2,64,F,4,2007,4,7,3,1,2,1,3,1,1,1,1,5,1,1,9,6,1,1, ?,2,2
2,64,F,6,2007,3,1,8,1,2,1,1,1,1,1,1,5,1,1,12,6,1,1, ?,2,2
2,64,F,6,2007,1,7,2,2,1,1,2,1,1,1,1,5,1,1, ?,6,1,1, ?,2,2
2,64,F,8,2007,2,7,8,2,2,1,1,1,1,1,1,5,1,1,8,5,1,1, ?,2,2
2,64,F,8,2007,3,1,5,1,1,1,1,1,1,1,1,5,1,1,15,6,1,1, ?,2,2
2,64,F,9,2007,3,1,8,1,1,1,1,1,1,1,1,5,1,1,14,6,1,1, ?,2,2
3,64,F,2,2007,2,1,1,1,2,1,1,1,1,1,1,2,1,1,14,6,1,1, ?,2,2
3,64,F,4,2007,3,1,1,2,1,1,3,1,1,1,1,5,1,1,14,6,1,7, ?,2,2
3,64,F,5,2007,4,2,1,2,1,1,3,1,1,1,2,5,1,1,5,6,1,6, ?,2,2
3,64,F,6,2007,3,7,8,1,2,1,1,1,1,1,1,5,1,1,9,6,1,1,27,2,2
3,64,F,7,2007,4,1,1,2,1,1,4,1,1,1,1,5,1,1,19,6,1,1, ?,2,2
3,64,F,7,2007,3,7,1,2,2,1,1,2,1,3,2,4,1,1,7,2,1,1,28,2,2
4,64,F,3,2007,3,7,1,2,2,1,1,2,1,2,1,5,1,1, ?,6,1,1, ?,2,2
4,64,F,7,2007,4,1,1,1,1,1,2,1,1,1,1,1,1,1, ?,6,1,1, ?,2,2
4,64,F,8,2007,4,1,1,2,2,1,1,1,1,1,1,5,1,1, ?,6,?,?, ?,2,2
4,64,F,8,2007,4,7,8,1,1,1,1,1,1,1,1,5,1,1,14,6,1,1, ?,1,2
5,64,F,4,2007,4,1,1,1,2,1,3,1,1,1,1,5,1,1,14,6,1,7, ?,2,2
5,64,S,4,2007,3,1,8,1,2,1,1,1,1,1,1,5,1,1,9,6,1,1, ?,2,2
5,64,F,5,2007,4,3,1,2,2,2,3,2,2,1,2,1,1,1,7,2,1,1,28,2,2
5,64,F,6,2007,3,1,1,1,2,1,1,1,1,1,1,5,1,1,6,6,1,1, ?,2,2
5,64,F,7,2007,2,1,1,1,2,1,1,1,1,1,1,5,1,1,14,6,1,7, ?,2,2
6,64,F,4,2007,2,7,1,2,2,2,1,1,2,1,1,1,1,1,14,6,1,1, ?,2,2
6,64,F,7,2007,4,1,8,1,1,1,2,1,1,1,1,5,1,1,9,6,1,1, ?,2,2
7,64,G,1,2007,3,2,5,1,1,1,1,1,1,1,1,5,1,1,14,6,1,1,26,2,2
7,64,F,1,2007,3,1,1,2,2,1,1,1,1,1,1,5,1,1,9,6,1,1, ?,2,2
7,64,F,2,2007,3,7,8,2,2,1,1,3,1,1,1,5,1,1, ?,6,1,1, ?,2,2
7,64,F,2,2007,4,7,8,2,2,1,3,1,1,1,1,5,1,1,10,6,1,1, ?,2,2
7,64,F,2,2007,4,1,6,2,1,1,3,1,1,1,1,5,1,1,15,6,1,1, ?,2,2
7,64,F,3,2007,3,1,6,2,2,1,1,1,1,1,1,5,1,1,14,6,1,1, ?,2,2
7,64,F,7,2007,1,1,8,2,1,1,3,1,1,1,1,5,1,1,14,6,1,7, ?,2,2
7,64,F,7,2007,4,1,8,2,1,1,3,1,1,1,1,5,1,1,14,6,1,1, ?,2,2
7,64,G,7,2007,2,1,8,1,2,1,1,1,1,1,2,5,1,1,19,6,1,7, ?,2,2
7,64,F,8,2007,3,1,6,2,1,1,1,1,1,1,1,5,1,1,19,1,1,7, ?,2,2
9,64,F,2,2007,2,4,1,1,2,1,2,1,1,1,1,5,1,1,8,2,1,7, ?,2,2
9,64,F,2,2007,2,2,1,2,2,1,2,1,1,1,1,5,1,1,8,6,1,1, ?,2,2
9,64,F,5,2007,3,3,1,1,1,1,1,1,1,1,1,5,1,1,8,6,1,1, ?,2,2
10,64,F,1,2007,3,1,8,2,2,1,1,1,1,1,1,5,1,1,9,6,1,1, ?,2,2
10,64,F,4,2007,2,1,8,1,2,1,1,1,1,1,1,5,1,1,14,6,1,1, ?,2,2
10,64,F,8,2007,2,1,8,2,2,1,1,1,1,1,1,5,1,1,14,6,1,7, ?,2,2