Thana,District,Accident_Severity,Month,Year,Time,Junction_Type,Traffic_Control,Movement,Divider,Weather,Light,Road_Geometry,Surface_Condition,Surface_Type,Surface_Quality,Road_Class,Road_Feature,Location_Type,Vehicle_Type,Vehicle_Movement,Vehicle_Loading,Vehicle_Defect,Vehicle_Driver_Age,Vehicle_Alcohol,Vehicle_Seat_Belt
12,64,F,2,2007,2,1,1,2,2,1,1,1,1,1,1,1,1,1,8,11,1,1,32,2,2
12,64,F,7,2007,3,7,8,1,2,1,1,1,1,1,1,1,1,1,11,11,1,1, ?,2,2
11,64,F,1,2007,3,7,1,2,2,1,1,1,1,1,1,5,1,1,14,11,1,7,30,1,2
11,64,S,2,2007,2,7,1,1,2,1,1,1,1,1,1,5,1,1,9,6,1,7,35,1,2
11,64,S,6,2007,3,7,1,2,2,1,1,1,1,1,1,5,1,1,9,6,1,7,40,1,2
11,64,F,8,2007,4,1,8,2,2,2,3,1,1,1,1,5,1,1, ?,6,1,1, ?,1,2
9,64,F,10,2007,4,1,3,2,1,1,3,1,1,1,1,5,1,1, ?,6,1,7, ?,1,1
12,64,F,9,2007,2,1,1,1,2,1,1,1,1,1,1,5,1,2,11,6,1,7,40,1,2
12,64,S,10,2007,3,7,1,1,2,1,1,1,1,1,1,1,1,1,14,6,1,1, ?,1,2
12,64,F,11,2007,4,1,1,1,2,1,3,1,1,1,1,1,1,1,6,6,1,7, ?,1,2
3,64,F,12,2007,2,1,8,1,2,1,1,1,1,1,1,5,1,1,9,5,1,1, ?,1,2
10,64,F,9,2007,3,7,8,1,2,1,1,1,1,1,1,5,1,1,13,6,1,1,24,1,2
11,64,F,9,2007,2,7,8,1,2,1,1,1,1,1,1,5,1,1,14,6,1,1, ?,2,2
11,64,F,9,2007,3,3,1,2,1,1,1,1,1,1,1,5,1,1,14,6,1,1,32,1,2
5,64,S,9,2007,2,1,1,1,2,1,1,1,1,1,1,5,1,1,14,6,1,1, ?,1,2
5,64,F,9,2007,4,1,1,1,2,1,1,1,1,1,1,5,1,1,9,6,1,1, ?,1,2
5,64,F,9,2007,2,1,1,1,2,1,1,1,1,1,1,5,1,1, ?,6,1,1, ?,1,2
5,64,F,9,2007,3,1,1,1,2,1,1,1,1,1,1,5,1,1,14,6,1,1, ?,1,2
5,64,G,10,2007,2,1,1,1,2,1,1,1,1,1,1,5,1,1,9,6,1,1, ?,1,2
5,64,G,12,2007,3,1,1,1,2,1,1,1,1,1,1,5,1,1,14,6,1,1, ?,1,2
7,64,F,9,2007,4,2,6,1,1,1,3,1,1,1,1,5,1,1,6,6,1,7,25,2,2
7,64,F,9,2007,4,2,6,1,1,1,2,1,1,1,1,5,1,1,14,6,1,1, ?,1,2
7,64,F,10,2007,1,2,6,1,1,1,3,1,1,1,1,5,1,1,14,6,1,7, ?,1,2
7,64,G,10,2007,3,2,6,1,1,1,1,1,1,1,1,5,1,1,8,6,1,7,30,1,2
7,64,F,11,2007,2,2,6,1,1,1,1,1,1,1,1,5,1,1,19,6,1,7, ?,1,2
7,64,F,12,2007,3,2,1,2,2,1,1,1,1,1,1,5,1,1,6,6,1,7, ?,2,2
7,64,F,7,2007,4,2,6,1,1,1,2,1,1,1,1,5,1,1,19,11,1,7, ?,1,2
8,64,F,4,2007,2,1,8,1,2,1,1,1,1,1,1,5,1,1,19,6,1,1, ?,1,2
8,64,F,9,2007,4,7,8,2,2,1,2,1,1,1,1,5,1,1, ?,6,1,1, ?,1,2
8,64,F,12,2007,4,2,8,2,2,1,1,1,1,1,1,5,1,1, ?,6,1,1, ?,1,2
2,64,S,10,2007,3,1,1,1,2,1,1,1,1,1,1,5,1,1,9,6,1,1, ?,1,2
2,64,F,10,2007,3,1,8,1,2,1,1,1,1,1,1,5,1,1,9,6,1,1, ?,1,2
2,64,F,11,2007,1,1,6,1,2,4,3,1,1,1,1,5,1,1, ?,6,1,1, ?,1,2
2,64,F,11,2007,3,1,8,1,2,1,1,1,1,1,1,5,1,1,14,10,1,1, ?,2,2
2,64,F,11,2007,2,1,1,2,1,1,1,1,1,1,1,5,1,1,8,6,1,1, ?,1,2
2,64,F,12,2007,1,7,8,1,2,4,2,1,1,1,1,5,1,1,14,10,1,1, ?,2,2
1,64,F,10,2007,3,1,3,1,2,1,1,1,1,1,1,5,1,1,10,6,1,1, ?,1,2
1,64,F,10,2007,4,2,8,1,2,1,3,1,1,1,1,5,1,1,5,6,1,1, ?,1,2
1,64,F,12,2007,4,7,8,1,1,1,3,1,1,1,1,5,1,1,8,6,1,1, ?,2,2
4,64,F,3,2007,2,1,2,2,2,1,1,1,1,1,1,5,1,1,19,6,1,1,25,2,2
4,64,F,4,2007,4,1,2,2,1,1,2,1,1,1,1,5,1,1,14,6,1,1, ?,1,2
4,64,F,5,2007,3,2,2,2,1,1,1,1,1,1,1,5,1,1,4,6,1,1, ?,2,2
4,64,F,7,2007,4,1,2,2,2,1,4,1,1,1,1,5,1,1, ?,6,1,1, ?,1,2
4,64,F,7,2007,2,1,1,2,2,1,1,1,1,1,1,5,1,1,14,6,1,1, ?,1,2
4,64,F,10,2007,4,1,2,2,1,1,2,1,1,1,1,5,1,1, ?,6,1,1, ?,1,2
4,64,F,1,2007,3,1,2,1,1,1,1,1,1,1,1,5,1,1,6,6,1,1, ?,1,2
4,64,F,11,2007,4,1,1,2,2,1,4,1,1,1,1,5,1,1,14,6,1,1, ?,1,2
4,64,F,5,2007,2,1,1,2,2,1,1,1,1,1,1,5,1,1, ?,6,1,1, ?,1,2
1,64,F,1,2007,4,1,8,2,2,1,3,1,1,1,1,5,1,1,14,6,1,1, ?,1,2
1,64,G,2,2007,4,5,3,2,2,1,3,1,1,1,1,5,1,1,14,6,1,1, ?,1,2
1,64,F,3,2007,2,7,1,2,2,1,1,3,1,1,1,5,1,1,14,6,1,1, ?,1,2
1,64,F,8,2007,2,2,4,2,1,1,1,3,1,1,1,3,1,1,13,6,1,1,30,1,2
3,64,F,10,2007,3,7,8,1,2,1,1,1,1,1,1,5,1,1,14,6,1,1, ?,1,2
2,64,F,10,2007,3,1,8,1,2,1,1,1,1,1,1,5,1,1,9,6,1,1, ?,1,2
2,64,F,5,2007,3,1,1,2,2,1,1,1,1,1,1,5,1,1,1,8,1,1,24,2,2
2,64,F,7,2007,2,1,1,2,2,1,1,1,1,1,1,2,1,1,9,6,1,1,35,2,2
2,64,F,2,2007,2,1,1,2,1,1,1,1,1,1,1,5,1,1,14,6,1,1, ?,2,2
2,64,F,3,2007,1,1,1,1,1,1,1,1,1,1,1,5,1,1,9,6,1,1, ?,2,2
2,64,F,3,2007,4,1,1,2,2,1,?,1,1,1,1,5,1,1,14,6,1,1, ?,2,2
2,64,F,3,2007,4,1,1,2,2,1,3,1,1,1,1,5,1,1,14,6,1,1, ?,2,2
4,64,F,6,2007,4,2,2,2,2,1,3,2,1,1,1,1,5,1,4,6,1,1, ?,2,2
2,64,F,5,2007,3,1,3,2,2,1,1,1,1,1,1,5,1,1,14,6,1,1, ?,2,2
2,64,F,5,2007,4,?,8,1,2,1,1,1,1,1,1,5,1,1,14,6,1,1, ?,2,2
2,64,F,6,2007,1,?,3,1,2,1,1,1,1,1,1,5,1,1,14,6,1,1, ?,2,2
2,64,F,1,2007,3,1,1,2,2,1,1,1,1,1,1,5,1,1,14,6,1,1, ?,2,2
2,64,F,1,2007,3,1,1,2,2,1,1,1,1,1,1,5,1,1,5,6,1,1, ?,2,2
2,64,F,4,2007,4,1,1,2,2,1,3,1,1,1,1,5,1,1,14,6,1,1, ?,2,2
2,64,F,2,2007,2,1,1,2,2,1,1,1,1,1,1,5,1,1,1,6,1,1, ?,2,2
12,64,F,1,2007,2,1,1,2,2,1,1,1,1,1,1,1,1,2,14,6,1,1, ?,2,2
1,61,F,1,2007,3,1,1,2,2,1,1,1,1,1,1,1,1,2,14,6,1,1,18,2,2
1,61,G,1,2007,4,2,1,2,2,1,3,1,1,1,1,1,1,2,9,6,1,1, ?,1,2
1,61,F,1,2007,3,1,8,2,2,1,1,1,1,1,1,4,1,2,12, ?,1,1, ?,2,2
4,66,F,2,2007,1,7,1,1,2,4,4,5,1,3,2,4,4,2,11,7,1,?,32,1,2
1,66,F,2,2007,3,1,1,1,2,1,1,1,1,1,1,3,1,2,9,4,1,?,25,2,2
7,66,F,2,2007,2,1,1,1,?,1,3,1,1,2,3,4,1,2,14,6,2,1, ?,2,2
1,66,G,7,2007,2,7,1,2,2,1,1,1,1,1,1,2,1,?,14,6,1,?,18,2,2
9,66,F,6,2007,2,1,8,2,2,2,1,1,2,2,3,4,1,2,17,11,2,7,30,2,2
4,66,G,6,2007,3,7,1,2,2,2,1,2,2,1,1,1,1,2,11,1,1,1,31,2,2
7,66,G,6,2007,2,7,8,2,2,1,1,4,1,2,1,4,1,2,11,6+,?,7, ?,2,2
7,66,G,7,2007,2,6,8,2,?,2,1,2,3,1,3,4,3,2,9,11,?,7, ?,2,2
8,66,F,6,2007,3,1,1,2,2,1,2,3,1,1,1,1,1,2,9,6,1,1,50,2,1
2,66,F,4,2007,2,2,2,2,1,1,1,1,1,1,1,4,1,2,11,1,1,1, ?,2,2
3,61,G,4,2007,3,1,1,2,2,1,1,1,1,1,1,1,1,2,6,6,1,7, ?,2,2
4,61,F,3,2007,3,1,1,2,2,1,1,3,1,3,1,4,1,2,17,6,1,1,20,2,2
2,61,F,2,2007,1,1,1,2,2,1,2,1,1,1,1,1,1,2,9,6,1,1,35,1,2
2,61,G,3,2007,3,1,1,2,2,1,1,1,1,1,1,1,?,?,9,6,2,1,29,1,2
2,61,G,3,2007,2,7,1,2,2,1,1,1,1,1,1,4,1,2,5,11,1,1, ?,2,2
2,61,F,4,2007,2,7,8,2,2,1,1,1,1,1,?,4,1,1, ?,5,1,1,40,2,2
1,61,G,2,2007,3,7,8,?,2,1,1,1,1,1,1,1,?,?,14, ?,?,7, ?,?,?
1,61,F,3,2007,4,1,1,2,2,1,4,1,1,1,1,1,?,?, ?, ?,1,1, ?,2,2
1,61,G,4,2007,3,1,1,2,2,1,1,1,1,1,1,1,1,2,9,6,1,1, ?,2,2
1,61,F,5,2007,3,?,?,2,2,1,1,1,1,1,1,1,1,1,9,1,?,?,45,2,2
10,63,F,1,2007,3,1,8,2,2,1,1,1,1,1,1,3,1,2,9,11,1,7,33,2,2
10,63,F,1,2007,2,1,1,2,2,1,1,4,1,3,2,4,?,?,11,6,1,7,35,2,2
14,63,G,1,2007,2,1,1,2,2,1,2,1,1,1,1,1,1,2,14,5,1,1,35,2,2
14,63,F,2,2007,1,1,1,2,2,1,4,1,1,1,1,1,1,2,14,5,1,1,48,2,2
14,63,F,3,2007,3,1,1,2,2,1,1,1,1,1,1,1,1,2,9,6,1,7, ?,2,2
14,63,F,3,2007,1,1,1,2,2,1,1,1,1,1,1,1,1,2,10,6,1,1, ?,2,2
14,63,G,3,2007,2,1,1,2,2,1,2,1,1,1,1,1,1,2,14,5,1,1,35,2,2
11,63,G,1,2007,2,1,1,2,2,1,1,2,1,1,1,1,1,1,9,6,1,1,26,2,2
1,62,F,1,2007,3,1,1,1,2,1,1,1,1,1,1,2,1,2,12,4,1,1,30,2,2
1,62,F,1,2007,4,3,1,2,2,1,4,1,1,1,1,2,1,2,19,6,1,7, ?,2,2
1,62,F,1,2007,3,3,8,2,2,1,2,1,1,1,1,2,1,1,9,6,1,7, ?,2,2
1,62,F,3,2007,3,1,1,2,2,1,1,1,1,1,1,4,1,2,12,6,1,7, ?,2,2
1,62,F,3,2007,2,3,1,2,1,1,1,1,1,1,1,2,1,1,9,4,1,1,40,2,2
1,62,F,3,2007,1,1,1,2,2,1,4,1,1,1,1,2,1,1,8,6,1,7,30,2,2
1,62,F,3,2007,4,1,1,1,2,1,4,2,1,1,1,2,1,1,9,1,1,1,38,2,2
1,62,F,3,2007,3,1,1,2,2,1,1,1,1,1,1,2,1,2,9,6,1,1, ?,2,2
1,62,F,3,2007,4,?,1,2,2,1,4,1,1,1,1,2,1,2,19,6,1,7, ?,2,2
1,62,F,4,2007,2,1,1,2,2,1,1,1,1,1,1,2,1,2,8,6,?,?, ?,?,?
1,62,F,4,2007,2,2,1,2,2,1,1,1,1,1,1,2,1,2,9,6,1,1,33,2,2
1,62,F,4,2007,3,1,1,2,2,1,1,1,1,1,1,2,1,2,12,6,1,?,34,2,2
1,62,F,4,2007,2,1,1,2,2,1,1,1,1,1,1,2,1,2,19,1,1,7, ?,2,2
2,62,F,1,2007,2,1,1,2,2,1,1,1,1,1,1,4,1,2,17,6,1,7, ?,1,2
4,62,F,2,2007,2,1,1,1,2,1,1,1,1,1,1,4,1,2,4,11,1,7,30,1,2
2,62,G,5,2007,2,4,1,2,1,1,2,1,1,1,1,3,1,2,12,4,1,7, ?,2,2
4,62,F,3,2007,2,1,1,2,2,1,1,3,1,1,1,4,1,2,8,11,1,7, ?,1,2
4,62,G,3,2007,3,1,1,2,2,1,1,1,1,1,1,4,1,2,9,11,1,7, ?,2,2
4,62,F,4,2007,2,7,1,1,2,1,1,1,1,1,1,2,1,2,8,6,1,7, ?,1,2
3,62,G,3,2007,1,?,1,2,2,1,1,1,1,1,1,2,1,2,12,6,1,?,38,2,?
3,62,F,4,2007,2,3,1,2,2,1,1,1,1,1,2,4,1,2,6,6,1,7,28,2,2
3,62,F,5,2007,2,1,1,2,2,1,1,1,1,1,1,2,1,2,9,6,1,7,40,2,2
1,67,F,3,2007,4,1,1,2,2,1,2,3,1,1,1,1,1,1,14,6,1,7, ?,1,2
1,67,G,4,2007,3,1,1,2,2,1,1,1,1,1,1,1,1,1,14,6,2,?, ?,2,2
4,67,S,5,2007,2,4,1,2,2,1,1,4,1,1,2,3,1,2,14,2,1,1,40,2,2
4,67,F,5,2007,4,7,1,2,2,1,1,1,1,1,1,3,1,2,7,6,1,7, ?,2,2
2,67,S,3,2007,2,1,1,1,2,1,1,4,1,1,1,4,1,2,11,6,1,1, ?,2,2
2,67,F,4,2007,2,7,1,1,2,1,1,2,1,1,1,3,1,?,11,1,2,1,35,2,2
7,67,G,3,2007,4,1,7,2,1,4,4,1,1,1,1,4,1,2,14,7,1,7, ?,2,2
6,67,F,4,2007,2,1,1,2,2,1,1,4,1,1,1,3,1,2,14,6,1,1,50,2,2
5,63,G,2,2007,2,3,2,2,2,1,1,1,1,1,1,2,1,2,8,6,1,7,33,2,2
5,63,F,2,2007,4,1,1,2,2,1,3,1,1,1,1,2,1,2,13,6,1,7, ?,2,2
6,63,G,3,2007,3,7,8,2,2,1,1,1,1,1,1,4,1,2,9,11,1,1,28,2,2
6,63,S,3,2007,2,3,8,2,2,1,1,1,1,1,1,1,1,2,14,4,1,7,39,2,2
4,63,G,1,2007,3,1,1,2,2,1,1,1,1,1,1,1,1,2,8, ?,2,1, ?,2,2
4,63,G,1,2007,3,1,1,2,2,1,1,1,1,1,1,1,1,2,10, ?,1,1,26,2,1
4,63,S,3,2007,4,3,1,2,2,1,1,1,1,1,1,1,1,2,4,1,1,1, ?,2,2
4,63,F,3,2007,3,3,1,2,2,1,1,1,1,1,1,1,1,2,14,6,1,1, ?,2,2
1,63,F,1,2007,2,?,1,?,?,4,2,1,5,1,2,4,1,2,8,5,1,1,25,2,2
1,63,G,4,2007,4,1,1,2,2,1,4,1,1,1,2,3,1,2,5,6,1,1, ?,2,2
2,63,F,2,2007,2,3,1,1,2,1,1,1,1,1,1,3,4,2,11,6,2,3,22,2,2
9,63,F,2,2007,1,7,3,2,2,1,4,1,1,1,1,1,1,1,9,6,1,1, ?,2,2
9,63,F,2,2007,3,7,1,2,2,1,1,1,1,1,1,1,1,2,7,6,1,7, ?,2,2
9,63,G,3,2007,2,7,1,2,2,1,1,2,1,1,1,1,1,2,14,2,1,1,28,2,2
9,63,F,3,2007,2,7,1,2,2,1,1,1,1,1,1,1,1,2,9,6,1,7, ?,2,2
9,63,F,4,2007,2,7,1,2,2,1,1,1,1,1,1,1,1,2,8,6,1,1,39,2,2
9,63,F,4,2007,3,7,1,2,2,1,1,1,1,1,1,1,1,2,8,4,1,1, ?,2,2
9,63,F,4,2007,3,7,3,2,2,1,1,1,1,1,1,1,1,2,7,6,1,2,25,2,2
13,63,F,1,2007,3,1,1,1,2,1,1,1,1,1,1,1,1,2,14,6,1,1,37,2,2
13,63,F,1,2007,2,3,1,1,2,4,2,1,1,1,1,1,?,2,13,6,1,1,21,2,2
7,63,F,1,2007,2,2,?,2,2,1,1,1,1,1,1,1,1,2,9,6,1,1,38,2,2
7,63,S,2,2007,2,1,1,2,2,1,1,1,1,1,1,1,1,2,8,6,1,1,30,2,2
7,63,G,3,2007,2,7,8,2,2,1,1,1,1,1,1,1,1,2,7,11,1,1, ?,2,2
7,63,G,3,2007,2,1,8,2,2,1,1,1,1,1,1,1,1,2,14,6,1,1, ?,2,2
7,63,G,3,2007,4,1,?,2,1,1,4,2,1,1,1,1,1,2,14, ?,1,1, ?,2,1
7,63,F,4,2007,3,1,1,1,2,1,1,1,1,1,1,1,1,2,11,6,1,?,25,2,2
7,63,G,4,2007,1,7,1,1,2,1,4,1,3,1,1,1,1,2,13,2,1,1,25,2,2
7,63,F,4,2007,4,1,2,2,2,1,2,1,1,1,1,1,?,?, ?, ?,?,?, ?,?,?
7,63,M,4,2007,3,1,4,2,2,1,1,1,1,1,1,1,1,2,8,5,1,1,50,2,2
12,58,F,1,2007,2,7,1,1,2,1,1,3,1,1,2,3,1,2,12,6,1,1,40,1,2
12,58,F,3,2007,3,7,1,2,2,1,1,3,1,1,1,3,1,2,11,6,1,1, ?,1,2
3,58,F,5,2007,3,7,8,2,2,1,1,1,1,1,1,4,1,2,12,5,?,7,27,2,2
4,58,G,3,2007,3,1,1,2,2,1,1,1,1,1,1,1,1,2,9,6,1,?,30,?,2
2,58,F,1,2007,2,1,1,2,?,1,1,1,1,1,1,1,1,1,7,6,1,1,30,2,2
6,58,F,1,2007,3,1,1,2,2,1,1,1,1,1,1,1,1,2,9,6,1,1,30,2,2
6,58,F,4,2007,3,2,1,2,?,1,1,1,1,1,1,1,1,1,14,6,1,1,45,2,2
7,58,F,1,2007,3,7,8,2,2,1,1,1,1,1,1,1,1,2,10,5,1,1,30,2,2
7,58,F,1,2007,2,1,1,2,2,1,2,1,1,1,1,1,1,2,9,1,1,1, ?,2,2
7,58,F,1,2007,2,7,1,2,2,1,1,1,1,1,1,1,2,2,8,11,1,1, ?,2,2
7,58,F,1,2007,3,1,8,2,2,1,1,1,1,1,1,1,1,2, ?, ?,?,?, ?,?,?
7,58,G,3,2007,1,1,2,2,1,1,1,1,1,1,1,1,1,2,9,5,1,1, ?,2,2
7,58,G,3,2007,3,3,1,2,2,1,1,1,1,1,1,1,1,2,14,6,1,1,25,2,2
7,58,F,4,2007,1,?,1,2,2,1,?,?,1,1,1,1,?,?, ?, ?,?,?, ?,?,?
7,58,F,4,2007,2,1,1,2,2,1,1,1,1,1,1,3,1,2,9,6,1,1, ?,2,2
7,58,F,5,2007,1,7,1,2,2,1,4,1,1,1,1,1,1,2,14,5,1,1,35,2,2
7,58,F,5,2007,2,1,1,2,2,1,1,1,1,1,1,1,1,?,8,6,1,3, ?,2,2
7,58,F,5,2007,1,1,1,2,2,1,4,1,1,1,1,1,1,2,9,6,1,1,37,2,2
7,58,G,5,2007,3,1,1,2,2,1,1,1,2,1,1,1,1,2,9,5,1,1, ?,2,2
8,63,F,1,2007,4,3,?,2,2,1,4,1,1,1,1,1,1,2,9,11,1,1, ?,2,2
8,63,F,3,2007,3,7,3,2,2,1,1,1,1,1,1,1,1,2,9,6,1,1, ?,2,2
8,63,F,3,2007,4,3,3,2,2,1,4,1,1,1,1,1,1,2,12,6,1,1, ?,2,2
8,63,F,3,2007,3,7,8,1,1,1,1,1,1,1,1,1,4,2,12,6,1,7, ?,?,?
8,63,F,3,2007,3,7,8,2,2,1,1,1,1,1,1,1,1,1,14,11,1,1, ?,2,2
8,63,F,3,2007,2,7,8,2,2,1,1,1,1,1,1,1,1,1,8,5,1,1,35,2,2
8,63,S,4,2007,1,1,8,1,2,1,2,1,1,1,1,1,1,2,14,2,1,1, ?,2,2
8,63,F,4,2007,3,2,2,2,1,2,1,1,2,1,1,1,1,2,8,6,1,?,40,2,2
8,63,F,4,2007,1,1,8,1,2,1,2,1,1,1,1,1,1,2,19,6,1,7, ?,2,2
1,68,F,6,2007,2,7,1,1,2,2,1,2,2,1,2,3,1,2,11,6,2,7, ?,2,2
3,68,F,1,2007,3,7,8,2,2,1,1,2,1,1,1,3,1,2,8,4,1,1, ?,2,2
3,68,F,2,2007,4,7,8,2,2,1,4,4,1,3,2,4,1,2,11,6,2,7,38,2,2
3,68,F,3,2007,2,7,8,2,2,1,4,1,1,2,2,4,1,2,11,6,?,?, ?,2,2
3,68,F,3,2007,3,1,8,2,2,1,1,1,1,2,2,4,1,2,11,11,1,7, ?,2,2
4,68,F,2,2007,3,1,1,1,2,1,1,1,1,1,1,4,1,2,11,6,1,5, ?,2,2
3,68,G,5,2007,2,1,1,1,2,2,2,4,2,1,2,3,4,2,11,6,1,1, ?,1,1
9,67,F,6,2007,2,1,1,2,2,1,1,1,1,1,1,3,1,2,9,6,2,?, ?,2,2
6,60,F,1,2007,3,7,8,2,2,1,1,1,1,1,1,1,1,1,7,11,1,7,35,1,1
3,60,F,3,2007,3,1,1,2,2,1,1,1,1,1,1,1,1,1,9,6,1,1,39,1,2
5,60,F,2,2007,1,1,1,2,1,1,1,1,1,1,1,4,1,2,14,6,1,1,32,2,2
5,60,F,3,2007,2,1,1,2,2,1,1,1,1,1,1,1,1,2, ?,6,?,?, ?,2,2
1,60,F,3,2007,3,1,3,2,2,1,1,1,1,1,1,2,1,2,9, ?,1,7, ?,1,2
1,60,F,3,2007,2,7,1,2,2,1,1,1,1,1,1,1,1,2,12,6,?,4, ?,1,2
1,60,F,4,2007,3,1,1,2,2,1,1,1,1,1,1,1,1,2,14,6,1,1, ?,2,2
1,60,G,5,2007,3,1,1,2,2,1,1,1,1,1,1,2,1,2,9,5,1,7, ?,1,2
1,60,F,6,2007,3,3,1,2,2,2,1,1,2,1,1,2,1,2,12,6,1,1,25,2,2
1,60,F,6,2007,2,1,8,2,2,1,1,1,1,1,1,1,1,1, ?, ?,?,?, ?,?,?
1,60,F,8,2007,3,1,1,2,2,1,1,1,1,1,1,2,1,2,5,6,1,?, ?,1,2
2,60,F,4,2007,2,1,1,1,2,1,1,1,1,1,1,3,1,2,9,6,?,?, ?,2,2
8,60,F,4,2007,3,7,8,2,2,2,1,1,2,1,1,3,1,2,8,6,1,3, ?,2,2
4,60,F,2,2007,3,7,3,2,2,1,1,1,1,1,1,4,1,2,11,11,1,7, ?,2,2
4,60,F,2,2007,3,7,8,1,2,1,1,1,1,1,1,4,1,2,11,6,1,7, ?,2,2
4,60,F,5,2007,3,7,8,1,2,1,1,1,1,1,1,4,1,2,11,2,1,3,35,1,2
4,60,G,6,2007,1,7,8,2,2,1,4,1,1,1,1,4,1,2,11,5,?,?, ?,2,?
5,59,F,1,2007,2,?,1,2,2,1,1,1,1,1,1,2,1,2,8,6,2,1,34,2,2
5,59,F,2,2007,3,?,1,2,2,1,1,2,1,1,2,2,1,2,16,1,1,7, ?,?,?
5,59,F,3,2007,3,1,1,2,2,1,1,1,1,1,1,2,1,2,8,5,1,7, ?,2,2
2,59,F,7,2007,1,7,1,2,2,2,2,1,2,1,1,2,1,2,19,11,1,7, ?,2,2
2,59,F,7,2007,4,7,1,2,2,2,1,2,2,1,1,2,1,2,7,11,1,7, ?,2,2
2,59,S,7,2007,3,4,8,1,2,2,1,2,2,1,1,3,1,2,9,4,?,1,40,2,2
7,59,F,1,2007,3,1,1,2,2,1,1,1,1,1,1,2,1,2,9,6,1,7, ?,1,2
7,59,F,4,2007,2,1,1,2,2,1,1,1,1,1,1,2,1,2,9,6,1,7, ?,2,2
7,59,F,6,2007,4,2,3,2,2,1,4,1,1,1,1,4,1,2,19,6,1,7, ?,1,2
6,59,G,6,2007,2,7,8,2,2,1,1,1,1,1,1,4,1,2,8,6,1,7, ?,2,2
6,59,G,7,2007,3,4,1,2,2,1,1,?,1,1,1,3,1,2,8,2,1,1,24,2,2
4,59,F,1,2007,1,7,1,2,2,4,2,1,1,1,1,2,1,2,9,6,1,1,30,2,2
4,59,F,1,2007,2,7,1,2,2,1,1,1,1,1,1,4,1,2,5,6,1,7, ?,2,2
2,57,G,3,2007,4,2,4,?,1,1,3,1,1,1,1,4,1,2,6,9,1,2, ?,?,?
2,57,F,3,2007,3,2,?,?,?,?,?,?,?,?,?,4,?,?,6, ?,?,?, ?,?,?
2,57,F,5,2007,2,?,?,?,?,?,?,?,?,?,?,4,?,2, ?, ?,?,?, ?,?,?
8,57,F,2,2007,1,1,1,2,2,1,2,1,1,1,1,1,1,2,6,6,1,1,25,?,2
8,57,F,3,2007,4,1,1,2,2,1,3,1,1,1,1,1,1,2,4,6,1,1,30,?,1
8,57,F,4,2007,4,7,1,2,2,1,2,1,1,1,1,1,1,2,9,6,?,?, ?,?,?
8,57,F,5,2007,2,1,1,2,2,1,1,1,1,1,1,1,1,2,1,6,?,?, ?,?,?
6,57,F,8,2007,2,1,1,1,2,1,1,1,1,1,1,3,1,2,6, ?,?,?, ?,2,2
7,57,F,8,2007,3,3,1,2,2,2,1,1,2,1,1,4,3,2,6,9,1,1, ?,2,2
5,57,F,4,2007,3,1,8,2,?,1,1,1,1,1,1,1,1,2,9,8,1,?, ?,?,2
5,57,F,5,2007,2,1,1,1,2,1,2,1,1,1,1,4,1,2, ?, ?,?,?, ?,1,2
5,57,F,6,2007,4,1,1,2,2,1,4,1,1,1,1,4,?,2,6, ?,?,?,25,?,2
1,57,F,3,2007,3,3,4,2,2,1,1,1,1,1,1,1,1,2, ?, ?,?,?, ?,?,?
1,57,F,7,2007,4,7,4,2,2,1,4,1,1,1,1,1,1,2,19,6,?,7, ?,2,2
1,57,F,7,2007,3,3,4,2,2,1,1,1,1,1,1,1,1,1,9,3,?,?, ?,2,2
1,57,F,7,2007,3,1,3,2,?,1,1,1,1,1,1,1,1,2,9,6,?,?, ?,?,?
1,57,F,8,2007,3,3,1,2,2,1,1,1,1,1,1,1,1,2,6,5,?,?, ?,?,?
3,57,F,5,2007,4,1,8,2,2,1,4,?,?,?,1,1,?,2, ?,6,?,?, ?,?,2
3,57,F,6,2007,2,7,1,2,2,2,1,1,2,1,1,1,2,2, ?,6,?,?, ?,2,2
3,57,S,6,2007,2,6,1,2,2,2,1,1,2,1,1,1,1,2, ?,6,?,?, ?,?,2
3,57,F,7,2007,3,7,1,2,2,2,1,1,1,1,1,1,?,2,9, ?,?,?, ?,?,2
3,57,F,8,2007,3,7,1,1,2,2,1,1,2,1,1,1,1,2, ?,6,1,?, ?,2,2
2,63,S,6,2007,2,7,1,2,2,1,1,1,1,1,1,4,1,2,9,5,1,1, ?,2,2
4,63,F,8,2007,2,1,1,1,2,1,1,1,1,1,1,1,1,2,14,6,1,7,28,2,2
11,63,F,7,2007,2,1,1,2,2,1,1,1,1,1,1,3,1,2,11,4,1,6,30,1,2
9,63,F,7,2007,3,7,1,2,2,1,1,1,1,1,1,1,1,2,4,6,1,1, ?,2,2
9,63,G,7,2007,3,1,1,2,2,1,4,1,1,1,1,1,1,2,5,6,1,1,36,2,2
9,63,G,7,2007,3,7,1,2,2,1,1,2,1,1,1,1,1,2,8,2,1,1, ?,2,2
7,63,F,6,2007,3,1,1,2,2,2,1,1,2,1,1,1,1,2,8,6,1,1,45,2,2
7,63,G,6,2007,3,1,1,2,2,1,1,1,1,1,1,1,1,2,19,6,1,1,30,2,2
7,63,G,6,2007,2,1,1,2,2,1,1,1,1,1,1,1,1,2,9,6,1,1, ?,2,2
7,63,G,7,2007,3,3,?,2,2,1,1,?,?,1,?,1,1,2, ?, ?,?,?, ?,?,?