Thana,District,Accident_Severity,Month,Year,Time,Junction_Type,Traffic_Control,Movement,Divider,Weather,Light,Road_Geometry,Surface_Condition,Surface_Type,Surface_Quality,Road_Class,Road_Feature,Location_Type,Vehicle_Type,Vehicle_Movement,Vehicle_Loading,Vehicle_Defect,Vehicle_Driver_Age,Vehicle_Alcohol,Vehicle_Seat_Belt
3,40,F,2,2007,2,1,1,2,2,1,1,1,1,1,1,1,1,2,9,6,1,1, ?,2,2
3,40,F,2,2007,2,1,1,2,2,1,1,1,1,1,1,1,1,2,9,6,1,1, ?,2,2
1,46,F,1,2007,3,1,1,2,2,1,1,1,1,1,1,1,1,2,7,6,1,1, ?,2,2
1,46,F,1,2007,2,1,1,2,2,1,1,1,1,1,1,3,1,2,8,6,1,1, ?,2,2
1,46,G,2,2007,4,1,1,2,2,1,1,1,1,1,1,1,1,2,14,6,1,1, ?,2,2
1,46,F,2,2007,3,1,1,2,2,1,1,1,1,1,1,1,1,2,8,6,1,1, ?,2,2
1,46,F,2,2007,2,1,1,2,2,1,1,1,1,1,1,1,1,2,8,6,1,1, ?,2,2
1,46,F,2,2007,3,1,1,2,1,1,2,1,1,1,1,1,1,2,9,6,1,1, ?,2,2
6,46,G,1,2007,1,1,1,2,2,1,1,1,1,1,1,3,1,2,9,6,1,1, ?,2,2
6,46,F,2,2007,2,1,1,2,2,1,1,1,1,1,1,1,1,2,14,6,1,1, ?,2,2
6,46,F,2,2007,1,1,1,2,2,1,1,1,1,1,1,1,1,2,14,6,1,1, ?,2,2
6,46,G,2,2007,1,1,1,2,2,1,1,1,1,1,1,1,1,2,9,6,1,1, ?,2,2
9,47,G,7,2007,3,1,1,2,2,2,1,1,2,1,1,3,1,2,8,6,1,1,30,2,2
7,41,F,7,2007,2,2,3,2,2,1,1,1,1,1,1,1,1,1,9,11,1,1, ?,1,2
7,41,F,7,2007,4,1,1,2,2,1,4,1,1,1,1,1,1,2,8,6,1,7, ?,1,2
7,41,F,7,2007,2,7,1,2,2,1,1,1,1,1,1,1,1,1,9,11,1,1,52,2,2
7,41,F,7,2007,2,2,1,2,2,1,1,1,1,1,1,1,1,2,9,4,1,1, ?,2,2
7,41,F,7,2007,4,7,8,2,2,1,1,1,1,1,1,1,1,1,9,11,1,1, ?,2,2
7,41,F,7,2007,2,7,3,2,2,1,1,1,1,1,1,1,1,1,9,11,1,1, ?,2,1
6,41,G,7,2007,4,7,1,1,2,1,1,5,1,1,1,3,1,2,19,11,1,1, ?,2,2
6,41,F,7,2007,3,7,1,1,2,1,1,?,1,1,1,1,1,2,9,10,1,1, ?,2,2
4,44,S,7,2007,4,1,1,2,2,1,4,1,1,1,1,3,1,2,19,6,1,1,20,2,2
6,44,G,7,2007,3,1,1,1,1,1,3,1,1,1,1,1,1,1,5,11,1,1,42,2,2
6,44,F,7,2007,3,2,1,1,1,1,1,1,1,1,1,1,1,1,14,6,1,1,32,2,2
6,44,F,7,2007,3,2,1,2,1,1,1,1,1,1,1,1,1,1,13, ?,?,?, ?,?,?
6,44,F,7,2007,1,7,5,2,1,1,1,1,1,1,1,1,1,2,19,11,?,7, ?,1,?
7,44,F,7,2007,3,7,1,1,1,1,3,1,1,1,1,1,1,2, ?,6,?,?, ?,?,?
7,44,F,7,2007,2,1,1,1,1,1,2,1,1,1,1,1,1,2,9,6,2,6, ?,1,2
7,44,F,7,2007,2,2,1,2,1,1,1,1,1,1,1,1,1,2,14,6,?,?, ?,?,2
7,44,F,7,2007,2,7,1,2,2,1,1,1,1,1,1,1,1,2,9,6,1,1, ?,1,2
5,44,F,7,2007,3,1,1,2,2,1,1,1,1,1,1,1,1,1,19, ?,1,1, ?,1,2
5,44,F,7,2007,2,1,1,2,2,1,1,1,1,1,1,1,1,2,9,6,1,7,40,1,2
5,44,F,7,2007,2,7,3,2,1,1,1,1,1,1,1,1,1,2,19,8,1,7, ?,2,2
1,45,F,7,2007,2,7,1,2,2,1,1,1,1,1,1,1,1,2,9,6,1,7, ?,1,2
1,50,F,6,2007,2,7,8,2,2,1,1,1,1,1,2,3,1,2,19,11,1,7, ?,2,2
1,50,S,7,2007,4,4,5,2,1,1,3,1,1,1,1,2,1,1,5,9,?,1,18,2,2
1,50,F,7,2007,4,4,5,2,1,1,3,1,1,1,1,3,1,2,6,10,1,1, ?,1,2
1,50,F,7,2007,2,7,1,2,2,1,1,1,1,1,1,1,1,2,9,6,1,1, ?,1,2
10,50,G,7,2007,3,7,8,2,2,1,1,1,1,1,1,1,1,1,9,4,1,1, ?,1,2
10,50,F,7,2007,3,1,1,2,2,2,1,1,2,1,1,1,1,2,9,6,1,1,35,1,2
10,50,F,7,2007,3,7,1,1,2,1,1,1,1,1,1,1,3,2,14,11,1,1, ?,2,2
4,50,F,7,2007,3,1,1,1,2,1,1,1,1,1,1,3,1,2,6,6,1,1, ?,2,2
12,50,F,7,2007,1,7,1,1,2,2,4,1,2,1,3,3,3,2,14,6,1,1,50,2,2
12,50,F,7,2007,3,7,1,1,2,1,1,1,1,1,1,1,1,2,9,6,1,1, ?,2,2
2,50,F,7,2007,3,7,1,2,?,1,1,1,1,1,1,1,1,2,9,6,1,1,28,1,2
6,50,F,7,2007,1,7,8,1,2,1,1,1,1,1,1,3,1,2,8,6,1,1,35,2,2
6,50,F,7,2007,3,2,1,1,2,1,1,1,1,1,1,3,1,1,12,11,1,7, ?,2,2
13,50,S,7,2007,3,7,1,1,2,1,2,1,1,1,1,1,1,2,7,6,1,1,30,1,2
1,35,F,7,2007,3,7,1,1,2,1,1,1,1,1,1,3,?,?,14,2,1,6, ?,1,2
1,35,G,7,2007,1,7,4,1,1,1,1,1,1,1,1,2,1,2,10,6,1,1, ?,1,2
1,35,G,7,2007,3,7,1,1,2,1,1,1,1,1,1,3,1,2,9,3,1,1, ?,2,2
1,35,G,7,2007,2,7,1,1,2,1,1,2,1,1,1,3,1,1,10,2,1,1,50,2,2
4,35,F,7,2007,2,7,1,1,2,1,1,1,1,1,1,1,1,2, ?, ?,?,?, ?,2,2
2,35,F,7,2007,2,7,1,1,2,1,2,1,1,1,1,3,1,2, ?, ?,?,?, ?,1,2
10,52,F,7,2007,3,1,1,1,2,1,1,1,1,1,1,2,1,2,9,6,1,1,40,1,2
1,52,G,7,2007,2,?,3,1,2,1,1,1,1,1,1,2,1,2, ?, ?,?,?,35,2,2
6,52,F,7,2007,2,1,1,2,2,2,1,2,1,1,1,3,1,2,9,6,1,7,39,2,2
2,52,G,7,2007,3,1,1,1,2,1,1,2,1,1,1,3,1,2,7,6,1,1, ?,1,2
8,52,F,6,2007,4,7,8,2,2,1,4,1,1,1,1,3,1,2,11,6,1,1, ?,1,2
1,48,G,7,2007,3,1,1,2,1,1,2,2,1,1,1,3,1,2,9,6,1,1, ?,2,2
5,48,F,7,2007,3,1,1,1,2,2,1,1,2,1,1,3,1,2,19,6,1,1,25,2,2
4,49,F,7,2007,3,1,1,2,2,1,1,1,1,1,1,4,1,2,19,11,?,?,22,1,2
12,51,F,7,2007,2,7,8,1,2,2,2,2,2,1,1,2,1,2,9,6,1,1, ?,2,2
9,47,G,7,2007,3,1,1,1,2,1,1,1,2,1,1,3,1,2,9,10,1,1,30,2,2
9,47,F,7,2007,2,1,1,2,2,2,4,1,2,1,1,1,1,2, ?, ?,?,?, ?,?,2
9,47,F,7,2007,1,3,8,2,2,2,4,1,2,1,1,1,1,2, ?, ?,1,1, ?,2,2
9,47,M,7,2007,1,3,1,2,2,2,4,1,2,1,1,1,1,2,14,6,1,1, ?,2,2
1,47,F,7,2007,4,7,1,2,2,1,3,1,1,1,1,3,1,1,9,6,1,7, ?,2,2
9,47,S,7,2007,?,1,1,2,2,1,1,1,1,1,1,1,3,2,14,9,1,1,52,1,2
7,47,F,7,2007,2,7,8,1,2,1,1,1,1,1,1,1,1,2,9,6,1,1, ?,2,2
2,47,F,7,2007,4,7,1,2,2,1,4,1,1,1,1,1,1,2,19,6,?,7, ?,2,2
1,47,F,7,2007,2,7,1,2,2,1,1,1,1,1,1,1,1,2,9,11,1,7, ?,2,2
11,47,F,7,2007,3,1,1,1,2,1,1,1,1,1,1,3,1,2,6,6,1,1, ?,2,2
13,51,F,7,2007,1,1,1,1,2,1,2,1,5,1,2,3,1,2, ?,6,1,1, ?,?,2
8,51,F,7,2007,2,1,2,1,2,1,1,1,1,1,1,2,1,2,9,6,1,1, ?,2,2
8,51,F,7,2007,2,7,1,1,2,1,1,1,1,1,1,2,1,2,16,11,1,7,35,2,2
7,38,F,7,2007,2,7,8,1,2,1,1,1,1,1,1,1,1,2,9,6,1,1, ?,2,2
3,38,F,7,2007,3,1,8,1,2,2,1,2,2,1,1,1,1,2,12,6,1,1, ?,1,2
3,38,F,7,2007,1,1,8,1,2,1,4,1,1,1,1,1,1,2,9,6,1,1,25,1,2
3,38,F,7,2007,3,1,8,1,2,1,1,1,2,1,1,1,1,2,11,6,1,1, ?,2,2
6,38,F,7,2007,1,7,1,1,2,1,2,4,1,1,1,1,1,2,14,2,2,1, ?,1,2
1,38,F,7,2007,2,1,1,2,2,1,1,1,1,1,1,1,1,2,14,6,1,1,43,2,2
6,38,S,7,2007,3,7,1,1,2,2,1,1,2,1,1,3,1,2,9,1,1,1,35,2,2
3,38,F,7,2007,1,1,8,1,2,1,4,1,1,1,1,1,1,2, ?, ?,?,?, ?,?,?
3,39,F,7,2007,3,1,8,1,2,1,1,1,1,1,1,3,1,2,5,6,1,1,30,2,2
3,39,F,7,2007,2,1,8,2,2,1,1,1,1,1,1,1,1,2,14,11,1,1,35,2,2
3,39,S,7,2007,4,1,1,2,1,1,4,1,1,1,1,1,1,2,9,6,1,1, ?,2,2
6,44,F,9,2007,4,1,1,2,1,1,4,1,1,1,1,1,1,1, ?, ?,?,?, ?,2,2
6,44,F,9,2007,1,1,1,1,2,1,1,1,1,1,1,3,1,2, ?, ?,?,?, ?,2,2
6,44,F,9,2007,2,1,1,2,1,1,1,1,1,1,1,1,1,1, ?, ?,?,?, ?,?,?
7,44,S,9,2007,2,?,1,1,2,1,1,1,1,1,1,3,1,2,9,6,1,?,30,2,2
5,44,F,9,2007,4,1,1,1,2,1,2,1,1,1,1,1,1,2,14,6,1,1,28,2,2
5,44,F,9,2007,2,3,1,1,2,1,1,1,1,1,1,1,1,2,9,6,1,1, ?,2,2
10,52,G,9,2007,1,1,?,2,1,1,1,1,1,1,1,2,1,1,13,11,1,1,40,2,2
1,52,G,8,2007,2,3,1,1,2,1,2,1,1,1,1,3,1,2,6,6,1,1,27,2,2
4,44,F,8,2007,2,1,1,1,2,1,1,1,1,1,1,2,1,1,8,6,1,1,30,2,2
4,44,F,8,2007,3,7,1,1,2,1,1,1,1,1,1,3,1,2,14,6,1,1, ?,2,2
4,44,F,8,2007,3,1,1,1,2,1,1,1,1,1,1,3,1,2,9,6,1,1,32,2,2
3,44,F,8,2007,1,4,1,2,1,1,2,1,1,1,1,1,1,2,19,6,1,1, ?,2,2
6,44,F,8,2007,3,4,1,1,2,1,1,1,1,1,1,2,1,2,14,6,1,1,40,2,2
6,44,F,8,2007,2,1,1,1,2,1,2,1,1,1,1,2,1,2,5,6,1,7,35,2,2
7,44,F,8,2007,4,7,1,1,2,1,2,1,1,1,1,1,1,2, ?, ?,?,?, ?,2,2
5,44,F,8,2007,3,7,1,1,2,1,1,1,1,1,1,1,1,1,9,6,1,1, ?,2,2
5,44,F,8,2007,2,7,1,1,2,1,1,1,1,1,1,1,1,1,9,6,1,1, ?,2,2
5,44,F,8,2007,3,1,1,1,2,1,1,1,1,1,1,1,1,2,14,6,1,1, ?,2,2
2,52,F,8,2007,2,7,8,1,1,1,1,1,1,1,1,4,1,2,19,6,1,1,26,2,2
3,52,F,8,2007,3,6,2,1,2,1,1,2,1,1,1,3,1,2,9,2,1,1,35,2,2
8,52,F,8,2007,2,5,3,2,1,1,1,2,1,1,1,3,1,2,4,1,1,1,27,2,2
5,41,F,8,2007,2,7,3,1,2,1,1,1,1,1,1,1,1,1,8,6,2,7, ?,2,2
5,41,F,8,2007,3,7,1,2,1,1,1,1,1,1,1,1,1,1,9,6,1,1, ?,2,2
5,41,F,8,2007,3,7,1,2,1,1,1,1,1,1,1,1,1,1,9,6,2,7, ?,2,2
7,41,F,8,2007,3,7,4,1,2,1,1,1,1,1,1,1,1,2,9,6,1,7, ?,2,2
1,41,F,8,2007,2,1,1,1,2,1,1,1,1,1,1,1,1,2, ?, ?,?,?, ?,2,2
2,41,F,8,2007,?,1,1,1,2,1,2,1,1,1,1,3,1,2,5,6,1,1,40,2,2
1,47,F,8,2007,3,1,1,1,2,1,1,1,1,1,1,1,1,2,9,5,1,7, ?,2,2
1,47,M,8,2007,1,1,1,2,2,1,4,1,1,1,1,5,1,1,14,6,1,1,37,2,2
1,47,F,8,2007,1,4,1,1,2,1,2,1,1,1,1,1,1,2,14,10,1,1,40,2,2
12,47,F,8,2007,3,1,3,1,2,1,1,5,1,1,1,1,1,2,12,6,1,1,30,2,2
5,47,F,8,2007,2,1,1,1,2,1,1,1,1,1,1,3,1,2, ?, ?,?,?, ?,?,?
8,47,F,8,2007,4,7,1,1,2,1,2,1,1,1,1,3,1,2,6,6,1,7, ?,2,2
8,47,F,8,2007,3,1,1,1,2,1,1,1,1,1,1,1,1,2,9,11,1,7, ?,2,2
8,47,F,8,2007,3,1,1,1,2,1,1,1,1,1,1,3,1,2,14,6,1,1, ?,2,2
7,47,S,8,2007,3,4,1,1,2,1,1,1,1,1,1,1,1,2,8,1,1,1,26,2,2
7,47,S,8,2007,2,7,1,1,2,1,1,1,1,1,1,3,1,2,7,1,1,1,35,2,2
2,47,F,8,2007,1,1,1,1,2,1,1,1,1,1,1,1,1,2,14,9,1,1,40,2,2
9,47,F,8,2007,4,7,1,1,2,1,4,1,1,1,1,1,1,2,9,6,1,1,37,2,2
9,47,F,8,2007,4,1,1,1,2,2,4,1,2,1,1,1,1,2, ?, ?,?,?, ?,?,?
1,38,F,6,2007,4,1,1,1,2,1,3,1,1,1,1,2,1,2, ?, ?,?,?, ?,?,?
1,49,F,8,2007,4,1,4,1,1,4,1,1,1,1,1,2,1,2,7,4,1,1, ?,2,2
2,49,F,8,2007,4,1,1,1,2,1,2,1,1,1,1,3,1,2,9,6,1,1, ?,2,2
3,38,F,8,2007,2,1,1,1,2,1,1,1,1,1,1,1,1,2,12,6,1,1, ?,2,2
4,38,G,8,2007,3,1,1,1,2,1,1,1,1,1,1,3,1,2,9,8,1,1, ?,2,2
6,38,G,8,2007,1,7,1,1,2,1,2,1,1,1,1,2,1,2,9,9,1,7, ?,2,2
6,38,F,8,2007,3,1,1,1,2,1,1,1,1,1,1,2,1,2,14,6,1,7,50,2,2
3,38,F,8,2007,2,7,8,1,2,1,1,1,1,1,1,1,1,2,13,6,1,1, ?,2,2
3,38,F,8,2007,3,1,8,1,2,1,1,1,1,1,1,1,1,2,12,6,1,1, ?,2,2
4,38,F,8,2007,2,1,1,1,2,1,1,1,1,1,1,3,1,2,8,6,1,1, ?,2,2
1,38,F,8,2007,2,1,1,1,2,1,1,1,1,1,1,3,1,2,9,6,1,7,40,2,2
1,38,F,8,2007,4,1,8,1,2,1,3,1,1,1,1,2,1,2, ?, ?,?,?, ?,2,2
6,37,F,8,2007,2,7,1,1,2,1,1,2,2,1,3,3,1,2,5,2,1,1,19,2,2
1,50,F,8,2007,1,4,5,2,2,1,1,1,1,1,1,1,1,2,14,5,1,1, ?,2,2
10,50,S,8,2007,3,1,1,2,2,2,1,2,2,1,1,1,1,2,9,6,1,1, ?,2,2
10,50,F,8,2007,3,1,1,1,2,1,1,1,1,1,1,3,1,2,9,6,1,1, ?,2,2
10,50,F,8,2007,3,1,1,1,2,1,1,1,1,1,1,3,1,2,9,6,1,1, ?,2,2
12,50,F,8,2007,3,1,1,1,2,1,1,1,1,1,1,1,1,2,10,5,1,1, ?,2,2
19,50,F,8,2007,4,1,1,2,2,1,1,1,1,1,1,1,1,2,7,11,1,1, ?,2,2
12,50,F,8,2007,1,1,1,2,2,1,1,1,1,1,1,1,1,2,9,6,1,1, ?,2,2
2,50,F,8,2007,2,7,1,1,2,1,1,1,1,1,1,1,1,2,12,6,1,1, ?,2,2
2,50,F,8,2007,1,1,1,1,2,1,4,1,1,1,1,1,1,2, ?, ?,?,?, ?,2,2
2,50,F,8,2007,3,1,1,1,2,1,1,1,1,1,1,1,1,2,9,6,1,1, ?,2,2
6,50,F,8,2007,2,1,1,1,2,1,1,1,1,1,1,3,1,2,17,6,1,1, ?,2,2
5,50,G,8,2007,2,7,1,1,2,1,4,1,1,1,1,3,1,2,12,6,1,1,45,2,2
1,48,F,8,2007,1,7,1,1,2,1,1,2,1,1,1,3,1,2,4,6,1,1, ?,2,2
9,51,F,8,2007,3,7,1,1,2,1,1,1,1,1,1,3,1,2,14,6,1,1,40,2,2
1,35,F,8,2007,2,7,1,1,2,1,1,1,1,1,1,3,1,2,9,1,1,1, ?,2,2
3,39,F,8,2007,1,1,8,1,2,1,4,1,1,1,1,1,1,2,14,11,1,1,40,2,2
4,39,F,8,2007,4,7,3,1,2,1,1,1,1,1,1,2,1,2,4,6,1,1, ?,2,2
1,45,F,8,2007,2,7,1,1,2,1,1,1,1,1,1,1,1,2,9,6,1,1, ?,2,2
5,45,F,8,2007,4,7,1,1,2,1,4,1,1,1,1,1,1,2,12,6,1,1, ?,2,2
1,46,F,8,2007,2,7,1,1,2,1,4,1,1,1,1,1,1,2,14,6,1,1, ?,2,2
5,41,F,9,2007,2,1,8,1,2,1,1,1,1,1,1,1,1,1,13,6,1,1, ?,2,2
5,41,S,9,2007,2,3,1,1,2,1,1,1,1,1,1,1,1,2,12,6,1,1, ?,2,2
5,41,F,9,2007,2,3,1,1,2,1,1,1,1,1,1,1,1,2,9,6,1,1, ?,2,2
1,40,G,9,2007,2,1,1,1,2,1,1,1,1,1,1,3,1,2,17,11,1,1, ?,2,2
1,41,G,9,2007,2,1,1,1,2,1,1,1,1,1,1,1,1,2,17,11,1,1,30,2,2
7,41,F,9,2007,3,1,1,1,2,1,1,1,1,1,1,2,1,2,9,6,1,1, ?,2,2
7,41,F,9,2007,2,1,1,1,2,1,1,1,1,1,1,2,1,2,9,6,1,1, ?,2,2
7,41,F,9,2007,1,1,1,1,2,1,1,1,1,1,1,2,1,2,9,6,1,1, ?,2,2
7,41,F,9,2007,2,1,1,1,2,1,4,1,1,1,1,1,1,2,13,6,1,1, ?,2,2
7,41,F,9,2007,1,7,3,1,2,1,1,1,1,1,1,1,1,2,14,6,1,1, ?,2,2
6,41,G,9,2007,3,1,1,1,2,1,1,1,1,1,1,1,1,1, ?, ?,?,?, ?,2,2
6,41,F,9,2007,1,1,1,1,2,1,1,1,1,1,1,1,1,2,9,6,1,1, ?,2,2
6,41,F,9,2007,1,1,1,1,2,1,1,1,1,1,1,3,1,2,9,6,1,1,1,2,2
6,41,F,9,2007,1,1,1,1,2,1,1,1,1,1,1,3,1,2, ?, ?,?,?, ?,?,?
6,41,F,9,2007,3,1,3,1,2,1,1,1,1,1,1,3,1,2, ?, ?,?,?, ?,2,2
6,41,F,9,2007,3,1,1,1,2,1,1,1,1,1,1,1,1,2,9,6,1,1, ?,2,2
6,41,F,9,2007,2,1,3,1,2,1,1,1,1,1,1,3,1,2,19,6,1,1, ?,2,2
6,41,F,8,2007,3,1,1,1,2,1,1,1,1,1,1,1,1,1,7,6,1,1, ?,2,2
1,50,F,9,2007,2,1,1,2,2,1,1,1,1,1,1,1,1,2,9,6,1,1,40,2,2
4,50,F,9,2007,2,3,1,2,2,1,1,1,1,1,1,3,1,2,19,11,1,1,35,2,2
12,50,F,9,2007,3,1,1,2,2,1,1,1,1,1,1,1,1,2,9,2,1,1,47,2,2
12,50,F,9,2007,3,1,1,1,2,1,1,1,1,1,1,1,1,2,9,6,1,1,27,2,2
12,50,F,9,2007,3,1,1,1,2,1,1,1,1,1,1,1,1,2,12,6,1,1,25,2,2
12,50,F,9,2007,2,1,1,1,2,1,1,1,1,1,1,1,1,2,14,6,1,1, ?,2,2
11,50,F,9,2007,2,1,1,1,2,1,1,1,1,1,1,3,1,2,19,11,1,7, ?,2,2
11,50,F,9,2007,3,1,1,1,2,1,1,1,1,1,1,4,1,2,1,6,1,1, ?,2,2
5,50,F,9,2007,2,1,1,1,2,1,1,1,1,1,1,3,?,?,4,11,1,1, ?,2,2
8,51,F,9,2007,3,1,1,2,2,1,1,4,1,1,1,3,1,2,9,4,1,1,30,2,2
12,51,F,9,2007,4,1,1,2,2,1,1,1,1,1,1,3,?,?,12,11,1,7, ?,2,2
12,51,F,9,2007,3,1,1,2,2,1,1,1,1,1,1,2,1,2,9,6,1,1,24,2,2
4,51,F,9,2007,3,1,8,1,2,1,1,1,1,1,1,2,1,2,14,6,1,1, ?,2,2
11,51,F,9,2007,3,1,1,1,2,1,1,1,1,1,1,3,1,2,6,6,1,2,28,2,2
1,48,G,9,2007,1,1,1,1,2,1,1,1,1,1,1,5,1,2,19,6,1,1, ?,2,2
1,48,F,9,2007,2,1,1,1,2,1,1,1,1,1,1,1,1,2,14,6,1,1, ?,2,2
1,48,F,9,2007,1,1,1,1,2,1,1,1,1,1,1,1,1,2,7,6,1,6,28,2,2
1,39,F,9,2007,1,7,1,1,2,1,4,1,1,1,1,3,1,2,9,6,1,1,35,2,2
1,39,S,9,2007,2,7,1,1,2,1,1,1,1,1,1,1,1,2,9,6,1,1,45,2,2
3,39,F,9,2007,3,1,4,1,2,1,1,1,1,1,1,1,1,2,14,5,1,1,50,2,2
6,38,S,9,2007,3,3,1,1,2,1,1,1,1,1,1,1,1,2,6,6,1,1,30,2,2
3,38,F,9,2007,3,1,1,1,2,1,1,1,1,1,1,1,1,2,9,3,1,1, ?,2,2
8,38,F,9,2007,2,1,1,1,2,1,1,1,1,1,1,3,1,2,6,6,1,1,25,2,2
1,45,F,9,2007,2,7,1,2,2,1,1,1,1,1,1,1,1,2,9,6,1,1, ?,1,2
1,45,G,9,2007,3,7,1,2,2,1,1,1,1,1,1,1,1,2,14,6,1,1, ?,2,2
6,45,F,9,2007,2,7,1,2,2,1,1,1,1,1,1,3,1,2,9,6,1,1, ?,2,2
1,45,G,9,2007,2,1,1,2,2,1,1,1,1,1,1,1,1,2,9,6,1,1, ?,2,2
2,45,F,9,2007,2,7,1,2,2,1,1,1,1,1,1,1,1,2,9,6,1,1, ?,2,2
3,45,F,9,2007,3,1,1,2,2,1,1,1,1,1,1,3,1,2,9,10,1,1, ?,2,2
6,45,G,9,2007,3,2,1,2,2,1,1,1,1,1,1,3,1,1,13,6,1,1,25,2,2
5,41,F,10,2007,4,1,1,2,1,1,4,1,1,1,1,1,1,2, ?, ?,?,?, ?,?,?
3,41,F,10,2007,3,1,1,2,2,1,1,2,1,1,1,3,1,2,4,2,1,1, ?,2,2
7,41,F,10,2007,1,1,3,2,2,1,2,1,1,1,1,1,1,2,9,6,1,1, ?,2,2
7,41,F,10,2007,3,1,1,2,2,1,1,1,1,1,1,1,1,1,9,6,1,1,40,2,2
7,41,G,10,2007,3,1,1,2,1,1,1,1,1,1,1,1,1,1,14,6,1,1, ?,2,2
7,41,F,10,2007,3,1,1,2,2,1,1,1,1,1,1,1,1,1, ?, ?,?,?, ?,?,?
6,41,F,10,2007,4,1,1,2,2,1,4,1,1,1,1,1,1,2, ?, ?,?,?, ?,2,2
6,41,F,10,2007,4,1,1,2,2,1,3,1,1,1,1,1,1,2,9,6,1,1, ?,2,2
6,41,F,10,2007,2,1,1,2,2,1,1,1,1,1,1,1,1,2,9,6,1,1, ?,2,2
1,51,F,10,2007,2,2,8,2,2,1,2,1,1,1,1,3,1,2,7,4,1,1, ?,2,2
12,51,G,10,2007,3,1,1,2,2,1,1,1,1,1,1,3,1,2,4,6,1,1,30,2,2
4,51,F,10,2007,3,4,1,2,2,2,4,2,2,1,3,2,1,2,8,1,1,1,35,2,2
8,51,F,10,2007,3,1,1,2,2,1,2,1,1,1,1,2,1,2,3,6,1,1,30,2,2
1,49,F,9,2007,2,1,1,2,2,1,1,1,1,1,1,2,1,2,14,6,1,1,40,2,2
1,35,F,10,2007,4,1,2,2,1,1,2,1,1,1,1,1,?,?, ?, ?,?,?, ?,?,?
4,35,G,10,2007,3,1,1,2,2,1,1,2,1,1,1,1,1,2,19,6,1,1, ?,2,2
2,35,F,10,2007,2,1,1,2,2,1,1,1,1,1,1,2,1,2,4,6,1,1,20,2,2
2,35,S,10,2007,2,7,8,2,2,1,1,1,1,1,1,2,1,2,7,6,1,1,27,2,2
2,45,F,10,2007,2,1,1,2,2,1,1,1,1,1,1,1,1,2,9,6,1,1, ?,2,2
5,45,F,10,2007,3,7,1,2,2,1,1,1,1,1,1,1,1,2,9,11,1,1, ?,2,2
6,45,F,10,2007,2,7,1,2,2,1,1,1,1,1,1,1,1,1, ?, ?,?,?, ?,?,?
6,45,F,10,2007,4,7,1,2,2,1,4,2,1,1,1,2,1,2,9,6,1,1, ?,2,2
6,48,F,10,2007,3,1,1,2,2,1,1,1,1,1,2,3,1,2,8,6,1,3,33,2,2
1,48,F,10,2007,3,1,1,2,2,1,1,1,2,1,1,3,1,2,11,6,1,1,35,2,2
6,48,G,10,2007,3,7,1,2,2,1,1,1,1,1,1,3,1,2,8,4,2,1, ?,2,2
12,50,F,10,2007,4,1,1,2,2,1,4,1,1,1,1,3,1,2,6,6,1,1, ?,2,2
12,50,F,10,2007,1,1,1,2,2,1,4,1,1,1,1,1,1,2, ?, ?,?,?, ?,?,?
12,50,F,10,2007,2,7,1,2,2,1,1,1,1,1,1,1,1,2,9,6,1,1,50,2,2
12,50,F,10,2007,4,7,1,2,2,1,3,1,1,1,1,1,1,2,9,6,1,1,50,2,2
12,50,F,10,2007,4,1,1,2,2,1,4,1,1,1,1,1,1,2,9,6,1,1, ?,2,2
12,50,F,10,2007,3,1,1,2,2,1,1,1,1,1,1,1,1,2,9,11,1,1, ?,2,2
2,50,F,10,2007,3,1,3,2,2,1,3,1,1,1,1,1,1,2,9,6,1,1,55,2,2
7,50,F,10,2007,2,1,1,2,2,1,1,1,1,1,1,2,?,?,9,6,1,1, ?,2,2
11,50,F,10,2007,3,7,1,2,2,1,1,3,1,1,3,3,1,2,1,11,1,1, ?,2,2
11,50,G,10,2007,2,1,1,1,1,1,1,1,1,1,1,2,1,2,13,6,1,1,35,2,2
3,39,F,10,2007,3,3,2,2,2,1,1,1,1,1,1,1,1,2,9,6,1,1,40,2,2
1,39,F,10,2007,2,7,1,2,2,1,1,2,1,1,1,3,?,?,9,6,1,1, ?,2,2
1,39,G,10,2007,3,1,1,2,2,1,1,1,1,1,1,3,1,2,19,6,1,1,40,2,2
1,39,G,10,2007,3,7,1,2,2,1,1,1,1,1,1,3,1,2,9,6,1,7, ?,2,2
4,37,F,10,2007,2,7,1,2,2,1,1,1,1,1,2,3,1,2,9,6,1,7, ?,2,2
1,38,F,10,2007,3,7,1,2,2,1,1,1,1,1,1,1,1,2,10,7,1,1, ?,2,2
7,38,F,10,2007,2,1,1,2,2,1,1,1,1,1,1,2,1,2,9,6,1,1, ?,2,2
6,38,F,10,2007,4,7,2,2,2,1,2,1,1,1,1,3,1,2,9,6,1,1, ?,2,2
3,38,F,10,2007,3,1,1,2,2,1,1,1,1,1,1,1,1,2,9,6,1,1, ?,2,2
3,38,F,10,2007,3,1,1,2,2,1,2,1,1,1,1,1,1,1, ?, ?,?,?, ?,?,?
3,38,F,10,2007,4,1,1,2,2,1,4,1,1,1,1,1,1,2,7,6,1,1, ?,2,2
4,41,F,11,2007,4,1,1,2,2,1,2,2,1,1,1,3,1,2,9,6,1,1, ?,2,2
7,41,F,11,2007,2,7,3,2,2,1,1,1,1,1,1,1,1,2,9,6,1,1, ?,2,2