Thana,District,Accident_Severity,Month,Year,Time,Junction_Type,Traffic_Control,Movement,Divider,Weather,Light,Road_Geometry,Surface_Condition,Surface_Type,Surface_Quality,Road_Class,Road_Feature,Location_Type,Vehicle_Type,Vehicle_Movement,Vehicle_Loading,Vehicle_Defect,Vehicle_Driver_Age,Vehicle_Alcohol,Vehicle_Seat_Belt
7,41,M,11,2007,4,7,1,2,1,1,2,1,1,1,1,1,1,2,9,11,1,1, ?,2,2
7,41,F,11,2007,3,1,3,2,2,1,1,1,1,1,1,1,1,2,9,6,1,1, ?,2,2
7,41,F,11,2007,3,1,1,2,2,1,1,1,1,1,1,1,1,2,9,6,1,1, ?,2,2
7,41,F,11,2007,1,1,1,2,2,1,4,1,1,1,1,3,1,2,9,6,1,1, ?,2,2
7,41,F,11,2007,1,7,1,2,2,1,3,1,1,1,1,1,1,1,9,6,1,1, ?,2,2
7,41,F,11,2007,3,7,8,2,1,1,1,1,1,1,1,1,1,2,9,6,1,1, ?,2,2
7,41,F,10,2007,4,7,8,2,1,1,4,1,1,1,1,1,1,2,19,6,1,1, ?,2,2
7,41,F,6,2007,3,7,1,2,2,1,3,5,5,1,1,1,1,2,9,6,1,1, ?,2,2
7,41,F,11,2007,2,1,1,2,2,1,1,1,1,1,1,2,1,2,4,6,1,1, ?,2,2
6,41,F,11,2007,3,1,1,2,2,1,1,1,1,1,1,1,1,2,19,6,1,1, ?,2,2
6,41,F,11,2007,4,1,1,2,2,1,3,1,1,1,1,1,1,2,9,6,1,1, ?,2,2
6,41,F,11,2007,4,1,1,2,2,1,1,1,1,1,1,1,1,2, ?, ?,?,?, ?,?,?
6,41,F,11,2007,2,1,1,2,2,1,1,1,1,1,1,1,1,2,9,6,1,1, ?,2,2
1,50,F,11,2007,3,2,1,2,2,1,1,1,1,1,1,3,1,2,9,6,1,1, ?,2,2
10,50,F,11,2007,3,1,1,2,2,1,1,1,1,1,1,3,1,2,14,6,1,1,35,2,2
12,50,F,11,2007,3,1,1,2,2,1,1,1,1,1,1,1,1,2,14,11,1,1,40,2,2
12,50,F,11,2007,2,1,1,2,2,1,1,1,1,1,1,1,1,2,12,6,1,1,35,2,2
12,50,F,11,2007,4,1,1,2,2,1,4,1,1,1,1,1,1,2,9,6,1,1, ?,2,2
2,50,F,11,2007,2,1,1,2,2,1,1,1,1,1,1,1,1,2,9,6,1,1, ?,2,2
2,50,G,11,2007,2,1,1,2,2,1,1,1,1,1,1,1,1,2,9,6,1,1,50,2,2
9,50,F,11,2007,3,1,1,2,2,1,1,1,1,1,1,2,1,2,9,6,1,1,35,2,2
11,50,F,11,2007,3,1,1,2,2,1,1,1,1,1,1,2,1,2,14,6,1,1,32,2,2
5,50,F,11,2007,3,1,1,2,2,1,1,1,1,1,1,3,1,2,14,6,1,1, ?,2,2
8,50,F,11,2007,3,1,1,2,2,1,2,1,1,1,1,3,1,2,6,6,1,1,26,2,2
13,50,F,11,2007,2,1,1,2,2,1,1,1,1,1,1,3,1,2,9,6,1,1, ?,2,2
1,35,F,11,2007,2,1,1,2,2,1,1,2,1,1,1,3,1,2,10,6,1,1, ?,2,2
4,35,F,11,2007,2,1,1,2,2,1,1,1,1,1,1,2,1,2,9,6,1,1, ?,2,2
2,35,F,11,2007,1,1,1,2,2,4,3,1,1,1,1,3,2,1,9,6,1,1, ?,2,2
3,35,F,11,2007,4,1,1,2,2,1,4,1,1,1,1,3,1,2,19,6,1,1, ?,2,2
1,51,G,11,2007,2,3,8,2,2,1,1,1,1,1,1,3,1,2,7,6,1,1, ?,2,2
4,51,G,10,2007,3,3,1,2,2,1,1,1,1,1,1,5,1,2,4,6,1,1,28,2,2
4,51,F,11,2007,3,1,1,2,2,1,1,2,1,3,2,3,1,2,17,8,2,3, ?,2,2
6,48,F,11,2007,3,1,1,2,2,1,1,5,1,2,2,3,1,2,8,6,1,1,32,2,2
6,48,F,10,2007,3,1,1,2,2,1,1,1,1,1,2,3,1,2,8,6,1,1,32,2,2
1,48,F,11,2007,4,1,1,2,2,1,2,1,1,1,1,1,1,2,9,5,1,1, ?,2,2
1,45,F,11,2007,4,7,1,2,2,1,2,1,1,1,1,1,1,2,9,6,1,1, ?,2,2
5,45,G,11,2007,3,7,1,2,2,1,1,1,1,1,1,1,1,2,9,6,1,1, ?,2,2
1,45,G,11,2007,1,7,1,2,2,1,3,1,1,1,1,1,1,2,12,6,1,1, ?,2,2
6,45,F,11,2007,2,5,1,2,2,1,1,1,1,1,1,1,1,2,9,6,1,7, ?,2,2
4,45,F,11,2007,3,7,1,1,2,1,1,1,1,1,1,3,1,2,9,6,1,1, ?,2,2
1,39,G,11,2007,3,7,1,2,2,1,1,2,1,1,1,1,1,2,9,1,1,1,50,2,2
1,39,G,11,2007,3,7,3,2,2,1,1,1,1,1,1,1,1,2,12,6,1,1,26,2,2
7,39,F,11,2007,2,1,1,2,2,1,1,1,1,1,1,1,1,2,9,6,1,1, ?,2,2
10,52,F,11,2007,3,3,8,1,2,1,1,1,1,1,1,2,1,2,9,6,1,1, ?,2,2
6,38,F,11,2007,3,1,1,2,2,1,1,1,1,1,1,3,1,2,14,6,1,1,28,2,2
6,38,F,11,2007,2,1,1,2,2,1,1,1,1,1,1,1,1,2,7,6,1,1,38,2,2
4,38,F,11,2007,3,1,1,2,2,1,1,1,1,1,1,3,1,2,4,6,1,1, ?,2,2
3,38,F,11,2007,4,1,1,2,2,1,2,1,1,1,1,1,1,2,9,6,1,1, ?,2,2
6,38,F,11,2007,3,1,3,2,2,1,1,1,1,1,1,1,1,2, ?, ?,?,?, ?,?,?
6,38,F,11,2007,2,7,1,2,2,1,1,1,1,1,1,1,1,2,9,6,1,1,32,?,?
3,38,F,11,2007,2,1,1,1,1,1,1,1,1,1,1,1,1,2,9,6,1,1, ?,2,2
5,41,F,12,2007,2,1,1,2,2,1,1,1,1,1,1,1,1,2,14,6,1,1,30,2,2
1,41,F,12,2007,3,1,1,2,2,1,2,1,1,1,1,1,1,2,9,6,1,1,35,2,2
7,41,F,12,2007,3,1,1,2,2,1,1,1,1,1,1,2,1,2,14,6,1,1,45,2,2
7,41,F,12,2007,4,1,1,2,2,1,4,1,1,1,1,1,1,2,14,6,1,1,32,2,2
7,41,F,12,2007,3,3,1,2,2,1,1,2,1,1,1,2,1,2,9,6,?,?, ?,?,?
6,41,F,12,2007,4,1,1,2,2,1,4,1,1,1,1,1,1,2, ?, ?,?,?, ?,?,?
6,41,F,12,2007,4,1,1,2,2,1,4,1,1,1,1,1,1,2,14,6,1,1,38,2,2
6,41,F,12,2007,4,1,1,2,2,1,2,1,1,1,1,1,1,2, ?, ?,?,?, ?,?,?
6,41,G,12,2007,4,1,1,2,2,1,3,1,1,1,1,1,1,2, ?,6,?,?, ?,?,?
6,41,F,12,2007,4,1,1,2,2,1,4,1,1,1,1,1,1,2,9,6,1,1, ?,2,2
1,39,F,12,2007,1,1,1,2,2,4,4,1,1,1,1,1,1,2,14,6,1,1, ?,2,2
1,39,F,12,2007,4,2,8,2,2,1,2,2,1,1,1,1,1,2,13,11,1,7, ?,2,2
2,39,F,12,2007,3,7,3,2,2,1,1,2,1,1,1,2,1,2,4,6,1,1, ?,2,2
2,35,F,12,2007,3,7,1,2,2,1,1,1,1,2,2,3,1,2,9,6,1,1,24,2,2
1,38,F,12,2007,2,1,8,2,2,1,1,1,1,1,1,1,1,2,14,6,1,1, ?,2,2
4,38,F,12,2007,3,7,1,2,2,1,1,1,4,1,1,3,3,2,9,6,1,1, ?,2,2
4,38,F,12,2007,4,1,1,2,2,1,4,1,1,1,1,3,1,2, ?, ?,?,?, ?,?,?
4,38,F,12,2007,3,1,1,2,2,1,1,1,1,1,1,3,1,2,9,6,1,1, ?,2,2
4,38,F,12,2007,2,1,1,2,2,1,1,1,1,1,1,3,1,2,19,6,1,1, ?,2,2
6,38,F,12,2007,2,1,5,2,2,1,1,1,1,1,1,1,1,2,9,6,1,1, ?,2,2
7,38,F,12,2007,4,1,1,2,2,1,4,1,1,1,1,1,1,2,8,6,1,1,37,2,2
3,38,F,12,2007,3,1,1,2,2,1,1,1,1,1,1,1,1,2,19,6,1,1, ?,2,2
3,38,F,12,2007,4,1,1,2,2,1,2,1,1,1,1,1,1,2,9,6,1,1,27,2,2
4,38,F,12,2007,2,1,1,2,2,1,1,1,1,1,1,3,1,2,9,6,1,1,45,2,2
6,48,F,12,2007,3,1,1,2,2,1,1,1,1,1,1,3,1,2,19,6,1,1, ?,2,2
1,48,F,12,2007,2,1,1,2,2,1,1,1,1,1,1,1,1,2,14,6,1,1, ?,2,2
1,48,F,12,2007,4,1,1,2,2,4,2,5,1,1,3,3,2,2,8,6,1,1, ?,2,2
3,48,F,12,2007,3,1,1,2,2,1,1,1,1,1,1,3,1,2,4,6,1,1, ?,2,2
3,48,F,12,2007,3,1,1,2,2,1,1,1,1,1,1,3,1,2,19,6,1,1, ?,2,2
3,44,F,10,2007,3,1,1,2,2,1,2,1,1,1,1,1,1,2, ?, ?,?,?, ?,?,?
6,44,F,10,2007,3,1,1,2,2,1,2,1,1,1,1,3,1,2,14,6,1,1, ?,2,2
6,44,F,9,2007,3,1,1,2,2,1,1,1,1,1,1,3,1,2,6,6,1,1, ?,2,2
6,44,F,10,2007,1,2,1,2,2,1,2,1,1,1,1,2,1,2, ?,6,1,1, ?,2,2
6,44,F,10,2007,4,1,1,2,2,1,4,1,1,1,1,3,1,2,14,6,1,1, ?,2,2
6,44,F,10,2007,4,1,1,2,2,1,4,1,1,1,1,1,1,2,14,6,1,1, ?,2,2
6,44,F,10,2007,4,1,1,2,2,1,4,1,1,1,1,1,1,2,19,6,1,1,45,2,2
6,44,F,10,2007,4,3,3,2,2,1,4,1,1,1,1,1,1,2,9,6,1,1, ?,2,2
2,44,F,10,2007,1,1,1,2,2,1,2,1,1,1,1,1,1,2,9,6,1,1, ?,2,2
7,44,F,10,2007,1,1,1,2,2,1,2,1,1,1,1,1,1,2, ?, ?,?,?, ?,?,?
5,44,F,10,2007,4,1,1,2,2,1,4,1,1,1,1,1,1,2,9,6,1,1, ?,2,2
5,44,F,10,2007,3,1,1,2,2,1,2,1,1,1,1,1,1,2,14,6,1,1, ?,2,2
5,44,G,10,2007,2,1,1,2,2,1,1,1,1,1,1,3,1,2,5,6,1,1, ?,2,2
1,51,F,12,2007,3,1,1,2,2,1,1,2,1,1,2,3,1,2,9,6,1,1, ?,2,2
6,51,F,12,2007,4,1,1,2,2,1,2,1,1,1,1,3,1,2,14,6,1,1, ?,2,2
5,45,G,12,2007,2,7,1,2,2,1,1,1,1,1,1,1,1,2,9,6,1,1, ?,2,2
4,45,F,12,2007,2,1,1,2,2,1,1,1,1,1,1,3,1,2,9,6,1,1, ?,2,2
3,45,F,12,2007,2,1,1,2,2,1,1,1,1,1,1,3,1,2,14,6,1,1, ?,2,2
1,45,F,12,2007,3,7,1,2,2,1,1,1,1,1,1,1,1,2,14,6,1,1, ?,2,2
1,50,F,12,2007,3,1,8,2,2,1,1,2,1,1,3,2,1,2,9,6,1,1, ?,2,2
1,50,F,12,2007,2,1,1,2,2,1,1,1,1,1,1,3,1,2,13,6,1,1,40,2,2
12,50,F,12,2007,1,1,1,2,2,1,4,1,1,1,1,1,1,2, ?,6,1,1, ?,2,2
12,50,F,12,2007,3,1,1,2,2,1,1,1,1,1,1,1,1,2,9,6,1,1, ?,2,2
2,50,F,12,2007,3,1,1,2,2,1,1,1,1,1,1,1,1,2,9,6,1,1,48,2,2
2,50,F,12,2007,1,1,1,2,2,1,4,1,1,1,1,1,1,2,14,6,1,1,35,2,2
6,50,F,12,2007,3,1,1,2,2,1,1,1,1,3,2,3,1,2,17,6,1,1, ?,2,2
7,50,F,12,2007,4,1,1,2,2,1,4,1,1,1,1,3,1,2,9,6,1,1,35,2,2
11,50,F,12,2007,2,1,1,2,2,1,1,1,1,1,1,1,1,2, ?, ?,?,?, ?,?,?
11,50,F,12,2007,3,7,1,2,2,1,1,2,1,1,1,2,1,2,19,6,1,1, ?,2,2
5,50,F,12,2007,3,3,1,2,2,1,1,1,1,1,1,3,1,2,14,6,1,1,25,2,2
13,50,F,12,2007,3,1,3,2,2,1,1,1,1,1,1,3,1,2,7,6,1,1, ?,2,2
1,44,F,11,2007,1,1,1,2,2,1,2,1,1,1,1,3,1,1, ?,6,1,1, ?,2,2
4,44,F,11,2007,1,3,1,2,2,1,4,1,1,1,1,3,1,2,12,6,1,1, ?,2,2
4,44,F,11,2007,4,3,1,2,2,1,4,1,1,1,1,3,1,2,9,6,1,1, ?,2,2
4,44,F,11,2007,1,1,3,2,2,1,3,1,1,1,1,3,1,2,13,6,1,1, ?,2,2
12,47,F,6,2007,4,1,2,2,2,1,3,1,1,1,1,1,1,2,9, ?,?,?, ?,?,?
5,47,F,6,2007,1,1,1,2,?,2,2,1,2,1,1,1,1,2,12,6,1,?, ?,?,?
1,47,F,6,2007,2,3,8,1,2,1,1,1,1,1,1,1,1,1,9,6,1,1,35,2,2
2,47,F,3,2007,4,1,1,2,1,1,1,1,1,1,1,1,2,2,14,6,1,1, ?,?,?
1,47,F,6,2007,3,1,1,2,2,1,1,1,1,1,1,1,2,2,8,6,1,1,32,2,2
4,47,G,6,2007,3,1,1,2,?,1,1,1,1,1,1,1,1,1,9,6,1,1,37,2,2
8,47,F,6,2007,3,1,1,2,2,1,1,1,1,1,1,1,1,1,9,6,1,?, ?,2,2
11,47,F,6,2007,2,1,1,2,2,1,1,1,1,1,1,3,1,1,14,6,?,?, ?,2,2
11,47,F,6,2007,2,1,1,2,1,1,3,1,1,1,1,3,1,1, ?,6,?,?, ?,2,2
1,49,F,6,2007,4,1,1,2,2,1,2,1,1,1,1,3,1,2,17,6,2,7, ?,2,2
2,49,F,6,2007,4,1,1,2,2,1,1,1,1,1,1,1,1,2,9,6,1,1, ?,2,1
3,49,G,6,2007,2,6,8,2,2,1,1,1,1,1,1,1,1,2,9,11,1,7, ?,2,2
7,51,F,3,2007,2,1,1,2,2,1,1,1,1,1,1,2,1,1,6,6,1,7, ?,2,2
7,51,F,3,2007,3,1,1,2,1,1,1,1,1,1,1,3,1,2,9,6,1,7, ?,2,2
12,51,F,3,2007,3,1,1,1,1,1,1,1,1,1,1,2,1,2,17,6,1,1, ?,2,2
8,51,G,3,2007,3,1,1,2,1,1,1,1,1,1,1,2,1,2,12,6,1,7,35,2,2
8,51,F,3,2007,4,1,1,2,1,1,1,1,1,1,1,3,1,2,12,6,1,7, ?,2,2
1,50,F,3,2007,4,1,1,2,2,1,1,1,1,1,1,2,1,2,17,6,1,1, ?,2,1
1,49,F,2,2007,2,3,1,2,2,1,1,1,1,1,1,3,1,2, ?,6,1,?, ?,2,2
4,49,F,2,2007,1,1,1,2,2,1,1,1,1,1,1,3,1,2,17,2,2,6,25,2,2
1,47,F,6,2007,3,1,8,2,2,2,1,1,2,1,1,1,1,2,9,6,?,?, ?,?,?
8,47,G,6,2007,3,7,1,2,2,1,1,2,1,1,1,1,1,2,14,5,1,1, ?,2,2
1,47,G,3,2007,2,1,1,2,2,1,1,1,1,1,1,1,1,2,8,5,1,1,40,2,2
12,47,F,3,2007,3,4,1,2,2,1,1,1,1,1,1,1,1,2,9,6,1,7, ?,1,2
8,52,G,6,2007,4,3,1,2,1,1,1,1,1,1,1,2,1,1,14,6,1,7,36,2,2
1,52,F,6,2007,2,7,1,1,2,1,1,3,5,3,2,2,2,2,14,7,?,3,42,2,2
1,52,G,1,2007,4,4,8,2,2,1,1,1,1,1,1,2,1,1,14,9,2,1, ?,?,?
1,52,F,10,2007,2,4,1,2,2,1,4,2,1,1,1,3,1,1,8,2,1,7,30,2,2
4,52,G,10,2007,3,1,?,2,2,1,1,1,1,1,1,2,1,2,9,6,2,7,25,?,2
4,10,F,10,2007,3,7,8,2,2,1,1,1,1,1,1,3,1,2,8,6,1,1,27,2,2
1,52,F,2,2007,2,7,1,1,2,1,2,1,2,1,1,3,1,2,14,6,1,1, ?,1,2
5,52,F,8,2007,3,3,1,1,2,2,1,2,2,1,1,3,1,2,4,6,?,?,35,1,2
4,51,F,6,2007,2,1,1,2,2,1,1,1,1,1,1,1,1,2,14,6,1,7,19,2,2
9,51,F,1,2007,3,1,1,2,2,1,1,1,1,1,1,2,1,2,9,6,2,1, ?,?,?
3,51,F,1,2007,2,1,1,2,2,1,2,1,1,1,1,4,1,2,17,6,2,1,32,2,2
10,51,F,1,2007,3,1,1,1,2,1,1,1,1,3,2,4,1,2,17,6,2,7,28,2,2
1,50,F,6,2007,2,1,1,2,2,2,1,1,2,1,1,1,1,2,9,6,2,7,30,1,2
1,50,F,6,2007,2,4,4,2,2,1,1,2,1,1,1,5,1,1,9,1,1,1, ?,2,2
1,50,F,6,2007,4,4,1,2,2,1,4,2,1,1,1,1,1,2,9,2,1,1, ?,1,?
1,50,F,6,2007,2,1,1,2,2,2,1,2,2,1,1,3,1,2,9,6,2,7, ?,1,2
1,50,F,6,2007,3,1,1,2,2,1,1,1,1,1,1,2,1,1,14,6,1,1, ?,2,2
12,50,F,6,2007,1,1,1,2,2,1,4,1,1,1,1,1,1,2,19,6,1,1, ?,2,2
2,50,F,6,2007,2,1,1,2,2,1,1,1,1,1,1,3,1,2,6,11,2,1, ?,2,2
2,50,S,6,2007,3,1,1,2,2,1,1,1,1,1,1,1,1,2,9,6,1,1, ?,1,2
2,50,F,6,2007,3,1,1,2,2,1,1,1,1,1,1,1,1,2,7,6,1,1, ?,2,2
7,50,F,6,2007,2,1,1,2,2,1,1,1,1,1,1,1,1,2,1,1,1,1, ?,2,2
5,50,F,5,2007,1,1,1,2,2,1,1,1,1,1,1,4,1,2,4,6,1,1,60,2,2
8,50,F,6,2007,3,1,1,2,2,1,1,1,1,3,1,4,1,2,17,7,1,7,25,2,2
13,50,F,6,2007,1,1,1,2,2,1,1,1,1,1,1,2,1,2,9, ?,2,3,40,2,2
1,50,F,3,2007,2,7,1,2,2,1,1,1,1,1,1,2,1,1,14, ?,1,1, ?,1,2
1,50,F,3,2007,3,2,1,2,2,1,1,1,1,1,1,3,1,2,12,4,1,1,35,2,2
12,50,F,5,2007,1,1,1,2,2,1,4,1,1,1,1,1,1,2,14,6,1,1, ?,2,2
12,51,F,2,2007,3,1,1,2,2,1,1,1,1,1,1,3,1,2,9,6,1,1, ?,2,2
1,51,F,2,2007,3,1,1,2,2,1,1,1,1,1,1,2,1,1,17,6,1,1,28,2,2
3,51,F,2,2007,1,1,1,2,2,1,1,1,1,1,1,2,1,2,9,6,1,1,33,2,2
1,51,F,1,2007,4,1,3,2,2,1,3,1,1,1,1,2,1,2,19,6,1,1, ?,2,2
13,51,F,8,2007,3,1,1,2,2,1,1,1,1,1,1,3,3,2,9,6,1,1,30,2,2
2,48,F,5,2007,2,1,1,2,2,1,1,1,1,1,1,3,1,2,19,6,2,6,25,2,2
1,20,F,4,2007,3,1,1,2,2,1,1,1,1,1,1,3,1,1,8,6,1,1, ?,1,2
3,49,F,7,2007,3,1,1,1,2,1,1,1,1,1,1,4,1,2,4,6,1,1, ?,2,2
1,49,F,2,2007,3,1,1,2,2,1,1,1,1,1,1,2,1,1,14,6,1,1,35,2,2
1,45,G,10,2007,1,7,1,2,2,1,4,1,1,1,1,1,1,2,14,6,1,7, ?,1,2
6,45,F,10,2007,3,7,1,2,2,1,1,1,1,1,1,2,1,2,7,8,1,7, ?,1,2
1,45,F,10,2007,1,7,1,2,2,1,1,1,1,1,2,1,1,2,14, ?,1,7, ?,1,2
6,45,F,10,2007,1,7,1,2,2,1,1,1,1,1,1,1,1,2,9,6,?,7, ?,1,2
5,45,G,9,2007,4,7,1,2,2,1,3,1,1,1,1,1,1,2,14, ?,1,?, ?,1,2
5,46,F,2,2007,3,1,1,2,2,1,1,1,1,1,1,2,1,2,9,6,1,1,35,2,2
2,46,F,2,2007,3,4,1,2,2,1,1,1,1,1,1,1,1,2,19,6,?,?, ?,2,2
6,46,F,2,2007,1,1,1,2,2,1,1,1,1,1,1,2,1,2,12,6,?,1, ?,2,2
6,46,F,2,2007,1,1,1,1,1,1,4,1,1,1,1,1,1,1,6, ?,?,1, ?,1,1
1,46,F,5,2007,3,1,1,2,1,1,1,1,1,1,1,1,1,2,7,6,1,1,30,2,2
1,46,G,2,2007,2,1,1,2,2,1,1,1,1,1,1,1,1,2,9,9,1,7, ?,1,1
1,46,F,5,2007,2,1,1,2,2,1,1,1,1,1,1,1,1,1,14,6,1,7,26,2,2
1,46,G,5,2007,2,1,1,2,2,1,1,1,1,1,1,1,1,2,8,6,1,7, ?,2,2
1,46,F,6,2007,2,1,1,2,2,1,1,1,1,1,1,1,1,2,9,6,1,7, ?,2,2
1,46,F,6,2007,1,1,1,2,1,1,1,1,1,1,1,1,1,1,9,6,1,7, ?,2,2
5,43,G,2,2007,3,1,1,2,1,2,4,1,2,1,1,1,1,2,9,6,1,7,20,2,2
2,43,F,2,2007,2,1,1,2,1,4,2,1,1,1,1,1,1,2,9,6,1,1, ?,2,2
7,41,G,5,2007,4,1,1,2,1,1,1,1,5,1,1,1,1,2,9,6,1,1,30,2,2
7,41,F,5,2007,2,3,1,2,2,1,1,1,1,1,1,1,1,2,9,6,1,1, ?,2,2
7,41,F,5,2007,1,1,3,2,2,1,1,1,1,1,1,1,1,2,14,6,1,7, ?,1,2
7,41,G,4,2007,3,1,1,2,2,1,1,1,1,1,1,5,1,2,14,6,1,1, ?,2,2
5,41,F,5,2007,2,1,1,1,1,1,1,1,1,1,1,1,1,2,14,6,1,1, ?,2,2
5,41,F,5,2007,1,1,1,1,1,1,4,1,1,1,1,1,1,2, ?, ?,?,?, ?,?,?
5,41,G,5,2007,2,3,1,1,1,1,1,1,1,1,1,1,1,2,13,2,2,1, ?,2,2
5,41,F,5,2007,4,2,1,2,1,1,1,1,1,1,1,1,1,2, ?, ?,?,?, ?,?,?
7,41,F,2,2007,2,1,1,1,1,1,1,1,1,1,1,1,1,2,1,1,?,?,40,2,2
5,41,G,7,2007,3,1,1,1,1,1,1,1,1,1,1,1,1,1,9,5,1,3,32,2,2
5,41,F,7,2007,2,1,1,1,1,1,2,1,1,1,1,1,1,1,9,6,1,1, ?,2,2
7,41,F,7,2007,1,1,1,2,2,1,1,1,1,1,1,1,1,1,9,2,2,7,32,2,2
7,41,F,7,2007,3,3,1,1,1,1,1,1,1,1,1,1,1,1,7,6,1,1, ?,2,2
7,41,G,7,2007,1,1,1,2,2,1,1,1,1,1,1,1,1,1,9,6,2,1, ?,1,2
7,41,F,7,2007,3,2,3,2,2,1,1,1,1,1,1,1,1,1,9,3,1,1, ?,?,?
6,41,F,5,2007,2,1,1,2,2,1,1,1,1,1,1,1,1,1,19,6,1,1, ?,2,2
1,41,S,5,2007,2,3,1,2,2,1,1,1,1,1,1,1,1,2,4,6,1,1, ?,2,2
5,41,G,5,2007,1,1,2,1,1,1,1,1,1,1,1,1,1,1,5,6,1,1, ?,2,2
6,41,F,5,2007,2,1,1,2,2,1,1,1,1,1,1,1,1,2, ?, ?,?,?, ?,?,?
3,3,F,7,2007,1,1,1,2,1,1,3,1,1,1,1,1,1,2, ?,6,1,1, ?,2,2
6,44,G,7,2007,2,1,1,1,1,1,3,1,1,1,1,1,1,1,5,6,1,1,42,2,2
3,38,F,11,2007,4,1,1,1,1,1,1,1,1,1,2,1,1,2,4,6,?,?, ?,?,2
28,20,G,9,2007,2,1,1,2,2,1,1,1,1,1,1,4,1,2,17,6,2,1,30,2,2
9,38,F,7,2007,2,1,1,2,2,1,1,1,1,1,1,1,1,1,9,6,?,?, ?,2,2
3,38,F,11,2007,2,1,1,1,2,1,1,1,1,1,1,1,1,1,9,6,1,1, ?,2,1
30,47,F,5,2007,2,3,1,2,2,1,1,4,1,1,1,1,1,1,19,6,1,7, ?,?,2
3,44,F,5,2007,4,2,1,1,1,1,2,1,1,1,1,1,2,?,14,6,1,7, ?,2,2
6,44,G,5,2007,2,1,1,2,2,1,1,1,1,1,1,1,1,1,10,6,1,1, ?,1,1
6,44,F,3,2007,2,1,1,2,2,1,1,1,1,1,1,1,1,1,1,6,1,1, ?,2,2
7,44,G,5,2007,2,7,1,2,2,1,1,1,1,1,1,3,1,1,8,6,1,1, ?,2,2
7,44,G,5,2007,4,1,1,2,2,1,2,1,1,1,1,3,1,2,8,6,1,1, ?,2,2
7,44,F,5,2007,3,1,8,2,1,1,1,1,1,1,1,1,1,2,9,6,1,1, ?,1,2
5,44,F,5,2007,4,1,1,2,2,1,3,1,1,1,1,1,1,2,1,8,1,1,28,2,2
7,44,F,4,2007,3,3,1,2,1,1,1,1,1,1,1,1,1,2,12,6,1,1, ?,2,2
7,44,S,4,2007,1,1,1,2,2,1,4,1,1,1,1,3,2,2,14,6,2,7,37,1,2
5,44,G,4,2007,2,1,1,2,2,1,1,1,1,1,1,1,1,2,19,6,1,7, ?,2,2
5,44,F,4,2007,3,1,1,2,2,1,1,1,1,1,1,4,1,2,9,6,1,1, ?,2,2
4,44,F,6,2007,1,1,1,2,2,2,4,1,2,1,1,2,1,1,14,6,1,1, ?,1,2
2,44,F,3,2007,4,1,1,2,2,1,4,1,1,1,1,1,1,2,13,6,1,1,25,1,2
7,44,F,3,2007,3,3,1,2,1,1,1,1,1,1,1,1,1,2,19,6,1,7, ?,2,2
5,44,G,3,2007,3,1,1,2,2,1,1,1,1,1,1,1,1,2,9,5,1,6, ?,?,2
5,44,F,3,2007,2,1,3,2,2,1,1,1,1,1,1,1,1,2,9,6,1,1, ?,1,2
3,44,F,5,2007,3,1,1,2,2,1,4,1,1,1,1,1,?,2,19,6,1,7, ?,2,2
3,38,F,5,2007,1,1,1,2,1,1,4,1,1,1,1,1,1,1,9,6,1,7, ?,1,2
7,38,F,2,2007,3,1,1,2,2,1,1,1,1,1,1,1,1,2,12,6,2,?, ?,2,2
3,44,F,6,2007,2,1,1,2,1,1,3,1,1,1,1,1,2,2, ?, ?,?,?, ?,?,?
3,44,F,6,2007,1,1,1,2,1,1,2,1,1,1,1,1,1,2,9,6,1,1, ?,1,2
6,44,F,6,2007,1,3,3,1,1,1,2,1,1,1,1,2,1,1,19, ?,?,?, ?,?,?
2,44,F,6,2007,2,1,1,2,2,1,1,1,?,1,2,3,?,?,6,6,2,1, ?,2,2
7,44,F,6,2007,2,6,4,2,2,1,1,1,1,1,1,1,1,1,14,1,1,1, ?,2,2
5,44,F,6,2007,2,1,1,2,1,1,1,1,1,1,1,1,1,1,14,6,1,1, ?,2,2
5,44,G,6,2007,1,1,1,2,2,1,1,1,1,1,1,1,1,2,12,6,1,?, ?,2,2
5,44,G,6,2007,2,3,1,1,2,1,1,1,1,1,1,1,1,1,14,6,1,1, ?,2,2
4,46,F,1,2007,2,3,1,2,1,1,1,1,1,1,1,3,1,1,8,6,1,1, ?,2,2
4,46,F,1,2007,2,2,1,2,2,1,1,1,1,1,1,3,1,2,9,6,1,1,40,2,2
2,46,F,12,2007,4,4,1,2,2,1,1,1,1,1,1,1,1,2,14,6,1,1, ?,2,1
2,46,F,1,2007,1,3,1,2,2,1,2,1,1,1,1,1,1,2,14, ?,2,6, ?,2,2
1,35,G,7,2007,2,1,1,2,2,1,1,2,1,1,1,2,1,1,10,2,?,?,50,?,?
1,35,F,12,2007,1,1,1,2,2,2,4,1,2,1,1,3,1,2, ?, ?,?,?, ?,?,?
3,39,F,6,2007,4,3,6,2,2,1,3,3,1,2,2,3,1,2,14,11,1,1, ?,1,1
3,39,F,6,2007,?,1,2,1,1,1,1,1,2,1,1,1,1,2,6,11,1,1,25,2,2
3,39,F,6,2007,?,3,7,2,2,1,1,2,1,1,2,3,1,1,14,11,1,1,30,2,2
4,39,F,6,2007,2,7,8,1,2,1,1,1,1,1,1,2,1,1,14,6,1,?, ?,1,2