Thana,District,Accident_Severity,Month,Year,Time,Junction_Type,Traffic_Control,Movement,Divider,Weather,Light,Road_Geometry,Surface_Condition,Surface_Type,Surface_Quality,Road_Class,Road_Feature,Location_Type,Vehicle_Type,Vehicle_Movement,Vehicle_Loading,Vehicle_Defect,Vehicle_Driver_Age,Vehicle_Alcohol,Vehicle_Seat_Belt
2,39,G,6,2007,4,7,8,2,?,1,2,1,2,2,?,4,?,2,9,4,?,1,32,?,?
1,39,F,1,2007,3,1,8,1,2,1,1,1,1,1,1,1,2,1,14,2,1,?, ?,1,2
1,39,G,1,2007,1,1,?,?,?,4,4,1,1,1,1,2,1,2,14, ?,?,7, ?,?,?
6,43,F,6,2007,2,1,1,2,2,1,1,1,1,1,1,3,1,2,10,6,1,1,32,2,2
5,43,F,6,2007,2,3,8,2,2,2,1,2,2,2,1,2,1,2,1,8,1,1, ?,2,2
2,43,F,6,2007,3,1,1,2,2,1,3,3,1,1,1,1,1,2,7,6,1,5,45,2,2
1,46,F,3,2007,2,1,1,2,2,1,1,1,1,1,1,1,2,?,12,6,1,?, ?,2,2
1,46,F,3,2007,2,1,1,2,2,1,1,1,1,1,1,1,1,1,14, ?,1,?, ?,2,2
1,46,G,3,2007,2,1,1,2,2,1,1,1,1,1,1,1,1,2,10,6,1,?,28,2,2
1,46,F,3,2007,1,1,1,2,2,1,1,1,1,1,1,1,1,1,4,6,1,?, ?,2,2
1,42,F,3,2007,1,3,4,2,1,1,2,1,1,1,1,5,1,1,9,6,?,?,25,2,2
1,42,G,3,2007,1,3,4,2,1,1,1,1,1,1,1,5,1,1,8,6,?,?,22,2,2
1,42,F,4,2007,1,1,1,1,1,1,2,1,1,1,1,5,1,1,8,6,?,?, ?,2,2
1,42,G,4,2007,2,1,1,2,1,1,1,1,1,1,1,5,1,1,10,6,?,?,40,?,?
1,42,G,4,2007,2,1,1,2,1,1,1,1,1,1,1,5,1,1,9,6,?,?, ?,2,2
1,42,G,5,2007,3,2,4,2,1,1,1,1,1,1,1,5,1,1,9,6,?,?, ?,2,2
1,42,G,5,2007,4,?,?,1,1,1,3,1,1,1,1,5,1,1,14,6,?,?,35,?,2
1,42,M,7,2007,4,1,1,2,2,1,3,1,1,1,1,5,1,1,10,6,?,?,24,?,?
1,42,F,8,2007,4,1,1,2,1,1,3,1,1,1,1,5,1,1,9,6,?,?, ?,2,2
2,42,F,2,2007,4,3,4,2,1,1,3,1,1,1,1,5,1,1, ?,6,?,?, ?,?,?
2,42,G,4,2007,2,1,1,2,1,1,1,1,1,1,1,5,1,1,7,6,?,?, ?,2,2
2,42,G,4,2007,4,1,1,2,1,1,2,1,1,1,1,1,5,1,9,6,?,?, ?,2,2
2,42,S,5,2007,3,2,4,2,1,1,1,1,1,1,1,5,1,1,9,6,?,?,27,2,2
3,42,F,2,2007,4,3,4,2,1,1,3,1,1,1,1,5,1,1,19,6,?,?, ?,?,?
3,42,F,2,2007,4,1,1,1,1,1,3,1,1,1,1,1,1,1,9,6,?,?, ?,2,2
3,42,F,4,2007,4,3,1,2,1,1,2,1,1,1,1,1,1,1,9,6,?,?, ?,2,2
3,42,G,5,2007,2,1,1,2,1,1,1,1,1,1,1,1,1,1,9,6,?,?, ?,?,2
3,42,F,6,2007,2,1,1,1,1,1,1,1,1,1,1,1,1,1,9,6,?,?,21,2,2
3,42,F,7,2007,4,1,1,2,1,1,3,1,1,1,1,1,1,1,15,6,?,?, ?,?,2
3,42,F,8,2007,2,2,4,2,1,1,1,1,1,1,1,1,1,1,9,6,?,?,24,2,2
4,42,F,1,2007,3,2,1,2,2,1,2,1,1,1,1,5,1,1,13,6,1,1,37,2,2
4,42,F,2,2007,1,1,1,1,1,1,3,1,1,1,1,5,1,1,14,6,1,1, ?,2,2
4,42,G,3,2007,4,1,1,1,1,1,3,1,1,1,1,5,1,1,10,6,1,1, ?,2,2
4,42,G,3,2007,2,1,1,1,1,1,2,1,1,1,1,5,1,1, ?,6,1,1, ?,2,2
4,42,F,6,2007,2,2,4,2,2,1,1,1,1,1,1,5,1,1,14,6,1,1, ?,2,2
4,42,F,6,2007,2,1,1,2,2,1,1,1,1,1,1,5,1,1,14,6,1,1, ?,2,2
5,42,F,2,2007,4,1,1,1,1,1,3,1,1,1,1,5,1,1,14,6,1,1, ?,2,2
5,42,F,4,2007,2,1,1,2,2,1,1,1,1,1,1,5,1,1,14,6,1,1, ?,2,2
5,42,F,5,2007,2,1,1,1,1,1,1,1,1,1,1,5,1,1,9,6,1,1,22,2,2
5,42,F,5,2007,1,1,1,1,1,1,3,1,1,1,1,5,1,1,14,6,1,1, ?,2,2
5,42,F,7,2007,2,1,1,1,1,1,1,1,1,1,1,5,1,1,9,6,1,1, ?,2,2
6,42,F,6,2007,4,1,1,2,2,1,2,1,1,1,1,1,1,1,14,6,1,7, ?,2,2
6,42,F,7,2007,2,1,1,2,2,1,1,1,1,1,1,2,1,1,19,6,1,1, ?,2,2
6,42,F,9,2007,2,7,1,2,2,1,1,1,1,1,1,2,1,1,9,6,1,1, ?,2,2
6,42,F,12,2007,3,1,1,2,2,1,1,1,1,1,2,2,1,1,14,6,2,7,32,2,2
8,42,F,1,2007,1,3,4,1,2,1,2,1,1,1,1,5,1,1,5,6,1,1, ?,2,2
8,42,F,4,2007,1,2,4,1,1,1,3,1,1,1,1,5,1,1,5,6,1,1, ?,2,2
8,42,G,4,2007,3,1,1,1,1,1,1,1,1,1,1,5,1,1,4,6,1,1, ?,2,2
8,42,G,6,2007,3,1,4,1,1,1,1,1,1,1,1,5,1,1,9,6,1,1,26,2,2
8,42,G,7,2007,2,1,1,2,2,1,1,1,1,1,1,5,1,1,10,6,1,1, ?,2,2
8,42,G,7,2007,2,1,4,1,1,1,1,1,1,1,1,5,1,1,9,6,1,1,50,2,2
8,42,M,9,2007,1,1,1,2,2,1,3,1,1,1,1,5,1,1,14,6,1,1, ?,2,2
8,42,G,10,2007,1,1,1,1,1,1,3,1,1,1,1,5,1,1,10,6,1,1, ?,2,2
9,42,M,1,2007,2,3,4,2,1,1,1,1,1,1,1,5,1,1,9,6,1,1, ?,2,2
9,42,M,1,2007,3,3,4,1,1,1,1,1,1,1,1,5,1,1,9,6,1,1,28,2,2
9,42,F,1,2007,1,3,4,2,1,1,3,1,1,1,1,5,1,1,14,6,1,1, ?,2,2
9,42,F,2,2007,1,1,1,1,1,1,3,1,1,1,1,5,1,1,14,6,1,1, ?,2,2
9,42,F,2,2007,4,7,4,1,1,1,3,1,1,1,1,5,1,1,14,6,1,1, ?,2,2
9,42,F,3,2007,2,1,1,1,1,1,1,1,1,1,1,5,1,1,5,6,1,1,40,2,2
9,42,F,3,2007,1,1,1,1,1,1,2,1,1,1,1,5,1,1,9,6,1,1, ?,2,2
9,42,F,4,2007,4,1,1,1,1,1,3,1,1,1,1,5,1,1, ?,6,1,1, ?,2,2
9,42,F,4,2007,1,1,1,1,1,1,2,1,1,1,1,5,1,1, ?,6,?,?, ?,?,?
9,42,M,4,2007,4,1,4,1,1,1,3,1,1,1,1,5,1,1,14,6,?,?,40,2,2
9,42,G,6,2007,3,1,4,1,1,1,1,1,1,1,1,5,1,1,7,6,1,1,24,2,2
9,42,F,7,2007,1,3,1,2,2,1,3,1,1,1,1,5,1,1,14,6,1,1,40,2,2
9,42,G,8,2007,2,1,4,1,1,1,1,1,1,1,1,5,1,1,7,6,1,1,28,2,2
9,42,F,9,2007,1,1,1,2,2,1,2,1,1,1,1,5,1,1, ?,6,?,?, ?,?,?
10,42,F,1,2007,2,1,1,2,1,1,1,1,1,1,1,5,1,1,14,6,?,?, ?,2,2
10,42,G,1,2007,2,1,1,2,2,1,1,1,1,1,1,5,1,1,19,6,?,?, ?,2,2
10,42,F,2,2007,1,1,1,2,2,1,3,1,1,1,1,1,1,1,14,6,?,?, ?,2,2
10,42,F,3,2007,1,1,1,1,1,1,3,1,1,1,1,5,1,1, ?,6,?,?, ?,?,?
10,42,F,3,2007,3,1,1,2,2,1,1,1,1,1,1,5,1,1,14,6,?,?, ?,2,2
10,42,G,3,2007,2,1,1,2,1,1,1,1,1,1,1,5,1,1,19,6,?,?,25,?,2
10,42,F,4,2007,4,1,1,2,2,1,3,1,1,1,1,5,1,1,5,6,?,?, ?,2,2
10,42,M,4,2007,1,3,4,1,1,1,3,1,1,1,1,5,1,1,14,6,?,?, ?,2,2
10,42,F,4,2007,4,1,1,2,2,1,3,1,1,1,1,5,1,1,19,6,?,?, ?,2,2
10,42,F,4,2007,4,3,4,2,2,1,3,1,1,1,1,5,1,1,14,6,?,?, ?,2,2
10,42,M,5,2007,1,1,1,2,2,1,3,1,1,1,1,5,1,1,14,6,?,?,29,2,2
10,42,F,5,2007,2,1,1,1,1,1,1,1,1,1,1,5,1,1,14,6,?,?, ?,2,2
10,42,F,5,2007,2,1,1,2,2,1,1,1,1,1,1,5,1,1,6,6,?,?,20,2,2
11,42,F,3,2007,2,1,4,1,1,1,2,1,1,1,1,5,1,1,9,6,?,?, ?,2,2
11,42,F,3,2007,2,5,4,1,1,1,2,1,1,1,1,5,1,1,9,6,1,7,32,2,2
11,42,F,4,2007,4,1,1,1,1,1,2,1,1,1,1,1,1,1,14,6,?,?, ?,?,2
11,42,G,4,2007,2,1,1,1,1,1,1,1,1,1,1,5,1,1,19,6,?,?,30,2,2
11,42,F,4,2007,4,1,1,1,1,1,3,1,1,1,1,5,1,1,9,6,?,?, ?,2,2
11,42,F,10,2007,1,1,1,2,1,1,1,3,1,1,1,5,1,1,14,6,1,7, ?,2,2
11,42,G,10,2007,1,3,4,1,1,1,3,1,1,1,1,5,1,1,14,6,1,7, ?,2,2
11,42,F,10,2007,4,1,4,2,1,1,3,1,1,1,1,5,1,1,10,6,1,7,43,2,2
11,42,F,10,2007,3,1,1,2,1,1,1,1,1,1,1,5,1,1,9,6,1,7, ?,2,2
12,42,F,1,2007,4,1,1,1,1,1,3,1,1,1,1,5,1,1,14,6,?,?, ?,?,2
12,42,F,1,2007,1,1,4,2,1,1,2,1,1,1,1,5,1,1,19,6,?,?, ?,?,?
12,42,F,1,2007,2,1,1,1,1,1,1,1,1,1,1,5,1,1, ?,6,?,?, ?,?,?
12,42,F,2,2007,2,3,4,2,1,1,1,1,1,1,1,5,1,1,19,6,?,?, ?,?,?
12,42,F,2,2007,2,1,4,1,1,1,1,1,1,1,1,5,1,1,8,6,?,?,28,2,2
12,42,F,2,2007,2,1,1,2,1,1,1,1,1,1,1,5,1,1,7,6,?,?, ?,?,?
12,42,F,3,2007,4,1,1,2,1,1,3,1,1,1,1,5,1,1,9,6,?,?, ?,2,2
12,42,F,3,2007,3,1,4,2,1,1,1,1,1,1,1,5,1,1,9,6,?,?, ?,2,2
12,42,F,4,2007,1,1,1,2,1,1,3,1,1,1,1,5,1,1, ?,6,?,?, ?,?,?
12,42,F,4,2007,2,1,1,2,1,1,1,1,1,1,1,5,1,1, ?,6,?,?, ?,?,?
12,42,F,5,2007,2,1,4,1,1,1,1,1,1,1,1,5,1,1,10,6,?,?, ?,2,2
12,42,F,5,2007,1,1,1,2,2,1,3,1,1,1,1,5,1,1,14,6,?,?, ?,2,2
12,42,M,5,2007,2,1,1,2,2,1,1,1,1,1,1,5,1,1,10,6,?,?,37,?,?
12,42,G,6,2007,2,3,4,2,1,1,1,1,1,1,1,5,1,1,10,6,?,?,30,2,2
12,42,S,6,2007,3,1,1,2,1,1,1,1,1,1,1,5,1,1,9,6,?,?,22,2,2
12,42,G,6,2007,2,3,4,2,1,1,1,1,1,1,1,5,1,1,9,6,?,?, ?,2,2
12,42,F,6,2007,2,1,1,1,1,1,1,1,1,1,1,5,1,1, ?,6,?,?, ?,2,2
12,42,G,7,2007,4,3,4,1,1,1,3,1,1,1,1,5,1,1,9,6,?,?,40,2,2
12,42,F,7,2007,2,1,1,1,1,1,1,1,1,1,1,1,1,1,9,6,?,?, ?,2,2
12,42,M,7,2007,2,1,1,2,1,1,1,1,1,1,1,5,1,1,9,6,?,?, ?,2,2
12,42,F,7,2007,1,1,4,1,1,1,3,1,1,1,1,5,1,1, ?,6,1,?, ?,2,2
12,42,G,7,2007,2,1,1,1,1,1,1,1,1,1,1,5,1,1,9,6,?,?, ?,2,2
12,42,F,8,2007,2,1,1,2,1,1,1,1,1,1,1,5,1,1,10,6,?,?,43,2,2
12,42,F,8,2007,2,1,1,2,1,1,1,1,1,1,1,5,1,1,5,6,?,?, ?,2,2
12,42,F,8,2007,4,1,1,2,1,1,3,1,1,1,1,5,1,1,10,6,?,?, ?,2,2
12,42,F,8,2007,3,3,4,2,1,1,1,1,1,1,1,5,1,1, ?, ?,?,?,35,2,2
12,42,F,11,2007,2,1,4,1,1,1,1,1,1,1,1,5,1,1,9,1,1,7, ?,2,2
12,42,F,11,2007,4,1,4,2,1,1,3,1,1,1,1,5,1,1, ?,6,1,7, ?,2,2
12,42,F,12,2007,2,1,1,2,1,1,1,1,1,1,1,5,1,1, ?,6,1,7, ?,2,2
12,42,F,12,2007,3,1,4,2,1,1,1,1,1,1,1,5,1,1, ?,6,1,7, ?,2,2
12,42,F,12,2007,3,1,1,2,1,1,1,1,1,1,1,5,1,1,19,6,1,7, ?,2,2
12,42,F,12,2007,2,1,1,2,1,1,1,1,1,1,1,5,1,1,9,6,1,7,25,2,2
12,42,F,12,2007,3,1,1,2,1,1,1,1,1,1,1,5,1,1,6, ?,1,7, ?,2,2
14,42,F,1,2007,2,1,1,2,2,1,1,1,1,1,1,1,1,1,14,6,?,?, ?,?,2
14,42,F,1,2007,2,1,4,2,1,1,1,1,1,1,1,1,1,1,9,6,?,?,22,2,2
14,42,F,2,2007,1,1,1,2,1,1,3,1,1,1,1,5,1,1,10,6,?,?, ?,2,2
14,42,F,5,2007,2,1,1,2,2,1,1,1,1,1,1,5,1,1,8,6,?,?, ?,2,2
14,42,F,5,2007,2,7,4,2,1,1,1,1,1,1,1,1,1,1,10,6,?,?, ?,2,2
14,42,F,5,2007,3,3,1,2,1,1,1,1,1,1,1,1,1,2,8,6,?,?,32,2,2
14,42,F,5,2007,2,1,1,1,1,1,1,1,1,1,1,1,1,1,14,6,?,?, ?,2,2
15,42,F,1,2007,4,1,1,2,2,1,3,1,1,1,1,5,1,1,9,6,?,?, ?,2,2
15,42,F,1,2007,3,1,1,2,2,1,1,1,1,1,1,5,1,1,4,6,?,?, ?,2,2
15,42,F,2,2007,4,1,1,2,1,1,3,1,1,1,1,5,1,1,14,6,?,?, ?,2,2
15,42,G,2,2007,2,1,1,2,2,1,1,1,1,1,1,5,1,1,7,6,1,7,28,2,2
15,42,F,3,2007,3,1,1,2,2,1,1,1,1,1,1,5,1,1,14,6,?,?,42,2,2
15,42,F,3,2007,4,1,1,2,1,1,3,1,1,1,1,5,1,1,8,6,?,?,30,2,2
15,42,F,4,2007,2,1,1,2,2,1,1,1,1,1,1,5,1,1, ?, ?,?,?, ?,2,2
15,42,F,5,2007,2,1,4,1,1,1,1,1,1,1,1,5,1,1,9,6,?,?, ?,2,2
15,42,G,6,2007,4,1,4,2,1,1,3,1,1,1,1,5,1,1, ?,6,1,1, ?,2,2
15,42,F,6,2007,4,1,1,2,2,1,3,1,1,1,1,5,1,1,8,6,1,1, ?,2,2
16,42,G,1,2007,2,1,1,2,1,1,1,1,1,1,1,5,1,1,19,6,1,7, ?,2,2
16,42,M,1,2007,1,1,4,2,1,1,3,1,1,1,1,5,1,1,14,6,1,7, ?,2,2
16,42,F,2,2007,1,1,1,2,1,1,3,1,1,1,1,5,1,1,14,6,1,7, ?,2,2
16,42,F,2,2007,1,1,1,2,1,1,3,1,1,1,1,5,1,1,14,6,1,7, ?,2,2
16,42,G,3,2007,2,1,1,2,2,1,1,1,1,1,1,5,1,1,12,6,1,7,22,2,2
16,42,F,4,2007,3,1,1,2,1,1,1,1,1,1,1,5,1,1,8,6,1,7,25,2,2
16,42,F,5,2007,4,1,1,2,1,1,3,1,1,1,1,5,1,1,9,6,?,?, ?,2,2
16,42,F,5,2007,4,1,1,2,1,1,3,1,1,1,1,5,1,1,19,6,?,?, ?,2,2
16,42,F,5,2007,4,1,1,2,1,1,3,1,1,1,1,5,1,1,8,6,?,?,24,2,2
16,42,G,5,2007,4,1,1,2,1,1,2,1,1,1,1,5,1,1,9,6,?,?, ?,2,2
16,42,F,6,2007,2,3,4,1,1,1,1,1,1,1,1,5,1,1,9,6,?,?,24,2,2
16,42,F,5,2007,4,1,1,2,1,1,3,1,1,1,1,5,1,1, ?,6,?,?, ?,?,?
16,42,M,6,2007,2,1,1,2,1,1,1,1,1,1,1,5,1,1,9,6,?,?, ?,2,2
16,42,F,6,2007,3,1,1,2,1,1,1,1,1,1,1,5,1,1,9,6,?,?, ?,2,2
17,42,F,3,2007,2,3,4,2,1,1,1,1,1,1,1,5,1,1,9,6,1,7, ?,2,2
17,42,F,4,2007,2,1,1,2,1,1,1,1,1,1,1,5,1,1,9,6,1,7, ?,2,2
17,42,G,5,2007,3,7,8,2,1,1,1,1,1,1,1,2,1,1,19,6,1,7,25,2,2
17,42,F,5,2007,4,7,8,1,1,1,3,1,1,1,1,5,1,1,4,6,?,?, ?,?,?
17,42,M,6,2007,3,1,4,2,1,1,1,1,1,1,1,5,1,1,9,6,1,7, ?,1,2
17,42,F,7,2007,1,1,1,2,1,1,3,1,1,1,1,5,1,1, ?,6,1,7, ?,2,2
18,42,F,1,2007,4,1,1,2,1,1,2,1,1,1,1,1,1,1,6, ?,1,7, ?,2,2
21,42,F,1,2007,3,1,1,2,2,1,1,1,1,1,1,1,1,1,9,6,1,7, ?,2,2
21,42,G,1,2007,1,1,1,2,2,1,4,1,1,1,1,5,1,1,14,6,1,7,30,2,2
21,42,F,3,2007,4,1,1,2,1,1,3,1,1,1,1,5,1,1,6, ?,1,7, ?,2,2
21,42,F,4,2007,1,1,1,2,2,1,3,1,1,1,1,5,1,1,14,6,?,?,35,?,2
22,42,F,1,2007,4,1,4,2,1,1,4,1,1,1,1,1,1,1, ?,6,1,1, ?,2,2
22,42,S,3,2007,2,7,8,1,1,1,1,1,1,1,1,1,1,1,19,6,1,1,25,2,2
22,42,F,3,2007,3,7,2,2,1,1,1,1,1,1,1,1,1,1,19,6,1,1,21,2,2
22,42,F,3,2007,1,1,4,2,1,1,2,1,1,1,1,5,1,1, ?,6,1,7, ?,2,2
22,42,F,3,2007,3,7,1,2,1,1,1,1,1,1,1,1,1,1, ?,6,1,7, ?,2,2
23,42,F,1,2007,1,1,1,2,1,1,2,1,1,1,1,1,1,1,14,6,1,7, ?,2,2
23,42,G,1,2007,4,1,1,2,1,1,1,1,1,1,1,1,1,1,4,6,1,7, ?,2,2
23,42,F,2,2007,3,1,1,2,1,1,1,1,1,1,1,1,1,1,19,6,1,7, ?,2,2
23,42,F,2,2007,2,1,1,1,1,1,2,1,1,1,1,1,1,1,9,6,1,7, ?,2,2
23,42,F,3,2007,3,3,4,2,1,1,1,1,1,1,1,1,1,1, ?,6,1,7, ?,2,2
23,42,F,3,2007,1,1,1,2,1,1,3,1,1,1,1,1,1,1, ?,6,1,7, ?,2,2
23,42,F,4,2007,4,1,1,1,1,1,3,1,1,1,1,1,1,1,9,6,1,7, ?,2,2
23,42,F,5,2007,3,3,4,1,1,1,1,1,1,1,1,1,1,1,10,6,1,7,24,?,?
23,42,F,6,2007,2,1,1,2,1,1,1,1,1,1,1,1,1,1,9,6,1,7, ?,2,2
23,42,F,6,2007,2,1,1,1,1,1,1,1,1,1,1,1,1,1,10,6,1,7,42,2,2
23,42,F,6,2007,1,1,1,2,2,1,2,1,1,1,1,4,1,1,12,6,1,7, ?,2,2
23,42,F,6,2007,1,1,1,2,2,1,2,1,1,1,1,4,1,1,12,6,1,7, ?,2,2
23,42,F,7,2007,4,1,1,2,1,1,3,1,1,1,1,1,1,1, ?,6,?,?, ?,?,?
23,42,F,7,2007,4,1,1,2,1,1,3,1,1,1,1,1,1,1,14,6,?,?, ?,?,2
23,42,F,8,2007,4,2,3,1,1,1,3,1,1,1,1,1,1,1,10,6,?,?, ?,?,?
23,42,F,12,2007,3,1,1,2,1,1,1,1,1,1,1,1,1,1,9,6,1,1, ?,2,2
23,42,F,12,2007,1,1,1,1,1,1,3,1,1,1,1,1,1,1,9,6,1,7, ?,?,2
24,42,F,1,2007,4,1,1,2,2,1,3,1,1,1,1,1,1,1, ?,6,?,?, ?,?,?
24,42,G,2,2007,1,2,1,2,2,1,2,1,1,1,1,1,1,1,8,6,?,?, ?,?,2
25,42,F,1,2007,2,1,1,2,2,1,1,1,1,1,1,5,1,1,19,6,1,1,24,2,2
25,42,G,1,2007,1,1,1,1,1,1,1,1,1,1,1,5,1,1,8,6,1,1,20,2,2
25,42,F,3,2007,3,1,1,2,2,1,1,1,1,1,1,5,1,1,14,6,1,7, ?,2,2
25,42,F,5,2007,2,1,1,2,2,1,1,1,1,1,1,5,1,1, ?,6,1,1, ?,2,2
25,42,G,8,2007,3,1,1,2,2,1,1,1,1,1,1,5,1,1,15,6,1,7,18,?,2
28,42,F,9,2007,2,7,8,1,1,1,2,1,1,1,1,5,1,1,8,6,1,?, ?,2,2
28,42,F,12,2007,2,2,1,2,1,1,1,1,1,1,1,5,1,1,8,6,?,?, ?,2,2
28,42,F,12,2007,4,7,8,1,1,1,3,1,1,1,1,5,1,1,5,6,?,?, ?,?,2
3,42,G,6,2007,4,3,4,2,1,1,3,1,1,1,1,1,1,1,9,6,1,7, ?,2,2
2,42,G,5,2007,3,1,1,2,1,1,1,1,1,1,1,1,1,1,10,6,1,7,45,2,2
2,42,S,5,2007,3,5,4,2,1,1,1,1,1,1,1,5,1,1,9,6,1,7,27,2,2
2,42,F,5,2007,1,1,1,2,1,1,2,1,1,1,1,5,1,1,9,6,1,7, ?,2,2
2,42,F,7,2007,2,3,1,1,1,1,1,1,1,1,1,5,1,1,9,6,1,7, ?,2,2
2,42,G,8,2007,3,3,1,2,1,1,1,1,1,1,1,5,1,1,9,6,1,7, ?,2,2
2,42,F,8,2007,1,1,1,1,1,1,3,1,1,1,1,5,1,1, ?,6,1,7, ?,2,2
2,42,F,8,2007,2,2,4,1,1,1,1,1,1,1,1,5,1,1,9,6,1,7, ?,2,2
2,42,S,9,2007,4,5,4,2,1,1,3,1,1,1,1,5,1,1,12,6,1,7,35,2,2
2,42,S,9,2007,4,5,4,2,1,1,3,1,1,1,1,5,1,1,9,6,1,7,25,2,2
2,42,F,9,2007,2,1,1,1,1,1,1,1,1,1,1,5,1,1,9,6,1,7, ?,?,2
9,42,F,4,2007,1,1,1,2,1,1,2,1,1,1,1,5,1,1, ?,6,1,1, ?,2,2
9,42,M,4,2007,4,1,4,1,1,1,3,1,1,1,1,5,1,1,14,6,1,1,40,2,2
9,42,F,4,2007,2,1,1,1,1,1,1,1,1,1,1,5,1,1, ?,6,?,?, ?,?,?
9,42,F,9,2007,1,1,1,2,2,1,2,1,1,1,1,5,1,1,9,6,1,1, ?,?,?
10,42,F,1,2007,2,1,1,1,1,1,1,1,1,1,1,5,1,1,14,6,1,1, ?,2,2
10,42,G,1,2007,2,1,1,2,2,1,1,1,1,1,1,5,1,1,19,6,1,1, ?,2,2
10,42,F,2,2007,1,1,1,2,2,1,3,1,1,1,1,1,1,1,14,6,1,1, ?,2,2
10,42,F,3,2007,1,1,1,1,1,1,3,1,1,1,1,5,1,1,9,6,1,1, ?,2,2
10,42,F,3,2007,3,1,1,2,2,1,1,1,1,1,1,5,1,1,14,6,1,1, ?,2,2
10,42,G,3,2007,2,1,1,1,1,1,1,1,1,1,1,5,1,1,19,6,1,1,25,?,2
10,42,F,4,2007,4,1,1,2,2,1,3,1,1,1,1,5,1,1,5,6,1,1, ?,2,2
10,42,M,4,2007,1,3,4,1,1,1,3,1,1,1,1,5,1,1,14,6,1,1, ?,2,2
10,42,F,4,2007,4,1,1,2,2,1,3,1,1,1,1,5,1,1,19,6,1,1, ?,2,2
10,42,F,4,2007,4,3,4,2,2,1,3,1,1,1,1,5,1,1,14,6,1,1, ?,2,2
10,42,M,5,2007,1,1,1,2,2,1,3,1,1,1,1,5,1,1,14,6,1,1,29,2,2
10,42,F,5,2007,2,1,1,1,1,1,1,1,1,1,1,5,1,1,14,6,1,1, ?,2,2
10,42,F,5,2007,2,1,1,2,2,1,1,1,1,1,1,5,1,1,6,6,1,1,20,2,2
11,42,F,3,2007,2,1,4,2,1,1,2,1,1,1,1,5,1,1,9,6,?,1, ?,2,2
11,42,F,3,2007,2,5,4,1,1,1,2,1,1,1,1,5,1,1,9,6,1,7,32,2,2
11,42,F,4,2007,4,1,1,1,1,1,2,1,1,1,1,1,1,1,14,6,1,1, ?,?,2
11,42,G,4,2007,2,1,1,1,1,1,1,1,1,1,1,5,1,1,19,6,1,1,30,2,2
11,42,F,4,2007,4,1,1,1,1,1,3,1,1,1,1,5,1,1,9,6,1,1, ?,2,2
11,42,F,10,2007,1,1,1,2,1,1,3,1,1,1,1,5,1,1,14,6,1,7, ?,2,2
11,42,F,10,2007,2,1,1,2,1,1,1,1,1,1,1,5,1,1,14,6,1,7, ?,2,2
11,42,F,11,2007,2,1,1,2,1,1,1,1,1,1,1,5,1,1, ?,6,1,7, ?,2,2
11,42,F,11,2007,2,3,4,2,1,1,1,1,1,1,1,5,1,1,14,6,1,1, ?,2,2
11,42,F,10,2007,2,1,1,1,1,1,1,1,1,1,1,5,1,1,6,6,1,7, ?,2,2
11,42,F,11,2007,2,1,1,1,1,1,1,1,1,1,1,5,1,1,19,6,1,7, ?,2,2
11,42,F,11,2007,1,1,4,1,1,1,3,1,1,1,1,5,1,1, ?,6,1,7, ?,2,2
11,42,F,12,2007,2,1,1,2,1,1,1,1,1,1,1,5,1,1,6,6,1,7,20,2,2
11,42,G,12,2007,3,1,1,2,1,1,1,1,1,1,1,5,1,1,9,6,1,7, ?,2,2
11,42,F,12,2007,3,1,1,1,1,1,1,1,1,1,1,5,1,1,14,6,1,7, ?,2,2
12,42,F,1,2007,4,1,1,1,1,1,3,1,1,1,1,5,1,1,14,6,1,1, ?,2,2
12,42,F,1,2007,1,1,4,1,1,1,2,1,1,1,1,5,1,1,19,6,?,?, ?,?,?
12,42,F,1,2007,2,1,1,1,1,1,1,1,1,1,1,5,1,1, ?,6,?,?, ?,2,2
12,42,F,2,2007,2,3,4,1,1,1,1,1,1,1,1,5,1,1,19,6,?,?, ?,2,2
12,42,F,2,2007,1,1,1,1,1,1,1,1,1,1,1,5,1,1, ?,6,?,?, ?,?,?
12,42,F,2,2007,2,1,4,1,1,1,1,1,1,1,1,5,1,1,8,6,?,?,28,2,2
12,42,F,2,2007,3,1,1,1,1,1,1,1,1,1,1,5,1,1,7,6,?,?, ?,?,?
12,42,F,3,2007,4,1,1,1,1,1,3,1,1,1,1,5,1,1,9,6,?,?, ?,2,2
12,42,F,3,2007,3,1,4,1,1,1,1,1,1,1,1,5,1,1,9,6,?,?, ?,2,2
12,42,F,4,2007,1,1,1,1,1,1,3,1,1,1,1,5,1,1, ?,6,?,?, ?,2,2
12,42,F,4,2007,2,1,1,1,1,1,1,1,1,1,1,5,1,1, ?,6,?,?, ?,2,2
12,42,F,5,2007,2,1,4,2,1,1,1,1,1,1,1,5,1,1,10,6,?,?, ?,2,2
12,42,F,5,2007,1,1,1,2,2,1,3,1,1,1,1,5,1,1,14,6,?,?, ?,2,2
12,42,M,5,2007,2,1,1,2,2,1,1,1,1,1,1,5,1,1,10,6,?,?,37,2,2
12,42,F,9,2007,2,3,1,2,1,1,1,1,1,1,1,5,1,1,9,6,1,7, ?,2,2