Thana,District,Accident_Severity,Month,Year,Time,Junction_Type,Traffic_Control,Movement,Divider,Weather,Light,Road_Geometry,Surface_Condition,Surface_Type,Surface_Quality,Road_Class,Road_Feature,Location_Type,Vehicle_Type,Vehicle_Movement,Vehicle_Loading,Vehicle_Defect,Vehicle_Driver_Age,Vehicle_Alcohol,Vehicle_Seat_Belt
12,42,G,10,2007,2,1,4,2,1,1,1,1,1,1,1,5,1,1,19,6,1,7, ?,2,2
14,42,F,1,2007,2,1,1,2,2,1,1,1,1,1,1,1,1,1,14,6,?,?, ?,2,2
14,42,F,1,2007,2,1,4,2,1,1,1,1,1,1,1,1,1,1,9,6,?,?,22,2,2
14,42,F,2,2007,1,1,1,1,1,1,3,1,1,1,1,5,1,1,10,6,?,?, ?,2,2
14,42,F,5,2007,2,1,1,2,2,1,1,1,1,1,1,5,1,1,8,6,?,?, ?,2,2
14,42,F,5,2007,2,1,4,1,1,1,1,1,1,1,1,1,1,1,10,6,?,?, ?,2,2
14,42,F,5,2007,3,3,1,2,1,1,1,1,1,1,1,1,1,2,8,6,?,?,32,2,2
14,42,F,5,2007,2,1,1,2,1,1,1,1,1,1,1,1,1,1,14,6,?,?, ?,2,2
15,42,F,5,2007,2,1,4,1,1,1,1,1,1,1,1,5,1,1,9,6,1,1, ?,2,2
16,42,F,5,2007,4,1,1,1,1,1,3,1,1,1,1,5,1,1,9,6,1,7, ?,2,2
16,42,F,5,2007,4,1,1,2,1,1,3,1,1,1,1,5,1,1,19,6,1,7, ?,2,2
16,42,F,5,2007,4,1,1,2,1,1,3,1,1,1,1,5,1,1,8,6,?,?,24,2,2
16,42,G,5,2007,4,1,1,1,1,1,2,1,1,1,1,5,1,1,9,6,1,7, ?,2,2
16,42,F,6,2007,2,3,4,1,1,1,1,1,1,1,1,5,1,1,9,6,1,7,24,2,2
16,42,F,5,2007,4,1,1,1,1,1,3,1,1,1,1,5,1,1, ?,6,1,7, ?,2,2
16,42,M,6,2007,2,1,1,2,1,1,1,1,1,1,1,5,1,1,9,6,1,7, ?,2,2
16,42,F,6,2007,3,1,1,1,1,1,1,1,1,1,1,5,1,1,9,6,1,7, ?,2,2
26,42,G,1,2007,2,1,4,2,2,1,1,1,1,1,1,5,1,1,10,6,1,7, ?,2,2
26,42,F,1,2007,3,3,4,2,1,1,1,1,1,1,1,5,1,1,9,6,1,7, ?,2,2
26,42,G,4,2007,3,1,1,2,2,1,1,1,1,1,1,5,1,1,9,6,1,7, ?,2,2
27,42,G,1,2007,4,1,8,2,1,1,2,1,1,1,1,5,1,1,10,6,1,1,37,2,2
27,42,F,3,2007,4,1,1,2,1,1,2,1,1,1,1,5,1,1,9,6,1,1,56,2,2
27,42,F,6,2007,2,1,1,1,1,1,1,1,1,1,1,5,1,1,9,6,1,7,45,2,2
27,42,M,7,2007,1,2,4,2,1,1,3,1,1,1,1,5,1,1,14,6,1,7, ?,2,2
27,42,F,7,2007,3,1,8,2,1,1,1,1,1,1,1,5,1,1,9,6,1,7, ?,2,2
28,42,G,1,2007,4,2,4,2,1,1,3,1,1,1,1,5,1,1,11,6,1,7,35,2,2
28,42,G,2,2007,2,3,4,2,1,1,1,1,1,1,1,5,1,1,9,6,1,7,25,2,2
28,42,F,2,2007,3,1,4,2,1,1,1,1,1,1,1,5,1,1,9,6,1,7,25,2,2
28,42,F,2,2007,1,3,1,1,1,1,3,1,1,1,1,5,1,1,7,6,1,7, ?,2,2
28,42,F,2,2007,3,1,1,2,1,1,1,1,1,1,1,5,1,1,9,6,1,7,48,2,2
28,42,G,2,2007,2,1,1,2,1,1,1,1,1,1,1,5,1,1,9,6,1,7,45,2,2
28,42,G,4,2007,2,1,1,2,1,1,1,1,1,1,1,5,1,1,9,6,1,7, ?,2,2
28,42,G,4,2007,3,3,4,2,1,1,1,1,1,1,1,5,1,1,19,6,1,7, ?,2,2
28,42,S,4,2007,3,2,4,2,1,1,1,1,1,1,1,5,1,1,10,6,1,7,27,?,?
28,42,F,6,2007,1,1,1,2,1,1,3,1,1,1,1,5,1,1,14,6,1,7, ?,2,2
28,42,G,9,2007,2,7,6,2,1,1,4,1,1,1,1,5,1,1,8,6,1,7, ?,2,2
28,42,G,9,2007,3,1,1,2,1,1,1,1,1,1,1,5,1,1,10,6,1,7, ?,2,2
28,42,F,9,2007,2,7,8,2,1,1,2,1,1,1,1,5,1,1,19,6,1,7, ?,2,2
28,42,F,12,2007,2,2,1,1,1,1,1,1,1,1,1,5,1,1,8,6,?,?, ?,2,2
28,42,F,12,2007,4,1,8,2,1,1,3,1,1,1,1,5,1,1,5,6,?,?, ?,?,2
29,42,G,2,2007,2,1,1,2,1,1,1,1,1,1,1,5,1,1,9,6,1,7, ?,2,2
29,42,M,3,2007,2,1,1,2,1,1,1,1,1,1,1,5,1,1,9,6,1,7, ?,2,2
29,42,G,3,2007,3,1,4,2,1,1,1,1,1,1,1,5,1,1,5,6,1,7,40,2,2
29,42,F,3,2007,2,1,1,2,1,1,1,1,1,1,1,5,1,1,9,6,1,7,28,2,2
29,42,F,3,2007,4,1,1,1,1,1,2,1,1,1,1,5,1,1,9,6,1,7,28,2,2
29,42,F,4,2007,3,2,4,1,1,1,1,1,1,1,1,5,1,1,9,6,1,7, ?,2,2
29,42,F,4,2007,4,2,4,2,1,1,3,1,1,1,1,5,1,1,9,6,1,7,40,2,2
29,42,F,4,2007,4,3,4,2,1,1,3,1,1,1,1,5,1,1,9,6,1,7,30,2,2
29,42,G,5,2007,3,1,1,2,1,1,1,1,1,1,1,5,1,1,10,6,?,?,28,?,?
29,42,G,6,2007,3,1,1,2,1,1,1,1,1,1,1,5,1,1,8,6,1,7, ?,2,2
29,42,F,8,2007,4,1,1,1,1,1,3,1,1,1,1,5,1,1,9,6,1,7,23,2,2
29,42,G,8,2007,4,1,4,2,2,1,3,1,1,1,1,5,1,1,4,6,1,7,24,1,1
29,42,F,8,2007,4,1,4,2,1,1,3,1,1,1,1,5,1,1,10,6,1,7,35,2,2
29,42,F,8,2007,2,1,1,2,2,1,1,1,1,1,1,5,1,1,9,6,1,7,23,2,2
33,42,F,3,2007,1,1,4,2,1,1,2,1,1,1,1,5,1,1, ?,6,1,7, ?,2,2
33,42,F,3,2007,1,1,4,2,1,1,2,1,1,1,1,1,1,1, ?,6,1,7, ?,2,2
33,42,F,3,2007,4,1,1,1,1,1,3,1,1,1,1,1,1,1, ?,6,1,7, ?,2,2
33,42,F,3,2007,4,2,4,2,1,1,3,1,1,1,1,5,1,1,14,6,1,7, ?,2,2
33,42,F,3,2007,1,1,4,2,1,1,3,1,1,1,1,5,1,1, ?,6,1,7, ?,2,2
33,42,F,3,2007,2,1,4,1,1,1,1,1,1,1,1,5,1,1,9,6,1,7, ?,2,2
33,42,G,2,2007,4,1,4,2,1,1,3,1,1,1,1,1,1,1,9,6,1,7, ?,2,2
33,42,F,3,2007,2,1,4,2,1,1,1,1,1,1,1,5,1,1, ?,6,1,7, ?,2,2
33,42,F,4,2007,1,1,4,2,1,1,3,1,1,1,1,1,1,1,9,6,1,7, ?,2,2
33,42,F,4,2007,2,1,4,2,1,1,1,1,1,1,1,1,1,1,9,6,?,?, ?,2,2
33,42,F,4,2007,1,1,4,2,1,1,3,1,1,1,1,5,1,1, ?,6,?,?, ?,?,?
33,42,F,4,2007,1,1,1,2,1,1,3,1,1,1,1,1,1,1, ?,6,?,?, ?,?,?
33,42,F,4,2007,1,3,1,1,1,1,2,1,1,1,1,1,1,1,19,6,?,?,35,?,2
33,42,F,4,2007,2,1,1,2,1,1,1,1,1,1,1,1,1,1,9,6,?,?, ?,?,2
33,42,F,4,2007,3,1,4,1,1,1,1,1,1,1,1,1,1,1,9,6,?,?, ?,?,2
33,42,F,4,2007,2,1,1,1,1,1,1,1,1,1,1,1,1,1,9,6,?,?, ?,?,2
33,42,F,4,2007,3,1,4,2,1,1,1,1,1,1,1,5,1,1,19,6,?,?,48,?,?
33,42,F,4,2007,4,1,1,1,1,1,3,1,1,1,1,5,1,1,9,6,?,?, ?,?,2
33,42,F,4,2007,4,3,1,1,1,1,3,1,1,1,1,1,1,1, ?,6,?,?, ?,?,?
33,42,G,4,2007,4,1,4,2,1,1,3,1,1,1,1,5,1,1,14,6,?,?,35,?,2
33,42,F,5,2007,4,1,1,2,1,1,3,1,1,1,1,1,1,1,14,6,?,?, ?,?,2
33,42,F,5,2007,2,1,4,1,1,1,1,1,1,1,1,1,1,1,9,6,?,?,40,?,2
33,42,F,5,2007,1,1,1,2,1,1,3,1,1,1,1,1,1,1, ?,6,1,7, ?,?,?
33,42,F,5,2007,1,1,1,2,1,1,2,1,1,1,1,1,1,1,14,6,1,7, ?,2,2
33,42,F,6,2007,2,1,1,2,1,1,1,1,1,1,1,1,1,1, ?,6,1,7, ?,?,?
33,42,F,6,2007,1,1,1,2,2,1,3,1,1,1,1,1,1,1,9,6,1,7, ?,2,2
33,42,F,6,2007,1,1,4,2,1,1,3,1,1,1,1,5,1,1,14,6,?,?, ?,?,2
33,42,F,6,2007,1,3,4,2,1,1,3,1,1,1,1,5,1,1, ?,6,?,?, ?,?,?
33,42,F,6,2007,1,7,4,1,1,1,3,1,1,1,1,1,1,1, ?,6,?,?, ?,?,?
33,42,F,7,2007,3,1,1,1,1,1,1,1,1,1,1,1,1,1, ?,6,?,?, ?,?,?
33,42,F,7,2007,2,1,4,1,1,1,1,1,1,1,1,1,1,1,7,6,?,?, ?,?,2
33,42,F,7,2007,3,7,4,2,1,1,1,1,1,1,1,1,1,1, ?,6,?,?, ?,?,?
33,42,F,7,2007,3,7,4,2,1,1,1,1,1,1,1,5,1,1, ?,6,?,?, ?,?,2
33,42,F,8,2007,4,7,4,1,1,1,3,1,1,1,1,5,1,1,9,6,?,?,45,?,2
33,42,F,8,2007,3,1,1,2,2,1,1,1,1,1,1,5,1,1,14,6,?,?, ?,?,2
33,42,F,8,2007,3,1,1,2,1,1,1,1,1,1,1,1,1,1, ?,6,?,?, ?,?,?
33,42,G,8,2007,4,1,4,2,1,1,3,1,1,1,1,5,1,1,9,6,?,?, ?,?,2
33,42,F,8,2007,1,1,1,2,1,1,3,1,1,1,1,1,1,1, ?,6,?,?, ?,?,?
33,42,F,8,2007,4,1,1,2,1,1,2,1,1,1,1,1,1,1,9,6,?,?, ?,?,2
33,42,F,9,2007,4,1,4,2,1,1,3,1,1,1,1,1,1,1,9,6,?,?, ?,?,2
33,42,F,9,2007,2,1,1,2,1,1,1,1,1,1,1,1,1,1, ?,6,?,?, ?,?,?
33,42,F,9,2007,4,1,1,2,1,1,3,1,1,1,1,1,1,1,9,6,?,?, ?,?,?
33,42,F,9,2007,3,1,1,2,2,2,1,1,1,1,1,1,1,1,14,6,?,?, ?,?,2
33,42,F,9,2007,2,3,1,2,2,1,1,1,1,1,1,5,1,1,5,6,?,?, ?,?,2
33,42,F,10,2007,1,1,4,1,1,1,3,1,1,1,1,5,1,1,6, ?,?,?, ?,?,?
33,42,F,10,2007,4,1,1,2,1,1,2,1,1,1,1,1,1,1,9,6,?,?, ?,?,2
33,42,F,10,2007,2,3,4,1,1,1,1,1,1,1,1,5,1,1,9,6,?,?, ?,?,2
33,42,F,10,2007,1,7,4,1,1,1,3,1,1,1,1,1,1,1,9,6,?,?, ?,?,2
33,42,F,10,2007,2,1,1,2,2,1,1,1,1,1,1,1,1,1, ?,6,?,?, ?,?,?
33,42,F,11,2007,2,1,4,2,1,1,1,1,1,1,1,5,1,1, ?,6,?,?, ?,?,?
33,42,F,10,2007,2,1,4,2,1,1,1,1,1,1,1,5,1,1,14,6,?,?, ?,?,2
33,42,F,11,2007,3,1,4,2,1,1,1,1,1,1,1,5,1,1,9,6,?,?, ?,2,2
33,42,F,11,2007,3,1,1,2,1,1,1,1,1,1,1,1,1,1,9,6,?,?,32,?,2
33,42,F,11,2007,2,1,4,2,1,1,2,1,1,1,1,1,1,1,9,6,?,?, ?,?,2
33,42,F,12,2007,2,3,4,2,1,1,1,1,1,1,1,5,1,1, ?,6,?,?, ?,?,?
33,42,F,12,2007,1,1,1,2,1,1,2,1,1,1,1,1,1,1,6,6,?,?, ?,?,2
33,42,F,12,2007,2,1,4,2,1,1,1,1,1,1,1,1,1,1,6, ?,?,?, ?,?,?
33,42,F,12,2007,3,7,4,1,1,1,1,1,1,1,1,5,1,1, ?,6,?,?, ?,?,?
33,42,F,12,2007,3,1,4,2,1,1,1,1,1,1,1,5,1,1,9,6,?,?,25,?,2
33,42,G,12,2007,3,1,1,2,1,1,1,1,1,1,1,1,1,1,9,6,?,?,35,?,2
1,21,F,4,2007,2,1,1,1,2,1,1,1,1,1,1,3,1,2,7,6,1,1,38,2,2
1,21,G,6,2007,3,1,1,2,2,2,1,1,2,1,1,1,1,2,14,6,1,1,40,2,2
1,21,F,7,2007,1,1,1,1,2,1,1,1,1,1,1,1,1,2,14,6,1,1, ?,1,2
1,21,F,7,2007,4,1,8,1,2,1,4,1,1,1,1,1,1,2,9,6,1,1, ?,2,2
3,21,F,1,2007,3,7,1,2,2,1,1,2,1,1,1,4,1,2,19,11,1,7,21,2,2
3,21,F,3,2007,2,1,1,2,2,1,1,1,1,1,1,1,1,1,9,8,1,6, ?,2,2
3,21,F,5,2007,2,1,3,1,2,1,1,1,1,1,1,1,1,2,9,11,1,1, ?,2,2
3,21,G,5,2007,3,1,1,1,2,1,4,1,1,1,1,1,1,2,14,8,1,1, ?,2,2
5,21,F,2,2007,3,1,2,1,2,1,1,1,1,1,1,3,1,2,14,6,1,1,40,2,2
5,21,G,3,2007,3,7,8,1,2,1,1,1,1,1,1,3,1,2,19,11,1,7, ?,2,2
2,21,F,2,2007,3,7,8,1,2,1,1,1,1,1,1,4,1,2,19,11,1,1,28,2,2
4,21,F,3,2007,3,1,1,2,1,1,1,1,1,1,1,2,1,2,11,6,1,1, ?,2,2
4,21,F,6,2007,3,1,1,2,2,1,1,1,1,1,1,3,1,2,9,6,1,7, ?,2,2
1,19,F,3,2007,2,7,3,2,2,1,1,1,1,1,1,2,1,1,14,6,1,1,25,2,2
1,23,F,1,2007,3,1,1,1,2,1,1,1,1,1,1,2,1,2,9,2,1,1, ?,2,2
5,26,F,6,2007,3,1,1,2,1,1,1,1,1,1,1,1,1,1,14,6,2,1, ?,2,2
6,26,F,4,2007,4,1,1,1,2,1,4,1,1,1,1,4,1,2,4, ?,?,?, ?,?,?
2,26,G,1,2007,2,4,1,2,2,1,1,4,1,3,1,4,1,2,4, ?,?,?, ?,?,?
8,26,F,1,2007,2,1,1,1,2,1,1,1,1,1,1,4,1,2,9,9,1,1, ?,2,2
1,26,F,3,2007,2,7,1,1,2,1,1,1,1,1,1,2,1,2,8,6,1,1, ?,2,2
7,26,F,4,2007,2,1,1,1,2,1,1,2,1,1,1,3,1,2,8,2,1,1,26,2,2
7,26,F,5,2007,3,2,1,1,2,1,1,1,1,1,1,3,1,2,14,5,1,1, ?,2,2
4,26,F,3,2007,4,1,1,2,1,1,1,1,1,1,1,1,1,2, ?, ?,?,?, ?,?,?
4,26,F,3,2007,3,2,8,2,2,1,1,2,1,1,1,1,1,2,4,6,1,1,24,2,2
1,22,F,1,2007,4,1,1,2,1,4,4,2,1,1,3,1,2,?,5,6,1,1,30,2,2
1,22,F,2,2007,2,3,8,2,2,1,1,1,1,1,1,1,1,2,14,11,1,1,37,2,2
1,22,F,7,2007,3,1,3,2,2,1,1,1,1,1,1,1,1,1,9,6,1,1,45,2,2
4,22,F,1,2007,3,3,1,2,2,1,1,1,1,3,1,4,1,2,14,6,1,1, ?,2,2
3,22,F,6,2007,4,3,1,1,2,1,2,1,1,1,2,1,1,2,9,6,1,1, ?,2,2
2,22,F,1,2007,4,7,1,2,2,1,3,1,1,1,1,4,1,2,14,1,1,1, ?,2,2
1,25,F,2,2007,3,1,1,2,2,1,2,1,1,1,1,4,1,2,19,6,2,1, ?,2,2
1,25,F,5,2007,2,1,1,2,2,1,1,1,1,1,3,1,2,2,9,6,1,1, ?,2,2
1,25,F,5,2007,4,1,2,2,2,1,3,1,1,1,1,1,1,1,14, ?,?,?, ?,?,?
1,25,F,7,2007,3,3,1,2,2,1,1,1,1,1,1,1,1,2, ?, ?,?,?, ?,?,?
7,25,F,7,2007,1,1,8,1,2,1,2,1,1,1,1,1,1,2,7,6,1,7,44,2,2
6,25,F,7,2007,2,1,4,1,2,1,1,1,1,1,1,2,1,2,8,6,1,1,25,2,2
3,25,F,7,2007,2,1,1,2,2,1,1,1,1,1,1,2,1,2,4,6,1,1, ?,2,2
4,20,F,5,2007,4,1,1,2,1,1,4,3,2,2,2,4,1,2,19,6,1,1,20,2,2
4,20,F,5,2007,2,1,1,2,2,1,1,1,1,1,1,4,1,1,4,6,1,1,20,2,2
4,20,F,7,2007,3,1,1,2,2,1,1,2,1,1,1,1,1,2,9,2,1,1, ?,2,2
4,20,F,8,2007,3,1,1,1,2,2,1,1,2,1,1,4,1,2,9,2,1,1,40,2,2
2,20,G,3,2007,2,1,1,1,2,1,1,1,1,1,1,2,1,2,9,6,1,1, ?,2,2
2,20,F,5,2007,3,1,1,1,2,1,1,1,1,1,1,2,1,2,10,6,?,?, ?,2,2
2,20,F,7,2007,3,1,1,1,2,1,1,1,1,1,1,3,1,2,14,6,1,1,22,2,2
2,20,F,8,2007,2,1,1,2,2,2,1,2,2,1,1,3,1,2,9,6,1,1,45,2,2
1,20,F,3,2007,3,1,1,2,2,1,1,1,1,1,1,4,1,2,19,1,1,1, ?,2,2
1,20,F,4,2007,1,1,1,2,2,1,1,1,1,1,1,4,1,2,9,4,1,1, ?,2,2
1,20,S,7,2007,3,1,2,1,2,1,1,1,1,1,1,4,1,2,9,6,1,1, ?,2,2
1,20,F,8,2007,4,1,1,1,2,2,3,4,1,1,1,1,1,2,9,8,1,1, ?,2,2
4,23,F,10,2007,3,7,1,1,2,1,1,1,1,1,1,3,1,2,9,6,1,7,35,2,2
6,26,F,11,2007,2,1,1,1,2,1,1,1,1,2,2,3,1,2,4,6,1,1,26,2,2
7,26,F,11,2007,2,1,8,1,2,1,1,1,1,1,2,2,1,2, ?, ?,?,?, ?,?,?
5,26,F,8,2007,3,1,2,1,2,1,1,1,1,1,1,1,1,2,9,6,1,1, ?,2,2
5,26,F,11,2007,2,1,8,1,2,1,2,1,1,1,1,1,1,2,9,6,1,1, ?,2,2
2,20,F,9,2007,3,1,1,1,2,1,1,3,1,1,1,2,1,2,6,6,2,1, ?,2,2
7,24,F,6,2007,2,1,1,2,2,1,1,1,1,1,1,2,1,2,9,6,1,1,35,2,2
8,24,S,6,2007,1,3,1,1,2,1,1,1,1,1,2,2,1,2,9,6,1,1,32,2,2
5,24,F,7,2007,2,1,1,2,2,1,1,1,1,1,1,2,1,1,9,6,1,1, ?,2,2
1,24,S,4,2007,1,2,1,2,2,1,1,1,1,1,1,1,1,2,14,9,1,1, ?,2,2
1,24,F,4,2007,3,1,1,2,2,1,1,1,1,1,1,1,1,2,4,6,1,1,24,2,2
1,24,G,4,2007,2,1,1,2,2,1,1,1,1,1,1,1,2,?,9,6,1,1,40,2,2
1,24,F,6,2007,3,1,1,2,2,1,1,1,1,1,1,1,1,2,14,6,1,1, ?,2,2
1,24,F,8,2007,3,1,1,1,2,1,1,1,1,1,1,1,1,2,9,6,1,3, ?,2,2
1,24,S,8,2007,2,1,1,1,2,1,1,1,1,1,1,1,2,2,14,5,1,1, ?,2,2
3,21,F,9,2007,3,1,1,1,2,1,1,1,1,1,1,2,1,2,19,6,1,1, ?,2,2
3,21,F,10,2007,2,1,3,1,2,1,1,1,1,1,1,1,1,2,9,6,1,1, ?,2,2
3,21,F,10,2007,3,1,1,1,2,1,1,1,1,1,1,1,1,2,9,6,1,1,40,2,2
3,21,F,10,2007,3,1,1,1,2,1,1,1,1,1,1,1,1,2,9,6,1,1, ?,2,2
3,21,F,11,2007,3,1,1,1,2,1,1,1,1,1,1,1,1,2,14,6,1,1, ?,2,2
3,21,F,11,2007,2,1,1,1,2,1,1,1,1,1,1,1,1,2,9,6,1,1, ?,2,2
1,19,F,9,2007,3,1,3,2,2,1,1,1,1,1,1,3,1,2,19,6,1,1,35,2,2
2,19,F,11,2007,2,1,1,1,2,1,1,1,1,1,1,2,1,2,4,6,1,1, ?,2,2
1,22,S,11,2007,3,2,8,2,2,1,1,1,1,1,1,1,1,2,14,5,1,1,32,2,2
1,22,F,11,2007,4,1,1,2,2,1,3,1,1,1,1,1,1,1,14,6,1,1,35,2,2
1,22,F,12,2007,3,7,1,2,2,1,1,1,1,1,1,1,1,1,9,6,1,1, ?,2,2
1,20,F,12,2007,2,7,3,1,2,1,1,1,1,1,1,4,1,2,8,6,1,1, ?,2,2
1,20,F,12,2007,2,7,8,2,2,1,1,1,1,1,1,2,1,2,8,6,1,1, ?,2,2
2,20,F,9,2007,3,1,1,1,2,1,1,3,1,1,2,3,1,2,19,6,1,1, ?,2,2
5,29,F,1,2007,2,1,1,1,2,1,1,1,1,1,1,1,1,2,7,6,1,1, ?,2,2
5,29,G,1,2007,3,1,1,1,2,1,1,3,1,1,1,3,1,2,14,6,1,1,27,2,2
5,29,F,4,2007,1,1,1,1,2,1,4,1,1,1,1,1,1,1,12,6,1,1, ?,2,2
5,29,G,6,2007,2,1,1,1,2,1,1,1,1,1,1,1,1,2,12,6,2,1, ?,2,2
5,29,F,10,2007,3,7,2,2,1,1,1,1,1,1,1,1,1,2,16,11,1,1, ?,2,2
8,29,F,10,2007,2,1,1,2,1,1,1,1,1,1,1,4,1,2,4,6,1,1, ?,2,2
8,29,F,11,2007,2,1,1,2,2,1,1,1,1,1,1,1,1,2,14,6,1,1, ?,2,2
1,24,F,9,2007,1,2,5,1,1,1,1,1,1,1,1,1,1,2,9,6,1,1, ?,2,2
1,24,F,11,2007,3,3,1,1,2,1,1,1,1,1,1,1,1,2,9,6,1,1, ?,2,2
2,24,F,11,2007,3,3,1,1,2,1,1,1,1,1,1,2,1,2,12,6,2,1, ?,2,2
2,24,G,10,2007,2,1,1,1,2,1,1,1,1,1,1,1,1,1,9,6,2,1, ?,2,2
2,24,F,11,2007,3,1,1,1,2,1,1,1,1,1,1,1,1,2,14,6,1,1, ?,2,2
2,24,F,9,2007,2,1,1,1,2,1,1,1,1,1,1,1,1,2,9,6,2,1,32,2,2
1,18,F,12,2007,3,7,1,2,2,1,1,1,1,1,1,1,1,2,9,6,2,1,54,2,2
1,18,F,11,2007,2,1,8,1,2,1,1,1,1,1,1,1,1,1,9,6,1,1,30,2,2
1,18,F,10,2007,3,1,8,1,2,1,1,1,1,1,1,1,1,2,9,6,1,1, ?,2,2
1,18,F,10,2007,2,7,1,1,2,1,1,1,1,1,1,1,1,2,7,6,1,1, ?,2,2
1,18,S,11,2007,2,1,1,1,2,1,1,1,1,1,1,1,1,1,8,6,1,1, ?,2,2
4,18,G,11,2007,3,1,1,1,2,1,1,1,1,1,1,3,1,2,14,6,1,1, ?,2,2
4,18,F,10,2007,2,1,1,1,2,1,1,1,1,1,1,3,1,2,5,6,1,1, ?,2,2
4,18,F,12,2007,2,1,1,2,2,1,1,1,1,1,1,2,1,2, ?, ?,?,?, ?,?,?
6,18,G,11,2007,2,3,1,2,2,1,1,1,1,1,1,1,1,2,12,6,1,1, ?,2,2
2,18,F,11,2007,3,1,2,2,1,1,1,1,1,1,1,2,1,2,14,6,1,1, ?,2,2
3,18,F,9,2007,3,1,8,2,2,1,1,1,1,1,1,3,1,2,19,6,1,1,30,2,2
1,25,F,8,2007,3,1,1,2,2,1,1,1,1,1,1,1,1,2,12,6,1,1, ?,2,2
1,25,F,9,2007,3,1,1,1,2,1,1,1,1,1,1,1,1,2,9,6,1,1, ?,2,2
4,25,F,11,2007,3,1,1,1,2,1,1,1,1,1,1,3,1,2,14,6,1,1,40,2,2
9,26,F,12,2007,3,1,1,2,2,1,1,1,1,1,1,2,1,2,6,6,1,1,28,2,2
7,26,G,12,2007,3,4,1,1,2,1,1,1,1,2,1,4,1,2,4,6,1,1, ?,2,2
2,28,G,10,2007,2,1,1,1,2,1,1,1,1,1,1,1,1,1,9,6,2,?, ?,?,?
1,22,F,8,2007,3,1,1,2,1,1,1,1,2,1,1,1,1,2,14,2,1,2, ?,?,?
1,23,M,2,2007,4,1,1,2,2,1,2,1,1,1,1,2,1,1,9,6,1,1,45,?,2
1,22,F,9,2007,3,3,2,2,1,1,1,1,1,1,1,1,1,2,9,6,1,1, ?,2,2
1,22,F,7,2007,3,1,1,1,?,1,1,1,1,1,1,1,1,2,9, ?,?,?, ?,2,2
1,29,F,2,2007,3,1,1,2,1,1,1,1,1,1,1,1,2,1,9,6,2,?, ?,?,2
1,29,F,8,2007,3,1,1,2,2,1,1,1,1,1,1,2,1,2,12,5,1,1,42,2,2
3,29,F,1,2007,3,2,1,2,2,1,1,1,1,1,1,1,1,2,7,5,1,7, ?,2,2
3,29,F,4,2007,3,4,1,2,?,1,1,1,1,1,1,1,?,2,9,6,2,?, ?,2,2
3,29,F,5,2007,3,1,1,2,2,1,1,2,1,1,1,1,1,2,12,9,1,6,32,?,2
3,29,F,8,2007,1,1,1,2,2,1,1,1,1,1,1,1,1,2,8,8,1,7,33,?,?
2,29,F,3,2007,3,1,1,2,2,1,1,1,1,1,1,4,1,2,8,6,1,3,45,1,2
2,29,F,9,2007,2,1,1,1,2,1,1,1,1,1,1,2,2,2,8,5,2,?, ?,1,2
9,29,G,6,2007,2,1,1,2,2,1,1,1,1,1,1,4,1,2,4,6,1,7, ?,?,2
8,29,F,2,2007,2,1,1,2,2,1,1,1,1,1,1,4,1,2,13,6,1,7, ?,2,2
1,22,F,12,2007,3,1,1,2,2,1,1,1,1,1,1,1,?,?,9,6,?,7, ?,2,2
3,20,F,5,2007,4,1,1,1,2,1,2,1,1,1,1,4,1,2,18,11,1,1, ?,2,2
2,20,G,9,2007,3,1,1,2,2,1,1,1,1,1,1,2,1,2,14,6,1,1, ?,2,2
3,20,F,11,2007,2,1,1,2,1,1,1,1,1,1,1,?,1,2,9, ?,1,5, ?,2,2
5,18,G,7,2007,3,?,8,1,?,2,1,1,2,1,2,4,1,2, ?, ?,?,?, ?,1,2
5,18,G,8,2007,3,?,3,2,2,1,1,1,1,1,1,1,1,2,12, ?,?,?, ?,2,2
1,18,F,7,2007,2,2,3,2,2,1,3,1,1,1,1,1,1,1,14,3,1,1,38,2,2
1,18,F,6,2007,2,3,3,2,2,1,1,1,1,1,1,2,?,?,14, ?,?,?, ?,2,2
1,18,F,3,2007,3,2,3,2,2,3,1,1,2,1,1,5,1,1,13,1,2,7,38,1,2
1,18,F,4,2007,2,?,3,1,2,1,1,1,1,1,1,1,1,2,17,6,2,7,35,1,2
1,18,F,2,2007,2,?,3,1,?,1,3,1,1,1,1,1,1,2,9,6,1,7, ?,1,2
1,21,F,9,2007,2,1,1,2,2,1,1,1,1,1,3,1,1,?,6,6,1,1,30,2,2
2,20,F,5,2007,4,1,1,2,2,1,3,1,1,1,1,4,1,2,6, ?,2,7,40,2,2
1,20,F,3,2007,2,1,1,2,2,1,1,1,1,1,1,2,1,2,9,6,1,1, ?,2,2
2,28,F,2,2007,3,1,1,2,2,1,1,1,1,1,1,5,1,1,11,6,1,1, ?,2,2
3,28,F,3,2007,4,7,1,2,2,1,2,1,1,1,1,1,1,1,5,11,1,1, ?,2,2
3,28,F,2,2007,1,1,8,2,2,1,3,1,1,1,1,1,1,1,10,1,1,7, ?,1,2
5,28,F,2,2007,3,7,1,2,2,1,1,1,1,1,1,2,1,2,8,11,1,1,40,1,2
1,28,G,8,2007,3,7,8,1,2,1,1,1,1,1,1,5,1,1,9,8,1,7,25,2,2
2,28,F,10,2007,3,7,8,2,2,1,1,1,1,1,1,5,1,1,9,11,2,7, ?,1,2