Thana,District,Accident_Severity,Month,Year,Time,Junction_Type,Traffic_Control,Movement,Divider,Weather,Light,Road_Geometry,Surface_Condition,Surface_Type,Surface_Quality,Road_Class,Road_Feature,Location_Type,Vehicle_Type,Vehicle_Movement,Vehicle_Loading,Vehicle_Defect,Vehicle_Driver_Age,Vehicle_Alcohol,Vehicle_Seat_Belt
2,28,F,10,2007,3,1,1,2,2,1,1,1,1,1,1,5,1,1,9,11,1,1,30,1,2
5,28,F,6,2007,3,1,1,1,2,1,1,1,1,1,1,3,1,1,9,6,1,1, ?,1,2
5,28,F,12,2007,2,7,1,1,2,1,1,1,1,1,1,3,1,1,9,6,1,1, ?,1,2
4,28,S,7,2007,4,1,8,1,2,1,3,1,1,1,1,1,1,1,9,5,1,1,23,1,2
4,28,F,9,2007,2,1,1,2,2,1,1,1,1,1,1,1,1,1,9,11,1,1, ?,1,2
4,28,F,9,2007,3,1,8,2,2,1,1,2,1,1,1,1,1,2,4,2,2,7,25,1,2
4,28,G,9,2007,4,1,6,2,2,1,3,1,1,1,1,1,1,1,4,6,1,1,40,1,2
4,28,F,9,2007,4,1,1,1,1,1,3,1,1,1,1,1,1,1,5,11,1,1, ?,1,2
4,28,F,10,2007,2,1,4,2,1,1,1,1,1,1,1,1,1,1,4,6,1,1,25,1,2
4,28,F,11,2007,3,1,8,1,2,1,1,2,2,1,1,5,1,1,14,1,1,1, ?,1,2
5,28,F,4,2007,2,3,1,2,2,1,1,1,1,1,1,1,1,2,9,6,1,1,45,1,2
5,28,F,4,2007,2,3,1,2,2,1,1,1,1,1,1,1,1,2,12,8,1,1, ?,2,1
3,28,F,10,2007,3,2,1,2,2,1,1,1,1,1,1,1,1,1,9,6,1,1,35,2,2
1,28,F,8,2007,3,7,1,2,2,1,1,1,1,1,1,5,1,1,14,6,1,7,30,2,2
1,28,G,12,2007,4,2,5,2,1,4,3,1,1,1,1,5,1,1,4,4,1,1,20,2,2
5,28,F,3,2007,2,7,1,2,2,1,1,4,1,1,1,5,1,1,9,11,1,1,56,2,2
1,28,F,10,2007,4,7,1,2,2,2,3,1,2,1,2,5,1,1,1,1,1,1, ?,2,2
1,28,G,5,2007,2,7,1,1,1,1,2,2,1,1,1,2,1,1,13,1,1,7,47,2,2
1,28,S,1,2007,2,7,1,1,2,1,1,1,1,1,1,1,1,1,10,7,1,1, ?,2,2
5,28,F,2,2007,3,1,1,2,2,1,1,1,1,1,1,?,1,1,11,6,1,1, ?,2,?
5,28,F,3,2007,2,1,1,2,2,1,1,1,1,1,1,5,1,1,9,6,1,1, ?,2,2
5,28,F,10,2007,3,3,8,1,1,1,1,1,1,1,1,5,1,1,9,6,2,7, ?,2,2
5,28,F,10,2007,4,3,8,2,2,1,2,4,1,1,1,1,1,1,5,6,1,7,30,2,2
5,28,F,12,2007,4,1,8,2,2,1,3,1,1,1,1,1,1,1,5,6,1,7, ?,2,2
5,1,G,8,2007,2,1,1,2,1,1,1,1,1,1,1,5,1,1,2,5,1,7, ?,2,2
5,28,S,11,2007,2,1,8,2,1,1,1,1,1,1,1,5,1,1,10,6,1,2,20,2,2
2,28,F,9,2007,1,1,1,2,2,1,1,1,1,1,1,1,1,1,5,6,1,7, ?,2,2
2,28,G,9,2007,3,1,1,2,2,1,1,1,1,1,1,5,1,1,14,11,1,7, ?,1,2
2,28,F,9,2007,3,1,8,2,2,1,1,2,1,1,1,1,1,2,8,2,2,7,25,2,2
2,28,F,9,2007,2,1,1,2,2,1,1,3,1,1,2,2,1,1,9,6,1,7,40,2,2
2,28,G,9,2007,4,1,6,2,2,1,3,1,1,1,1,1,1,1,4,6,?,4,40,2,2
2,28,F,9,2007,3,1,1,2,2,1,3,1,1,1,?,1,1,1,5,6,1,7, ?,2,2
2,28,F,6,2007,4,3,1,2,1,2,3,1,2,1,1,1,1,1,14,6,1,7, ?,2,2
2,28,F,10,2007,2,1,4,2,1,1,1,1,1,1,1,1,1,1,1,6,1,2,25,2,2
2,28,F,11,2007,3,1,8,1,2,1,1,2,1,1,1,5,1,1,14,1,1,1, ?,2,2
4,28,F,2,2007,1,1,1,2,?,1,1,1,1,1,1,2,1,2,7,1,1,7, ?,2,2
4,28,F,3,2007,2,3,1,2,2,1,4,1,1,1,1,5,1,1,9,6,1,7,56,2,2
4,28,F,6,2007,3,1,1,2,2,1,1,1,1,1,1,3,1,1,9,6,1,1, ?,1,2
5,13,F,7,2007,1,7,4,1,2,1,4,1,1,1,1,2,1,2,14,11,1,1, ?,2,2
5,13,F,7,2007,2,4,1,2,2,1,1,1,1,1,1,3,1,2,9,6,1,7,40,2,2
5,13,F,7,2007,2,3,4,2,2,1,1,1,1,1,1,3,1,2,14,2,1,7, ?,2,2
5,13,F,7,2007,4,3,1,2,2,1,2,2,1,1,1,4,1,2,14,6,1,7, ?,2,2
5,13,F,7,2007,3,7,1,2,2,2,1,1,2,1,1,2,1,2,8,6,1,1, ?,2,2
5,13,F,7,2007,2,1,8,2,2,1,1,1,1,1,1,3,1,2,9,6,1,7, ?,1,2
8,13,F,7,2007,1,1,1,2,2,1,4,1,1,1,1,1,1,2,14,1,1,7, ?,2,2
1,15,F,1,2007,3,1,1,2,2,1,1,1,1,1,1,4,1,2,6,11,1,7,18,2,2
1,15,F,2,2007,1,4,1,2,2,1,4,1,1,1,1,1,1,2,9,6,1,7, ?,2,2
1,15,F,2,2007,2,1,8,2,2,1,1,1,1,1,1,1,1,1,8,6,1,7,43,2,2
1,15,S,3,2007,3,1,1,2,2,1,1,1,1,1,1,1,1,2,7,6,1,1, ?,1,2
1,15,F,3,2007,2,1,1,2,2,2,1,1,2,1,1,1,1,2,19,11,1,7, ?,2,2
1,15,M,3,2007,1,7,8,2,1,1,4,1,1,1,1,1,1,1,19,11,1,7, ?,2,2
6,15,M,3,2007,2,3,2,2,2,1,1,3,1,1,1,1,1,1,14,4,1,1,35,2,2
6,15,S,6,2007,3,1,1,2,2,1,1,1,1,1,1,3,1,2,4,6,1,7, ?,2,2
2,15,F,3,2007,3,3,1,2,2,1,1,1,1,1,1,2,1,2,19,11,1,1,45,2,2
3,15,F,1,2007,2,1,1,2,2,1,1,1,1,1,1,2,1,2,11,6,1,1,45,2,2
3,15,F,2,2007,2,1,1,2,2,1,1,1,1,1,1,3,1,2,7,11,1,5,30,2,2
3,15,F,4,2007,3,1,3,1,2,1,1,1,1,1,1,3,1,2,14,6,1,1, ?,2,2
3,15,F,4,2007,2,1,1,2,2,1,1,1,1,1,1,1,1,2,19,5,1,7,28,2,2
4,15,F,1,2007,2,7,1,2,2,1,1,1,1,1,1,3,1,2,9,6,1,1,45,2,2
4,15,F,3,2007,2,1,3,2,2,1,1,1,1,1,1,3,1,1,9,6,1,7, ?,2,2
5,13,F,3,2007,2,1,1,1,2,1,1,3,1,1,1,4,1,2,8,6,1,7,32,2,2
8,13,F,4,2007,1,7,8,1,2,1,4,2,1,3,1,2,4,2,19,6,1,1, ?,2,2
8,13,G,4,2007,2,3,1,1,1,1,1,1,1,1,1,1,1,2,6,6,1,7, ?,2,2
12,9,G,5,2007,2,1,1,2,2,1,1,1,1,1,1,1,1,2,13,11,1,7, ?,1,2
1,12,F,4,2007,4,3,8,1,2,1,4,2,1,1,1,4,1,2,14,11,1,1,22,2,2
12,9,F,4,2007,3,1,1,2,2,1,1,1,1,1,1,3,1,2,9,6,1,7, ?,2,2
4,12,F,2,2007,2,7,1,2,2,1,1,1,1,1,1,3,1,2,9,11,1,1,34,2,2
4,12,F,3,2007,4,7,3,1,2,1,1,1,1,1,1,3,1,2,9,6,1,1,26,2,2
4,12,F,3,2007,4,7,3,1,2,1,2,2,1,1,1,4,1,2,19,6,2,7,21,2,2
1,12,F,5,2007,3,1,1,2,2,1,1,1,1,1,1,2,1,2,12,6,1,7,50,2,2
12,9,F,2,2007,1,1,1,1,2,4,4,2,1,1,1,1,1,?,9,6,1,7,50,2,2
10,9,F,2,2007,1,1,1,2,2,4,4,2,1,1,1,1,1,1,19,11,1,7, ?,2,2
8,13,F,2,2007,4,1,3,1,1,4,4,1,1,1,1,1,1,1,19,6,1,7, ?,1,2
8,13,F,2,2007,1,3,3,1,2,1,2,1,1,1,1,1,1,1,9,6,1,4,28,2,2
8,13,F,2,2007,2,3,1,2,1,1,1,1,1,1,1,1,1,1,8,4,1,7,32,2,2
8,13,F,2,2007,2,1,1,1,1,1,1,1,1,1,1,1,1,1,14,7,2,7, ?,2,2
8,13,F,2,2007,2,7,1,2,2,1,1,1,1,1,1,1,1,1,9,6,1,7, ?,2,2
8,13,G,2,2007,3,3,6,2,1,1,1,1,1,1,1,1,1,1,9,5,1,1, ?,2,2
8,13,G,2,2007,3,3,2,2,1,1,1,1,1,1,1,1,1,1,19,6,1,1,25,2,2
3,13,F,2,2007,3,3,1,2,2,1,1,1,1,1,1,2,1,2,14,6,1,7, ?,2,2
1,12,G,6,2007,3,7,1,2,2,1,2,1,1,1,1,2,1,1,7,6,1,1,20,2,2
8,13,S,6,2007,3,1,1,1,1,1,1,1,1,1,1,1,1,1,9,11,1,7,40,2,2
8,13,S,6,2007,1,1,8,2,2,1,2,1,1,1,1,3,1,2,13,1,1,1, ?,2,2
8,13,F,6,2007,4,7,1,2,2,1,4,1,1,1,1,1,1,1,19,11,1,1, ?,2,2
1,15,F,7,2007,2,4,1,2,2,1,1,1,1,1,1,1,1,1,14,10,1,5,45,2,2
6,15,F,5,2007,2,3,3,2,2,1,1,1,1,1,1,1,1,1,14,6,1,7, ?,2,2
6,15,F,5,2007,3,7,3,2,2,1,1,1,1,1,1,1,1,1,8,6,1,7, ?,2,2
6,15,F,6,2007,2,1,1,2,2,1,1,1,1,1,1,1,1,1,14,6,1,7,32,1,2
3,15,S,4,2007,2,1,1,1,2,1,1,3,1,1,1,1,3,1,14,9,1,1,24,1,2
3,15,F,5,2007,1,1,1,2,2,1,4,1,1,1,1,3,1,2,9,6,1,7,45,2,2
3,15,F,5,2007,3,4,1,2,2,1,1,1,1,1,1,3,1,2,9,6,1,7, ?,2,2
4,15,F,5,2007,2,2,1,2,1,1,1,1,1,1,1,1,1,?,14,6,1,7,45,2,2
5,15,F,7,2007,3,7,7,1,2,1,1,1,1,1,1,2,1,2,14,6,1,1,31,2,2
12,3,G,2,2007,4,1,1,2,2,1,2,1,1,1,1,2,1,2,16,4,1,1,36,2,2
3,3,F,2,2007,2,1,1,1,2,1,1,1,1,1,1,3,1,2,8,6,1,7,46,2,2
3,3,F,2,2007,3,7,1,2,2,1,1,1,1,1,1,2,1,2,13,6,1,1,40,2,2
13,3,G,2,2007,4,1,1,2,2,1,3,1,1,1,1,3,1,2,14,8,1,7, ?,2,2
6,3,F,3,2007,2,7,1,2,2,1,2,1,1,1,1,2,1,2,9,11,1,7, ?,2,2
12,3,F,3,2007,3,1,1,1,2,1,1,1,1,1,1,3,1,2,17,6,1,7,23,2,2
4,12,F,7,2007,2,7,3,1,2,2,1,1,2,1,1,3,1,2,19,6,1,7,25,2,2
5,15,F,7,2007,2,1,3,1,2,1,1,1,1,1,1,4,1,2,7,11,1,7,30,2,2
2,13,F,5,2007,2,1,1,1,2,1,1,1,1,1,1,2,1,2,5,6,1,7,25,2,2
9,3,F,5,2007,3,7,3,2,2,1,1,1,1,1,1,3,1,2,14,6,1,1,37,2,2
7,3,F,5,2007,2,1,1,1,2,1,1,1,1,1,1,2,1,2,14,6,1,7, ?,2,2
2,12,F,5,2007,3,7,1,2,2,1,1,1,1,1,1,3,1,1,13,6,1,7, ?,2,2
2,12,F,5,2007,4,7,1,1,2,1,1,1,1,1,1,2,1,1,14,6,1,7, ?,2,2
4,3,F,4,2007,2,7,1,1,2,1,1,1,1,1,1,2,1,2,13,6,1,?,37,2,2
5,16,G,3,2007,2,1,1,2,2,1,1,1,1,1,1,2,1,2,19,6,1,1, ?,2,2
1,16,F,3,2007,2,1,1,2,2,1,1,1,1,2,2,2,1,2,13,6,1,1,35,2,2
11,16,F,3,2007,2,1,1,2,2,4,4,1,1,1,1,2,1,2,19,11,1,7, ?,2,2
11,16,G,3,2007,3,1,1,1,2,2,1,1,2,1,1,3,1,2,19,11,2,7, ?,1,2
2,9,F,4,2007,3,7,3,2,2,1,1,1,1,1,1,2,1,1,14,6,1,7,40,2,2
4,9,F,5,2007,4,1,1,2,2,1,1,1,1,1,1,3,1,2,6,11,1,7,22,2,2
8,9,S,5,2007,2,4,1,2,2,1,1,2,1,1,1,4,1,2,8,3,1,1,30,2,2
3,9,F,5,2007,2,1,1,2,2,1,1,1,1,1,1,4,1,2,4,6,1,1, ?,2,2
7,9,F,5,2007,2,1,8,1,2,1,1,1,1,1,1,1,1,2,9,11,1,7, ?,2,2
7,9,F,6,2007,1,1,8,1,2,1,4,1,1,1,1,1,1,1,14,11,1,7, ?,2,2
9,7,S,4,2007,2,7,1,2,2,1,1,1,1,1,1,2,1,2,19,6,1,7,24,2,2
1,7,F,2,2007,2,1,1,2,2,1,1,1,1,1,1,5,1,2,9,11,1,7, ?,2,2
5,1,F,1,2007,2,7,1,2,2,1,1,1,1,1,1,2,1,2,17,6,1,1, ?,1,2
5,1,F,3,2007,4,1,3,2,2,1,2,1,1,1,1,4,1,2,4,6,1,7, ?,2,2
1,2,F,2,2007,3,1,1,1,2,1,1,1,1,1,1,2,1,2,8,6,1,1,41,2,2
5,2,F,2,2007,3,1,1,2,2,1,1,1,1,1,1,2,1,2,4,6,1,7,28,2,2
9,16,F,2,2007,3,2,1,2,2,1,1,1,1,1,1,1,1,1,9,6,2,1,37,1,2
1,16,F,2,2007,3,1,1,2,2,1,1,1,1,1,1,5,1,2,14,6,1,1,32,2,2
8,16,F,2,2007,2,2,1,2,2,1,1,1,1,1,1,3,1,2,9,6,1,7, ?,2,2
8,16,F,2,2007,1,2,3,2,2,1,2,1,1,1,1,3,1,2,9,6,1,7, ?,2,2
11,16,F,2,2007,2,7,1,1,2,4,1,1,1,1,1,1,2,?,19,11,1,7, ?,1,2
11,16,G,2,2007,1,1,1,1,2,1,2,1,1,1,1,2,1,1,19,11,2,7, ?,2,2
1,2,F,5,2007,3,3,8,2,2,1,1,1,1,1,1,1,1,1,19,6,1,1, ?,1,2
1,2,F,5,2007,3,7,3,2,2,1,1,1,1,1,1,1,1,1,8,6,1,7, ?,2,2
1,2,G,3,2007,3,1,1,2,2,1,1,1,1,1,1,1,1,1,14,6,1,1,40,2,2
2,2,F,4,2007,3,1,1,2,2,1,1,2,1,3,2,2,1,2,17,6,2,7, ?,2,2
4,2,F,4,2007,3,2,8,2,2,1,1,1,1,1,1,2,1,1,14,6,1,1,33,2,2
2,2,F,1,2007,3,1,1,2,2,1,1,1,1,1,1,2,1,2,17,6,1,7,45,1,2
5,16,F,1,2007,3,7,8,2,2,1,1,1,1,1,1,2,1,2,9,6,1,7,30,1,2
1,16,F,1,2007,3,3,1,1,2,1,1,1,1,1,1,3,1,2,14,6,1,7, ?,1,2
6,16,F,1,2007,3,7,8,1,2,1,1,4,5,3,2,3,1,2,13,11,1,7,42,2,2
10,16,S,1,2007,3,1,1,2,2,1,1,1,1,1,1,1,1,1,9,4,1,5, ?,2,2
10,16,S,1,2007,4,1,1,2,2,1,4,1,1,1,1,1,1,?,9,6,1,7, ?,2,2
7,16,F,1,2007,3,1,1,2,2,1,1,1,1,1,1,1,1,1,9,6,1,7, ?,2,2
11,16,G,1,2007,2,1,1,2,2,1,2,1,1,1,1,1,1,1,13,6,1,7, ?,2,2
11,16,F,1,2007,2,1,1,2,2,4,2,1,1,1,1,1,1,1,13,6,1,5,35,2,2
11,16,F,1,2007,2,1,1,2,2,4,1,3,5,1,1,2,2,2,14,11,1,7, ?,2,2
7,7,F,4,2007,2,1,1,1,2,1,1,1,1,1,1,2,1,1,8,6,1,1,32,2,2
2,7,F,5,2007,4,7,1,1,2,1,2,1,1,1,1,2,1,2,14,11,1,1, ?,2,2
1,2,F,8,2007,2,1,1,1,2,1,1,1,1,1,1,1,1,1,9,6,1,7,45,2,2
10,7,F,1,2007,3,7,8,1,2,1,1,1,1,1,1,4,1,2,4,6,1,1,22,2,1
1,7,F,1,2007,2,7,3,2,2,1,1,1,1,1,1,1,1,1,14,6,1,7,38,2,2
3,10,F,3,2007,4,7,8,2,2,1,2,1,1,1,1,2,1,1,14,6,2,7,35,2,2
4,10,F,3,2007,2,1,1,2,2,1,1,1,1,1,1,2,1,1,13,6,1,7, ?,2,2
10,16,F,4,2007,1,7,1,2,2,1,2,1,1,1,1,2,1,1,19,6,1,7, ?,2,2
7,16,F,4,2007,1,1,3,2,2,1,4,1,1,1,1,3,1,2,4,4,1,7, ?,2,2
7,16,F,4,2007,1,1,3,2,2,1,2,3,1,1,1,3,1,2,9,6,1,7, ?,2,2
1,16,F,4,2007,2,7,3,1,2,1,2,1,1,1,1,4,1,1,13,11,1,7,45,2,2
1,16,F,4,2007,3,1,1,1,2,1,1,1,1,1,1,2,1,2,19,6,2,7, ?,2,2
6,16,F,4,2007,3,7,8,2,2,1,1,1,1,1,1,1,1,1,10,11,1,1,25,2,2
8,16,F,4,2007,2,3,1,1,2,1,2,2,1,1,1,3,1,2,9,11,2,3,35,2,2
12,9,F,1,2007,3,1,1,2,2,1,1,1,1,1,1,1,1,1,9,11,1,1,50,1,2
12,9,G,3,2007,2,7,8,2,2,1,1,1,1,1,1,2,1,2,14,6,1,1, ?,2,2
12,9,F,4,2007,3,7,8,2,2,1,1,1,1,1,1,1,1,1,9,11,1,7,40,2,2
7,9,F,1,2007,2,1,8,1,2,1,1,1,1,1,1,1,1,1,9,6,1,7, ?,2,2
12,9,F,10,2007,2,7,3,2,2,1,1,1,1,1,1,2,1,1,9,6,1,7, ?,2,2
1,9,F,11,2007,2,1,1,2,2,1,1,1,1,1,1,1,1,1,5,6,1,1,35,2,2
5,13,S,11,2007,2,7,8,2,2,1,1,1,1,1,1,2,1,1,9,11,1,7, ?,2,2
3,13,F,10,2007,3,7,8,2,2,1,1,2,1,1,1,4,1,2,8,2,1,7, ?,1,2
4,12,F,11,2007,2,1,1,2,2,1,3,1,1,1,1,3,1,2,6,6,1,7, ?,2,2
4,12,F,2,2007,2,7,1,2,2,1,1,1,1,1,1,2,1,2,9,11,1,1,34,2,2
4,12,F,3,2007,2,7,3,1,2,1,1,1,1,1,1,3,1,2,9,6,1,1,26,2,2
4,12,F,3,2007,4,7,3,1,2,1,3,2,1,1,1,4,1,2,19,6,1,7,21,2,2
1,12,F,4,2007,4,3,8,1,2,1,4,2,1,1,1,4,1,2,14,11,1,1,22,2,2
2,12,F,5,2007,3,1,8,1,2,1,1,1,1,1,1,3,1,2,17,6,1,7, ?,2,2
2,12,F,5,2007,4,7,1,2,2,1,1,1,1,1,1,3,1,2,14,6,1,7, ?,2,2
1,12,G,6,2007,3,7,1,2,2,1,1,1,1,1,1,3,1,1,7,6,1,7,20,2,2
4,12,F,7,2007,4,1,3,1,2,2,4,1,2,1,1,3,1,2,6,6,1,7,25,2,2
10,9,F,9,2007,3,7,1,2,2,1,1,2,1,1,1,4,1,2,4,6,1,7, ?,2,2
10,9,F,9,2007,3,7,1,2,2,1,1,3,1,2,1,3,1,2,14,1,1,1,35,1,2
12,9,F,11,2007,3,1,8,2,2,1,1,1,1,1,1,1,1,1,9,6,1,7, ?,2,2
12,9,F,9,2007,2,7,8,1,2,1,1,1,1,1,1,1,1,1,9,11,1,1, ?,2,2
12,9,F,10,2007,2,7,3,2,2,1,1,1,1,1,1,1,1,1,9,6,1,7, ?,2,2
9,9,F,6,2007,1,1,3,1,2,1,4,1,1,1,1,4,1,2,19,4,1,3,35,2,2
5,13,F,8,2007,1,7,1,2,2,1,4,1,1,1,1,2,1,2,14,6,1,5, ?,2,2
5,13,F,8,2007,4,1,1,2,2,1,1,1,1,1,1,2,1,2,8,6,1,1, ?,2,2
5,13,F,8,2007,1,1,1,2,2,1,4,1,1,1,1,2,1,2,9,1,1,1, ?,2,2
5,13,F,8,2007,1,1,1,2,2,1,4,1,1,1,1,2,1,2,9,6,1,7, ?,2,2
8,13,F,8,2007,2,7,1,2,2,2,1,1,2,1,1,4,1,2,8,2,1,1,33,1,2
2,13,F,8,2007,2,7,1,2,2,1,1,1,1,1,1,4,1,2,8,6,1,7,35,2,2
11,9,F,11,2007,1,1,1,2,2,1,4,1,1,1,1,1,1,1,14,11,1,7, ?,1,2
7,9,F,11,2007,3,4,8,2,2,1,1,1,1,1,1,1,1,1,9,6,1,7, ?,2,2
12,9,F,5,2007,2,7,1,1,2,1,1,1,1,1,1,1,1,1,14,11,1,7,40,2,2
3,12,F,10,2007,2,1,1,2,2,1,1,1,1,1,1,2,1,2,19,11,1,7, ?,2,2
1,9,F,7,2007,4,7,1,2,2,1,2,1,1,1,1,2,1,2,7,6,1,1,18,2,2
1,9,F,7,2007,2,2,8,2,1,1,1,1,1,1,1,2,1,1,14,11,1,1, ?,2,2
1,9,F,9,2007,3,3,8,1,1,1,1,1,1,1,1,1,1,1,9,6,1,1, ?,2,2
1,9,G,10,2007,3,1,1,2,2,1,1,1,1,1,1,1,1,1,13,6,1,1,28,2,2
4,3,F,7,2007,4,7,8,2,2,1,4,4,1,1,1,1,1,1,19,6,1,1, ?,2,2
9,16,G,5,2007,2,7,1,1,2,1,2,1,1,1,1,4,2,?,19,6,1,7,30,2,2
12,16,F,5,2007,3,7,1,2,2,1,1,1,1,1,1,2,1,2,8,6,1,7,34,2,2
10,16,F,5,2007,1,1,1,2,2,1,4,1,1,1,1,3,1,2,19,6,1,7, ?,2,2
1,16,G,5,2007,2,7,1,1,2,1,1,1,1,1,1,2,1,2,8,6,1,1, ?,2,2
7,16,G,5,2007,2,2,1,1,2,1,1,1,1,1,1,3,1,2,9,6,1,7, ?,2,2
5,16,G,5,2007,3,7,3,2,2,1,1,1,1,1,1,3,1,2,13,6,1,1, ?,2,2
10,16,F,8,2007,1,7,1,2,2,1,3,1,1,1,1,1,1,2,14,6,1,7, ?,2,2
10,16,F,8,2007,4,7,1,2,2,1,4,1,1,1,1,3,1,2,19,6,1,7, ?,2,2
7,16,F,8,2007,2,2,1,1,1,1,1,1,1,1,1,1,1,?,8,11,1,1,24,2,2
10,16,F,7,2007,1,7,1,2,2,1,4,1,1,1,1,2,1,2,19,6,1,7, ?,2,2
4,16,F,7,2007,4,7,8,2,2,1,4,1,1,1,1,3,1,2,8,5,1,1, ?,2,2
7,16,F,7,2007,2,7,1,2,1,1,1,1,1,1,1,3,1,2,14,3,1,7, ?,2,2
6,16,F,6,2007,2,7,8,2,2,2,1,1,2,1,1,1,1,1,13,6,1,7, ?,1,2
10,16,F,6,2007,1,1,1,2,2,1,2,1,1,1,1,1,1,2,19,6,1,7, ?,2,2
9,16,F,6,2007,3,1,8,1,2,1,1,1,2,1,1,3,1,2,14,6,1,3, ?,1,2
9,16,F,6,2007,3,7,1,2,2,1,1,1,2,1,1,1,1,1,9,6,1,1,38,2,2
13,3,F,6,2007,2,1,1,2,2,1,1,1,1,1,1,1,1,2,12,6,1,7, ?,2,2
1,2,F,10,2007,2,1,1,2,2,1,1,1,1,1,1,1,1,1,14,6,1,7, ?,2,2
4,2,F,10,2007,3,7,3,1,2,1,1,1,1,1,1,3,1,2,4,6,1,7,25,2,2
5,2,F,10,2007,1,7,1,2,2,1,4,1,1,1,1,2,1,2,9,6,1,1,37,2,2
1,2,G,10,2007,3,7,8,2,1,1,1,1,1,1,1,1,1,2,19,6,1,7, ?,2,2
1,10,S,4,2007,2,1,1,2,2,2,1,1,2,1,1,2,1,1,4,6,1,1,34,1,2
5,10,F,7,2007,3,3,1,2,2,1,1,1,1,1,1,3,1,2,4,6,1,7, ?,1,2
5,2,F,9,2007,2,7,8,2,2,1,2,1,1,1,1,2,1,2,7,11,1,1, ?,2,1
5,13,F,9,2007,4,7,3,2,2,1,1,1,1,1,1,2,1,1,8,11,1,7,45,2,2
1,15,G,8,2007,2,1,1,2,2,1,2,1,1,1,1,3,1,2,14,4,1,7,32,2,2
1,15,F,8,2007,3,1,1,2,1,1,1,2,2,1,1,1,1,1,7,6,1,7, ?,2,2
1,15,F,8,2007,2,2,1,2,2,1,1,1,1,1,1,1,1,1,13,4,1,7,45,2,2
5,1,G,8,2007,2,1,1,1,2,1,1,1,1,1,1,1,1,1,8,11,1,7,25,2,2
10,7,G,7,2007,3,3,1,1,2,1,4,2,1,1,1,4,1,2,13,6,1,7,35,2,2
10,7,F,6,2007,3,3,1,1,2,1,1,1,1,3,1,4,1,2,17,6,1,3,32,2,2
1,7,F,6,2007,3,1,1,2,1,1,1,1,1,1,1,1,1,1,14,6,1,7, ?,1,2
12,9,F,7,2007,3,7,8,2,2,1,1,1,1,1,1,1,1,1,14,6,1,7,40,2,2
6,3,F,8,2007,1,1,8,2,2,1,2,1,1,1,1,2,1,2,14,6,1,1,50,1,2
12,9,S,8,2007,2,1,8,1,1,1,2,1,1,1,1,3,1,2,14,6,1,7, ?,2,2
12,9,F,7,2007,4,7,1,2,2,1,2,1,1,1,1,1,1,1,14,6,1,7,40,2,2
4,9,G,8,2007,3,1,3,2,1,1,1,1,1,1,1,2,1,1,4,6,1,7, ?,2,2
4,9,F,8,2007,3,1,8,2,2,1,1,2,1,1,1,4,1,2,13,1,1,1, ?,2,2
4,9,F,8,2007,2,1,3,1,1,1,1,2,1,1,1,2,1,2,4,6,1,1, ?,2,2
4,9,F,8,2007,2,1,3,2,2,1,1,1,1,1,1,2,1,1,8,2,1,7, ?,2,2
4,9,F,9,2007,2,1,1,2,2,1,1,1,1,1,1,2,1,1,9,6,1,7, ?,1,2
4,9,F,9,2007,3,7,1,2,2,1,1,1,1,1,1,1,1,1,14,6,1,7, ?,2,1
1,10,F,9,2007,3,1,1,2,2,1,1,1,1,1,1,3,1,2,4,11,1,7,29,2,1
5,10,F,9,2007,3,1,1,2,2,2,1,1,2,1,1,3,3,2,4,6,1,1,30,2,2
5,13,F,10,2007,2,1,1,2,2,1,2,1,1,1,1,2,1,1,14,6,1,1,40,2,2
5,13,F,10,2007,1,1,8,2,2,1,4,1,1,1,1,2,1,1,14,6,1,7, ?,2,2
5,13,F,10,2007,4,2,3,1,2,1,4,1,1,1,1,2,1,1,14,11,1,7, ?,2,2
5,13,F,10,2007,2,7,3,2,2,1,2,1,1,1,1,2,1,1,14,11,1,7, ?,2,2
11,16,S,6,2007,2,7,1,2,2,1,1,1,1,1,1,1,1,1,13,11,1,7, ?,2,2
11,16,F,6,2007,3,1,1,2,2,1,1,1,1,1,1,1,1,1,9,6,1,7, ?,2,2
8,9,F,8,2007,2,1,1,2,2,1,1,1,1,1,1,2,1,2,12,6,1,7, ?,2,2
2,6,F,5,2007,4,1,8,2,2,1,4,2,1,1,1,1,1,1,14,11,1,1, ?,2,2
2,6,G,6,2007,2,7,1,2,2,1,1,2,2,1,2,1,1,1,8,11,1,1, ?,2,2
2,6,F,2,2007,4,1,1,2,2,1,3,1,1,1,1,1,1,2,8,6,1,7, ?,2,2
4,6,F,7,2007,4,1,1,2,2,1,2,1,1,1,1,1,4,2,8,6,1,3, ?,2,2
4,6,F,9,2007,2,7,1,2,2,1,1,1,1,1,1,2,1,2,8,6,1,3,35,2,2
3,6,F,1,2007,4,1,1,1,2,1,3,1,1,1,1,1,1,1,14,6,1,7, ?,2,2
3,6,F,6,2007,1,1,1,2,2,1,2,1,1,1,1,1,1,1,8,6,1,7, ?,2,2
1,5,F,5,2007,2,1,1,2,2,1,1,1,1,1,1,1,1,1,14,6,1,7, ?,2,2
1,5,F,8,2007,3,7,8,1,2,1,1,1,1,3,1,4,1,2,19,6,1,7, ?,2,2
1,5,F,8,2007,3,1,8,1,2,1,1,1,1,1,1,4,1,2,9,6,1,6, ?,2,2