Thana,District,Accident_Severity,Month,Year,Time,Junction_Type,Traffic_Control,Movement,Divider,Weather,Light,Road_Geometry,Surface_Condition,Surface_Type,Surface_Quality,Road_Class,Road_Feature,Location_Type,Vehicle_Type,Vehicle_Movement,Vehicle_Loading,Vehicle_Defect,Vehicle_Driver_Age,Vehicle_Alcohol,Vehicle_Seat_Belt
1,5,F,5,2007,2,1,1,2,2,1,1,1,1,1,1,1,1,1,8,6,1,7, ?,2,2
1,5,F,2,2007,3,1,1,1,2,1,1,1,1,1,1,2,1,2,12,6,1,7,25,2,2
1,5,M,4,2007,1,7,1,1,1,1,4,1,1,1,1,1,1,1,9,6,1,7, ?,2,2
1,5,F,1,2007,4,7,4,1,2,1,3,1,1,1,1,1,1,1,9,6,1,7, ?,2,2
1,5,F,2,2007,3,7,8,1,2,1,1,1,1,1,1,1,1,1,13,6,1,7,45,2,2
3,5,F,3,2007,3,1,1,2,2,1,1,1,1,1,1,1,1,1,8,6,1,7, ?,2,2
1,5,F,3,2007,1,1,1,2,2,1,3,1,1,3,1,4,1,2,13,6,1,7,24,2,2
8,5,F,5,2007,1,1,1,2,2,1,3,1,2,1,1,1,1,1,19,6,1,7, ?,2,2
8,5,G,3,2007,3,7,8,2,2,1,1,1,1,1,1,1,1,1,7,6,1,7, ?,2,2
8,5,G,8,2007,3,1,1,2,2,1,1,1,1,1,1,1,1,1,14,6,1,7, ?,2,2
8,5,F,7,2007,1,1,1,2,2,1,2,1,1,1,1,1,1,1,19,6,1,7, ?,2,2
5,5,G,3,2007,2,3,1,2,2,1,1,1,1,1,1,1,1,1,9,6,1,1, ?,2,2
5,5,F,7,2007,1,1,1,1,2,1,2,1,1,1,1,1,1,1,9,6,1,7, ?,2,2
5,5,F,7,2007,2,1,1,2,2,1,1,1,1,1,1,1,1,1,19,6,1,7,35,2,2
5,5,F,5,2007,4,1,1,2,2,1,3,1,1,1,1,1,1,1,14,6,1,2, ?,2,2
5,5,F,6,2007,1,1,1,2,2,1,4,1,1,1,1,1,1,1,9,6,1,1, ?,1,2
5,5,G,7,2007,3,1,1,2,2,1,1,1,1,1,2,3,1,2,10,6,1,7,32,2,2
5,5,F,6,2007,3,1,1,2,2,1,1,1,1,1,1,2,1,2,7,6,1,7,35,2,2
5,5,F,3,2007,3,1,1,2,2,1,1,1,1,1,1,1,1,1,9,6,1,7, ?,2,2
6,5,G,8,2007,3,1,8,1,2,1,1,1,1,1,1,3,1,2,14,11,1,7, ?,2,2
7,5,G,1,2007,2,1,1,2,2,1,1,1,1,1,1,1,1,1,14,6,1,7, ?,2,2
7,5,F,7,2007,2,7,1,2,2,1,1,1,1,1,1,1,1,1,14,6,1,1, ?,2,2
7,5,F,7,2007,3,1,1,1,2,1,1,1,1,1,1,1,1,1,9,11,1,7, ?,2,2
7,5,G,8,2007,1,1,1,1,2,1,4,1,1,1,1,1,1,1,9,6,1,7, ?,2,2
7,5,F,7,2007,4,1,1,1,2,1,4,1,1,1,1,1,1,1,9,6,1,1, ?,2,2
7,5,F,7,2007,2,1,1,2,2,1,1,1,1,1,1,2,1,1,8,6,1,7,40,2,2
4,5,F,6,2007,2,4,1,2,2,1,2,1,1,1,1,1,1,1,9,6,1,1, ?,2,2
4,5,F,5,2007,2,1,8,2,2,1,1,1,1,1,1,1,1,1,8,6,1,7,40,2,2
1,6,F,3,2007,2,1,1,1,2,1,1,1,1,3,1,4,1,2,17,6,1,1, ?,2,2
1,6,F,10,2007,2,2,1,2,2,1,1,1,1,1,1,1,1,1,8,6,1,7, ?,2,2
3,6,F,11,2007,3,1,1,2,2,1,1,2,1,1,1,1,1,1,8,1,1,1,45,2,2
3,6,F,11,2007,4,1,3,2,2,1,1,1,1,1,1,1,1,1,9,5,1,1,37,2,2
3,6,G,12,2007,4,1,1,2,2,1,4,1,1,1,1,3,1,2,14,6,1,1, ?,2,2
5,6,F,10,2007,3,1,1,2,2,1,1,1,1,1,1,1,1,1,7,11,1,1,45,2,2
1,9,F,7,2007,1,7,1,2,2,2,4,1,2,1,1,1,1,1,19,11,1,1, ?,2,2
1,9,F,7,2007,3,1,1,2,2,1,1,1,1,1,1,2,1,2,8,6,1,1,40,1,2
1,9,F,8,2007,3,1,1,2,2,1,1,1,1,1,1,1,1,1,9,6,1,1, ?,2,2
1,9,F,8,2007,1,3,1,2,2,1,4,1,1,1,1,1,1,1,8,4,1,1, ?,2,2
1,9,F,8,2007,4,1,1,2,1,1,3,1,1,1,1,1,1,1,19,6,1,1,28,1,2
1,9,F,12,2007,2,1,1,1,2,1,1,1,1,1,1,1,1,1,8,6,1,1,45,2,2
1,9,G,12,2007,3,7,8,2,2,1,1,1,1,1,1,4,1,2,14,6,1,1,45,2,2
12,9,F,1,2007,2,7,8,1,2,1,1,1,1,1,1,1,1,1,13,11,1,3, ?,2,2
12,9,F,2,2007,4,7,8,1,2,1,3,1,1,1,1,1,1,1,14,11,1,7, ?,2,2
12,9,F,7,2007,3,7,8,1,2,1,1,1,1,1,1,1,1,1,14,11,1,1, ?,2,2
12,9,G,12,2007,4,1,1,2,2,1,4,1,1,1,1,1,1,1,9,6,1,1,30,2,2
2,9,F,8,2007,2,7,8,1,2,1,1,1,1,1,1,5,1,2,7,11,1,3,40,2,2
2,9,F,10,2007,1,1,3,2,2,1,4,1,1,1,1,2,1,1,13,6,1,1, ?,2,2
2,9,F,11,2007,3,7,8,1,2,1,1,1,1,1,1,5,1,2,9,11,1,7, ?,2,2
2,9,F,11,2007,3,4,1,2,2,1,1,1,1,1,1,2,1,1,9,6,1,1, ?,2,2
2,9,F,12,2007,1,1,1,2,2,1,4,1,1,1,1,2,1,1,9,8,1,1, ?,2,2
4,9,F,9,2007,4,7,1,2,2,1,4,1,1,1,1,2,1,1,14,6,1,1,45,2,2
4,9,F,12,2007,2,1,8,2,1,1,1,1,1,1,1,2,1,1,8,6,1,1,35,2,2
6,9,F,7,2007,3,7,1,2,2,1,1,1,1,1,1,3,1,2,14,6,2,1,28,2,2
6,9,F,9,2007,2,7,8,1,2,1,1,1,1,1,1,2,1,2,14,6,1,7, ?,2,2
6,9,F,10,2007,3,7,1,1,2,1,1,1,1,1,1,2,1,2,14,6,1,1,20,2,2
6,9,F,11,2007,1,1,1,2,2,1,4,4,1,1,1,2,1,2,12,6,1,7,28,2,2
10,9,F,12,2007,3,7,1,1,2,1,1,1,1,1,1,1,1,1,9,6,1,1, ?,2,2
1,5,F,9,2007,2,7,8,1,2,1,2,1,1,1,1,1,1,1,9,11,1,1, ?,2,2
1,5,F,9,2007,2,7,6,2,2,1,1,1,1,1,1,1,1,1,9,11,1,1, ?,2,2
1,5,G,9,2007,3,7,8,2,2,1,1,1,1,1,1,1,1,1,2,9,1,1, ?,2,2
1,5,F,9,2007,1,7,3,2,2,1,4,1,1,1,1,1,1,1,9,11,1,1, ?,2,2
1,5,F,10,2007,2,7,1,2,2,1,1,1,1,1,1,1,1,1,19,6,1,1, ?,2,2
1,5,F,10,2007,3,7,8,1,2,1,1,1,1,1,1,1,1,?,14,11,1,1, ?,2,2
1,5,F,11,2007,3,7,8,2,2,1,1,1,1,1,1,1,1,1,13,6,1,1, ?,2,2
1,5,F,12,2007,2,7,8,2,2,1,1,1,1,1,1,1,1,1,19,6,1,1, ?,2,2
8,5,F,9,2007,3,1,1,2,2,1,1,1,1,1,1,1,1,1,9,6,1,1,23,2,2
2,5,F,11,2007,3,1,8,2,2,1,1,1,1,1,1,4,1,2,13,6,1,1, ?,2,2
2,5,F,11,2007,2,7,8,2,2,1,1,1,1,1,1,3,1,2,8,6,1,1, ?,2,2
2,5,F,11,2007,1,7,8,2,2,1,4,1,1,1,1,3,1,2,4,11,1,6,30,2,1
5,5,G,9,2007,4,1,8,1,2,1,4,1,1,1,1,1,1,1,9,11,1,6, ?,2,2
6,5,F,10,2007,3,7,8,2,2,1,1,1,1,1,1,1,1,1,9,11,1,1, ?,2,2
7,5,G,11,2007,3,1,8,1,2,1,1,1,1,1,1,2,1,2,8,6,1,7,35,2,2
4,5,F,11,2007,2,7,8,1,2,1,1,1,1,1,1,2,1,1,9,11,1,1, ?,2,2
1,17,F,1,2007,2,7,8,1,2,1,1,1,1,1,1,1,1,1,9,6,1,1, ?,2,2
1,17,F,7,2007,2,7,1,2,2,1,1,1,1,1,1,1,1,1,14,3,1,7, ?,2,2
1,17,G,8,2007,2,7,8,1,2,1,1,1,1,1,1,1,1,1,13,6,1,1,26,2,2
1,17,F,8,2007,3,1,8,2,2,1,1,1,1,1,1,1,1,1,14,6,1,7, ?,2,2
9,17,F,7,2007,2,7,8,2,2,1,1,1,1,1,1,1,1,1,9,6,1,7, ?,2,2
9,17,F,5,2007,1,7,8,2,2,1,2,1,1,1,1,1,1,1,9,11,1,7, ?,2,2
9,17,F,4,2007,3,7,8,2,2,1,1,1,1,1,1,1,1,1,9,6,1,7, ?,2,2
8,17,F,2,2007,2,7,8,2,2,1,1,1,1,1,1,1,1,1,14,6,2,1, ?,2,2
8,17,F,2,2007,2,1,1,2,2,1,2,1,1,1,1,2,1,2,14,6,2,7, ?,2,2
5,17,F,1,2007,3,7,8,2,1,1,1,1,1,1,1,2,1,2,9,11,1,7,35,2,2
5,17,F,7,2007,2,7,8,2,1,1,1,1,1,1,1,2,1,2,9,11,1,7,48,2,2
5,17,F,6,2007,2,1,1,2,2,1,1,1,1,1,1,3,1,2,9,11,1,1,35,2,2
5,17,F,9,2007,4,7,8,2,2,1,3,1,1,1,1,3,1,2,9,11,1,1,47,1,2
2,17,F,9,2007,4,7,8,1,2,1,4,1,1,1,1,2,1,2,9,11,1,7, ?,2,2
2,17,F,8,2007,1,7,8,2,2,1,3,1,1,1,1,1,1,1,9,11,1,1, ?,2,2
7,17,F,4,2007,1,7,8,2,2,1,2,2,1,1,1,1,1,1,14,11,1,7, ?,1,2
7,17,G,7,2007,2,7,8,2,2,1,1,1,1,1,1,1,1,1,4,1,1,7, ?,2,1
1,15,F,9,2007,2,1,1,1,2,1,1,1,1,1,1,1,1,2,9,11,1,7,34,2,2
1,15,G,1,2007,3,7,1,2,2,1,1,1,1,1,1,1,1,1,12,9,1,7, ?,2,2
5,10,F,12,2007,4,7,8,2,2,1,1,1,1,1,1,3,1,1,8,6,1,1, ?,2,2
5,10,F,12,2007,3,7,8,2,2,1,1,1,1,1,1,3,1,1,17,6,1,1, ?,2,2
2,10,F,12,2007,4,7,8,2,2,1,3,1,1,1,1,2,1,2,12,2,1,7,20,2,2
5,1,F,12,2007,2,7,3,2,2,4,1,1,1,1,1,4,1,2,17,6,1,1, ?,2,2
5,1,G,12,2007,1,7,3,2,2,1,4,1,1,1,1,2,1,2,10,6,1,1, ?,2,2
2,1,F,10,2007,3,1,1,2,2,1,1,1,1,1,1,2,1,1,8,6,1,1, ?,2,2
4,1,F,12,2007,3,1,8,2,2,1,1,2,1,1,1,3,1,1,4,6,1,7, ?,2,2
3,1,F,11,2007,2,1,8,2,2,1,1,1,1,1,1,1,1,1,9,6,1,1, ?,2,2
1,4,F,1,2007,3,1,1,2,2,1,1,1,1,1,1,2,1,2,8,6,1,1, ?,2,2
1,15,F,10,2007,3,1,1,2,2,1,1,1,1,1,1,4,1,2,13,11,2,7, ?,2,2
1,15,F,11,2007,1,1,1,2,2,1,3,1,1,1,1,1,1,1,14,4,1,6, ?,2,2
1,15,F,11,2007,3,1,1,2,2,1,1,1,1,1,1,1,1,1,9,6,1,1, ?,2,2
1,15,F,11,2007,3,7,8,1,2,1,1,1,1,1,1,1,1,1,9,11,1,1, ?,2,2
7,15,F,10,2007,2,7,8,2,2,1,1,2,1,1,1,2,1,2,4,11,1,7, ?,2,1
3,4,G,12,2007,3,7,8,2,2,1,1,1,5,1,2,2,1,2,4,6,1,7,25,2,2
3,4,F,9,2007,3,7,3,2,2,1,1,1,1,1,1,2,1,2,14,6,1,7, ?,2,2
6,4,F,12,2007,1,4,3,1,2,1,4,2,1,1,1,1,1,1,14,6,1,7, ?,2,2
6,4,F,12,2007,1,2,1,2,2,1,4,1,1,1,1,1,1,1,8,1,1,1,32,2,2
6,4,G,10,2007,2,1,1,1,2,1,1,1,1,1,2,5,1,2,4,6,1,1,50,2,2
5,4,F,12,2007,2,7,8,2,2,1,1,1,1,1,1,4,1,2,17,11,1,1,25,2,2
5,4,F,8,2007,4,7,1,2,2,1,4,1,1,1,1,4,1,2,19,11,1,1,30,2,2
5,4,F,8,2007,3,1,1,2,2,1,1,2,1,1,1,4,1,2,19,11,1,1,30,2,2
5,4,F,1,2007,2,1,1,2,2,4,1,1,1,1,1,3,1,2,7,6,1,1, ?,2,2
5,4,G,10,2007,3,1,1,2,2,1,1,1,1,1,1,3,1,2,14,11,1,7,30,2,2
4,4,F,5,2007,3,1,1,1,2,1,1,1,1,1,1,4,1,2,19,11,1,1, ?,2,2
5,13,F,12,2007,3,1,1,2,2,1,4,2,1,1,1,4,1,2,9,6,1,7, ?,2,2
8,13,F,10,2007,4,1,8,1,1,1,4,1,1,1,1,1,1,1,14,6,1,1, ?,2,2
1,2,F,12,2007,3,1,1,2,2,1,1,1,1,1,1,1,1,1,17,6,1,1, ?,2,2
9,7,F,10,2007,3,1,1,2,2,1,1,1,1,1,1,4,1,2,14,6,1,1, ?,2,2
10,9,F,9,2007,2,7,1,1,2,1,1,1,1,1,1,4,1,2,19,6,1,7,25,2,2
11,9,F,10,2007,4,1,3,2,2,1,4,1,1,1,1,1,1,?,9,6,1,7, ?,2,2
7,9,F,6,2007,2,7,1,2,2,1,1,1,1,1,1,1,1,1,9,6,1,7, ?,2,2
4,9,G,11,2007,2,1,8,1,2,1,1,1,1,1,1,2,1,2,8,1,1,1, ?,2,2
4,3,F,11,2007,1,3,4,2,2,1,3,1,1,1,1,1,1,1,9,1,1,1, ?,2,2
1,12,F,12,2007,4,1,1,2,2,1,3,1,1,1,1,2,1,2,13,6,1,1,25,2,2
3,12,F,12,2007,2,1,3,2,2,1,1,1,1,1,1,4,1,2,19,6,1,7,23,2,2
3,12,F,12,2007,3,7,8,2,2,1,1,1,1,3,1,3,1,2,19,7,1,7,35,2,2
3,3,F,10,2007,2,1,3,2,2,1,1,1,1,1,1,4,1,2,14,4,1,7,30,2,2
2,3,S,10,2007,1,7,3,1,2,1,4,1,1,1,1,4,1,2,4,6,1,1, ?,2,2
1,3,G,12,2007,2,7,1,2,2,1,2,1,1,1,1,2,1,2,13,6,1,6, ?,2,2
6,3,F,12,2007,2,1,1,2,2,1,1,1,1,1,1,3,1,2,14,4,1,1,37,2,2
6,3,F,12,2007,3,1,1,2,2,1,1,1,1,1,1,1,1,2,4,6,1,7,30,2,2
5,16,F,9,2007,2,1,1,1,2,1,1,1,1,1,1,4,1,2,19,6,1,1,26,2,2
9,16,F,9,2007,3,1,8,2,2,1,1,1,1,1,1,1,1,1,9,6,1,1,40,2,2
10,9,F,9,2007,4,1,1,1,2,1,4,1,1,1,1,2,1,1,14,11,1,7, ?,2,2
10,16,F,9,2007,1,7,1,2,2,1,4,1,1,1,1,2,1,2,19,6,1,1, ?,2,2
10,16,F,9,2007,2,7,1,2,2,1,2,1,1,1,1,2,1,1,13,11,1,1,36,2,2
6,16,F,9,2007,3,1,1,2,2,1,1,1,1,1,1,1,1,1,9,6,1,5,38,2,2
6,16,F,9,2007,2,1,1,2,2,1,1,1,1,1,1,1,1,1,14,6,1,1,38,2,2
11,16,F,9,2007,1,1,1,2,2,2,2,1,2,1,1,1,1,1,14,11,1,1, ?,2,2
11,16,F,9,2007,2,7,8,2,2,1,1,1,1,1,1,1,1,1,14,11,1,1, ?,2,2
1,16,F,10,2007,3,1,1,1,2,1,1,2,1,1,1,2,1,2,8,6,1,1,40,2,2
7,16,F,10,2007,3,7,8,2,2,1,1,1,1,2,1,3,1,2,4,11,1,1, ?,2,1
7,16,F,7,2007,3,7,8,2,2,1,1,1,1,1,1,1,1,1,8,11,1,7, ?,2,2
11,16,F,10,2007,1,7,8,1,2,1,4,1,1,1,1,1,1,1,14,2,1,7,42,1,2
11,16,F,10,2007,1,7,8,2,2,1,3,1,1,1,1,1,1,1,9,11,1,1, ?,2,2
10,16,F,10,2007,1,7,1,1,2,1,3,1,1,1,1,2,1,2,9,11,1,1, ?,2,2
10,16,G,10,2007,1,7,8,2,2,1,4,1,1,1,1,1,1,1,9,6,1,1,28,2,2
10,16,F,10,2007,4,7,1,2,2,1,2,1,1,1,1,2,1,2,8,11,1,1, ?,2,2
10,16,F,10,2007,4,7,4,2,2,1,2,1,1,1,1,1,1,2,9,6,1,1,35,2,2
2,16,F,11,2007,3,7,1,1,2,1,1,1,1,1,1,2,1,2,8,4,1,1, ?,1,2
10,16,F,11,2007,3,1,4,2,2,1,1,1,1,1,1,2,1,1,14,6,1,1, ?,2,2
10,16,F,11,2007,2,1,4,2,2,1,1,1,1,1,1,2,1,1,9,6,1,1,45,2,1
6,15,F,11,2007,3,1,1,1,2,1,1,1,1,1,1,4,1,2,14,6,1,1,38,2,2
3,15,F,10,2007,2,1,1,2,1,1,1,1,1,1,1,3,1,2,11,6,1,1, ?,2,2
5,15,G,11,2007,3,7,3,2,2,1,1,1,1,1,1,4,1,2,14,6,1,1,25,2,2
9,16,G,12,2007,3,1,1,2,2,1,1,1,1,1,1,1,1,1,9,6,1,3, ?,2,2
10,16,F,12,2007,3,1,4,2,2,1,1,1,1,1,1,2,1,1,9,6,1,1, ?,2,2
10,16,F,12,2007,4,4,1,2,2,1,2,1,1,1,1,2,1,1,19,6,1,1, ?,2,2
7,16,F,12,2007,2,1,3,2,2,1,2,1,1,1,1,1,1,1,14,6,1,1, ?,2,2
10,16,F,12,2007,2,1,4,2,2,1,1,1,1,1,1,2,1,1,14,8,1,1,30,2,2
6,16,F,12,2007,4,1,1,2,2,1,4,1,1,1,1,4,1,2,13,6,1,1,22,2,2
11,16,F,12,2007,2,7,8,2,2,1,1,1,1,1,1,1,1,1,8,6,2,7,46,2,2
10,16,F,12,2007,4,7,4,2,2,1,4,1,1,1,1,2,1,1,19,6,1,1, ?,2,2
10,16,S,12,2007,4,1,8,2,2,1,3,1,1,1,1,2,1,1,13,6,1,1,32,2,2
7,16,F,11,2007,3,1,8,2,2,1,1,1,1,1,1,1,1,1,9,6,1,1,50,2,2
11,16,G,10,2007,3,1,8,2,2,2,1,1,2,1,1,1,1,1,9,6,1,1, ?,2,2
11,16,G,5,2007,1,1,1,2,2,1,4,1,1,1,1,3,1,2,9,11,1,1,42,2,2
11,16,G,5,2007,2,1,1,2,2,1,1,1,1,1,1,1,1,1,9,11,1,1,35,2,2
11,16,G,5,2007,1,1,8,2,2,1,4,1,1,1,1,1,1,1,13,6,1,1,40,2,2
11,16,F,5,2007,1,1,8,2,2,1,4,1,1,1,1,1,1,1,19,11,1,7, ?,1,2
11,16,F,6,2007,1,1,1,2,2,1,1,1,1,1,1,1,1,1,14,11,1,1, ?,1,2
11,16,F,8,2007,1,1,1,2,2,1,4,1,1,1,1,2,1,1,14,11,1,7, ?,2,2
11,16,F,8,2007,1,1,8,2,2,2,2,1,2,1,1,2,1,1,19,6,1,1,32,2,2
11,16,F,8,2007,2,1,1,2,2,2,2,1,2,1,1,1,1,1,19,6,1,1, ?,2,2
11,16,F,7,2007,4,7,8,2,2,2,2,1,2,1,1,1,1,1,19,11,1,1, ?,2,2
3,17,F,4,2007,3,1,8,2,2,1,1,1,1,1,1,4,1,2,19,6,1,1,35,2,2
3,17,F,5,2007,3,1,8,2,2,1,1,1,1,1,1,4,1,2,8,11,1,7,30,2,2
2,17,F,11,2007,2,7,1,2,2,1,1,1,1,1,1,3,1,2,9,6,1,1, ?,2,2
2,17,F,9,2007,2,7,1,2,2,1,1,1,1,1,1,3,1,2,9,6,1,1, ?,2,2
2,17,F,11,2007,2,7,3,2,2,1,1,1,1,1,1,3,1,2,8,6,1,7,30,2,2
5,17,G,10,2007,3,7,1,2,2,1,1,1,1,2,1,3,1,2,7,11,1,1,30,2,2
9,17,F,12,2007,2,1,1,2,2,1,1,1,1,1,1,4,1,2,7,6,1,1,32,2,2
6,17,F,3,2007,3,1,1,2,2,1,1,1,1,1,1,4,1,2,19,6,1,1, ?,2,2
6,17,G,5,2007,2,1,1,2,2,1,1,2,1,1,1,4,1,2,4,6,1,1,26,2,2
2,17,F,12,2007,4,7,8,2,2,1,4,1,1,1,1,1,1,1,19,11,1,7, ?,2,2
8,17,F,12,2007,2,7,3,2,2,1,1,1,1,1,1,1,1,1,9,6,1,1, ?,2,2
1,11,F,4,2007,3,7,8,2,2,1,1,1,1,1,1,2,1,1,6,1,1,7, ?,2,2
1,11,F,5,2007,2,7,3,2,2,1,1,1,1,1,1,2,1,1,8,3,1,1, ?,2,2
1,11,F,11,2007,2,7,3,2,2,1,1,1,1,1,1,2,1,1,14,6,1,1, ?,2,2
1,11,F,12,2007,3,7,8,2,2,1,1,1,1,1,1,2,1,1,4,6,1,1, ?,2,2
3,11,F,5,2007,2,7,1,2,2,1,1,1,1,1,1,3,1,2,5,6,1,1, ?,2,2
5,11,F,2,2007,2,7,8,2,2,1,1,1,1,1,1,2,1,1,14,6,1,1,32,2,2
5,11,F,10,2007,3,7,8,2,2,1,1,1,1,1,1,2,1,1,6,11,1,7,32,2,2
6,11,F,10,2007,3,7,8,2,2,1,1,1,1,1,1,2,1,1,4,6,1,7, ?,2,1
6,11,F,9,2007,2,7,8,2,2,1,1,1,1,1,1,2,1,1,8,6,1,1, ?,2,2
6,11,F,8,2007,2,7,8,2,2,1,1,1,1,1,1,2,1,1,14,6,1,1, ?,2,2
6,11,F,6,2007,2,7,8,2,2,1,1,1,1,1,1,2,1,1,9,6,1,1, ?,2,2
6,11,F,3,2007,2,7,8,2,2,1,1,1,1,1,1,3,1,2,17,3,1,1, ?,2,2
6,11,F,3,2007,4,7,8,2,2,1,4,1,1,1,1,2,1,1,14,6,1,1, ?,2,2
7,11,F,5,2007,3,7,8,2,2,1,1,1,1,1,2,4,1,2,6,3,1,1,25,2,2
7,11,F,7,2007,4,7,8,2,2,1,2,1,1,1,1,4,1,2,9,7,1,1,33,2,2
7,11,F,10,2007,2,7,1,2,2,1,1,1,1,1,1,4,1,2,4,11,1,1,25,2,1
8,11,F,1,2007,2,7,8,2,2,1,1,1,1,1,1,4,1,2,9,11,1,1, ?,2,2
8,11,F,1,2007,3,7,8,2,2,1,1,1,1,1,1,4,1,2,7,6,1,1, ?,2,2
8,11,F,6,2007,3,7,1,2,2,1,1,1,1,1,1,2,1,1,17,6,1,1,20,2,2
8,11,F,6,2007,2,1,1,2,2,1,2,1,1,1,1,4,1,2,19,11,1,1, ?,2,2
8,11,G,7,2007,1,1,1,2,2,1,4,1,1,1,1,4,1,2,19,6,1,1, ?,2,2
8,11,F,7,2007,2,1,1,2,2,1,1,1,1,1,1,2,1,1,9,6,1,1,40,2,2
8,11,F,11,2007,2,7,8,2,2,1,1,1,1,1,1,2,1,1,6,6,1,1, ?,2,2
4,11,F,2,2007,4,7,8,2,2,1,3,1,1,1,1,2,1,1,17,6,1,1,45,2,2
4,11,F,8,2007,2,7,8,2,2,1,1,1,1,1,1,4,1,2,9,11,1,1,35,2,2
4,11,F,10,2007,3,7,1,2,2,1,1,1,1,1,1,4,1,2,8,11,1,1, ?,2,2
11,11,F,2,2007,2,7,2,2,2,1,1,1,1,1,2,4,1,2,9,11,1,7, ?,2,2
9,11,F,4,2007,2,1,1,2,2,2,1,1,3,1,1,2,1,1,9,6,1,1,25,2,2
9,11,G,10,2007,2,7,1,2,2,1,1,1,1,1,1,3,1,2,14,6,1,1,35,2,2
3,8,F,5,2007,1,1,1,2,2,1,4,1,1,1,1,2,1,1,14,6,1,3, ?,2,2
1,8,F,8,2007,1,3,4,2,2,1,4,1,2,1,1,5,1,2,9,6,1,1, ?,2,2
1,8,F,8,2007,3,7,1,2,2,1,1,1,1,1,1,2,1,1,9,6,1,7, ?,2,2
7,8,S,7,2007,4,7,1,2,2,1,2,1,1,1,1,3,1,2,14,6,1,1,40,2,2
5,8,F,7,2007,4,7,1,2,2,1,3,4,3,2,3,4,2,?,5,11,1,1, ?,2,2
3,8,F,2,2007,3,1,1,2,2,1,1,1,1,1,1,1,1,1,9,6,1,1,50,2,2
3,8,F,3,2007,2,1,1,2,2,1,1,1,1,1,1,1,1,1,9,6,1,1, ?,2,2
3,8,F,3,2007,2,1,1,2,2,1,1,1,1,1,1,1,1,1,9,6,1,1, ?,2,2
3,8,F,3,2007,4,1,1,2,2,1,1,1,1,1,1,1,1,1,12,6,1,1,25,2,2
3,8,F,4,2007,1,1,2,2,2,1,4,1,1,1,1,1,1,1,9,6,1,3,42,2,2
3,8,F,5,2007,1,1,8,2,2,1,4,1,1,1,1,3,1,2,14,6,1,7, ?,2,2
3,8,F,5,2007,3,3,8,2,2,1,1,1,1,1,1,3,1,2,9,6,1,1,35,2,2
3,8,F,6,2007,2,1,1,2,2,1,2,1,1,1,1,1,1,1,9,6,1,7, ?,2,2
3,8,F,6,2007,4,7,8,2,2,1,2,1,1,1,1,2,1,1,9,6,1,1, ?,2,2
3,8,F,7,2007,2,7,8,2,2,1,1,1,1,1,1,1,1,1,9,6,1,7, ?,2,2
3,8,S,8,2007,4,1,8,2,2,1,4,1,1,1,1,1,3,1,9,6,1,1, ?,2,2
3,8,G,8,2007,3,7,8,2,2,1,1,1,1,1,1,1,1,1,9,6,1,1, ?,2,2
3,8,F,9,2007,2,1,8,2,2,1,1,1,1,1,1,1,1,1,19,6,1,1, ?,2,2
3,8,F,10,2007,3,1,1,2,2,1,1,1,1,1,1,1,1,1,9,6,1,1, ?,2,2
3,8,F,10,2007,1,1,1,2,2,1,3,1,1,1,1,1,1,1,9,6,1,7, ?,2,2
3,8,F,11,2007,3,7,8,2,2,1,1,1,1,1,1,3,1,2,14,11,1,1, ?,2,2
3,8,F,12,2007,3,7,8,2,2,1,1,1,1,1,1,1,1,1,14,11,1,1, ?,2,2
3,8,F,12,2007,3,7,8,2,2,1,1,1,1,1,1,1,1,1,9,6,1,1, ?,2,2
3,8,G,12,2007,1,7,8,2,2,1,3,1,1,1,1,1,1,1,14,2,1,1, ?,2,2
5,13,S,11,2007,2,7,8,2,2,1,1,1,1,1,1,2,1,1,9,11,1,7, ?,?,?
4,10,F,5,2007,2,7,1,2,2,1,1,1,1,1,1,2,1,2,13,6,1,7,35,1,2
11,10,F,9,2007,4,2,1,2,2,1,2,1,1,1,1,1,1,1,14,6,1,1,44,2,2
3,11,F,3,2007,3,3,8,2,2,1,1,1,1,1,1,3,1,2,17,9,1,7,30,2,2
8,11,F,3,2007,3,1,1,2,2,1,1,1,1,1,1,2,1,1,9,6,1,1, ?,2,2
8,11,F,4,2007,3,1,1,2,2,1,1,1,1,1,1,4,1,2,9,6,1,1,35,2,2
11,11,F,2,2007,3,1,8,2,2,1,1,1,1,1,1,3,1,2,7,9,1,1,32,1,2
5,8,F,1,2007,2,7,8,2,2,1,1,2,1,3,2,3,3,2,17,6,1,3, ?,2,2
5,8,F,2,2007,1,3,1,2,2,1,2,1,1,1,1,1,1,1,14,6,1,1,40,2,2
2,6,F,9,2007,2,1,1,2,2,1,1,1,1,1,1,1,1,1,9,6,1,1,40,1,2
2,6,F,9,2007,2,1,1,2,2,1,1,1,1,1,2,1,1,1,9,6,1,1,38,1,2
3,6,F,4,2007,3,1,1,1,2,1,1,1,1,1,1,1,1,1,8,6,1,7, ?,2,2
1,7,G,3,2007,2,1,3,2,2,1,1,1,1,1,1,1,1,1,8,6,1,7, ?,2,2
10,1,F,5,2007,3,3,8,2,2,1,1,1,1,1,1,3,1,2,9,6,1,1,35,2,2
3,2,F,5,2007,2,1,1,2,2,1,1,2,1,3,2,4,1,2,17,11,2,6,30,2,2