Thana,District,Accident_Severity,Month,Year,Time,Junction_Type,Traffic_Control,Movement,Divider,Weather,Light,Road_Geometry,Surface_Condition,Surface_Type,Surface_Quality,Road_Class,Road_Feature,Location_Type,Vehicle_Type,Vehicle_Movement,Vehicle_Loading,Vehicle_Defect,Vehicle_Driver_Age,Vehicle_Alcohol,Vehicle_Seat_Belt
2,2,G,9,2007,2,1,1,1,2,2,2,1,2,1,2,5,1,1,14,6,2,3, ?,2,2
1,9,F,2,2007,1,1,1,2,1,2,4,1,2,1,1,1,1,1,9,6,1,7,50,2,2
2,7,G,3,2007,2,1,1,2,2,1,1,1,1,1,1,2,1,2,8,11,1,7, ?,2,2
2,7,G,4,2007,2,7,1,2,2,2,1,1,2,1,2,3,1,2,8,11,1,7, ?,2,2
9,7,F,2,2007,3,1,1,1,2,1,1,1,1,1,1,3,1,2,2,6,1,7, ?,2,2
4,14,F,2,2007,2,1,3,1,2,1,1,1,1,1,1,5,1,1,14,11,1,1,30,1,2
1,14,F,4,2007,1,1,1,1,1,1,3,1,1,1,1,1,5,1,19,11,1,7, ?,1,2
3,14,F,4,2007,2,1,1,2,2,1,1,1,1,1,1,5,1,1,14,1,1,1,27,1,2
4,14,G,5,2007,3,1,3,2,2,1,1,1,1,1,1,5,1,1,19,11,2,7, ?,2,2
2,14,F,5,2007,4,1,1,1,2,1,2,1,1,1,1,1,1,2,8,1,1,1, ?,1,2
4,14,G,6,2007,3,1,1,2,2,1,1,1,1,1,1,1,1,1,10,6,1,1,30,2,1
3,14,F,6,2007,1,7,8,1,2,1,1,1,1,3,1,4,1,2,14,6,2,1, ?,2,2
4,14,F,7,2007,3,1,1,2,2,1,1,1,1,1,1,1,1,1,6,11,1,7, ?,1,2
4,14,F,9,2007,3,7,8,2,2,1,1,1,1,1,1,5,1,1,6,11,2,7, ?,1,2
2,14,F,9,2007,4,3,3,2,2,1,3,1,1,1,1,1,?,?,7,7,2,7, ?,1,2
4,14,F,10,2007,3,7,8,2,1,1,1,1,1,1,1,5,1,1,9,11,1,1,27,2,2
4,14,F,10,2007,2,2,1,2,2,1,1,1,1,1,1,5,1,2,9,6,1,1,30,2,2
3,14,G,10,2007,3,3,1,2,2,1,1,1,1,1,1,3,1,1,1,6,1,1,26,2,2
2,14,F,9,2007,1,3,3,1,1,1,3,2,1,1,1,1,1,2,14,2,1,1,30,2,2
3,14,F,10,2007,1,2,1,2,2,1,1,1,1,1,1,1,1,1,12,6,1,1, ?,2,2
3,14,F,10,2007,1,1,1,2,2,1,1,1,1,1,1,1,1,2,13, ?,1,1,30,2,2
1,14,F,10,2007,4,1,8,2,2,3,3,1,5,1,1,1,1,1,19,6,2,7, ?,1,2
4,14,F,11,2007,4,7,8,2,2,1,2,1,1,1,1,5,1,1,5,6,1,7,35,2,2
1,14,F,11,2007,3,7,4,2,1,1,1,1,1,1,1,1,1,1,4,6,2,7, ?,1,2
2,14,F,11,2007,3,1,1,2,2,1,1,1,1,1,1,1,1,2,9,11,?,1,32,1,2
4,14,F,12,2007,1,7,8,2,2,4,2,1,2,1,1,5,1,1,6,6,?,?, ?,?,?
3,14,F,12,2007,2,1,8,2,2,1,1,1,1,1,1,5,1,1,19,5,1,7, ?,2,2
1,14,G,12,2007,3,2,1,2,2,1,1,1,1,1,1,1,1,1,9,2,1,3,30,2,2
3,14,F,12,2007,3,3,1,2,2,1,1,1,1,1,1,5,1,1,14,6,1,1, ?,2,2
1,53,F,1,2007,3,1,1,2,2,1,1,1,1,1,1,4,1,2,4,6,2,6, ?,1,2
1,53,F,1,2007,2,7,3,2,2,1,1,1,1,1,1,3,1,2,9,6,2,7, ?,2,2
3,53,F,1,2007,3,7,1,2,2,1,1,1,1,1,1,3,1,2,8,6,1,1, ?,2,2
2,55,F,1,2007,3,1,1,2,2,1,1,1,1,1,1,3,1,2,8,6,1,1,40,2,2
6,55,F,1,2007,2,1,1,2,2,1,1,1,1,1,1,4,1,2,11,6,1,7, ?,2,2
6,55,F,1,2007,4,1,1,2,2,1,4,1,1,1,1,1,1,2,8,6,1,1, ?,2,2
6,55,F,1,2007,3,3,1,2,2,1,1,1,1,1,1,1,1,2,12,6,1,1, ?,2,2
4,55,F,1,2007,4,1,3,2,2,1,3,1,1,1,1,3,1,2,19,6,1,7, ?,2,2
4,54,G,1,2007,3,1,1,1,2,1,1,3,1,1,1,4,3,2,5,9,?,1, ?,2,2
8,54,F,1,2007,3,7,1,1,2,1,1,3,5,3,2,2,?,1,8,11,1,1,30,2,2
8,54,F,1,2007,3,1,1,2,2,1,1,1,1,1,1,1,1,2,14,6,1,1,38,2,2
11,54,F,1,2007,3,1,8,2,2,1,1,1,1,1,1,3,1,2,6,6,1,6, ?,2,2
13,54,F,1,2007,3,1,1,2,2,1,1,1,1,1,1,1,1,2,14,5,1,1, ?,1,2
7,56,F,1,2007,2,1,1,2,2,1,1,1,1,1,1,1,1,2,14,6,1,7,40,2,2
7,56,G,1,2007,2,7,1,1,2,1,1,1,1,1,1,1,1,2,14,6,1,1,40,2,2
3,56,S,1,2007,1,7,2,2,2,4,3,1,1,1,1,1,1,2,9,6,1,1,35,2,2
3,56,F,1,2007,4,7,1,2,2,1,3,1,1,1,1,1,5,2,9,6,1,1, ?,2,2
8,56,F,1,2007,3,1,1,2,2,1,1,1,1,1,1,1,1,2,9,6,1,1,32,2,2
4,56,F,1,2007,2,7,8,2,2,1,2,1,1,1,1,4,1,2,19,6,1,7,19,2,2
8,56,F,1,2007,2,1,1,2,2,1,1,1,1,1,1,1,?,2,9,6,1,1,35,2,2
8,56,F,1,2007,3,1,1,2,2,1,2,1,2,2,1,3,1,2,19,6,1,1, ?,2,2
13,54,F,2,2007,3,3,1,1,2,1,1,1,1,1,1,1,1,2,8,6,1,?,40,1,2
6,54,G,2,2007,3,2,1,2,2,1,1,1,1,1,1,1,1,2,14,5,1,7,32,2,2
5,54,F,2,2007,4,1,8,2,1,1,4,1,5,1,3,4,2,2,17,6,?,4, ?,2,2
9,54,F,3,2007,2,2,3,2,2,1,1,1,1,1,1,1,1,2,14,6,?,?,48,1,2
3,53,F,2,2007,3,7,8,2,2,1,1,1,1,1,1,1,1,2,12,11,1,1, ?,2,2
7,56,F,2,2007,3,1,5,1,2,1,2,1,1,1,1,1,3,2,4,6,1,1,40,2,2
7,56,F,2,2007,3,1,1,2,2,1,1,1,1,1,1,1,1,2,14,6,1,1, ?,2,2
8,56,F,2,2007,3,1,1,2,2,1,1,1,1,1,1,3,1,2,12,6,1,1, ?,2,2
8,56,F,2,2007,3,3,8,2,2,1,1,1,1,1,1,3,1,2,4,6,1,1, ?,2,2
8,56,F,2,2007,3,1,1,2,2,1,1,1,1,1,1,1,1,2,13,6,1,1, ?,2,2
6,56,F,2,2007,2,7,8,1,2,1,1,1,1,1,1,4,1,2,17,11,1,7,27,2,2
6,56,F,2,2007,2,7,8,1,2,1,1,1,1,1,1,?,1,2,4,11,1,1,30,2,2
1,55,F,2,2007,2,7,1,2,2,1,1,1,1,1,1,1,1,2,8,6,1,7,40,2,2
5,55,F,2,2007,2,2,1,2,2,1,1,1,1,1,1,2,1,2,10,6,1,7, ?,2,2
1,55,F,3,2007,2,2,4,2,2,1,1,1,1,1,1,1,1,2,8,6,1,1, ?,2,2
3,55,F,3,2007,4,1,1,2,2,1,3,1,1,1,1,4,1,2,12,6,1,1, ?,2,2
3,55,F,1,2007,2,1,1,2,2,1,1,1,1,1,1,4,1,2,4,6,1,?, ?,2,2
5,55,G,3,2007,3,1,1,2,2,1,1,1,1,1,1,3,1,2,10,6,1,1, ?,2,2
1,53,F,3,2007,4,7,1,2,2,1,2,3,5,3,3,4,3,2,12,6,1,1, ?,2,2
1,53,F,3,2007,2,1,1,2,2,1,1,1,1,1,1,3,1,2,13,6,2,7, ?,2,2
7,53,F,3,2007,2,7,1,2,2,2,1,5,2,3,3,4,1,2,13,8,1,7, ?,2,2
8,53,F,3,2007,3,1,1,2,2,1,1,1,1,1,1,4,1,2,6,6,2,6,30,2,2
7,56,F,3,2007,2,2,1,2,2,1,1,1,1,1,1,1,1,2,14,6,2,1,32,2,2
7,56,G,3,2007,4,7,1,2,2,1,4,1,1,1,1,1,1,2,19,6,?,?, ?,?,?
7,56,F,3,2007,2,7,1,2,2,1,1,1,1,1,1,1,1,2,14,6,1,1, ?,2,2
3,56,F,3,2007,2,7,1,2,2,1,1,1,1,1,1,1,1,2,7,6,1,1, ?,2,2
3,56,F,3,2007,3,7,2,2,2,1,1,1,1,1,1,1,1,2,19,8,1,1,36,2,2
3,56,F,3,2007,2,7,1,2,2,1,1,1,1,1,1,1,1,2,9,6,1,1,30,2,2
3,56,F,3,2007,1,1,6,2,2,1,1,1,1,1,1,1,1,2,14,6,1,?,32,2,2
3,56,F,3,2007,3,1,2,2,2,1,1,1,1,1,1,3,1,2,7,6,1,1, ?,2,2
8,56,F,3,2007,2,1,1,2,2,1,1,1,1,1,1,1,1,2,19,6,1,1,28,2,2
8,56,F,3,2007,3,1,1,2,2,1,1,1,1,1,1,1,?,?,7,6,1,1,35,2,?
8,56,F,3,2007,3,1,1,2,2,1,1,?,1,1,1,1,1,2,8,6,1,1,35,2,2
1,56,G,4,2007,3,7,8,2,2,1,1,1,1,1,1,5,1,1,9,8,1,?,45,2,2
1,56,F,4,2007,2,1,8,1,1,1,1,1,1,1,3,1,2,?,9, ?,1,6,27,2,2
7,56,F,4,2007,2,7,1,1,2,1,1,?,1,3,1,2,1,2,14,6,1,1, ?,2,2
3,56,F,4,2007,3,7,1,2,2,1,1,1,1,1,1,1,1,2,9,6,1,7, ?,2,2
3,53,G,4,2007,4,3,1,2,2,1,3,1,1,1,1,5,1,2,4,6,1,?, ?,2,2
2,53,F,4,2007,4,1,1,2,2,3,4,1,2,1,1,3,1,2,4,6,1,7, ?,2,2
1,55,F,6,2007,1,1,1,2,2,1,2,1,1,1,1,1,1,2,14,11,1,1, ?,2,2
1,55,F,6,2007,3,1,8,2,2,1,1,1,1,1,1,1,1,2,19,6,1,7, ?,1,2
4,55,F,6,2007,3,1,8,?,?,1,1,1,1,1,1,4,1,2,9,5,1,1, ?,?,?
1,56,F,6,2007,2,7,1,1,2,2,1,1,2,1,1,1,1,1,5,6,1,?,25,2,2
7,56,F,6,2007,2,1,3,2,2,1,1,1,1,1,1,1,3,2,7,2,1,1,30,2,2
1,55,M,6,2007,3,3,1,2,2,1,1,2,1,1,1,3,1,2,19,2,1,?, ?,?,?
1,55,S,5,2007,4,1,4,2,2,1,4,2,1,1,1,3,1,2,4,6,1,7,28,2,2
1,53,G,6,2007,3,7,8,2,2,1,1,1,1,1,1,2,1,2,8,6,1,1,35,2,2
2,53,F,5,2007,3,3,1,2,2,1,1,2,1,1,1,4,1,2,4,2,1,7,20,2,2
1,53,F,5,2007,3,7,1,2,2,1,1,1,1,1,1,2,1,2,9,6,1,7, ?,2,2
3,53,G,5,2007,3,1,1,1,2,1,1,1,1,1,1,1,1,2,13,6,2,1,40,2,2
3,53,G,5,2007,3,7,1,2,2,2,1,2,2,1,2,4,1,2,5,6,1,1, ?,2,2
4,53,F,5,2007,3,1,1,2,2,1,1,1,1,1,1,4,1,2,14,6,1,7,50,2,2
3,56,G,5,2007,2,1,1,2,2,1,1,1,1,1,1,2,?,?,19,6,1,1, ?,2,2
3,56,F,5,2007,3,7,1,2,2,1,1,1,1,1,1,3,1,2,19,6,1,1, ?,2,2
4,54,F,5,2007,3,7,8,2,2,1,1,1,1,1,1,1,1,2,4,11,?,7, ?,2,2
2,54,G,3,2007,3,7,1,2,2,1,1,1,1,2,3,3,1,1,13,6,1,1,24,2,2
10,54,F,5,2007,3,1,1,2,2,1,1,1,1,1,1,3,?,?,8,5,1,1, ?,2,2
9,54,G,4,2007,3,1,1,2,2,1,1,1,1,1,1,2,1,2,14,6,?,?, ?,2,2
9,54,G,4,2007,3,1,1,2,2,1,1,1,1,1,1,2,1,2,10,8,?,?, ?,2,2
9,54,F,5,2007,3,7,1,2,2,1,1,1,1,1,1,2,1,2,14,8,?,?, ?,2,2
9,54,F,5,2007,2,4,1,2,2,1,1,4,1,1,1,2,1,2,14,6,1,1, ?,2,2
9,54,F,5,2007,2,4,3,2,2,2,1,2,2,1,1,2,1,2,7,6,?,?, ?,2,2
5,54,F,4,2007,2,2,3,2,2,1,1,1,1,1,1,4,1,2,13,6,?,1, ?,2,2
3,56,F,7,2007,3,7,3,1,2,1,1,1,1,1,1,1,?,?,7,11,1,7, ?,2,2
8,56,F,7,2007,2,7,3,2,2,1,1,1,1,1,1,1,?,2,4,6,1,1, ?,2,2
2,55,G,7,2007,3,3,1,2,2,1,1,1,1,1,1,4,1,2,5,6,1,1,19,2,2
5,55,S,7,2007,2,1,1,2,2,2,1,2,2,1,1,3,?,?,9,11,1,1,38,2,2
5,55,F,7,2007,3,1,1,2,2,2,1,1,2,1,1,3,1,2,10,11,?,?, ?,?,?
13,54,F,7,2007,4,7,1,2,2,1,4,1,1,1,1,1,1,2,13,6,1,?,30,2,2
11,54,F,6,2007,3,1,1,2,2,1,1,1,1,1,1,3,1,?,13,6,1,1, ?,2,2
11,54,F,3,2007,2,1,1,2,2,1,1,1,1,1,1,3,1,2,12,6,1,6, ?,2,2
3,53,F,7,2007,2,7,1,2,2,2,1,3,2,1,1,3,1,2,8,6,1,1, ?,2,2
3,53,F,7,2007,4,7,1,2,2,1,1,1,1,1,1,3,1,2,4,6,1,7, ?,2,2
1,53,F,7,2007,2,7,8,2,2,1,1,3,?,?,?,?,?,?,10,6,1,7, ?,2,2
3,53,F,7,2007,2,1,1,2,2,1,2,1,1,1,1,2,1,2,19,4,1,5, ?,1,1
3,53,G,7,2007,4,1,1,2,2,2,1,1,2,1,1,4,1,2,12,6,1,7,18,2,2
5,54,G,8,2007,4,7,1,2,2,1,2,1,1,1,1,3,1,2,5,6,?,?,28,2,2
9,54,F,8,2007,3,7,1,2,2,1,1,1,1,1,1,3,1,2,14,6,1,1, ?,2,2
9,54,F,8,2007,4,7,1,2,2,1,4,1,1,1,1,3,1,2,19,6,?,?, ?,2,2
9,54,F,8,2007,3,7,1,2,2,1,1,1,1,1,1,1,1,2,4,6,?,?, ?,2,2
4,54,F,7,2007,4,1,1,2,2,1,4,1,1,1,1,2,1,2,14,6,1,1, ?,2,2
4,54,F,1,2007,2,7,8,2,2,4,1,1,5,1,2,4,1,2,13,8,1,1, ?,2,2
4,54,F,8,2007,2,1,1,2,2,1,1,1,1,1,1,2,1,2,19,6,?,?, ?,2,2
7,54,G,5,2007,2,1,1,2,2,1,1,1,1,1,1,2,1,2,10,6,1,1, ?,2,2
7,54,F,6,2007,2,1,1,2,2,1,1,1,1,1,1,3,1,2,8,6,1,1,30,2,2
3,54,F,6,2007,4,1,1,2,2,1,4,4,1,1,1,3,1,2,7,6,?,?, ?,2,2
3,53,F,8,2007,2,1,1,2,2,1,1,1,1,1,1,2,1,2,6,6,1,7, ?,2,2
7,56,F,8,2007,2,1,3,2,2,1,2,2,1,1,1,1,1,2,7,2,1,?, ?,2,2
7,56,F,8,2007,3,7,8,2,2,1,1,1,1,1,2,4,4,2,13,6,1,7, ?,2,2
8,56,M,8,2007,2,1,4,2,2,1,1,1,1,1,1,1,1,2,14,7,1,1,25,2,2
8,56,F,5,2007,3,1,1,2,2,1,1,1,1,1,1,4,1,2,9,6,1,1,35,2,2
8,56,F,5,2007,3,1,1,2,2,1,1,1,1,1,1,1,1,2,9,6,1,1, ?,2,2
4,56,F,5,2007,2,7,8,1,2,1,1,?,1,3,2,4,1,2,17,6,1,1,32,2,2
1,55,F,4,2007,2,1,3,2,2,1,1,1,1,1,1,3,1,2,13,6,1,7, ?,2,2
6,55,F,4,2007,4,1,1,2,2,1,2,1,1,1,1,4,1,2,9,11,1,7, ?,2,2
6,55,F,8,2007,4,1,1,2,2,1,1,1,1,1,1,3,1,2,11,11,2,7,25,2,2
7,55,F,8,2007,2,3,8,1,2,1,1,1,1,1,1,4,1,2,9,7,1,1,20,2,2
2,55,F,8,2007,2,1,1,2,2,1,1,1,1,1,1,4,1,2,9,6,1,7,30,2,2
7,56,F,9,2007,4,2,3,2,2,1,3,?,1,1,1,3,1,2,19,6,?,1, ?,2,2
3,56,F,9,2007,4,2,8,2,2,1,4,1,1,1,1,1,?,2,19,6,1,1, ?,2,2
1,55,F,9,2007,3,3,1,2,2,1,1,2,1,1,1,3,?,?,4,2,1,7, ?,2,2
1,55,F,9,2007,3,1,1,1,2,1,1,1,1,1,1,1,1,1,14,6,1,7, ?,2,2
9,54,F,9,2007,2,7,1,2,2,1,1,1,1,1,1,3,1,2,7,6,?,?, ?,2,2
13,54,F,7,2007,4,7,1,2,2,1,3,1,1,1,1,1,1,2,13,1,?,?,35,2,2
13,54,F,9,2007,2,7,1,2,2,1,1,1,1,1,1,1,2,?,9,6,?,?, ?,2,2
11,54,F,8,2007,2,1,1,2,2,1,1,1,1,1,1,2,?,?,6,6,1,?,30,2,2
11,54,G,8,2007,3,1,8,2,2,1,1,1,1,1,2,2,1,2,8,6,1,1,34,2,2
3,54,F,3,2007,4,1,1,2,2,1,4,2,1,1,1,4,1,2,4,1,1,?, ?,2,2
1,53,F,9,2007,2,2,1,2,2,1,1,1,1,1,1,4,2,?,7,6,1,7, ?,1,2
3,53,F,9,2007,3,1,1,2,2,1,1,1,1,1,1,3,1,2,12,6,1,7, ?,1,2
1,53,F,10,2007,4,1,1,2,2,1,2,1,1,1,1,1,1,2,19,6,2,7, ?,1,2
3,53,F,10,2007,3,1,1,2,2,1,1,1,1,1,1,2,1,2,6,6,2,7, ?,1,2
3,53,F,10,2007,3,1,1,2,2,1,1,1,1,1,1,3,1,2,6,6,1,1, ?,2,2
4,53,G,7,2007,3,7,1,2,2,2,1,1,2,1,2,5,4,1,4,6,2,7, ?,2,1
8,56,F,10,2007,3,1,1,1,?,1,1,1,1,1,1,3,1,1,6, ?,?,?, ?,?,?
5,56,F,10,2007,3,3,1,2,2,1,1,1,1,1,1,3,1,1,6,6,1,1,28,2,2
4,56,F,10,2007,2,7,1,2,2,1,1,1,1,1,1,3,1,2,11,6,1,1, ?,2,2
1,53,F,11,2007,2,1,1,2,2,1,1,2,1,1,1,1,1,2,8,6,2,7, ?,1,2
1,53,G,11,2007,3,1,1,2,2,1,2,1,1,1,1,1,1,2,8,6,1,1,32,1,2
1,53,F,11,2007,2,3,1,2,2,1,1,1,1,1,1,2,1,2,8,6,1,?, ?,2,2
11,53,F,11,2007,4,1,1,2,2,1,2,1,1,1,1,3,1,2,4,6,1,1, ?,2,2
1,53,F,11,2007,3,1,1,1,2,1,1,1,1,1,1,4,?,?,6,6,1,1, ?,2,2
3,53,F,11,2007,3,1,1,2,2,1,1,1,1,1,1,1,1,2,8,6,2,?, ?,1,2
1,55,F,9,2007,4,1,1,2,2,1,3,1,1,1,1,3,1,2,6,6,1,7, ?,2,2
2,55,F,10,2007,3,7,1,2,2,1,1,1,1,1,1,3,1,2,6,6,1,1, ?,2,2
1,55,F,11,2007,2,1,8,2,2,1,4,1,1,1,1,3,1,2,9,6,?,7, ?,2,2
6,55,F,11,2007,3,1,1,2,2,1,1,1,1,1,1,4,1,2,11,6,1,7, ?,2,2
9,54,F,10,2007,3,7,1,2,2,1,1,1,1,1,1,1,1,2,6,6,1,?, ?,2,2
13,54,F,10,2007,4,7,1,2,2,1,4,1,1,1,1,1,1,?,12,6,2,6, ?,2,2
13,54,F,10,2007,3,7,1,2,2,1,1,1,1,1,1,3,1,2,10,6,1,7, ?,2,2
9,54,F,10,2007,2,7,1,2,2,1,1,1,?,1,1,1,1,2,13,6,1,?, ?,2,2
9,54,F,11,2007,3,7,1,2,2,1,1,1,1,1,1,1,1,?,13,6,1,?, ?,2,2
9,54,F,11,2007,3,7,1,2,2,1,1,1,1,1,1,4,1,2,14,6,?,?, ?,2,2
9,56,G,11,2007,3,3,3,1,2,1,1,1,1,1,1,3,1,2,17,6,?,7,25,2,2
8,56,F,11,2007,2,1,1,1,2,1,1,1,1,1,1,3,1,2,8,6,1,1, ?,2,2
8,56,F,11,2007,2,2,3,1,2,1,1,1,1,1,?,1,?,2,13,11,2,1,35,2,2
8,56,F,11,2007,3,2,3,1,2,1,2,1,1,1,1,1,?,2,13,2,2,7, ?,2,2
3,53,F,12,2007,4,7,1,2,2,1,2,1,1,1,1,2,1,2,8,6,1,?, ?,2,2
3,53,F,12,2007,2,7,1,2,2,1,2,1,1,1,1,2,1,2,7,6,?,?, ?,2,2
3,53,F,12,2007,?,7,3,2,2,1,1,1,1,1,3,4,1,2,6,6,1,1, ?,2,2
1,53,F,12,2007,3,7,8,2,2,1,2,1,1,1,1,4,1,2,4,6,1,7,28,2,2
2,54,F,12,2007,3,1,1,2,2,1,1,1,1,1,1,3,1,2,8,6,1,?, ?,2,2
13,54,F,12,2007,3,7,2,2,2,1,1,1,1,1,1,1,1,2,12,6,?,?, ?,2,2
13,54,F,12,2007,3,7,1,2,2,1,1,1,1,1,1,1,1,2,9,6,?,?, ?,2,2
13,54,F,12,2007,3,7,1,2,2,1,1,1,1,1,1,1,1,2,9,6,?,?, ?,2,2
2,55,F,12,2007,3,?,1,2,2,1,1,1,1,1,2,3,1,2,7,6,1,1,22,2,2
7,55,F,12,2007,3,1,1,2,2,1,1,1,1,1,1,3,1,2,12,4,?,?, ?,?,?
5,55,G,12,2007,3,2,1,2,2,1,1,1,1,1,1,3,1,2,9,11,1,1,35,2,2
7,56,F,12,2007,3,2,1,2,2,4,3,1,1,1,1,1,?,2,14,11,1,?,40,2,2
5,56,F,12,2007,3,1,1,2,2,1,1,1,1,1,1,4,1,2,6,8,1,1, ?,1,2
4,56,F,12,2007,?,1,1,2,2,1,1,1,1,1,1,4,1,2,8,6,2,1,25,1,2
3,54,F,11,2007,3,7,8,2,2,1,1,1,1,1,1,3,1,2,14,6,2,3, ?,2,2
3,56,M,3,2007,1,1,1,2,2,1,1,1,1,1,1,1,2,2,9,8,1,1, ?,2,2
4,55,F,6,2007,3,1,6,2,2,1,1,1,1,1,1,4,1,2,9,5,1,1, ?,2,2
2,55,F,9,2007,4,3,1,2,2,1,2,1,1,1,1,2,1,2,4,2,1,1, ?,2,2
8,54,F,11,2007,4,1,1,2,2,1,4,2,1,1,1,1,1,2,7,6,?,?, ?,2,2
1,53,G,9,2007,3,1,1,2,2,2,1,1,2,1,1,1,1,2,5,6,2,7, ?,1,2
1,53,G,9,2007,3,1,1,2,2,1,1,1,1,1,1,1,1,2,9,6,1,7, ?,1,2
7,54,G,7,2007,2,1,1,2,2,1,1,1,1,1,1,2,1,2,8,6,1,1,35,2,2
1,53,F,5,2007,3,3,1,2,2,1,1,1,1,1,1,2,1,2,8,6,?,?, ?,2,2
8,56,S,1,2007,3,1,1,2,2,1,1,1,1,1,1,1,1,2,12,6,1,1,32,2,2
1,53,F,4,2007,4,1,1,2,2,1,4,?,1,1,1,1,1,1,9,6,1,7, ?,2,2
13,54,F,2,2007,2,1,1,2,2,1,1,1,1,1,1,1,1,2,9,6,1,?, ?,2,2
7,54,F,1,2007,2,1,1,2,2,1,1,2,1,1,1,4,1,2,8,2,1,?, ?,2,2
4,54,F,4,2007,3,1,1,2,2,1,1,1,1,1,1,4,1,2,8,6,?,?,28,2,2
1,53,F,10,2007,3,1,1,2,2,1,1,1,1,1,1,4,1,2,4,6,1,6,22,1,2
1,53,G,1,2007,2,?,1,2,2,1,1,1,1,1,?,1,1,2,8,6,2,7, ?,2,2
1,14,F,12,2007,4,3,1,2,2,1,2,1,1,1,1,4,1,2,19,6,1,7, ?,2,2
6,34,F,1,2008,3,1,1,2,2,1,1,1,1,1,1,1,1,2,19,6,1,1, ?,2,2
6,34,G,2,2008,4,1,1,2,2,1,3,2,1,1,1,1,1,2,9,6,1,1, ?,1,2
6,34,F,5,2008,2,1,1,2,2,1,1,1,1,1,1,1,1,2,14,1,1,1, ?,1,2
6,34,F,7,2008,2,1,1,2,2,1,1,1,1,1,1,1,1,2,9,1,1,1, ?,2,2
6,34,F,8,2008,1,1,1,2,2,1,2,1,1,1,1,1,1,2,9,1,1,1, ?,1,2
6,34,F,11,2008,3,1,6,2,2,1,1,1,1,1,1,1,1,2,9,2,1,1,32,2,2
10,34,F,1,2008,2,1,1,2,2,4,2,1,1,1,1,1,1,2,9,6,1,1,31,2,2
10,34,F,5,2008,2,7,1,2,2,1,1,4,1,1,1,4,1,2,19,2,1,3, ?,2,2
10,34,F,6,2008,2,3,1,2,2,1,1,1,1,1,1,2,1,2,9,9,1,1, ?,2,1
10,34,F,7,2008,3,1,1,2,2,1,1,1,1,1,1,1,1,2,9,11,1,7, ?,2,2
10,34,F,10,2008,3,7,1,2,2,1,1,1,1,1,1,1,1,2,9,6,1,1, ?,2,2
3,34,F,5,2008,2,1,1,2,2,1,1,1,1,1,1,1,1,2,4,6,1,1, ?,2,1
8,34,S,5,2008,4,7,1,2,2,1,2,1,1,1,2,4,1,2,4,6,1,1, ?,2,2
9,34,F,1,2008,3,7,1,2,2,1,2,1,1,1,1,4,1,2,6,6,1,7,35,2,2
9,34,F,8,2008,4,1,1,2,2,1,2,1,1,1,1,3,1,2,9,2,1,3, ?,2,2
9,34,F,9,2008,3,1,1,2,2,1,1,1,1,1,1,1,1,1,4,6,1,3,45,2,1
4,34,F,1,2008,4,1,1,2,2,1,3,1,1,1,1,1,1,2,9,4,1,7, ?,2,2
4,34,G,2,2008,3,1,1,2,2,1,1,1,1,1,1,1,1,2,9,5,1,1,30,2,2
4,34,F,3,2008,3,1,1,2,2,1,1,1,1,1,1,1,1,2,8,5,1,1,32,1,2
4,34,G,5,2008,2,7,1,2,2,1,1,1,1,1,1,1,1,1,7,11,1,1,30,2,2
4,34,G,8,2008,2,7,1,2,2,1,1,2,1,1,1,4,1,2,9,1,1,1, ?,2,2
4,32,F,3,2008,3,1,1,2,2,1,1,1,1,1,1,2,1,2,6,6,1,1, ?,2,2
1,32,F,4,2008,2,1,1,2,2,1,1,1,1,1,1,1,1,2,9,6,1,1, ?,1,2
1,32,F,1,2008,3,1,1,2,2,1,1,1,1,1,1,4,1,2,9,6,1,1, ?,1,2
1,32,G,5,2008,3,1,1,2,2,1,1,1,1,1,1,2,1,1,9,6,1,1, ?,2,2
1,32,F,6,2008,2,1,1,2,2,1,1,2,1,1,1,1,1,1,12,7,1,1, ?,2,2
3,30,F,11,2008,4,1,1,2,2,1,4,2,1,1,1,1,1,2,19,6,1,1, ?,2,2
1,30,F,10,2008,3,1,1,2,2,1,1,1,1,1,1,1,1,2,8,6,2,1,37,2,2
1,30,F,10,2008,4,7,1,2,2,1,2,1,1,1,1,4,1,1,4,6,1,1,35,2,2
1,30,F,11,2008,3,1,1,2,2,1,1,1,1,1,1,4,1,2,4,6,1,1, ?,2,2
6,31,F,7,2008,3,7,1,2,2,1,1,1,1,1,1,2,1,2,8,8,1,6,32,2,2
6,31,F,7,2008,3,7,1,2,2,1,1,3,1,1,1,2,1,2,19,11,1,7, ?,2,2
4,31,F,1,2008,2,1,1,2,2,1,1,1,1,1,1,3,1,1,9,6,1,1,28,2,2
4,31,F,2,2008,2,1,1,2,2,1,1,1,1,2,2,4,1,2,19,6,2,1,30,2,2
4,31,F,4,2008,2,1,1,2,2,1,1,1,1,1,1,4,1,2,4,6,1,1, ?,2,1
4,31,F,6,2008,3,1,1,2,2,1,1,2,1,2,1,4,1,2,4,6,1,1,24,2,1
4,31,F,2,2008,3,1,1,2,2,1,1,1,5,1,1,4,1,2,4,6,1,1,30,2,2
4,31,F,9,2008,4,1,1,2,2,1,4,1,1,1,1,4,1,1,4,6,1,1,24,2,1
4,31,F,9,2008,3,1,1,2,2,1,1,1,1,1,1,4,1,2,14,6,1,1, ?,1,2