Thana,District,Accident_Severity,Month,Year,Time,Junction_Type,Traffic_Control,Movement,Divider,Weather,Light,Road_Geometry,Surface_Condition,Surface_Type,Surface_Quality,Road_Class,Road_Feature,Location_Type,Vehicle_Type,Vehicle_Movement,Vehicle_Loading,Vehicle_Defect,Vehicle_Driver_Age,Vehicle_Alcohol,Vehicle_Seat_Belt
4,31,F,10,2008,3,1,1,2,2,1,1,1,1,1,1,4,1,1,4,6,1,1,24,2,1
2,31,F,9,2008,3,7,8,2,2,1,1,1,1,1,1,4,1,2,4,6,1,1,28,2,1
1,31,F,7,2008,2,1,8,2,2,1,1,1,1,1,1,2,1,2,4,11,1,1, ?,2,1
1,31,F,8,2008,2,1,1,2,2,1,1,1,1,1,3,2,1,2,8,11,1,1,30,2,2
4,33,F,3,2008,2,1,1,2,2,1,1,1,1,1,1,4,1,2,9,6,1,1, ?,2,2
4,33,F,4,2008,2,1,2,2,2,1,1,1,1,1,1,2,1,1,14,6,1,1, ?,1,2
4,33,G,8,2008,2,1,3,2,2,1,1,1,1,1,1,2,1,2,14,6,1,1, ?,1,2
4,33,F,10,2008,3,7,2,2,2,1,1,1,1,1,1,2,1,2,9,6,1,1, ?,2,2
4,33,F,10,2008,2,7,1,2,2,1,1,1,1,1,1,2,1,2,14,6,1,1, ?,1,2
4,33,F,11,2008,2,1,3,2,2,1,1,1,1,1,1,2,1,2,14,6,1,1, ?,1,2
5,33,F,4,2008,3,1,1,2,2,1,1,1,1,1,2,4,4,2,6,11,2,1, ?,2,2
5,33,F,4,2008,2,7,1,2,2,1,1,1,1,1,2,2,1,2,9,6,1,3, ?,2,2
1,33,F,5,2008,3,7,8,2,2,1,1,1,1,1,1,4,1,2,9,11,1,7, ?,2,2
1,33,F,8,2008,2,1,1,2,2,1,1,1,1,1,1,2,1,1,9,6,1,1, ?,1,2
1,33,F,9,2008,?,1,1,2,2,1,1,1,1,1,1,4,1,2,14,6,1,1, ?,2,2
1,33,S,11,2008,3,7,1,2,2,1,1,1,1,1,1,4,1,2,14,6,1,1, ?,2,2
2,33,F,1,2008,2,1,1,2,2,1,1,1,1,1,1,4,1,2,9,6,1,1, ?,2,2
2,33,F,10,2008,2,1,1,2,2,1,1,3,1,1,2,4,1,2,14,6,1,1,49,1,2
2,27,F,1,2008,4,1,1,2,2,1,2,1,1,1,1,1,1,2,12,6,1,1, ?,2,2
2,27,G,3,2008,3,1,1,2,2,1,1,1,1,1,1,1,1,2,9,6,1,6, ?,2,2
2,27,G,6,2008,2,7,1,2,2,1,1,1,1,1,1,1,1,2,9,11,1,1,45,1,2
2,27,F,6,2008,2,1,1,2,2,1,1,1,1,1,1,2,1,2,19,6,1,1, ?,1,2
2,27,F,7,2008,3,1,1,2,2,1,1,1,5,1,1,1,1,2,9,6,1,1, ?,2,2
2,27,G,7,2008,3,1,1,2,2,1,1,1,1,1,1,2,1,2,9,6,1,1,38,2,2
2,27,F,10,2008,2,7,8,2,2,1,1,2,1,1,1,4,1,2,8,1,1,7,40,2,2
2,27,F,11,2008,2,3,3,2,2,1,1,1,1,1,1,2,1,2,9,6,1,7, ?,1,2
4,27,F,8,2008,3,1,1,2,2,2,1,1,2,1,2,2,1,2,8,6,1,1,32,1,2
6,27,F,4,2008,2,4,3,2,2,1,1,1,1,1,1,4,1,2,4,6,1,1, ?,2,1
6,27,F,7,2008,4,1,1,2,2,2,2,4,2,1,1,4,1,2,4,6,1,1,25,2,2
6,27,F,11,2008,2,1,1,2,2,1,1,1,1,1,1,4,1,2,4,6,1,1,30,2,1
1,27,F,3,2008,2,7,1,2,2,1,1,3,1,1,1,4,1,1,10,9,1,1, ?,1,2
1,27,G,7,2008,3,2,1,2,2,1,1,1,1,1,1,1,1,1,9,6,1,1,39,1,2
1,27,F,8,2008,2,7,3,2,2,2,1,2,2,1,3,4,1,2,8,6,1,1, ?,2,1
1,27,F,8,2008,4,2,3,2,2,2,2,2,2,1,3,4,1,2,8,6,1,1, ?,2,1
1,27,F,8,2008,3,1,1,2,2,1,1,1,1,1,1,3,1,2,12,6,1,1,21,1,2
6,34,F,12,2008,2,1,1,2,2,1,1,1,1,1,1,1,1,2,14,2,1,1,30,2,2
6,34,F,12,2008,2,1,1,2,2,1,1,1,1,1,1,1,1,2,7,2,1,1,25,2,2
3,34,F,12,2008,2,1,1,2,2,1,1,1,1,1,1,1,1,2,9,11,1,1, ?,2,2
1,31,F,12,2008,3,7,1,2,2,1,1,1,1,1,1,2,1,1,8,4,1,1, ?,2,2
1,31,F,12,2008,2,3,1,2,2,1,1,2,1,1,1,2,1,1,8,1,1,1, ?,2,2
2,32,F,12,2008,2,1,1,2,2,1,1,1,1,1,1,4,1,2,4,6,1,1,35,2,1
1,27,G,10,2008,4,4,1,2,2,1,4,1,1,1,1,2,1,2,4,2,1,1, ?,2,1
2,27,G,12,2008,2,1,3,2,2,1,1,1,1,1,1,2,1,2,8,6,1,1, ?,2,2
2,27,F,12,2008,2,1,1,2,2,1,1,1,1,1,1,1,1,2,9,6,1,1, ?,2,2
4,32,F,4,2008,2,1,1,2,2,1,1,1,1,1,1,1,1,2,9,6,1,1, ?,2,2
6,34,F,4,2008,1,1,1,2,2,1,4,1,1,1,1,1,1,2,14,6,1,1,45,1,2
1,27,F,11,2008,3,3,1,2,2,1,1,4,1,1,3,4,1,2,6,2,1,3, ?,2,2
7,64,F,1,2008,4,2,1,1,1,1,2,1,1,1,1,5,1,1,14,6,1,1, ?,1,2
7,64,F,2,2008,3,1,1,2,2,1,1,1,1,1,1,5,1,1,14,6,1,1,29,1,2
7,64,F,2,2008,2,3,8,2,2,1,1,1,1,1,1,5,1,1, ?,6,1,1, ?,1,2
7,64,F,4,2008,4,2,6,2,2,1,3,1,1,1,1,5,1,1,14,6,1,1, ?,1,2
7,64,F,4,2008,4,1,1,2,2,1,3,1,1,1,1,5,1,1, ?,6,1,1, ?,1,2
7,64,G,8,2008,2,3,1,1,1,1,1,1,1,1,1,5,1,1,10,6,1,1,21,2,2
12,64,F,1,2008,3,7,?,2,2,1,2,1,1,1,1,1,1,2,19,11,1,1, ?,1,2
10,64,F,1,2008,3,7,8,2,2,1,1,1,1,1,1,1,1,1,7,6,1,1, ?,1,2
10,64,F,9,2008,4,1,8,1,2,1,2,1,1,1,1,1,1,1,14,6,1,1, ?,1,2
10,64,F,7,2008,4,1,8,1,2,1,2,1,1,1,1,1,1,1,9,6,1,1, ?,1,2
10,64,F,4,2008,4,1,8,2,2,1,2,1,1,1,1,1,1,1,14,6,1,1, ?,1,2
9,64,F,3,2008,4,3,3,2,1,1,3,1,1,1,1,5,1,1,14,6,1,1,26,1,2
9,64,G,7,2008,2,7,8,1,2,1,1,1,1,1,1,5,1,1,7,6,1,1,45,1,2
8,64,F,2,2008,2,7,3,1,2,1,1,1,1,1,1,5,1,1,9,6,1,7,38,1,2
8,64,F,1,2008,3,7,3,2,1,1,1,1,1,1,1,5,1,1,8,6,1,7, ?,1,2
8,64,F,5,2008,4,1,3,2,1,1,2,1,1,1,1,5,1,1,9,6,1,1, ?,2,2
8,64,F,7,2008,4,1,5,2,2,1,3,1,1,1,1,5,1,1,8,6,2,6, ?,1,2
8,64,F,9,2008,3,1,3,2,1,1,1,1,1,1,1,5,1,1,8,6,2,6, ?,1,2
5,64,F,1,2008,4,7,1,2,2,1,3,1,1,1,1,5,1,1,14,6,1,1,35,1,2
5,64,G,1,2008,2,2,4,2,1,1,3,1,1,1,1,5,1,1,14,6,1,1,49,1,2
5,64,F,3,2008,3,7,1,2,2,1,1,1,1,1,1,5,1,1,9,6,1,1,35,1,2
5,64,F,6,2008,1,3,4,2,1,1,3,1,1,1,1,5,1,1,5,6,1,6,39,1,2
5,64,F,10,2008,1,7,1,2,2,1,2,1,1,1,1,5,1,1,9,6,1,6, ?,1,2
5,64,F,11,2008,?,1,1,2,2,1,4,1,1,1,1,1,1,2, ?,6,1,1, ?,1,2
4,64,F,5,2008,4,1,1,2,2,1,3,1,1,1,1,5,1,1,14,6,1,1,24,2,2
4,64,G,7,2008,2,2,1,2,2,1,1,1,1,1,1,5,1,1,10,5,1,1, ?,1,2
4,64,F,12,2008,?,2,6,2,1,1,1,1,1,1,1,5,1,1, ?,6,2,7, ?,1,2
6,64,F,1,2008,2,2,6,1,1,1,1,1,1,1,1,5,1,1,10,6,1,1, ?,2,1
6,64,G,4,2008,4,2,1,1,1,1,3,1,1,1,1,5,1,1,10,7,1,1, ?,2,2
6,64,G,8,2008,2,2,3,1,2,1,1,1,1,1,1,5,1,1,8,6,1,1, ?,1,2
1,64,F,1,2008,1,2,4,2,1,1,1,2,1,1,1,5,1,1,9,6,1,1, ?,1,2
1,64,G,5,2008,3,1,1,2,1,1,1,1,1,1,1,5,1,1,9,6,1,1, ?,1,2
2,64,F,2,2008,3,1,1,2,1,1,3,1,1,1,1,3,1,1,14,6,1,1, ?,1,2
2,64,G,2,2008,2,7,8,2,2,1,1,1,1,1,1,5,1,1,14,6,1,1, ?,1,2
2,64,G,3,2008,2,7,8,2,2,1,1,1,1,1,1,5,1,1,14,6,1,1, ?,1,2
2,64,G,6,2008,4,2,3,2,2,1,2,1,1,1,1,5,1,1,14,6,1,1, ?,1,2
2,64,G,6,2008,3,1,8,1,2,1,1,1,1,1,1,5,1,1,14,6,1,1, ?,1,2
2,64,F,6,2008,3,1,1,2,1,1,3,1,1,1,1,5,1,1,5,6,1,1, ?,2,2
2,64,G,7,2008,2,1,1,2,1,1,1,1,1,1,1,5,1,1,9,6,1,1, ?,1,2
2,64,F,7,2008,2,2,1,2,1,1,1,1,1,1,1,5,1,1,14,6,1,1, ?,2,2
2,64,F,9,2008,4,1,1,2,1,1,4,1,1,1,1,1,1,1,14,11,?,?, ?,2,2
2,64,G,10,2008,4,1,8,2,2,1,3,1,1,1,1,5,1,1,19,6,1,1, ?,2,2
2,64,G,10,2008,4,1,1,2,2,1,3,1,1,1,1,5,1,1,14,6,1,1, ?,1,2
2,64,F,11,2008,4,1,1,2,1,1,3,1,1,1,1,5,1,1,9,6,1,1, ?,1,2
2,64,G,11,2008,2,1,8,2,1,1,1,1,1,1,1,5,1,1,4,6,1,1, ?,2,2
11,64,F,1,2008,2,2,8,1,1,1,1,1,1,1,1,5,1,1,14,6,1,1, ?,1,2
11,64,G,4,2008,2,2,8,1,2,1,1,1,1,1,1,5,1,1,8,6,1,1, ?,1,2
11,64,F,4,2008,4,2,8,1,2,1,4,1,1,1,1,5,1,1,14,6,1,1, ?,1,2
11,64,F,5,2008,4,2,8,1,2,1,4,1,1,1,1,5,1,1,14,6,1,1, ?,1,2
11,64,F,6,2008,4,2,1,1,2,1,1,1,1,1,1,5,1,1,14,6,1,1, ?,1,2
11,64,F,8,2008,4,2,8,1,1,1,1,1,1,1,1,5,1,1,8,6,1,1, ?,1,2
11,64,F,11,2008,2,3,1,1,2,1,1,1,1,1,1,5,1,1,14,6,1,1, ?,1,2
11,64,F,11,2008,2,2,8,1,2,1,1,1,1,1,1,5,1,1,9,6,1,1, ?,1,2
1,64,F,12,2008,4,2,5,2,1,1,2,1,1,1,1,5,1,1, ?,6,1,1, ?,1,2
4,64,G,12,2008,?,2,3,2,1,1,1,1,1,1,1,5,1,1, ?,6,1,1, ?,1,2
7,64,G,11,2008,1,5,8,2,1,1,3,1,1,1,1,5,1,1,10,6,1,1, ?,2,2
8,64,F,12,2008,4,1,1,2,2,1,2,1,1,1,1,5,1,1,9,6,1,1, ?,2,2
10,64,F,12,2008,3,7,3,1,2,1,1,1,1,1,1,5,2,1,7,6,1,1,38,1,2
3,64,F,1,2008,3,1,1,2,2,1,2,1,5,1,1,5,1,1,6,2,1,7,35,2,2
3,64,F,3,2008,2,3,1,2,1,1,1,1,1,1,1,5,1,1,9,6,1,7, ?,1,2
3,64,F,4,2008,2,1,2,2,1,1,1,1,5,1,1,5,1,1,19,6,1,7, ?,1,2
3,64,F,5,2008,2,1,1,2,1,1,2,1,5,1,1,5,1,1,14,6,1,1, ?,1,2
3,64,F,7,2008,3,7,8,2,1,1,1,1,2,1,2,5,1,1,8,6,1,1, ?,2,2
3,64,F,10,2008,2,3,3,1,1,1,1,1,1,1,1,5,1,1,8,6,2,7,39,1,2
3,64,F,10,2008,4,3,3,1,1,1,2,1,1,1,1,5,1,1,8,6,2,7, ?,1,2
3,64,F,12,2008,2,1,8,2,1,1,1,1,5,1,1,5,1,1,19,11,1,?, ?,1,2
10,64,G,3,2008,2,1,8,2,2,1,1,1,1,1,1,5,1,1,9,6,1,1, ?,1,2
1,57,F,1,2008,3,3,1,2,2,1,1,1,1,1,1,1,1,2,9,6,1,1, ?,1,2
1,61,F,8,2008,4,1,1,2,2,2,4,1,2,1,1,1,1,1,7,6,1,1, ?,2,2
1,61,F,8,2008,4,2,1,2,2,2,1,1,2,1,1,1,1,2,9,1,1,1, ?,2,2
1,57,F,2,2008,2,1,1,2,2,1,1,1,1,1,1,1,1,1,9,6,1,1, ?,2,2
1,61,F,9,2008,3,1,1,2,2,1,1,1,1,1,1,1,1,1,4,2,1,1, ?,2,2
1,57,F,6,2008,4,1,1,2,2,1,4,1,1,1,1,1,1,2,9,6,1,1, ?,2,2
1,57,F,5,2008,2,1,1,2,2,1,1,1,1,1,1,1,1,2,9,6,1,1, ?,1,2
1,57,F,6,2008,2,1,1,2,2,1,2,2,1,1,1,1,1,2,19,2,1,7, ?,1,2
3,57,F,2,2008,2,1,1,2,2,1,2,1,1,1,1,1,2,2,9,6,1,1, ?,2,2
3,57,F,9,2008,1,1,1,2,2,1,4,1,1,1,1,1,1,2,9,6,1,1, ?,1,2
3,57,F,7,2008,2,1,1,2,2,1,1,1,1,1,1,1,1,2,9,5,1,1, ?,2,2
7,57,F,2,2008,3,1,8,2,2,1,1,3,1,1,2,4,1,2,6,11,1,7,22,2,2
7,57,S,4,2008,2,2,8,2,2,1,1,1,1,1,1,4,2,2,14,11,1,1,40,2,2
5,57,F,2,2008,3,1,1,2,2,1,1,1,1,1,1,4,1,2,17,11,2,1, ?,2,2
2,57,F,2,2008,2,1,1,2,2,1,1,1,1,1,1,3,1,2,6,6,1,1, ?,2,2
1,59,G,10,2008,2,1,1,2,2,1,1,1,2,2,1,4,1,2,8,2,1,1,22,2,2
1,59,F,7,2008,4,1,1,2,2,1,4,1,1,1,1,1,1,2,9,6,1,1, ?,1,2
1,59,S,6,2008,2,7,1,2,2,1,1,1,1,1,1,5,1,1,4,6,1,1, ?,2,2
1,59,F,6,2008,3,1,1,2,2,1,1,1,1,1,1,5,1,1,14,6,1,1,40,2,2
6,59,F,7,2008,3,1,1,1,2,1,1,1,1,1,1,4,1,2,6,4,2,1,30,2,2
2,59,F,3,2008,3,1,1,2,2,1,1,1,1,1,1,1,2,?,9,6,1,1, ?,2,2
8,58,F,1,2008,2,1,1,2,2,4,2,1,1,1,1,1,1,2,14,6,1,1, ?,2,2
8,58,G,1,2008,2,1,1,2,2,1,4,3,1,1,1,4,1,2,4,2,1,1,25,2,2
8,58,F,3,2008,2,1,1,2,2,1,2,1,1,1,1,2,1,2,12,6,1,1,24,2,2
8,58,F,3,2008,3,1,1,2,2,1,1,1,1,1,2,2,1,2,14,6,1,1,45,2,2
8,58,F,4,2008,1,1,1,2,2,1,2,1,1,1,1,3,1,1,17,6,1,1,35,2,2
8,58,F,4,2008,2,1,1,2,2,1,1,1,1,1,1,2,1,2,14,6,1,1, ?,2,2
8,58,G,5,2008,2,1,1,2,2,1,1,1,1,1,1,1,1,2,14,6,1,1,28,2,2
8,58,F,7,2008,1,1,1,2,2,1,1,1,1,1,1,1,1,2,9,11,1,1, ?,2,2
2,58,F,8,2008,4,7,1,2,2,4,2,1,1,1,1,3,1,2,14,11,2,7, ?,1,2
2,58,F,7,2008,2,1,1,2,2,1,1,3,1,1,1,1,4,2,7,11,1,1,30,1,2
2,58,F,4,2008,1,7,1,2,2,1,1,1,1,1,1,2,1,2,4,6,1,1,25,1,2
3,58,F,2,2008,3,1,1,2,2,1,1,1,1,3,1,4,1,2,17,6,1,1, ?,1,2
3,58,F,2,2008,2,1,1,2,2,1,1,1,1,1,1,2,1,2,9,6,1,1, ?,1,2
4,58,G,1,2008,2,1,1,2,2,1,1,1,1,1,1,3,1,2,5,6,1,1, ?,2,2
4,58,F,3,2008,3,3,1,2,2,1,1,1,1,1,1,2,1,2,14,6,1,1,45,2,1
4,58,F,4,2008,3,4,3,2,2,1,1,1,1,1,1,1,1,?,7,6,1,1, ?,1,2
4,58,F,8,2008,2,1,1,2,2,1,1,1,1,1,1,1,1,1,9,6,1,1,28,2,2
14,58,F,1,2008,1,1,1,2,2,1,2,1,1,1,1,1,1,1,19,6,1,1, ?,2,2
14,58,F,1,2008,2,1,1,2,2,1,2,1,1,1,1,1,1,1,4,6,1,1, ?,1,2
14,58,F,2,2008,4,1,1,2,2,1,1,1,1,1,1,1,1,1,1,1,1,1, ?,1,2
1,58,F,2,2008,1,1,1,2,2,1,1,1,1,1,1,1,1,1,1, ?,1,1, ?,1,2
14,58,F,3,2008,2,1,1,2,2,1,1,1,1,1,1,2,1,2,9,6,1,1, ?,2,2
14,58,F,3,2008,3,3,1,2,2,1,1,3,1,3,1,2,1,2,17,7,1,1,40,2,2
14,58,F,3,2008,3,1,1,2,2,1,4,1,1,1,1,1,1,1,9,6,1,1, ?,2,2
14,58,F,4,2008,2,2,1,2,2,1,1,1,1,1,1,1,1,1,14,5,1,1, ?,1,1
14,58,F,5,2008,2,1,1,2,2,1,2,1,1,1,1,1,1,1,15,5,1,1,30,1,2
1,58,M,2,2008,1,1,1,2,2,1,2,1,1,1,1,1,1,1,14,6,1,1,47,2,2
9,58,F,2,2008,4,1,1,2,2,1,3,1,1,1,1,4,1,2,19,11,1,7, ?,2,2
16,58,F,3,2008,1,1,1,2,2,1,1,1,1,3,2,3,1,2,17,6,1,1, ?,2,2
6,58,F,5,2008,1,1,1,2,2,1,2,1,1,1,1,1,1,2,14,6,1,1,34,2,2
2,58,F,1,2008,2,1,1,1,2,1,1,1,1,1,1,3,1,2,9,6,1,1, ?,2,2
1,61,F,5,2008,4,1,1,2,2,1,4,1,1,1,1,1,1,2, ?,6,1,1, ?,2,2
1,61,F,6,2008,4,1,1,1,2,2,4,1,2,1,1,5,1,1, ?,1,1,1, ?,2,2
1,61,F,6,2008,3,1,1,2,2,1,1,1,1,1,1,1,1,2,9,6,1,1,32,2,2
1,61,F,6,2008,3,1,1,2,2,1,1,1,1,1,1,1,1,2,14,6,1,1, ?,?,?
1,61,F,6,2008,1,1,1,2,2,1,1,1,1,1,1,1,1,1,1, ?,?,?, ?,2,2
1,61,F,7,2008,3,1,1,2,2,1,1,1,1,1,1,1,1,1,9,6,2,1, ?,2,2
1,61,G,7,2008,1,1,1,2,2,1,1,1,1,1,1,1,1,2,9,6,1,3,36,2,2
1,61,F,7,2008,3,3,8,2,2,1,1,1,1,1,1,1,1,2,9,1,2,7, ?,1,2
1,61,F,1,2008,3,2,1,2,2,1,1,1,1,1,1,1,1,1,19,6,2,1, ?,2,2
2,61,F,6,2008,2,1,1,2,2,1,1,1,1,1,1,1,1,2, ?,6,2,1, ?,2,2
4,61,S,4,2008,3,1,8,2,2,1,1,1,1,1,1,4,1,2,17,6,1,1, ?,2,2
5,61,G,3,2008,4,1,1,2,2,1,1,1,1,1,1,3,1,1,9,6,1,1, ?,2,2
5,61,F,1,2008,2,7,8,2,2,1,1,1,1,1,1,4,1,2,13,6,1,3,27,2,2
6,61,G,4,2008,1,7,8,2,2,1,1,1,1,1,1,1,1,2,19,11,1,1, ?,2,2
1,67,F,5,2008,3,4,3,2,2,1,1,1,1,1,1,2,1,1,9,1,1,7, ?,1,2
1,67,F,10,2008,3,7,8,2,2,1,1,3,1,1,1,2,1,2,11,11,2,7, ?,2,2
2,67,F,3,2008,2,7,8,2,2,1,1,4,1,1,1,2,1,2,11,6,1,1,45,2,2
4,67,F,2,2008,4,7,8,2,2,1,2,4,5,1,2,4,4,2,14,11,1,1, ?,2,2
4,67,F,2,2008,2,1,8,2,2,1,1,4,5,1,2,4,4,2,9,11,2,1, ?,2,2
6,67,G,3,2008,3,1,1,2,2,1,1,1,1,1,1,2,1,2,8,6,1,1, ?,2,2
7,67,G,1,2008,3,7,8,2,2,1,1,2,1,1,3,1,1,2,11,6,1,1,31,2,2
7,67,F,3,2008,2,1,1,2,2,1,1,3,1,1,3,5,4,2,14,2,1,1, ?,2,2
7,67,S,10,2008,3,1,1,2,2,1,1,1,1,1,1,3,1,2,14,6,1,1, ?,2,2
7,67,G,3,2008,3,1,8,2,2,1,1,4,1,2,2,4,4,2,6,8,1,1, ?,2,2
7,67,F,7,2008,2,7,7,2,2,1,1,2,1,1,2,2,1,2,8,9,1,1, ?,2,2
1,65,F,4,2008,3,7,1,1,1,1,1,1,1,1,3,4,1,2,10,6,1,1,25,2,2
7,65,F,4,2008,2,3,6,2,2,1,1,3,1,1,1,1,1,2,5,6,1,1,26,2,2
7,65,F,4,2008,4,3,3,2,2,1,1,1,1,1,1,2,1,2,8,6,1,1,31,2,2
7,65,G,2,2008,1,1,8,2,2,1,1,1,1,1,1,2,1,2,8,6,1,1, ?,2,2
7,65,F,3,2008,4,7,1,2,2,1,1,2,1,1,1,1,1,2,9,1,1,7,30,2,2
7,65,F,4,2008,4,3,8,2,2,1,1,3,1,1,1,1,1,2,5,6,1,1,26,2,2
7,65,F,4,2008,?,3,3,2,2,1,1,1,1,1,1,2,1,2,8,6,1,1,31,2,2
1,59,F,2,2008,4,2,1,2,2,1,2,2,1,1,1,5,3,1,16,9,1,1,42,2,2
6,59,F,1,2008,3,1,1,2,2,2,1,1,2,1,1,4,1,2,6,11,2,1,26,2,2
2,62,F,1,2008,3,1,1,2,2,1,1,1,1,1,1,2,1,2,12,4,1,1, ?,2,2
3,62,F,7,2008,2,3,1,2,2,1,1,1,1,1,1,2,1,2,4,6,1,1,27,2,2
4,62,F,7,2008,2,7,8,2,2,1,1,1,1,1,1,4,1,2,8,4,1,1,30,2,2
4,62,F,8,2008,2,1,1,2,2,1,1,1,1,1,1,2,1,1,9,6,1,1, ?,2,2
4,62,F,8,2008,1,1,8,2,2,1,1,1,1,1,1,4,1,2,9,6,1,1,35,2,2
4,62,S,9,2008,3,1,8,2,2,1,1,1,1,1,1,2,1,1,19,6,1,1,25,2,2
4,62,F,9,2008,3,7,1,2,2,1,1,1,1,1,1,4,1,2,14,1,1,1,22,2,2
5,60,S,1,2008,1,1,1,2,2,1,1,1,1,1,1,3,1,2,3,6,1,1, ?,2,2
5,60,S,1,2008,1,1,1,2,2,1,1,1,1,1,1,1,1,2,5,4,1,1, ?,2,2
5,60,F,2,2008,1,2,1,2,2,1,1,1,1,1,1,1,1,2,17,6,1,1, ?,2,2
2,63,F,3,2008,3,1,1,2,2,1,1,1,1,1,1,3,1,2,9,6,1,7,40,1,2
4,63,F,5,2008,4,7,8,2,2,1,3,1,1,1,1,1,1,2,8,6,1,1, ?,1,2
6,63,G,9,2008,3,1,8,2,2,1,1,1,1,1,1,2,1,2,9,8,1,7,32,2,2
8,63,G,1,2008,4,1,1,2,2,1,1,1,1,1,1,1,1,1,4,6,1,7,22,2,2
8,63,F,2,2008,3,1,1,2,2,1,1,1,1,1,1,1,1,2,5,6,1,1, ?,2,2
8,63,F,6,2008,2,1,1,2,2,1,1,2,2,1,1,1,1,2, ?, ?,?,?, ?,?,?
8,63,F,7,2008,3,1,1,2,2,2,4,1,4,1,1,1,1,1, ?, ?,?,?, ?,2,2
8,63,F,7,2008,4,1,3,2,2,2,2,1,1,1,1,1,1,2, ?, ?,?,?, ?,?,?
8,63,F,7,2008,4,1,1,2,2,2,2,1,2,1,1,1,1,2, ?, ?,?,?, ?,?,?
8,63,F,10,2008,3,7,1,2,2,1,1,1,1,1,1,1,1,2, ?, ?,?,?, ?,2,2
9,63,F,1,2008,4,1,1,2,2,1,2,2,1,1,1,1,1,2,9,1,1,1,50,2,2
9,63,F,1,2008,4,1,1,2,2,1,1,1,1,1,1,1,1,1,9,6,1,1, ?,2,2
9,63,F,1,2008,3,7,1,2,2,1,1,1,1,1,1,1,1,1,13,6,1,1, ?,2,2
9,63,F,3,2008,3,1,1,2,2,1,4,1,1,1,1,1,1,2, ?, ?,?,?, ?,?,?
9,63,F,8,2008,4,1,3,2,2,1,4,3,1,1,1,1,1,2,9,5,1,1, ?,2,2
11,63,F,5,2008,1,2,1,1,1,1,1,1,1,1,1,1,1,2,14,6,2,3, ?,2,2
11,63,F,3,2008,1,2,3,2,2,1,1,1,1,1,1,1,1,2,14,2,1,3, ?,2,2
13,63,F,9,2008,3,1,8,2,2,1,1,1,1,1,1,1,1,2, ?, ?,?,?, ?,2,2
13,63,F,3,2008,3,1,8,2,2,1,4,5,1,1,1,1,1,1,14,11,1,1, ?,1,2
14,58,F,10,2008,4,1,3,2,2,1,3,1,1,1,1,2,1,2, ?, ?,?,?, ?,?,?
5,58,F,10,2008,3,1,1,2,1,2,1,1,2,1,1,1,1,2,9,8,1,1, ?,?,?
5,58,F,11,2008,2,1,1,2,1,1,1,1,1,1,1,2,1,2, ?, ?,?,?, ?,?,?
7,58,F,7,2008,3,1,1,2,2,1,1,1,1,1,1,1,1,2,12,5,1,1, ?,2,2
7,58,F,3,2008,4,1,1,2,2,1,1,1,1,1,1,1,1,2, ?, ?,?,?, ?,?,?
7,58,F,2,2008,1,1,1,2,2,1,1,1,1,1,1,1,1,2, ?, ?,?,?, ?,2,2
7,58,F,2,2008,1,1,1,2,2,1,1,1,1,1,1,1,1,2, ?, ?,?,?, ?,?,?
7,58,F,1,2008,2,1,1,2,2,1,1,1,1,1,1,1,1,2,9,1,1,1, ?,?,?
7,58,F,6,2008,4,1,1,2,2,1,4,1,1,1,1,1,1,2, ?, ?,?,?, ?,?,?
7,58,F,9,2008,1,1,1,2,2,1,1,1,1,1,1,1,1,2,10,6,1,1,45,2,2
7,58,F,8,2008,2,1,1,2,2,1,2,1,1,1,1,3,1,2, ?, ?,?,?, ?,?,?
7,58,F,10,2008,1,1,1,2,2,1,2,1,1,1,1,1,1,2, ?, ?,?,?, ?,?,?
7,58,F,5,2008,3,1,1,2,2,1,1,1,1,1,1,1,1,2,9,6,1,1, ?,2,2
8,58,F,10,2008,3,1,1,2,2,1,1,1,1,1,1,2,1,2,9,6,1,1, ?,2,2
4,58,F,4,2008,3,3,1,2,2,1,1,1,1,1,1,1,1,2,7,6,1,1, ?,2,2
13,63,F,9,2008,3,1,8,2,2,1,1,1,1,1,1,1,1,1, ?, ?,?,?, ?,?,?
13,63,G,5,2008,4,7,1,2,2,1,4,3,1,1,2,3,1,2,14,6,1,2, ?,2,2
13,63,F,3,2008,4,1,8,2,2,1,4,5,1,1,1,1,1,1,14,11,?,?, ?,?,?
2,63,G,10,2008,1,7,3,2,2,1,1,1,1,1,1,1,1,1,9,6,1,1, ?,2,2
2,63,F,3,2008,3,1,1,2,2,1,1,1,1,1,1,3,1,2,9,6,1,7,40,2,2
4,63,F,7,2008,2,1,8,2,2,1,1,1,1,1,1,2,1,2,9,7,?,?,30,2,2
4,63,F,5,2008,4,7,8,2,2,1,3,1,1,1,1,1,1,1,8,6,1,1, ?,2,2
5,63,F,5,2008,1,1,1,2,2,1,4,4,1,1,1,2,1,2,9,6,2,1, ?,2,2
6,63,G,12,2008,2,1,1,2,2,1,1,1,1,1,1,2,1,2,5,6,1,1,28,2,2
6,63,F,9,2008,3,1,8,2,2,1,1,1,1,1,1,2,1,2,9,8,1,1,38,2,2
6,63,F,3,2008,3,7,8,2,2,2,1,1,5,1,1,2,1,1,6,11,1,1, ?,2,2
7,63,F,12,2008,4,1,8,1,2,1,2,2,1,1,1,1,1,2,9,11,1,1, ?,2,2
7,63,F,8,2008,3,1,8,2,2,1,1,1,5,1,1,2,1,2,9,6,1,1, ?,2,2