Thana,District,Accident_Severity,Month,Year,Time,Junction_Type,Traffic_Control,Movement,Divider,Weather,Light,Road_Geometry,Surface_Condition,Surface_Type,Surface_Quality,Road_Class,Road_Feature,Location_Type,Vehicle_Type,Vehicle_Movement,Vehicle_Loading,Vehicle_Defect,Vehicle_Driver_Age,Vehicle_Alcohol,Vehicle_Seat_Belt
7,63,F,8,2008,3,1,8,2,2,1,1,1,5,1,1,1,1,2,9,6,1,1, ?,2,2
7,63,F,5,2008,1,1,8,2,2,1,2,1,1,1,1,1,1,2, ?, ?,?,?, ?,?,?
7,63,F,2,2008,3,7,8,2,2,1,1,3,1,1,1,2,1,2,13,6,1,7,35,2,2
7,63,F,2,2008,3,1,8,2,2,1,1,1,1,1,1,1,1,2,13,6,1,1, ?,2,2
7,63,F,1,2008,4,1,8,2,2,1,3,2,5,1,1,2,1,2, ?, ?,?,?, ?,?,?
7,63,F,1,2008,3,1,8,2,2,1,1,1,1,1,1,2,1,1, ?, ?,?,?, ?,?,?
8,63,F,12,2008,3,1,1,2,2,1,1,1,1,1,1,1,1,2,9,6,1,1, ?,2,2
8,63,F,10,2008,3,1,1,2,2,1,1,1,1,1,1,1,1,2, ?, ?,?,?, ?,?,?
8,63,F,7,2008,1,1,1,2,2,1,4,1,4,1,1,1,1,1, ?, ?,?,?, ?,?,?
8,63,F,6,2008,2,7,1,2,2,2,2,2,2,1,1,1,1,2, ?, ?,?,?, ?,?,?
8,63,F,7,2008,2,1,1,2,2,2,2,1,2,2,1,1,1,2, ?, ?,?,?, ?,?,?
8,63,F,7,2008,2,1,1,2,2,1,2,1,1,1,1,1,1,2, ?, ?,?,?, ?,?,?
8,63,F,3,2008,3,1,1,2,2,1,4,1,1,1,1,1,1,2, ?, ?,?,?, ?,?,?
8,63,F,2,2008,1,1,1,2,2,1,1,1,1,1,1,1,1,2, ?, ?,?,?, ?,?,?
8,63,G,1,2008,2,1,1,2,2,1,1,1,1,1,1,1,1,2, ?, ?,?,?, ?,?,?
9,63,F,8,2008,4,1,1,2,2,1,4,3,1,1,1,1,1,2,9,5,1,2, ?,1,2
9,63,F,3,2008,1,1,1,2,2,1,4,1,1,1,1,1,1,2,14,11,?,?, ?,?,?
9,63,F,1,2008,2,7,1,2,2,1,1,1,1,1,1,1,1,1,13,6,1,1, ?,2,2
9,63,F,1,2008,2,1,1,2,2,1,1,2,1,1,1,1,1,1,9,6,1,1, ?,2,2
9,63,F,1,2008,2,1,1,2,2,1,2,2,1,1,1,1,1,2,9,1,1,1,50,2,2
10,63,G,2,2008,3,1,1,2,2,1,1,1,1,1,1,2,1,2,14,5,1,1,40,2,2
10,63,F,1,2008,2,1,1,2,2,1,1,1,1,1,1,1,1,2,4,6,1,1, ?,2,2
11,63,F,1,2008,2,1,1,2,2,1,1,1,1,1,1,1,1,2,14,1,2,2, ?,?,?
11,63,G,5,2008,?,1,1,2,1,2,4,1,2,1,1,1,1,2,14,8,1,7, ?,?,?
14,63,F,10,2008,2,1,1,2,2,1,2,1,1,1,1,1,1,2, ?, ?,?,?, ?,?,?
14,63,F,10,2008,1,1,1,2,2,1,1,1,1,1,1,1,1,2, ?, ?,?,?, ?,?,?
14,63,F,10,2008,2,1,8,2,2,1,4,1,1,1,1,1,1,2, ?, ?,?,?, ?,?,?
14,63,F,8,2008,2,1,1,2,2,2,2,1,2,1,2,1,1,2, ?, ?,?,?, ?,?,?
11,63,F,5,2008,1,1,1,2,2,1,1,1,1,1,1,1,1,1,14,1,1,1, ?,2,2
11,63,F,3,2008,1,1,1,2,2,1,1,1,1,1,1,1,1,2,14,1,1,1, ?,2,2
14,63,F,5,2008,3,1,1,1,1,1,1,1,1,1,1,1,1,2,9,6,1,1, ?,2,2
14,63,F,5,2008,1,1,1,2,2,1,4,3,1,1,1,1,1,2, ?, ?,?,?, ?,?,?
14,63,F,3,2008,2,1,2,2,2,1,1,1,1,1,1,1,1,2,14,6,1,1, ?,2,2
14,63,F,3,2008,2,1,1,2,2,1,1,1,1,1,1,1,1,2,9,6,1,1,45,1,2
14,63,F,3,2008,3,1,1,2,2,1,1,2,1,1,1,1,1,2,14,6,1,1, ?,?,?
14,63,F,1,2008,1,1,1,2,2,1,2,1,1,1,1,1,1,2,14,6,1,7, ?,?,?
14,63,F,2,2008,2,1,1,2,2,1,1,1,1,1,1,1,1,2,9,5,1,1,30,2,2
14,63,F,2,2008,2,1,1,2,2,1,1,1,1,1,1,1,1,2, ?, ?,?,?, ?,?,?
14,63,F,2,2008,2,1,1,2,2,1,1,1,1,1,1,1,1,2, ?, ?,?,?, ?,?,?
3,62,F,2,2008,2,7,8,2,2,1,1,3,1,3,2,2,1,2, ?, ?,?,?, ?,?,?
4,62,F,2,2008,2,1,3,2,2,1,1,1,1,1,1,2,1,2, ?, ?,?,?, ?,?,?
4,62,F,6,2008,4,1,1,2,2,1,4,1,1,1,1,2,1,2,8,6,1,3,23,2,2
1,62,F,10,2008,2,7,1,2,2,1,1,1,1,1,1,2,1,2,5,2,1,1,28,2,2
1,62,F,5,2008,3,3,1,2,2,1,1,2,3,3,2,4,1,2, ?, ?,?,?, ?,?,?
3,62,S,11,2008,2,1,1,2,2,1,1,1,1,1,1,2,1,2,9,6,1,1,40,1,2
5,62,F,11,2008,3,1,2,2,2,1,1,1,1,1,1,1,1,2,14,2,1,1,25,2,2
3,62,F,11,2008,3,1,1,2,2,1,2,1,1,1,1,4,1,2, ?, ?,?,?, ?,?,?
5,62,F,12,2008,4,1,1,2,2,1,1,1,1,1,1,2,1,2,8,2,1,1,30,2,2
3,57,F,3,2008,3,7,3,2,2,1,1,5,1,1,1,1,1,2, ?, ?,?,?, ?,?,?
3,57,F,4,2008,2,5,3,2,2,1,1,1,1,1,1,1,1,1,14,3,1,1, ?,2,2
3,57,F,5,2008,3,7,3,2,2,1,1,1,1,1,1,1,1,2,10,6,1,7,26,2,2
3,57,F,5,2008,4,7,1,2,2,1,2,1,1,1,1,1,1,2,7,5,1,1,25,2,2
3,57,F,11,2008,4,7,1,2,2,1,3,1,1,1,1,1,1,2, ?, ?,?,?, ?,?,?
3,57,F,9,2008,1,7,1,2,2,1,1,1,1,1,1,1,1,2, ?, ?,?,?, ?,?,?
3,57,F,11,2008,2,7,1,2,2,1,1,1,1,1,1,1,1,2, ?, ?,?,?, ?,?,?
3,57,F,2,2008,4,1,1,2,2,1,1,1,1,1,1,1,1,2, ?, ?,?,?, ?,?,?
3,57,F,2,2008,3,1,1,2,2,1,1,1,1,1,1,1,1,2, ?, ?,?,?, ?,?,?
3,57,F,3,2008,1,5,4,2,2,1,2,1,1,1,1,1,1,1,7,6,1,1, ?,2,2
3,57,F,5,2008,2,1,1,2,2,1,1,1,1,1,1,1,1,2,14,1,1,1, ?,?,?
3,57,F,5,2008,3,1,1,2,2,1,1,1,1,1,1,1,1,2, ?, ?,?,?, ?,?,?
8,57,F,8,2008,2,1,8,2,2,1,1,1,1,1,1,1,1,2,6,6,1,1, ?,2,2
8,57,F,11,2008,4,1,8,2,2,1,1,1,1,1,1,1,1,2, ?, ?,?,?, ?,?,?
8,57,F,11,2008,2,1,1,2,2,1,1,1,1,1,1,1,1,2,13,6,1,1, ?,2,2
8,57,F,1,2008,1,1,1,2,2,1,1,1,1,1,1,1,1,2,4,6,1,1, ?,2,2
8,57,F,5,2008,1,1,1,2,2,1,1,1,1,1,1,1,1,2, ?, ?,?,?, ?,?,?
8,57,F,5,2008,1,1,1,2,2,1,1,1,1,1,1,1,1,2,8,6,1,1, ?,2,2
8,57,F,7,2008,3,1,1,2,2,1,2,1,1,1,1,1,1,2,8,6,1,1, ?,2,2
8,57,F,7,2008,3,1,1,2,2,1,1,1,1,1,1,1,1,2,13,6,1,1, ?,2,2
8,57,F,7,2008,3,1,1,2,2,1,1,1,1,1,1,1,1,2, ?, ?,?,?, ?,?,?
8,57,F,5,2008,4,1,3,2,2,1,1,1,1,1,1,1,1,2,9,1,1,1, ?,2,2
8,57,F,7,2008,3,1,3,2,2,1,1,1,1,1,1,1,1,2,13,1,1,1, ?,2,2
8,57,F,4,2008,2,1,8,2,2,1,1,1,1,1,1,1,1,2,13,1,1,1, ?,2,2
8,57,F,5,2008,4,1,1,2,2,1,1,1,1,1,1,1,1,2,14,1,1,1, ?,2,2
8,57,F,4,2008,2,7,3,2,2,1,1,1,2,1,1,1,1,2, ?, ?,?,?, ?,?,?
8,57,F,11,2008,2,1,1,2,2,1,1,1,1,1,1,1,1,2,9,1,1,1,35,2,2
8,57,F,10,2008,2,2,8,2,2,1,1,1,1,1,1,1,1,2,9,11,1,1,30,2,2
8,57,F,12,2008,2,1,1,2,2,4,2,1,1,1,1,1,1,2,9,6,1,1,45,2,2
6,57,F,3,2008,3,1,1,2,2,1,1,1,1,1,1,3,1,2,8,11,1,1,27,2,2
5,57,F,10,2008,3,7,1,2,2,1,1,1,1,1,1,1,1,2,14,5,2,1, ?,2,2
5,57,F,9,2008,4,7,1,2,2,1,1,1,1,1,1,3,1,2,9,6,1,7,30,2,2
5,57,F,8,2008,3,1,1,2,2,1,1,1,1,1,1,1,1,2,9,2,2,7, ?,1,2
5,57,F,5,2008,2,7,1,2,2,1,1,3,1,1,1,1,1,2,10,11,1,3,30,2,2
5,57,F,7,2008,2,1,1,2,2,1,1,1,1,1,1,1,1,2,9,6,2,1, ?,2,2
5,57,F,10,2008,2,7,1,2,2,1,1,1,1,1,1,1,1,2,9,5,1,1,42,2,2
1,57,F,2,2008,2,1,1,2,2,1,1,1,1,1,1,1,1,2, ?, ?,?,?, ?,?,?
1,57,F,11,2008,2,1,1,2,2,1,1,1,1,1,1,1,1,2, ?, ?,?,?, ?,?,?
1,57,F,12,2008,4,2,1,2,2,1,1,1,1,1,1,1,1,2, ?, ?,?,?, ?,?,?
1,57,F,12,2008,2,4,1,2,2,1,1,1,1,1,1,1,1,2,7,6,1,1, ?,2,2
1,57,F,11,2008,2,1,1,2,2,1,1,1,1,1,1,1,1,2, ?, ?,?,?, ?,?,?
1,57,G,8,2008,2,1,1,2,2,1,1,1,1,1,1,1,1,2,9,6,1,1,55,2,2
1,57,F,8,2008,4,1,1,2,2,1,1,1,1,1,1,1,1,2,9,6,1,1,41,2,2
1,57,F,6,2008,1,1,1,2,2,1,1,1,1,1,1,1,1,2,14,6,1,1,30,2,2
6,57,G,10,2008,3,1,1,2,2,1,1,1,1,1,1,3,1,2,8,5,1,1, ?,2,2
6,57,G,4,2008,3,1,1,2,2,1,1,1,1,1,1,3,1,2,4,5,1,1, ?,2,2
6,57,F,2,2008,4,1,1,2,2,1,1,1,1,1,1,3,1,2,14,6,1,1, ?,2,2
1,60,F,7,2008,2,7,1,2,2,1,1,1,1,1,1,1,1,1,9,8,1,7,30,1,2
1,60,F,8,2008,2,7,1,2,2,1,3,1,1,1,1,1,1,1, ?, ?,?,?, ?,2,2
1,60,F,10,2008,2,1,1,2,2,1,1,1,1,1,1,1,1,2,9,6,1,1,36,2,2
1,60,F,11,2008,2,7,1,2,2,1,1,1,1,1,1,1,1,2,9,11,1,7, ?,2,2
1,60,F,5,2008,1,7,8,2,2,1,1,1,1,1,1,1,1,2,9,6,1,1,27,2,2
1,60,F,5,2008,3,1,1,2,2,1,1,1,1,1,1,1,1,1, ?, ?,?,?, ?,?,?
1,60,F,5,2008,2,1,1,2,2,1,1,1,1,1,1,1,1,1,9,6,1,1,40,2,2
9,60,F,10,2008,2,7,3,2,2,1,1,1,1,1,1,4,1,2,5,11,1,7,30,2,2
6,60,F,2,2008,2,7,1,2,2,1,1,1,1,1,1,1,1,1,9,2,1,7,35,2,2
6,60,F,8,2008,4,7,1,2,2,1,1,1,1,1,1,5,4,2,9,6,1,1,35,2,2
2,60,F,10,2008,2,3,1,2,2,1,1,1,1,1,1,4,1,2,9,6,1,1,32,2,2
3,60,F,3,2008,2,2,1,2,2,1,3,1,1,1,1,4,1,2, ?, ?,?,?, ?,?,?
4,60,F,3,2008,3,7,1,2,2,1,1,1,1,1,1,4,1,2,14,6,2,7, ?,2,2
7,66,F,10,2008,4,7,8,2,2,1,4,1,1,2,1,3,1,2,14,6,1,1, ?,2,2
3,66,F,10,2008,1,1,1,2,2,1,2,2,1,1,1,4,4,2,14,1,2,1, ?,2,2
9,66,F,10,2008,3,1,1,2,2,1,1,1,1,1,1,2,3,2,14,5,1,1, ?,2,2
1,66,F,10,2008,2,7,8,2,2,1,1,4,1,1,1,3,1,2, ?, ?,?,?, ?,?,?
6,66,G,10,2008,2,7,8,2,2,1,1,4,1,1,1,3,1,2,19,11,1,7,22,2,2
7,66,F,11,2008,1,7,8,2,2,1,1,1,1,1,1,4,1,2,11,6,1,7, ?,2,2
9,66,M,12,2008,2,1,1,2,2,1,1,1,1,1,1,2,3,2,14,6,1,1,45,2,2
1,66,F,12,2008,3,7,1,2,2,1,1,1,1,1,1,2,1,2,9,2,1,7, ?,1,2
6,66,G,12,2008,4,7,8,2,2,1,1,5,1,1,1,2,1,2,19,11,1,1,40,2,2
10,66,F,12,2008,2,3,1,2,2,1,1,1,1,1,1,3,1,2,4,6,1,1, ?,2,2
1,68,S,1,2008,2,1,3,2,2,1,1,1,1,1,1,5,1,2,4,6,1,7, ?,2,2
1,68,F,2,2008,3,7,1,2,2,4,1,3,2,1,2,3,1,2,11,11,1,4, ?,1,2
1,68,F,4,2008,3,1,1,2,2,1,1,4,1,1,2,2,1,2,9,6,1,3, ?,2,2
1,68,F,5,2008,2,1,3,2,2,1,1,1,1,1,1,2,1,1,13,6,1,7, ?,2,2
1,68,F,6,2008,2,1,1,2,2,1,1,1,1,1,1,2,1,2,12,6,1,1, ?,2,2
1,68,F,8,2008,3,1,1,2,2,1,1,3,1,2,2,3,1,2,13,6,1,4, ?,2,2
1,68,F,7,2008,3,1,1,2,2,1,1,4,2,1,1,2,1,2,14,6,1,3, ?,2,2
1,68,F,8,2008,2,1,1,2,2,2,1,4,2,1,2,3,1,2,11,6,1,3, ?,1,2
1,68,G,9,2008,2,1,1,2,2,1,1,4,1,1,2,3,1,2,14,6,1,1, ?,2,2
1,68,S,10,2008,3,1,1,2,2,1,1,2,1,1,1,2,1,2,8,6,1,4, ?,2,2
1,68,S,10,2008,4,1,1,2,2,1,1,1,1,1,1,2,1,2,9,6,1,3, ?,2,2
1,68,S,12,2008,3,1,1,2,2,1,1,4,5,1,2,3,1,2,11,5,1,3, ?,2,2
1,68,G,12,2008,4,1,1,2,2,1,2,4,1,1,2,3,1,2,9,6,1,3, ?,1,2
5,68,F,7,2008,2,7,8,2,2,1,2,4,1,1,1,3,1,2,13,2,1,7, ?,2,2
3,68,F,2,2008,1,1,3,2,2,4,4,4,1,1,1,3,1,2, ?, ?,?,?, ?,?,?
2,68,F,2,2008,4,7,1,2,2,1,1,1,1,1,1,3,1,2,9,8,1,1,45,2,2
4,68,F,11,2008,1,3,1,2,2,1,3,4,1,1,1,3,1,2,11,2,1,3, ?,2,2
1,57,F,11,2008,2,1,1,2,2,1,1,1,1,1,1,1,1,1, ?, ?,?,?, ?,?,?
1,57,F,11,2008,3,1,1,2,2,1,1,1,1,1,1,4,1,2, ?, ?,?,?, ?,?,?
1,57,F,7,2008,?,1,1,2,2,1,1,1,1,1,1,4,1,2, ?, ?,?,?, ?,?,?
1,57,F,11,2008,2,1,1,2,2,1,1,1,1,1,1,1,1,2, ?, ?,?,?, ?,?,?
1,57,G,6,2008,2,1,1,2,2,1,1,1,1,1,1,4,2,2,10,1,1,1, ?,2,2
8,57,F,5,2008,3,1,1,2,2,1,1,1,1,1,1,1,1,2, ?, ?,?,?, ?,?,?
1,61,F,12,2008,3,1,1,2,2,1,1,1,1,1,1,1,1,2, ?, ?,?,?, ?,?,?
1,61,F,11,2008,4,1,3,2,2,1,1,1,1,1,1,1,1,2,14,9,1,1, ?,?,?
1,61,F,12,2008,3,1,8,2,2,1,1,1,1,1,1,1,1,1, ?, ?,?,?, ?,?,?
1,61,F,12,2008,2,1,1,2,2,1,1,1,1,1,1,1,1,2,14,1,1,7, ?,2,2
1,65,F,10,2008,3,7,1,2,2,1,1,1,1,1,1,1,1,2,9,6,1,1,40,2,2
2,65,S,1,2008,3,1,1,2,2,1,1,1,1,1,1,1,1,2,9,6,1,3,35,2,2
2,65,F,1,2008,3,3,1,2,2,1,1,1,1,1,1,1,1,2,8,2,2,1, ?,2,2
2,65,F,6,2008,2,1,1,2,2,1,1,1,1,1,1,4,1,2, ?, ?,?,?, ?,?,?
2,65,F,7,2008,1,1,1,2,2,1,1,1,1,1,1,1,1,2, ?, ?,?,?, ?,?,?
5,65,F,8,2008,4,1,1,2,2,1,1,1,1,1,1,1,1,2,8,6,1,1,37,2,2
4,65,F,2,2008,2,1,8,2,2,1,3,1,1,1,1,4,1,2, ?, ?,?,?, ?,?,?
5,65,F,2,2008,2,1,1,2,2,1,1,1,1,1,1,1,1,2, ?, ?,?,?, ?,?,?
5,65,F,11,2008,2,1,3,2,2,1,1,1,1,1,1,4,1,2,12,6,1,2, ?,2,2
7,65,F,2,2008,1,1,1,2,2,1,1,1,1,1,1,1,1,2,7,6,1,1, ?,1,1
6,65,F,2,2008,2,1,1,2,2,1,1,1,1,1,1,4,1,2,14,1,1,1,36,2,2
5,60,F,2,2008,1,1,1,2,1,1,1,1,1,1,1,2,1,2,9,6,1,1, ?,2,2
5,60,F,3,2008,3,1,1,2,2,1,2,1,1,1,1,2,1,2,17,6,1,1,25,2,2
3,60,F,3,2008,2,2,1,2,2,1,1,1,1,1,1,4,1,2,17,6,1,7, ?,2,2
7,60,F,1,2008,3,1,1,2,2,1,1,1,1,1,1,3,1,2,9,6,1,6, ?,1,2
7,60,F,2,2008,2,1,1,2,2,1,1,1,1,1,1,3,1,2,9,6,2,6, ?,1,2
7,60,F,3,2008,4,1,1,2,2,1,1,1,1,1,1,3,1,2,9,6,2,6,40,1,2
5,60,F,3,2008,3,1,1,1,1,1,1,1,1,1,1,3,1,2,2,9,2,6,46,1,2
1,60,F,6,2008,2,1,3,2,1,1,1,1,1,1,1,3,1,1,7,6,1,1,20,2,2
2,60,F,10,2008,1,1,3,2,2,1,1,1,1,1,1,2,1,2,9,2,1,3, ?,2,2
8,60,F,9,2008,2,3,8,2,2,1,1,1,1,1,1,1,1,2,9,9,1,3,50,1,2
1,60,F,1,2008,1,1,1,2,2,1,1,1,1,1,1,3,1,2,4,6,1,1,38,2,2
1,60,G,1,2008,2,3,8,2,2,1,1,1,1,1,1,5,1,1,8,10,1,1,30,2,2
1,60,F,3,2008,2,1,1,2,2,1,4,1,1,1,1,4,1,2,17,6,1,7, ?,1,2
16,60,F,5,2008,4,1,1,2,2,1,2,2,1,1,1,1,1,2,9,6,1,7, ?,1,2
6,60,F,1,2008,3,2,4,2,2,1,1,1,1,1,1,1,1,1,1,6,1,7,40,1,2
6,60,F,2,2008,2,1,8,2,2,1,1,2,1,2,2,3,1,1,1,9,1,7, ?,1,2
2,60,G,5,2008,3,1,1,2,2,1,1,1,1,1,1,3,1,2,6,6,1,1,30,2,2
5,66,F,8,2008,2,7,1,2,2,1,2,1,1,1,1,3,1,2,11,6,1,7, ?,2,2
5,66,F,6,2008,4,1,1,2,2,1,2,1,1,1,1,2,1,1,8,4,1,1,31,1,2
5,66,F,5,2008,1,1,1,2,2,3,1,1,2,1,1,1,3,1,4,1,1,1,48,2,1
5,66,G,5,2008,4,7,1,2,2,1,2,4,1,1,2,3,2,2,14,2,1,1,40,2,2
6,66,S,4,2008,2,1,1,2,2,1,1,1,1,1,1,2,1,2,5,6,1,7, ?,1,2
6,66,F,5,2008,2,3,1,2,2,1,1,4,1,1,1,2,1,2,4,6,1,7,30,2,2
8,66,F,8,2008,2,1,1,2,1,1,1,3,1,2,2,4,3,2,11,6,1,7, ?,2,2
1,66,G,4,2008,2,1,1,2,2,1,1,4,1,1,1,2,1,1,5,1,1,3,40,2,2
2,66,F,9,2008,3,1,1,2,2,1,1,1,1,1,1,3,1,1,14,6,1,1, ?,2,2
2,66,F,3,2008,3,1,1,2,2,1,1,2,1,1,1,1,1,2,8,6,1,1,30,2,2
2,66,F,3,2008,3,1,1,2,2,1,1,5,1,1,1,2,1,2,11,6,2,3,45,2,2
4,66,F,8,2008,2,1,1,2,2,1,1,4,1,1,1,4,1,2,11,1,2,1, ?,2,2
5,66,F,9,2008,2,7,1,2,2,1,1,1,1,1,1,?,1,2,4,6,?,?,45,2,2
6,63,F,10,2008,1,1,8,2,2,1,4,1,1,1,1,1,1,2,14,6,1,1,28,2,2
2,59,F,11,2008,3,3,3,2,2,1,1,1,1,2,2,3,1,2,17,2,?,?, ?,?,?
2,59,F,12,2008,2,1,1,2,2,1,2,1,1,1,1,3,?,?,1,6,1,1, ?,2,2
2,59,F,11,2008,3,4,1,1,1,1,1,2,1,3,1,5,1,2,6, ?,1,1, ?,2,2
2,59,F,11,2008,4,3,1,1,1,1,2,1,1,1,1,2,1,2,10, ?,1,1, ?,2,2
1,61,F,4,2008,1,3,4,2,1,1,4,1,1,1,1,1,1,1,19,6,1,1, ?,2,2
2,61,F,4,2008,4,1,1,2,2,1,2,1,1,1,1,1,1,?,19,6,1,1, ?,2,2
2,61,F,4,2008,3,1,1,2,2,1,1,1,1,1,1,1,1,2,9,4,2,1, ?,2,2
3,48,F,1,2008,2,2,1,2,2,1,1,1,1,1,1,3,1,2,17,11,1,1,22,2,2
3,48,F,1,2008,3,1,1,2,2,1,1,1,1,1,1,2,1,2,17,11,1,1,40,2,2
6,48,F,1,2008,2,1,1,2,2,1,1,1,1,1,1,3,1,2,9,6,1,1,18,2,2
2,48,F,1,2008,2,1,1,2,2,1,1,1,1,1,1,3,1,2,7,11,1,1, ?,2,2
1,48,F,1,2008,4,1,1,2,2,1,4,1,1,1,1,1,1,2,13,1,1,1, ?,2,2
1,50,F,1,2008,3,1,1,2,2,1,1,1,1,1,1,1,1,2,9,6,1,1, ?,2,2
10,50,F,1,2008,1,1,1,1,2,4,3,1,1,1,1,1,1,2,19,6,1,7, ?,2,2
10,50,F,1,2008,2,7,1,2,2,1,1,1,1,1,1,1,1,2,19,6,1,7, ?,2,2
12,50,F,1,2008,3,1,3,2,2,1,1,1,1,1,1,1,1,2,10,6,1,1, ?,2,2
12,50,F,1,2008,2,1,1,1,1,1,1,1,1,1,1,1,1,2,14,6,1,1, ?,2,2
12,50,G,1,2008,4,1,1,2,2,1,3,1,1,1,1,2,1,2,12,6,1,1, ?,2,2
12,50,F,1,2008,1,1,1,2,2,1,3,1,1,1,1,1,1,2,9,6,1,1, ?,2,2
2,50,F,1,2008,3,1,1,1,2,1,1,1,1,1,1,1,1,2,9,6,1,1,40,2,2
6,50,F,1,2008,3,1,1,2,2,1,1,1,1,1,1,3,1,2,14,6,1,1,40,2,2
5,50,G,1,2008,3,2,1,2,2,1,1,1,1,1,1,1,1,2,9,9,1,1, ?,2,2
5,50,F,1,2008,3,2,1,2,2,1,1,1,1,1,1,3,1,2,8,6,1,1,48,2,2
8,50,F,1,2008,2,1,1,2,1,1,1,1,1,1,1,4,1,2,4,6,1,1,25,2,2
8,50,F,1,2008,2,2,1,2,2,1,1,1,1,1,1,4,1,2,9,11,1,1, ?,2,2
6,40,G,1,2008,2,1,1,2,2,1,1,1,1,1,1,1,1,2,9,5,1,1, ?,2,2
7,51,S,2,2008,4,1,1,2,2,1,3,1,1,1,1,3,1,2,9,6,1,1, ?,2,2
1,43,G,2,2008,3,1,1,2,2,1,1,3,1,1,1,3,2,2,10,6,1,1, ?,2,2
8,51,F,1,2008,2,1,1,2,2,1,1,1,1,1,1,2,1,2,9,6,1,1, ?,2,2
8,51,F,1,2008,3,1,1,2,2,1,1,1,1,1,1,2,1,2, ?, ?,?,?, ?,?,?
8,51,F,1,2008,2,1,1,2,2,1,1,3,1,1,2,3,?,?,6,6,1,1, ?,2,2
7,38,F,1,2008,3,1,1,2,2,1,1,1,1,1,1,1,1,2,9,2,1,1,40,2,2
3,38,S,1,2008,1,1,1,2,2,1,2,1,1,1,1,1,1,2,14,6,1,1, ?,2,2
1,39,F,1,2008,3,1,1,2,2,1,1,1,1,1,1,2,1,2,9,6,1,1,37,2,2
1,39,G,1,2008,3,3,1,2,2,1,1,1,1,1,1,1,1,2,9,6,1,1,37,2,2
1,39,F,1,2008,3,1,1,2,2,1,1,1,1,1,1,3,1,2,4,6,1,1,25,2,2
1,39,G,1,2008,1,1,1,2,2,1,4,1,1,1,1,1,1,2, ?,6,?,?, ?,2,2
3,39,S,1,2008,3,7,1,2,2,2,1,2,1,1,1,1,1,2,9,6,1,1, ?,2,2
3,39,F,1,2008,2,1,1,2,2,1,1,1,1,1,1,1,1,1,7,4,1,1, ?,2,2
4,39,F,1,2008,3,1,1,2,2,1,1,1,1,1,1,3,1,2,9,6,1,1, ?,2,2
4,49,F,1,2008,2,1,1,2,2,4,2,1,1,1,1,3,1,2,9,6,1,1, ?,2,2
3,44,F,1,2008,3,1,1,2,2,1,1,1,1,1,1,3,1,2,8,6,1,7, ?,2,2
3,44,F,1,2008,3,2,3,2,1,1,1,1,1,1,1,1,1,2,9,6,1,1, ?,2,2
6,44,F,1,2008,4,1,8,2,1,1,3,1,1,1,1,1,1,1,12,6,1,1, ?,2,2
6,44,F,1,2008,2,1,1,2,2,1,1,1,1,1,1,3,1,1,8,6,1,1,32,2,2
6,44,F,1,2008,4,1,1,2,1,1,3,1,1,1,1,1,1,1,12,6,1,1,22,2,2
6,44,F,1,2008,4,3,1,1,1,1,3,1,1,1,1,1,1,1,9,5,1,1,30,2,2
6,44,F,1,2008,3,1,1,2,1,1,1,1,1,1,1,1,1,1, ?, ?,?,?, ?,?,?
2,44,F,1,2008,3,1,1,2,2,1,1,1,1,1,1,1,1,2,14,6,1,1,35,2,2
5,44,F,1,2008,3,1,1,2,2,1,1,1,1,1,2,1,1,2,9,6,1,1, ?,2,2
1,45,F,1,2008,2,7,1,2,1,2,1,5,2,1,1,1,5,1,9,11,1,1, ?,2,2
1,45,F,1,2008,3,1,1,2,1,1,1,1,1,1,1,1,5,1,9,8,1,1, ?,2,2
6,45,F,1,2008,3,1,1,2,2,1,1,1,2,1,1,1,1,2,9,6,1,7, ?,2,2
6,45,F,1,2008,3,1,1,2,2,1,1,1,1,1,1,4,1,2,19,6,1,6,30,2,2
1,46,F,1,2008,4,1,1,2,2,1,3,1,1,1,1,1,1,1,9,6,1,1, ?,2,2
2,46,F,1,2008,4,1,1,2,2,1,4,1,1,2,2,4,1,2,9,1,1,1, ?,2,2
2,46,F,1,2008,3,1,1,2,2,1,1,1,1,1,1,1,1,2,9,1,1,1, ?,2,2
2,46,F,1,2008,1,5,1,2,2,1,3,1,1,1,1,1,1,1,15,11,1,1, ?,2,2
5,46,F,1,2008,2,1,1,2,2,1,1,1,1,1,1,4,1,2,19,6,1,7, ?,2,2
5,46,F,1,2008,3,1,1,2,2,1,1,1,1,1,1,1,1,2,14,11,1,1, ?,2,2
1,35,M,1,2008,2,1,1,2,2,1,1,1,1,1,1,2,1,2,9,11,1,1, ?,2,2
1,47,F,1,2008,1,3,1,2,2,1,1,1,1,1,1,1,1,2,9,5,1,1, ?,2,2
1,47,F,1,2008,1,1,1,2,2,1,4,1,1,1,1,1,1,2, ?, ?,?,?, ?,?,?
4,47,F,1,2008,3,1,1,2,2,2,1,1,2,1,2,4,1,2,8,6,2,1, ?,2,2
9,47,F,1,2008,4,7,1,2,2,1,4,1,1,1,1,1,1,2,9,6,1,3,37,2,2
7,47,F,1,2008,2,1,1,2,1,1,1,1,1,1,1,1,1,1,9,6,1,1, ?,2,2
12,47,F,1,2008,1,7,3,2,2,4,3,1,5,1,1,1,2,2, ?, ?,?,?, ?,?,?
8,47,F,1,2008,2,1,1,2,2,1,1,1,1,1,1,1,1,2,14,6,1,1, ?,2,2