Thana,District,Accident_Severity,Month,Year,Time,Junction_Type,Traffic_Control,Movement,Divider,Weather,Light,Road_Geometry,Surface_Condition,Surface_Type,Surface_Quality,Road_Class,Road_Feature,Location_Type,Vehicle_Type,Vehicle_Movement,Vehicle_Loading,Vehicle_Defect,Vehicle_Driver_Age,Vehicle_Alcohol,Vehicle_Seat_Belt
6,5,F,12,2008,1,7,8,2,2,4,1,2,1,1,1,1,1,1,9,6,1,1, ?,2,2
10,9,F,4,2008,1,7,1,2,2,1,4,2,1,1,1,1,1,1,14,6,1,7, ?,2,2
7,9,F,8,2008,2,7,8,1,2,1,1,2,1,1,1,4,1,2,5,6,1,7, ?,2,2
10,16,F,12,2008,1,1,1,2,2,1,2,1,1,1,1,2,1,1,9,6,1,7, ?,2,2
2,16,F,12,2008,4,1,8,2,2,1,4,1,1,1,1,3,1,2,8,1,1,2,30,2,2
5,54,F,2,2008,3,7,8,2,2,1,2,1,1,1,1,3,1,2,13,6,1,1, ?,1,2
5,54,F,2,2008,3,1,8,2,2,1,1,1,1,1,1,4,1,2,14,1,?,?, ?,1,?
13,54,F,8,2008,2,1,1,2,2,1,1,1,1,1,1,1,1,2,9,6,?,?, ?,2,2
13,54,G,8,2008,4,1,1,2,2,1,4,1,1,1,1,1,?,?,14,6,?,?, ?,2,2
1,56,F,1,2008,3,1,1,1,?,1,?,1,1,1,1,4,1,2,9,6,1,1,45,2,2
7,56,F,1,2008,4,7,1,2,2,1,2,1,1,1,1,1,1,2,19,6,?,?, ?,?,?
7,56,F,3,2008,3,1,3,2,2,1,1,1,1,1,1,1,1,2,13,6,1,1, ?,2,2
8,56,G,3,2008,1,2,?,1,?,2,2,2,1,1,1,1,1,2,9,11,2,7,30,2,2
5,55,G,8,2008,1,1,5,2,2,1,1,1,1,1,1,4,1,2,5,6,1,7, ?,2,2
12,53,F,10,2008,3,1,1,2,2,1,1,1,1,1,2,2,1,2,8,6,1,?, ?,1,2
1,31,F,6,2009,2,1,1,2,2,1,1,1,1,1,1,2,1,2,4,6,1,1,20,2,2
4,31,F,7,2009,3,1,1,2,2,1,1,1,1,1,1,4,1,2,4,6,1,1,27,2,2
3,31,F,1,2009,3,1,1,2,2,1,1,1,1,1,1,2,1,2,8,6,1,1,37,2,2
4,31,F,6,2009,3,1,1,2,2,2,1,1,1,2,2,4,1,2,4,6,1,1, ?,2,2
5,31,F,9,2009,2,1,1,2,2,1,1,2,1,1,1,3,1,2,6,6,1,1,25,2,2
3,34,F,4,2009,1,1,1,2,2,1,4,1,1,1,1,1,1,2,7,6,1,1, ?,2,2
3,34,F,2,2009,4,1,1,2,2,1,2,1,1,1,1,1,1,2,12,6,1,1,35,2,2
3,34,F,4,2009,2,1,1,2,2,1,1,1,1,1,1,4,1,2,19,6,1,1, ?,2,2
3,34,F,5,2009,4,1,1,2,2,1,2,1,1,1,1,1,1,2,9,6,1,1, ?,2,2
1,27,F,5,2009,2,1,1,2,2,1,1,1,1,1,1,4,1,1,4,6,1,7,25,2,2
1,27,F,5,2009,3,1,1,2,2,1,1,1,1,1,2,4,1,2,14,6,1,1,0,2,2
1,27,F,5,2009,3,1,1,2,2,1,1,2,1,1,1,2,1,2,6,6,1,7,35,1,2
2,27,G,1,2009,3,1,1,2,2,1,2,1,1,1,1,3,3,2,6,6,1,1, ?,2,2
6,27,F,3,2009,2,1,1,2,1,1,1,1,1,3,3,4,1,2,13,6,1,1, ?,2,2
5,27,F,11,2008,2,3,1,2,2,1,1,1,1,1,1,3,1,2,6,6,1,1,26,2,2
5,27,F,8,2009,2,1,1,2,2,1,1,1,1,1,1,4,1,2,4,6,1,7,20,2,2
1,33,F,5,2009,2,1,1,2,2,1,1,1,1,1,1,1,1,2,9,6,1,1, ?,2,2
1,33,F,1,2009,4,1,1,2,2,4,4,1,1,1,1,2,1,2,6,6,1,1, ?,2,2
3,33,F,4,2009,2,2,1,2,2,1,1,3,1,1,1,4,1,2,6,6,2,6, ?,2,2
3,33,F,4,2009,4,3,1,2,2,4,4,1,1,1,1,4,1,2,19,6,2,1, ?,2,2
3,33,F,5,2009,3,1,1,2,2,1,1,1,1,1,1,4,1,2,6,4,2,1,22,2,2
3,33,F,5,2009,3,1,1,2,2,1,1,1,1,1,1,4,1,1,19,6,1,1,35,2,2
3,33,F,7,2009,3,1,1,2,2,2,1,1,2,1,1,4,1,2,6,6,1,1, ?,2,2
4,33,F,8,2009,4,1,1,2,2,1,2,1,1,1,1,2,1,2,9,6,1,3, ?,1,2
5,33,F,7,2009,3,1,1,2,2,2,1,1,2,1,2,4,1,2,4,6,2,1,22,2,2
1,32,G,1,2009,3,1,1,2,2,1,1,2,1,1,1,4,1,2,4,6,2,7, ?,1,2
1,32,F,5,2009,2,2,3,2,2,1,1,1,1,1,3,1,2,?,12,4,1,1,35,1,2
1,32,F,7,2009,2,1,4,2,2,1,1,1,1,1,1,2,1,1,4,6,1,1,25,2,2
3,32,F,5,2009,3,1,1,2,2,1,1,1,1,1,1,1,1,2,9,6,1,1,30,2,2
2,32,G,3,2009,3,1,1,2,2,1,1,1,1,1,1,3,1,2,4,6,1,1, ?,1,2
1,30,F,5,2009,2,1,1,2,2,1,1,1,1,1,1,1,1,2,19,6,1,7,30,2,2
2,30,F,4,2009,3,1,1,2,2,1,1,1,1,1,1,4,1,2,9,6,1,1,32,2,2
5,27,F,1,2009,2,1,1,2,2,1,1,1,1,1,1,3,1,2,6,6,1,1,26,2,2
10,34,F,6,2009,3,1,3,2,2,1,1,1,1,1,1,1,1,2,9,6,1,1,42,2,2
4,34,G,1,2009,1,3,1,2,2,4,2,1,1,1,1,1,1,2,14,11,1,1, ?,2,2
4,34,F,5,2009,3,1,1,2,2,1,1,1,1,1,1,1,1,2,9,6,1,1, ?,2,2
4,34,F,8,2009,2,1,1,2,2,2,1,1,2,1,1,5,1,2,8,6,1,1,30,2,2
5,34,F,9,2009,4,3,1,2,2,1,1,1,1,1,1,1,1,2,4,6,2,7, ?,2,2
7,30,G,2,2009,2,1,1,2,2,1,1,1,1,1,2,3,4,2,9,6,1,1,42,2,2
7,30,G,3,2009,4,1,1,2,2,1,2,1,1,1,2,1,1,2,8,6,1,1, ?,2,2
4,30,F,4,2009,2,1,1,2,2,1,1,2,1,1,2,3,2,2,8,6,1,1,23,2,2
4,30,F,4,2009,3,1,1,2,2,1,1,1,1,1,1,4,1,2,6,6,1,1, ?,2,2
4,30,F,6,2009,2,1,1,2,2,1,1,1,1,1,1,4,1,2,6,6,1,1, ?,2,2
6,34,F,8,2009,4,1,1,2,2,1,1,1,1,1,1,1,1,2,9,9,1,1,30,2,2
6,34,F,8,2009,2,1,1,2,2,1,2,1,1,1,1,1,1,2,14,4,1,1, ?,2,2
8,34,F,4,2009,2,1,1,2,2,1,1,1,1,1,1,4,1,2,6,4,1,1,27,2,2
7,34,F,2,2009,3,1,1,2,2,1,1,1,1,1,1,4,1,2,6,6,1,1,25,2,2
4,34,F,10,2009,1,1,3,2,2,1,1,1,1,1,2,4,1,2,8,6,1,1, ?,2,2
6,34,F,12,2009,3,1,3,2,2,1,1,1,1,1,1,1,1,2,9,6,1,1, ?,2,2
1,34,F,2,2009,2,1,3,2,2,1,1,1,1,1,1,1,1,1,14,6,1,1, ?,1,2
1,34,F,1,2009,3,1,1,2,2,1,1,3,1,3,1,4,1,2,4,11,1,1, ?,2,2
1,34,F,2,2009,2,1,1,2,2,1,1,1,1,1,1,5,1,1,4,2,1,7, ?,1,2
1,34,F,3,2009,4,3,1,2,2,1,2,2,1,1,1,3,1,2,14,3,1,1, ?,1,2
1,34,F,4,2009,3,1,1,2,2,1,1,1,1,1,1,2,1,1,9,6,1,1, ?,2,2
1,34,F,5,2009,3,1,1,2,2,1,1,1,1,1,1,1,1,1,9,2,1,7, ?,1,2
1,34,F,5,2009,2,1,4,2,2,1,2,1,1,1,1,5,1,1,9,2,1,1, ?,2,2
1,34,F,5,2009,4,1,1,2,2,1,2,1,1,1,1,4,1,2,4,6,1,1, ?,2,2
1,34,F,8,2009,2,1,1,2,2,1,1,1,1,1,1,5,1,1,14,6,1,1, ?,2,2
1,34,F,9,2009,3,1,1,2,2,1,1,1,1,1,1,1,1,1,9,6,1,7, ?,1,2
1,34,F,12,2009,3,1,1,2,2,1,1,1,1,1,1,5,1,1,4,6,1,1, ?,2,2
1,34,F,12,2009,4,1,1,2,2,1,3,1,1,1,1,5,1,1,14,6,1,1, ?,2,2
3,32,M,10,2009,3,1,1,2,2,1,1,1,1,1,1,2,1,2,11,6,1,1,45,2,2
1,33,F,12,2009,3,1,1,2,2,1,1,1,1,1,1,2,1,2,9,6,1,1, ?,2,2
1,33,F,11,2009,2,1,1,2,2,1,1,1,1,1,1,3,1,2,12,6,1,1, ?,2,2
2,33,F,9,2009,3,1,3,2,2,1,1,1,1,1,1,4,1,2,9,10,1,1, ?,2,2
5,33,F,9,2009,3,1,1,2,2,1,1,1,1,1,2,4,1,1,4,6,1,1,25,2,2
6,33,S,11,2009,4,3,1,2,2,1,2,3,1,1,2,4,4,2,17,6,2,6,28,2,2
1,30,F,10,2009,2,1,1,2,2,1,1,1,1,1,3,3,2,?,19,6,1,1, ?,2,2
3,30,F,12,2009,1,1,1,2,2,1,1,1,5,2,3,3,1,2,17,6,2,1, ?,2,2
7,30,F,10,2009,3,1,1,2,2,1,1,1,1,1,1,3,1,2,8,6,1,1,40,2,2
1,27,F,12,2009,2,1,1,2,2,1,1,1,1,1,1,4,1,2,8,6,1,1,30,2,2
1,31,F,12,2009,4,1,1,2,2,1,3,1,1,1,1,2,1,2,9,6,1,1, ?,2,2
2,31,F,11,2009,2,1,1,2,2,1,1,1,1,1,1,4,5,2,9,6,1,1,40,2,2
7,31,G,10,2009,2,1,3,2,2,1,1,1,1,1,1,3,4,2,9,6,1,1,40,2,2
9,34,G,6,2009,2,1,3,1,2,1,1,1,1,1,2,5,1,2,4,6,1,1,25,2,2
6,34,F,1,2009,3,1,1,2,2,1,1,1,1,1,1,1,1,2,7,6,1,7, ?,2,2
1,30,F,12,2009,1,1,5,2,1,1,1,1,5,3,3,3,1,2,17,6,2,1, ?,2,2
1,34,F,8,2009,2,1,1,2,2,1,2,1,1,1,1,5,1,1,4,6,1,1, ?,2,2
3,64,F,2,2009,2,1,1,2,1,1,1,1,1,1,1,2,1,1,9,6,1,?, ?,2,2
3,64,F,6,2009,1,1,1,2,?,1,3,1,1,1,1,5,1,1,9,6,1,1, ?,2,2
3,64,F,8,2009,2,7,3,1,1,1,1,1,3,1,3,5,1,1,9,11,1,7,40,2,2
3,64,G,8,2009,2,7,3,2,2,2,1,1,2,1,3,5,1,1,8,6,1,7, ?,2,2
3,64,F,8,2009,1,1,1,2,1,1,2,1,1,1,1,5,1,2,8,6,1,7, ?,1,2
2,64,F,1,2009,3,1,1,2,?,1,1,1,1,1,1,1,1,1, ?,6,?,?, ?,?,?
2,64,G,2,2009,1,1,1,2,?,1,1,1,1,1,1,5,1,1,14,6,?,?, ?,?,?
2,64,F,6,2009,2,1,1,2,?,1,1,1,1,1,1,5,1,1,14,6,?,?, ?,2,2
2,64,F,8,2009,2,5,1,2,?,1,1,2,1,1,1,5,1,1,14,6,?,?, ?,2,2
2,64,F,8,2009,2,3,1,2,?,1,1,1,1,1,1,1,1,1,14,6,?,?, ?,2,2
2,64,F,12,2009,3,7,1,2,2,1,2,1,1,1,1,2,1,1,14,6,?,?,25,?,?
4,64,F,2,2009,2,7,8,2,2,1,1,1,1,1,1,5,1,1,14,6,?,?, ?,?,?
5,64,F,2,2009,4,1,8,2,2,1,3,1,1,1,1,1,1,1,8,6,?,?, ?,?,?
5,64,F,2,2009,4,1,1,1,2,1,3,1,1,1,1,1,1,1,14,6,?,?, ?,?,?
5,64,F,2,2009,3,1,1,2,1,1,1,1,1,1,1,1,1,1,6,6,1,?, ?,1,2
5,64,G,2,2009,4,1,8,2,2,1,2,1,1,1,1,3,1,1,14,6,?,?, ?,?,2
5,64,G,5,2009,2,1,8,2,2,1,1,1,?,1,1,1,1,1,8,6,?,3,25,?,?
6,64,F,3,2009,4,7,2,2,2,1,2,1,1,1,1,5,1,1,8,6,1,?, ?,1,2
6,64,F,5,2009,2,7,8,2,1,1,1,1,1,1,1,5,1,1,8,11,1,7,30,1,2
6,64,G,5,2009,3,7,6,1,1,1,1,1,1,1,1,1,1,1,9,6,1,?,20,?,?
6,64,G,5,2009,2,7,8,1,1,1,1,1,1,1,1,5,1,1,7,6,1,?, ?,?,?
6,64,F,12,2009,2,7,1,2,?,1,1,1,1,1,1,1,1,1,9,6,1,?,30,?,2
7,64,F,2,2009,2,3,8,2,2,1,1,1,1,1,1,5,1,1,9,6,?,3, ?,1,2
7,64,F,3,2009,3,1,8,2,2,1,1,1,1,1,1,5,1,1,4,6,1,1, ?,2,2
7,64,F,5,2009,1,2,8,2,1,1,3,1,1,1,1,5,1,1,5,9,1,?, ?,2,2
7,64,G,5,2009,4,1,8,2,?,1,2,1,1,1,1,5,1,1,4,5,1,?, ?,2,2
7,64,F,6,2009,4,4,8,1,2,1,3,1,1,1,1,5,1,1,14,6,?,?,28,1,2
7,64,F,7,2009,2,1,1,2,1,1,1,1,1,1,1,5,1,1,14,6,?,?,30,1,2
7,64,F,8,2009,2,1,1,2,2,1,1,1,1,1,1,5,1,1,7,6,?,?, ?,1,2
8,64,F,1,2009,3,1,4,2,2,1,1,1,1,1,1,5,1,1,8,6,1,?,30,2,2
8,64,F,2,2009,4,1,4,2,2,1,2,1,1,1,1,5,1,1,8,6,1,?, ?,2,2
8,64,F,5,2009,4,7,1,2,2,1,4,1,1,1,1,5,1,1,4,6,1,?, ?,2,2
8,64,F,6,2009,2,7,2,2,2,1,1,1,1,1,1,5,4,1,8,6,?,?, ?,?,?
9,64,F,1,2009,1,3,3,2,1,1,3,1,1,1,1,5,1,1,14,6,1,7, ?,1,2
9,64,F,5,2009,2,4,3,2,1,1,1,2,1,1,1,5,1,1,14,6,1,7,40,1,2
9,64,F,7,2009,4,2,3,2,2,1,2,1,1,1,1,5,1,1,7,6,?,?,45,?,2
9,64,F,9,2009,3,1,3,2,1,1,1,1,1,1,1,5,1,1, ?,6,?,?, ?,?,?
9,64,F,11,2009,3,1,8,2,2,1,4,1,5,1,1,5,1,1, ?, ?,?,?, ?,?,?
9,64,F,12,2009,4,2,3,2,2,1,3,1,1,1,1,5,1,1,14,6,2,7, ?,1,2
10,64,G,1,2009,2,1,1,2,2,1,1,1,1,1,1,5,1,1,8,6,?,1, ?,2,2
10,64,F,4,2009,1,1,1,2,2,1,4,1,1,1,1,1,1,1,12,6,1,1, ?,2,2
11,64,F,2,2009,2,7,1,1,2,1,1,1,1,1,1,?,1,1,14,6,1,1,35,2,2
11,64,G,4,2009,4,7,8,1,2,1,2,1,1,1,1,?,1,1,14,6,1,1,25,2,2
12,64,G,2,2009,2,1,1,2,2,1,1,1,1,1,1,5,1,1,9,6,?,?,35,2,2
12,64,F,3,2009,2,1,1,2,2,1,1,1,1,1,1,2,1,1,7,6,?,?, ?,2,2
12,64,F,7,2009,4,1,8,2,2,1,4,1,5,1,1,1,1,2,5,6,1,6, ?,1,2
4,64,F,1,2009,4,1,1,2,1,1,4,4,4,1,1,1,1,1, ?, ?,?,?, ?,?,?
4,64,F,2,2009,2,1,1,2,2,1,1,1,1,1,1,1,5,1,13, ?,?,?, ?,2,2
4,64,F,3,2009,4,1,6,2,2,1,2,1,1,1,1,5,1,1,8, ?,?,?, ?,2,2
4,64,F,3,2009,2,1,4,2,2,1,1,1,1,1,1,5,1,1,9, ?,?,?, ?,2,2
4,64,F,7,2009,3,1,2,2,2,1,1,1,1,1,1,5,1,1,19, ?,?,?, ?,2,2
4,64,F,9,2009,1,1,1,2,1,1,3,1,1,1,1,5,2,1,19, ?,?,?, ?,2,2
4,64,F,9,2009,2,1,1,1,1,1,1,1,1,1,1,5,1,1,19, ?,?,?, ?,2,2
6,64,F,1,2009,2,1,2,2,1,1,1,2,1,1,1,1,?,?,7,6,1,1, ?,2,2
11,64,F,2,2009,2,1,1,2,2,1,1,1,1,1,1,5,1,1,14,6,1,1,35,2,2
9,64,F,9,2009,3,3,3,2,1,1,1,1,5,1,1,5,1,1,9,6,1,1, ?,2,2
2,64,F,3,2009,4,1,1,2,?,1,3,1,1,1,1,5,1,1,14,6,1,1, ?,1,2
1,57,F,3,2009,3,1,1,2,2,1,1,1,1,1,1,1,1,2,9,6,2,1,28,2,2
1,57,F,3,2009,3,3,1,2,2,1,1,1,1,1,1,1,1,2,6,6,1,1, ?,1,2
1,57,F,4,2009,4,3,1,2,2,1,2,1,1,1,1,1,1,2,9,6,2,1, ?,2,2
1,57,F,4,2009,3,1,1,2,2,1,1,1,1,1,1,1,1,?,14,6,1,1, ?,2,2
1,57,F,4,2009,2,1,1,2,2,1,1,1,1,1,1,1,1,2,12,6,1,1, ?,2,2
8,57,F,3,2009,3,7,1,2,2,1,1,1,1,1,1,1,1,2,6,6,1,7, ?,2,2
8,57,G,4,2009,1,1,1,2,2,1,1,1,1,1,1,1,1,2,14,11,1,1, ?,1,2
8,57,G,4,2009,1,1,1,2,2,1,4,1,1,1,1,1,1,2,14,11,1,1,50,1,2
8,57,F,4,2009,2,7,1,2,2,1,1,1,1,1,1,1,1,1,10,1,1,6, ?,2,2
7,57,F,3,2009,2,7,8,1,2,1,1,1,1,1,1,2,1,2,17,11,1,7,35,2,2
5,57,F,4,2009,3,7,8,2,2,1,1,1,1,1,1,1,1,2,13,6,1,7, ?,2,2
2,57,F,3,2009,3,7,1,2,2,1,1,1,1,1,1,2,1,2,14,6,1,1,30,2,2
7,58,G,2,2009,3,1,3,2,2,1,1,1,1,1,1,1,1,1,7,11,1,1,23,2,2
1,58,G,2,2009,2,1,3,2,2,1,1,1,1,1,1,1,1,1,14,11,1,1, ?,2,2
2,58,F,2,2009,3,7,1,2,2,1,1,1,1,1,1,1,1,2,19,6,2,1,26,1,2
2,58,G,1,2009,2,3,1,2,2,1,1,1,1,1,1,1,1,2,17,6,2,1,25,1,2
8,58,F,2,2009,1,1,1,2,2,1,2,1,1,1,1,1,1,2,14,6,1,1,45,2,2
4,58,F,3,2009,2,3,3,1,2,1,1,1,1,1,1,1,1,2,14,6,1,3, ?,2,2
8,58,F,2,2009,3,1,1,2,2,1,1,1,1,1,1,1,1,2,9,11,1,7, ?,2,2
5,58,F,3,2009,4,7,1,2,2,1,4,1,1,1,1,1,1,2,17,6,1,1,26,2,2
5,58,G,3,2009,1,7,1,2,2,1,2,1,1,1,1,1,1,2,14,6,1,1,39,2,2
5,58,F,1,2009,4,1,1,2,2,1,1,1,1,1,1,1,1,2, ?, ?,?,?, ?,?,?
3,57,F,2,2009,2,3,1,2,2,1,1,1,1,1,1,1,1,1,14,11,1,1, ?,1,2
6,57,G,2,2009,3,1,1,2,2,1,1,1,1,1,1,3,1,2,8,6,1,1,28,2,2
6,57,F,1,2009,2,1,1,2,2,1,1,1,1,1,1,4,1,2,8,11,1,1,30,2,2
4,65,S,1,2009,3,7,8,1,2,1,1,1,1,1,1,4,1,2,11,6,1,7, ?,2,2
6,65,F,1,2009,2,1,1,2,2,1,2,1,1,1,1,4,1,2,11,6,1,1, ?,2,2
5,65,S,2,2009,2,4,1,2,2,1,1,2,1,1,1,3,1,2,9,1,1,1,50,2,2
4,65,F,2,2009,3,1,1,2,2,1,1,1,1,1,1,4,1,2,8,4,1,1, ?,2,2
5,65,F,2,2009,3,7,1,2,2,1,1,3,1,2,2,4,4,2,7,11,1,1, ?,2,2
1,65,F,3,2009,3,7,1,2,2,1,1,1,1,1,1,1,1,2,8,6,1,1, ?,2,2
2,65,F,3,2009,3,1,1,2,2,1,1,1,1,1,1,1,1,2,8,5,1,1, ?,2,2
5,65,G,4,2009,3,3,3,2,2,1,1,1,1,1,1,1,1,2,14,2,1,1,26,2,2
1,57,F,2,2009,3,1,1,2,2,1,1,1,1,1,1,1,1,1, ?,6,?,?, ?,?,?
1,57,F,5,2009,1,1,1,2,2,1,2,1,1,1,1,1,1,2,9,6,?,?, ?,2,2
1,57,F,5,2009,4,4,1,2,2,2,4,1,1,1,1,5,1,1, ?, ?,?,?, ?,?,?
1,57,F,6,2009,3,3,1,2,2,1,1,1,1,1,1,5,1,1,13, ?,?,?, ?,2,2
1,57,F,6,2009,2,3,8,2,2,1,1,1,1,1,1,1,1,2, ?,6,?,?, ?,2,2
8,57,F,6,2009,3,1,1,2,2,1,1,1,1,1,1,1,1,2,14,1,1,1, ?,1,2
3,57,M,2,2009,3,7,8,2,2,1,1,1,1,1,1,5,1,2,6,8,1,1, ?,2,2
3,57,F,1,2009,4,7,3,2,2,1,3,1,1,1,1,1,1,2,14,5,1,7, ?,?,?
6,57,F,6,2009,3,1,1,2,2,1,1,1,1,1,1,4,1,2,9,6,1,1, ?,2,2
5,57,G,5,2009,1,7,8,2,2,1,4,1,1,1,1,1,1,2, ?,6,?,?, ?,?,?
1,57,F,7,2009,3,2,1,2,2,1,1,1,1,1,1,1,1,2,9,6,2,1,22,2,2
1,57,F,8,2009,3,1,1,2,2,1,1,1,1,1,1,1,1,2,9,6,1,1, ?,2,2
1,57,F,7,2009,1,1,1,2,1,1,2,1,1,1,1,1,1,2,14,6,1,1, ?,2,2
8,57,F,5,2009,2,7,1,2,2,1,1,1,1,1,1,2,1,2,4,9,1,1,45,2,2
8,57,F,5,2009,3,7,1,1,2,1,1,1,1,1,1,1,1,2,4,9,1,7,20,2,2
8,57,F,6,2009,3,7,1,2,2,1,1,1,1,1,1,1,1,2,9,11,1,7, ?,2,2
2,57,F,8,2009,3,1,1,2,2,1,1,1,1,1,1,1,1,2,9,6,1,1,28,2,2
7,59,F,3,2009,3,1,1,2,2,1,1,1,1,1,1,2,1,2,14,6,1,1, ?,2,2
7,59,F,3,2009,2,1,1,2,2,1,1,1,1,1,1,3,1,2,17,1,1,1,25,2,2
8,67,F,2,2009,2,1,1,2,2,1,1,1,1,1,1,1,1,2,13,5,1,1,18,2,2
7,67,F,3,2009,3,7,1,2,2,1,1,1,1,1,1,4,1,2,5,11,1,1, ?,2,2
4,59,F,2,2009,4,1,8,2,2,1,3,1,1,1,1,2,1,2,14,8,1,7, ?,2,2
1,59,G,2,2009,2,7,8,2,2,1,1,3,1,1,1,2,1,2,2,6,1,1,24,2,2
3,62,G,2,2009,4,1,1,2,2,1,2,1,1,1,1,3,1,2,9,6,1,1, ?,2,2
1,62,F,2,2009,3,3,8,2,2,1,1,1,1,1,1,3,1,2,12,11,1,1,39,2,2
1,62,F,2,2009,3,1,1,2,2,1,1,1,1,1,1,2,1,2,9,6,1,1,42,1,2
1,62,G,2,2009,2,3,1,2,1,1,1,1,1,1,1,2,1,2,9,6,1,1, ?,2,2
1,62,F,3,2009,2,1,3,2,2,1,1,1,1,1,1,2,1,2,14,11,1,1, ?,2,2
4,62,F,3,2009,3,1,1,2,2,1,1,1,1,1,1,4,1,2,17,6,1,1,30,2,2
1,62,G,3,2009,3,3,1,2,2,1,2,2,1,1,1,3,1,2,8,1,1,1,38,2,2
4,62,F,3,2009,2,1,1,2,2,1,1,3,1,3,2,4,1,2,17,11,2,7,28,2,2
1,59,F,4,2009,1,1,1,2,2,1,2,1,1,1,1,3,1,2,17,11,1,1,20,2,2
1,59,G,4,2009,3,7,8,2,2,1,1,1,1,1,1,2,1,2,5,6,1,1,30,2,2
1,59,F,4,2009,4,1,1,2,2,1,4,1,1,1,1,2,1,2,9,6,1,1, ?,2,2
7,59,F,4,2009,4,1,1,2,2,1,1,1,1,1,1,2,1,2,4,1,1,1, ?,2,2
2,59,F,4,2009,3,1,1,2,2,1,1,1,1,1,1,3,1,2,16,6,1,7, ?,2,2
2,59,F,4,2009,3,1,8,2,2,1,1,1,1,1,1,3,1,2,16,1,1,7, ?,2,2
1,58,F,4,2009,2,7,1,2,2,1,1,1,1,1,1,5,1,2, ?, ?,?,?, ?,?,?
1,58,F,5,2009,4,7,1,2,2,1,1,1,1,1,1,1,1,2, ?, ?,?,?, ?,?,?
14,58,F,4,2009,3,1,1,2,2,1,1,1,1,1,1,1,1,2, ?,4,1,1, ?,2,2
14,58,F,5,2009,4,1,1,2,2,1,3,1,1,1,1,1,1,2,19,6,1,1, ?,1,2
14,58,F,6,2009,2,1,1,2,2,1,1,1,1,1,1,1,1,2,15,4,2,1, ?,2,2
14,58,F,6,2009,4,7,1,2,2,1,3,1,1,1,1,1,1,2,19,11,1,7, ?,1,2
15,58,F,6,2009,4,1,1,2,2,1,1,1,1,1,1,1,1,2,8,4,1,1, ?,2,2
14,58,F,5,2009,2,7,1,2,2,1,1,1,1,1,1,2,1,2, ?, ?,?,?, ?,?,?
7,58,F,7,2009,4,7,1,2,2,1,2,1,1,1,1,1,1,2,7,1,1,1, ?,2,2
7,58,F,8,2009,1,7,1,2,2,1,1,1,1,1,1,1,1,2,14,6,1,1, ?,2,2
7,58,F,8,2009,1,7,1,2,2,1,2,1,1,1,1,1,1,2,9,6,1,1, ?,2,2
6,58,M,8,2009,2,1,1,2,2,1,1,1,1,1,1,1,1,2, ?,6,1,1, ?,2,2
5,58,F,4,2009,4,1,7,2,2,1,1,1,1,1,1,1,1,2,9,6,1,7,45,2,2
6,58,F,8,2009,2,7,1,2,2,1,1,1,1,1,1,1,1,2, ?, ?,?,?, ?,?,?
16,58,F,5,2009,3,1,1,2,2,1,1,1,1,1,1,1,1,2,19,11,1,1, ?,2,2
12,58,F,4,2009,2,1,1,2,2,1,1,1,1,1,1,2,1,2,8,11,1,4,47,2,2
1,58,F,8,2009,2,1,8,2,2,1,1,1,1,1,1,1,1,2, ?,6,1,2, ?,2,2
1,62,F,8,2009,3,4,1,2,2,1,1,3,1,2,2,2,1,2,14,6,1,7,45,2,2
4,62,F,8,2009,2,2,1,2,2,1,1,1,1,1,1,2,1,2,10,6,1,1,24,1,2
4,62,F,7,2009,4,1,1,2,2,1,1,1,1,1,1,2,1,2,4,6,1,1,27,2,2
4,62,F,7,2009,4,1,1,2,2,1,3,1,1,1,1,2,1,2,8,6,1,1,57,2,2
2,62,F,7,2009,4,7,8,2,2,1,2,1,1,1,1,3,1,2, ?, ?,?,?, ?,?,?
5,62,F,6,2009,4,7,8,2,2,1,3,1,1,1,1,4,1,2,12,6,1,7, ?,2,2
5,62,F,6,2009,2,7,8,2,2,1,1,2,2,1,1,2,1,2,9,2,1,7,45,2,2
5,62,F,7,2009,4,7,8,2,2,1,3,1,1,1,1,2,1,2,9,11,1,7,45,2,2
8,66,G,4,2009,3,1,1,2,2,1,1,1,1,1,1,2,1,2,9,6,1,1, ?,2,2
1,66,F,4,2009,3,7,6,2,2,1,1,5,1,3,1,3,1,2,11,6,2,6,30,2,2
1,66,F,4,2009,3,7,6,2,2,1,1,1,1,1,1,2,1,2,14,7,1,1, ?,2,2
1,66,G,5,2009,1,7,1,2,2,1,1,4,1,1,1,3,1,2,11,11,1,1, ?,2,2
5,66,G,6,2009,2,1,1,2,2,1,1,4,1,1,1,2,1,1,9,6,1,1, ?,2,2
1,66,F,7,2009,1,7,8,2,2,1,4,4,5,1,1,1,1,2,1,7,1,1,18,2,2
5,66,F,1,2009,4,1,8,2,2,1,3,4,1,1,1,3,1,2,19,11,1,7,30,2,2
6,66,G,2,2009,2,7,8,2,2,1,1,4,1,1,1,2,1,2,14,11,1,7, ?,2,2
8,66,G,3,2009,4,1,1,2,2,1,3,1,1,1,1,2,1,2,12,6,1,1,22,2,2
2,66,F,3,2009,3,7,2,1,2,1,1,1,1,1,1,3,1,2,14,6,1,1, ?,2,2
7,66,G,3,2009,2,1,1,2,2,1,2,1,1,1,1,4,1,2,12,6,1,1,22,2,2
7,66,F,3,2009,4,3,1,2,2,1,3,4,1,2,2,3,1,2,12,6,1,1, ?,2,2