Thana,District,Accident_Severity,Month,Year,Time,Junction_Type,Traffic_Control,Movement,Divider,Weather,Light,Road_Geometry,Surface_Condition,Surface_Type,Surface_Quality,Road_Class,Road_Feature,Location_Type,Vehicle_Type,Vehicle_Movement,Vehicle_Loading,Vehicle_Defect,Vehicle_Driver_Age,Vehicle_Alcohol,Vehicle_Seat_Belt
7,53,F,1,2009,3,?,?,1,?,1,1,1,1,1,1,4,1,2,6,6,?,?, ?,?,?
12,53,G,1,2009,2,1,1,2,2,1,1,1,1,1,1,4,1,2,8,6,1,?, ?,1,2
3,53,F,1,2009,3,1,1,2,2,1,1,1,1,1,1,1,1,2,10,6,1,?, ?,1,2
3,54,F,1,2009,3,3,1,2,2,1,1,1,1,1,1,2,1,2,5,6,?,?, ?,1,?
7,56,F,2,2009,1,1,1,2,2,1,2,1,1,1,1,1,1,2, ?,6,1,1, ?,2,2
7,56,F,2,2009,1,2,1,2,2,1,3,1,1,1,1,1,1,2, ?,6,1,1, ?,2,2
7,53,F,3,2009,3,1,8,1,1,1,1,1,1,1,1,4,1,2,17,11,?,?,27,?,?
1,53,F,4,2009,2,7,8,2,2,1,1,1,1,1,1,3,1,2, ?,11,?,?, ?,2,2
2,53,F,4,2009,2,7,?,1,?,1,1,1,?,1,1,4,2,2,4,6,?,?, ?,?,?
3,56,F,4,2009,1,2,3,2,2,1,4,1,1,1,1,1,1,2, ?, ?,?,?, ?,?,?
7,56,F,1,2009,4,2,1,2,2,1,3,1,1,1,1,1,1,2, ?, ?,?,?, ?,?,?
4,56,F,1,2009,1,?,?,2,2,1,1,1,1,3,1,4,1,2,11, ?,?,?, ?,?,?
9,56,F,3,2009,4,1,1,2,2,1,2,1,1,1,1,4,1,1,9,6,1,1,30,2,2
1,56,F,5,2009,3,1,1,1,2,1,1,1,1,1,1,2,1,1,13,11,1,1,23,2,2
6,56,G,5,2009,3,1,1,2,2,1,1,1,1,1,1,3,4,2,8,6,1,7, ?,2,2
1,56,F,8,2009,3,2,?,2,2,1,4,?,?,?,1,1,1,2,14,6,?,?, ?,?,?
7,56,F,9,2009,2,2,1,2,2,2,1,1,2,1,1,1,1,2,9,4,1,7,37,2,2
3,56,F,9,2009,2,2,1,2,2,2,1,1,2,1,1,1,1,2,9,1,1,1,29,2,2
8,56,F,9,2009,3,7,8,2,2,1,1,1,1,1,1,1,1,2,5,11,1,1,30,2,2
1,55,F,3,2009,3,1,1,1,2,1,1,1,1,1,1,1,1,2,8,5,1,1,25,?,?
4,55,F,3,2009,3,6,1,?,?,1,?,?,?,?,?,2,3,?,16,6,?,?, ?,?,?
4,55,F,3,2009,2,?,1,2,2,?,2,?,?,1,1,2,?,?,5, ?,?,?, ?,?,?
4,55,F,3,2009,2,4,3,2,2,1,?,?,1,3,?,?,?,1,8,6,?,?, ?,?,?
5,55,F,3,2009,3,1,1,2,2,1,1,1,1,1,1,1,1,2,7,6,?,?,27,?,?
2,55,F,3,2009,2,1,1,2,2,1,1,1,1,1,1,2,1,2,6,5,1,1,38,?,?
3,53,F,2,2009,3,1,1,2,2,1,1,1,1,1,1,2,1,2,8,6,1,?, ?,?,?
7,53,F,2,2009,3,4,1,2,2,1,1,4,1,1,1,4,1,2,13,1,1,1,45,?,?
7,56,F,6,2009,3,3,1,2,2,1,1,2,1,1,1,4,1,2,7,5,?,?, ?,?,?
8,56,F,7,2009,3,2,1,2,2,1,1,1,1,1,1,1,1,2,9,2,1,6,30,2,2
6,55,F,2,2009,2,1,1,2,2,1,1,1,1,1,1,2,1,2,12,6,1,1, ?,?,?
2,55,F,4,2009,2,1,1,2,2,1,1,1,1,1,1,3,1,2,12,11,1,1, ?,2,2
2,55,F,3,2009,4,7,1,2,2,1,4,1,1,1,1,2,1,2,19,11,1,1,32,2,2
4,55,F,4,2009,1,1,8,2,2,1,1,1,1,1,1,2,1,2, ?, ?,?,?, ?,?,?
7,55,F,7,2009,3,6,1,2,2,1,1,5,1,3,1,4,4,2,13,6,1,1, ?,2,2
5,55,F,6,2009,3,1,1,2,2,1,1,1,1,1,1,2,1,2,9,6,1,1,50,2,2
4,55,S,9,2009,4,1,1,2,2,1,4,1,1,1,1,2,1,1,13,6,1,1, ?,2,2
1,55,F,8,2009,?,7,1,2,2,1,1,1,1,1,1,1,1,2,9,6,1,1, ?,2,2
5,55,F,8,2009,3,1,1,2,2,1,1,1,1,1,1,2,1,2,8,6,1,1,27,2,2
2,55,F,8,2009,3,7,1,2,2,1,1,1,?,1,3,2,4,1,16,11,1,1,35,?,?
1,55,F,1,2009,2,1,1,2,2,1,1,1,1,1,1,1,1,2,8,3,1,1,27,2,2
6,55,S,4,2009,3,1,8,2,2,1,1,1,1,1,1,1,1,2,9,10,?,?, ?,?,?
6,55,F,5,2009,4,1,1,2,2,1,1,1,1,1,1,1,1,2,19,6,?,?, ?,?,?
5,55,F,5,2009,2,3,1,1,2,1,1,1,1,1,1,2,1,2,12,6,?,?, ?,?,?
5,55,F,5,2009,3,1,1,2,2,1,1,1,1,1,1,1,1,2,7,9,1,1,40,2,2
2,55,F,5,2009,4,1,1,2,2,2,4,1,2,1,1,3,1,2,4,11,1,7,22,?,?
2,55,G,5,2009,3,1,1,2,?,1,1,1,1,1,1,4,1,2,5,8,1,?, ?,?,?
3,53,F,10,2009,3,1,1,2,2,1,1,1,1,1,1,2,1,2,8,6,1,?,30,1,2
12,53,F,10,2009,3,1,1,2,2,1,1,1,1,1,1,4,1,2,19,6,1,1,28,2,2
12,53,F,10,2009,3,1,1,2,2,1,1,1,1,1,1,2,1,2,8,6,1,?,28,1,2
7,53,F,9,2009,3,1,1,2,2,1,1,4,2,1,2,4,1,2,8,5,1,7, ?,?,?
1,53,G,9,2009,2,?,1,?,?,1,1,1,1,1,1,4,1,2,11,6,?,?,27,?,?
3,53,F,9,2009,1,1,1,2,2,1,1,1,1,1,1,2,5,2,8,6,1,?, ?,?,?
7,53,G,9,2009,3,7,1,2,2,1,1,4,1,1,1,1,2,2,8,1,1,?,22,1,2
2,53,F,4,2009,2,7,1,?,?,2,?,1,2,1,1,4,1,2,4,6,?,?, ?,?,?
1,53,F,8,2009,2,7,1,2,2,1,2,1,1,1,1,4,1,2,19,6,?,?, ?,?,?
3,53,F,8,2009,3,1,1,2,2,1,1,1,1,1,1,2,1,2,13,6,2,?, ?,?,?
3,53,F,7,2009,3,1,1,2,2,1,1,1,1,1,1,2,1,2,8,6,1,?,38,?,?
7,53,G,6,2009,3,3,1,2,2,1,1,1,1,1,1,3,1,2,5,6,1,1,24,2,2
1,53,F,6,2009,2,1,1,2,2,1,1,1,1,1,1,2,1,2,8,6,1,?, ?,1,2
12,53,F,5,2009,2,7,1,2,2,1,1,1,1,1,3,2,1,2,14,6,1,1,35,2,2
12,53,G,4,2009,3,1,1,2,2,1,1,1,1,1,1,2,1,2,8,6,1,?, ?,?,?
7,53,F,5,2009,3,3,1,2,2,1,1,1,1,1,1,4,1,2,4,2,?,?, ?,?,?
7,56,F,10,2009,3,2,?,2,?,1,4,5,1,1,1,1,?,?,19,6,?,?, ?,?,?
7,56,F,10,2009,3,?,?,?,?,?,?,?,?,?,?,?,?,?,6, ?,1,6, ?,?,?
1,55,S,10,2009,3,1,1,2,2,1,1,4,1,1,1,2,1,2,10,11,?,?, ?,?,?
1,55,F,10,2009,3,1,1,2,2,4,4,1,1,1,1,1,1,2,10,6,?,?, ?,?,?
6,55,F,10,2009,2,?,1,2,2,1,1,1,1,1,1,4,1,2,14,5,?,1, ?,?,?
2,55,F,10,2009,2,?,1,2,2,1,1,1,1,1,1,3,?,2,7,5,?,1,24,2,2
1,54,F,1,2009,4,7,?,2,2,1,2,2,1,1,1,1,1,1,5,6,?,?, ?,?,?
1,54,F,2,2009,4,7,3,2,2,1,3,3,1,1,1,5,1,1,19,6,?,?, ?,?,?
1,54,F,3,2009,2,7,?,2,2,1,1,1,1,2,1,1,1,1,8,6,?,?, ?,?,?
1,54,G,3,2009,3,3,1,2,2,1,1,1,1,1,1,5,1,2,7,6,?,?, ?,?,?
1,54,F,4,2009,2,7,8,2,2,1,1,1,1,1,1,1,1,1,19,6,?,?, ?,?,?
1,54,G,4,2009,4,4,1,2,2,1,2,1,1,1,1,5,1,2,1,6,?,?, ?,?,?
1,54,F,5,2009,4,7,8,2,2,1,2,1,1,1,1,1,1,1,13,6,?,?, ?,?,?
1,54,F,5,2009,2,7,3,2,2,1,1,1,1,1,1,5,1,1,12,6,?,?,29,?,?
1,54,F,6,2009,3,3,1,2,2,1,1,1,1,1,1,5,1,2,5,6,?,?, ?,?,?
1,54,G,6,2009,4,3,1,2,2,1,4,1,1,1,1,5,1,2,4,6,?,?, ?,?,?
12,54,F,4,2009,3,?,1,2,2,1,1,1,1,1,1,1,1,2,4,6,?,?, ?,?,?
12,54,F,4,2009,2,?,2,2,2,1,1,1,1,1,1,3,?,?,8,6,?,?, ?,?,?
13,54,S,2,2009,3,1,1,1,2,1,1,1,1,1,1,3,2,?,10,6,?,?, ?,?,?
13,54,F,1,2009,3,?,1,1,2,4,1,1,1,1,1,1,1,2,8,6,?,1, ?,2,2
13,54,F,3,2009,1,1,1,2,2,1,3,1,1,1,1,1,1,2,19,6,?,?, ?,?,?
4,54,F,2,2009,4,1,1,2,2,1,2,1,1,1,1,4,1,2,13,6,1,?,35,2,2
4,54,F,7,2009,3,1,1,2,2,2,1,1,2,1,1,1,1,2,8,6,?,?, ?,?,?
6,54,F,3,2009,3,1,2,2,?,1,?,?,?,?,?,3,1,2,9,6,?,?, ?,?,?
6,54,F,3,2009,4,?,?,?,?,1,2,?,1,1,1,3,1,2,14,5,?,?, ?,?,?
7,54,F,4,2009,3,?,1,?,?,1,1,1,1,?,?,3,1,2,12, ?,?,?, ?,?,?
3,54,G,2,2009,3,?,1,2,2,1,1,?,1,1,?,2,1,2,4,6,?,?, ?,?,?
3,54,F,3,2009,4,1,2,2,2,1,2,1,?,1,1,4,?,?,14, ?,?,?, ?,?,?
1,54,F,11,2009,3,1,1,2,2,1,1,1,1,1,1,2,1,2,14,6,?,?, ?,?,?
8,54,F,8,2009,3,1,1,2,2,1,1,1,1,1,1,4,1,2,5,6,1,?,25,?,?
8,54,F,10,2009,3,7,1,2,2,1,1,1,1,1,1,5,1,2,14,6,2,?, ?,?,?
8,54,F,11,2009,2,?,?,?,?,1,1,3,1,3,3,4,1,2,19,6,?,?, ?,?,?
5,54,F,7,2009,3,?,8,2,2,1,1,1,1,1,1,3,1,2,14,6,?,?, ?,?,?
5,54,F,7,2009,3,?,8,2,2,1,1,1,1,1,1,3,1,2,14,6,?,7,1,?,?
5,54,F,7,2009,3,?,4,2,2,1,?,1,?,1,1,3,1,2,14,6,2,7, ?,?,?
9,54,F,11,2009,4,1,8,2,2,1,2,1,1,1,1,3,1,2,11,6,1,1, ?,?,?
10,54,F,12,2009,3,7,8,2,2,1,1,1,1,3,2,4,1,2,19,6,?,?,40,?,?
3,54,F,12,2009,3,1,1,2,2,1,1,1,1,1,1,2,1,2,8,6,1,1,38,2,2
3,54,F,6,2009,3,1,1,1,2,1,1,1,1,1,1,3,1,2,4,6,?,1,28,?,?
7,54,F,1,2009,2,1,1,2,2,1,1,1,1,1,1,2,1,2,6,6,?,?, ?,?,?
7,54,F,8,2009,3,?,?,?,?,?,?,?,?,?,?,?,?,?,8,6,?,?, ?,?,?
7,54,F,8,2009,4,1,1,2,2,1,2,1,1,1,1,2,1,2,9,6,?,?, ?,?,?
1,54,F,11,2009,3,1,1,2,2,1,1,1,1,1,1,5,1,2,4,6,?,?, ?,?,?
1,54,F,10,2009,4,4,1,2,2,1,2,2,1,1,1,5,1,1,14,1,1,1,45,?,?
1,54,F,11,2009,4,7,1,2,2,1,4,1,1,1,1,5,1,1,8,6,?,?, ?,?,?
1,54,S,10,2009,3,7,1,2,2,1,1,1,1,1,1,1,1,1,19,6,1,1,22,1,?
1,55,F,11,2009,4,2,2,2,2,1,2,1,1,1,1,1,1,2,12,6,1,1, ?,?,?
6,55,M,11,2009,3,7,1,2,2,1,1,1,1,1,1,1,4,1,6,6,?,?, ?,?,?
2,55,F,11,2009,2,?,1,2,2,1,1,1,1,1,1,4,1,2,13,6,1,1, ?,2,2
4,55,F,12,2009,3,1,1,2,2,1,1,1,1,1,1,4,1,2,4,6,1,7,55,2,2
3,56,G,11,2009,3,2,?,2,2,1,1,1,1,1,1,1,?,2,9,1,1,1,32,?,?
7,56,F,11,2009,3,1,1,?,?,1,1,1,1,1,1,4,1,2,17,6,?,?, ?,?,?
8,56,F,11,2009,2,1,1,1,2,4,2,1,1,1,1,4,1,2,8,4,1,1,30,?,?
5,54,F,11,2009,3,7,3,2,2,1,1,1,1,1,1,3,4,2,13,6,2,6, ?,?,?
5,54,F,11,2009,2,?,3,2,2,1,1,1,1,1,2,3,1,2,14,6,1,1,22,?,?
5,54,F,12,2009,2,?,3,2,2,1,1,1,5,1,2,?,1,2,17,6,2,?, ?,?,?
4,54,F,12,2009,4,7,8,2,2,1,2,1,1,1,1,3,1,2,5,6,1,1,18,?,?
11,54,F,11,2009,2,?,1,2,2,1,1,2,1,1,1,2,1,2,9,6,1,1, ?,?,2
11,54,F,12,2009,3,1,1,2,2,1,2,2,1,1,3,2,2,?,10,6,1,1, ?,?,?
3,54,F,12,2009,3,2,1,2,2,1,4,1,1,1,1,2,2,1,14,6,1,1,38,2,2
1,55,F,5,2009,3,1,1,2,1,1,1,1,1,1,1,5,1,1,10,6,1,1, ?,2,2
12,54,G,2,2009,3,1,1,2,1,1,1,1,1,1,1,1,3,2,19,6,1,7, ?,2,2
2,5,F,1,2009,1,7,1,2,2,4,4,1,1,3,2,3,1,2,14,5,2,1, ?,2,2
5,5,F,1,2009,2,7,1,2,2,1,2,1,1,1,1,1,1,1,14,6,1,7, ?,2,2
6,5,F,1,2009,1,7,1,2,2,1,4,1,1,1,1,1,1,1,9,11,1,1, ?,1,2
4,5,F,1,2009,2,1,7,2,2,1,1,1,1,1,1,1,1,1,8,6,2,1, ?,1,2
1,5,F,2,2009,3,7,1,2,2,1,1,1,1,1,1,3,1,2,8,6,1,1,40,2,2
1,5,F,2,2009,3,7,1,2,2,1,1,1,1,1,1,2,1,2,13,6,1,1, ?,2,2
5,5,F,2,2009,1,7,1,2,2,1,2,1,1,1,1,1,1,1,19,11,1,7, ?,2,2
4,5,F,2,2009,4,7,8,2,2,1,3,1,1,1,1,1,1,1,19,11,1,1, ?,2,2
1,5,F,3,2009,1,7,8,2,2,1,3,1,1,1,1,1,1,1,14,6,1,1, ?,2,2
2,5,F,3,2009,2,7,8,2,2,1,1,1,1,3,1,4,1,2,19,6,1,1, ?,2,2
5,5,F,3,2009,2,7,1,2,2,1,1,1,1,1,1,1,1,1,4,6,1,1, ?,2,2
5,5,F,3,2009,3,7,1,2,2,1,1,1,1,1,1,1,1,1,14,6,1,1, ?,2,2
5,5,F,3,2009,1,7,1,2,2,1,4,1,1,1,1,1,1,1,19,11,1,7, ?,2,2
5,5,G,4,2009,1,7,1,2,2,1,4,1,1,1,1,1,1,1,9,6,1,7,42,1,2
5,5,F,4,2009,1,1,1,2,2,4,2,1,2,1,1,1,1,1,19,6,1,7, ?,1,2
5,5,F,4,2009,1,1,1,2,2,1,4,1,1,1,1,1,1,1,19,6,1,7, ?,1,2
6,5,F,4,2009,2,1,1,2,2,1,1,1,1,1,1,1,1,1,9,6,1,7, ?,2,2
6,5,F,4,2009,3,7,1,2,2,1,1,1,1,1,1,1,1,1,14,6,1,1, ?,2,2
6,5,F,4,2009,3,7,1,2,2,1,1,1,1,1,1,1,1,1,14,6,1,1, ?,2,2
6,5,F,4,2009,2,7,1,2,2,1,1,1,1,1,1,1,1,1,9,6,1,1, ?,2,2
6,5,F,4,2009,4,7,1,2,2,1,4,1,1,1,1,1,1,1,9,6,1,1, ?,2,2
2,5,F,5,2009,2,2,1,2,2,1,1,1,1,1,1,5,1,1,19,6,1,7,37,2,2
7,5,F,3,2009,4,3,1,2,2,1,2,1,1,1,1,3,1,2,8,11,1,7,45,2,2
8,9,F,2,2009,4,1,1,2,2,1,4,1,1,1,1,3,1,2,9,11,1,1,50,2,2
6,9,F,3,2009,4,7,1,2,2,1,2,1,1,1,1,2,1,2,9,6,1,7, ?,2,2
12,9,F,6,2009,2,1,1,2,2,1,1,1,1,1,1,1,1,1,19,6,1,7,35,2,2
12,9,F,6,2009,1,1,1,2,2,1,4,1,1,1,1,1,1,1,14,6,1,7,45,2,2
6,9,F,4,2009,2,7,1,2,2,1,1,1,1,1,2,2,1,2,8,11,1,7, ?,2,2
4,9,F,4,2009,2,7,1,2,2,1,1,1,1,1,1,2,1,1,1,11,1,7, ?,2,2
12,9,F,4,2009,2,7,1,2,2,1,1,1,1,1,1,1,1,1,14,11,1,7, ?,2,2
11,9,F,3,2009,3,7,1,2,2,1,2,1,1,1,1,1,1,1,9,6,1,7, ?,2,2
12,9,G,2,2009,2,1,3,2,2,1,1,1,1,1,1,1,1,1,9,6,1,1,45,2,2
2,9,F,1,2009,3,1,1,2,2,1,1,1,1,1,1,2,1,1,10,6,1,1, ?,2,2
2,9,F,2,2009,3,1,8,2,2,1,1,1,1,1,1,2,1,1,17,11,1,1, ?,2,2
12,9,F,8,2009,2,1,1,2,2,2,1,1,2,1,1,1,1,?,14,6,1,7, ?,2,2
1,9,F,8,2009,2,7,8,2,2,1,1,1,1,1,1,3,1,2,8,6,1,1, ?,2,2
10,9,F,7,2009,1,7,8,2,2,1,4,1,1,1,1,1,1,1,9,11,1,7, ?,2,2
10,9,F,6,2009,2,7,8,2,2,1,1,1,1,1,1,4,1,1,8,6,1,1, ?,2,2
10,9,F,7,2009,1,7,8,2,2,1,4,1,1,1,1,1,1,1,14,11,1,1, ?,1,2
3,9,F,6,2009,3,7,1,2,2,1,1,1,1,1,1,3,4,2,13,6,1,1, ?,2,2
10,9,F,6,2009,2,1,8,2,2,1,1,1,1,1,1,1,1,?,19,11,1,1, ?,2,2
7,9,F,7,2009,2,1,1,2,2,1,1,1,1,1,2,4,1,2,19,4,2,7,30,2,2
1,9,F,1,2009,1,7,1,2,2,4,2,1,1,1,1,1,1,1,14,6,1,1, ?,2,2
12,9,F,3,2009,3,1,1,2,2,1,1,1,1,1,1,1,1,1,14,11,1,1, ?,2,2
1,9,F,3,2009,1,7,1,2,2,1,3,1,1,1,1,1,1,1,13,11,1,1, ?,2,2
1,9,F,4,2009,1,7,1,2,1,1,3,1,1,1,1,1,1,1,13,6,1,3,35,2,2
1,9,F,4,2009,1,7,1,2,2,1,2,1,1,1,1,1,1,1,13,11,1,1, ?,1,1
10,9,F,3,2009,4,7,1,2,2,1,4,2,1,1,1,3,1,2,19,11,2,7, ?,2,2
4,9,F,3,2009,3,7,1,2,2,1,1,1,1,1,1,2,1,2,8,6,1,7, ?,2,2
11,9,S,3,2009,2,7,1,2,2,1,1,1,1,1,1,3,1,2,9,6,1,7, ?,2,2
6,13,G,7,2009,2,4,1,2,2,1,1,1,1,1,1,2,1,2,8,9,1,1, ?,2,2
2,13,F,6,2009,3,1,8,2,2,1,1,1,1,1,1,3,1,2,8,6,2,1,38,2,2
8,13,F,5,2009,3,7,1,2,2,1,1,1,1,1,1,1,1,2,8,6,1,1, ?,2,2
3,13,F,5,2009,3,7,8,2,2,1,3,2,1,1,1,4,1,2,17,1,1,1, ?,1,2
3,13,G,5,2009,2,3,8,2,2,1,1,1,1,1,1,3,1,2,14,3,2,7,30,1,2
3,13,F,1,2009,3,7,8,2,2,1,1,1,1,1,1,3,1,2,19,6,1,1, ?,2,2
5,13,F,1,2009,4,5,8,2,2,1,2,1,1,1,1,2,1,1,8,6,1,1, ?,2,2
7,13,F,2,2009,3,7,3,2,2,1,1,1,1,1,1,2,1,2,14,6,1,7, ?,2,2
8,13,F,2,2009,2,1,3,2,2,1,1,2,1,1,1,1,1,1,13,2,1,1, ?,2,2
8,13,F,2,2009,2,3,1,2,2,1,2,1,1,1,1,1,1,1,14,6,1,1, ?,2,2
3,13,G,2,2009,2,1,8,2,2,1,1,1,1,1,1,3,1,2,8,6,1,7, ?,2,2
3,13,F,4,2009,2,7,3,2,2,1,1,1,1,1,1,3,1,2,4,6,1,7, ?,2,2
10,16,G,3,2009,4,7,1,2,2,1,2,1,1,1,1,2,1,2,14,11,1,7, ?,2,2
10,16,F,3,2009,1,7,1,2,2,1,2,1,1,1,2,3,1,2,14,6,2,7, ?,1,2
10,16,F,3,2009,1,7,1,2,2,1,1,1,1,1,1,3,1,2,19,11,1,7, ?,2,2
10,16,G,4,2009,2,2,4,2,2,1,1,1,1,1,1,1,1,1,13,5,1,1,42,2,2
6,16,F,4,2009,2,2,8,2,2,1,2,1,1,1,1,1,1,1,19,11,1,7, ?,2,2
10,16,F,7,2009,3,2,1,2,2,2,1,1,2,1,1,1,1,1,9,6,1,1, ?,2,2
10,16,S,7,2009,3,5,1,2,2,2,1,2,2,1,1,1,1,2,10,1,1,1,30,2,2
11,16,F,7,2009,2,7,8,2,2,1,1,1,1,1,1,3,1,2,14,11,1,7, ?,2,2
6,16,F,7,2009,3,7,8,2,2,2,1,2,2,1,1,3,1,2,9,2,1,7,30,2,2
11,16,F,2,2009,3,7,1,2,2,1,1,1,1,1,1,1,1,2,14,6,1,1,35,2,2
9,16,F,2,2009,1,1,1,2,2,1,4,1,1,1,1,1,1,1,19,11,1,7,28,2,2
11,16,F,2,2009,1,7,8,2,2,1,4,1,1,1,2,3,1,2,19,11,1,7, ?,2,2
9,16,G,2,2009,2,1,1,2,2,1,1,1,1,1,2,4,2,2,9,6,1,1,30,2,2
2,16,F,2,2009,3,1,1,2,2,1,1,1,5,1,1,3,1,2,9,5,2,7,28,2,2
10,16,F,1,2009,3,2,1,2,2,1,1,1,1,1,1,1,1,1,9,8,1,1,30,2,2
10,16,F,6,2009,2,7,1,2,2,1,1,1,1,1,1,1,1,2,9,6,2,3, ?,2,2
10,16,F,6,2009,1,7,1,2,2,1,2,1,1,1,1,1,1,1,14,6,1,7, ?,2,2
11,16,G,6,2009,2,7,1,2,2,1,1,1,1,1,1,3,1,2,13,6,1,3, ?,1,2
12,16,F,6,2009,2,1,1,1,2,1,1,1,1,3,2,3,1,2,13,11,1,1,40,2,2
11,16,G,5,2009,1,7,8,2,2,1,2,1,1,1,1,3,2,2,14,11,2,7,40,2,2
9,16,F,5,2009,2,7,8,2,2,1,4,2,1,1,1,1,1,2,19,11,1,1, ?,2,2
10,16,F,5,2009,1,7,1,2,2,1,4,1,1,1,1,1,1,1,14,6,2,4, ?,2,2
10,16,F,5,2009,3,7,1,2,2,1,1,1,1,1,1,1,1,1,9,2,1,7, ?,2,2
10,16,F,5,2009,4,4,1,2,2,1,4,1,1,1,1,3,1,2,9,2,1,1, ?,2,2
10,16,F,5,2009,1,1,1,2,2,1,4,1,1,1,1,1,1,2,19,6,1,1, ?,2,2
3,11,F,2,2009,2,1,1,2,2,1,2,1,1,1,1,4,1,2,4,6,2,1, ?,1,2
1,11,F,1,2009,2,7,1,2,2,1,1,1,1,1,1,2,1,1,14,6,1,1,36,1,2
1,11,F,4,2009,1,1,1,2,2,1,4,1,1,1,1,2,1,2,5,6,1,2,35,2,2
1,11,F,8,2009,1,1,1,2,2,2,1,1,2,1,1,2,1,2,14,6,1,3, ?,2,2
10,11,F,4,2009,3,7,8,2,2,1,1,1,1,1,1,3,1,2,7,6,1,1, ?,2,2
2,11,F,1,2009,1,1,8,2,2,1,1,2,1,1,1,3,1,2,9,2,2,3,35,2,2
3,11,F,1,2009,1,1,8,2,2,1,1,1,5,1,1,3,1,2,4,9,1,1,35,2,2
3,11,F,5,2009,2,1,1,2,2,1,1,1,5,1,1,4,4,2,13,6,1,7, ?,2,2
7,11,F,1,2009,4,1,1,2,2,1,4,1,5,1,1,4,1,2,19,6,2,7,25,2,2
12,3,F,1,2009,3,1,1,2,2,1,1,1,1,1,1,3,1,2,9,6,1,1,42,2,2
9,3,F,1,2009,3,7,1,2,2,1,1,1,1,1,1,3,1,2,19,11,1,1, ?,1,2
2,3,F,5,2009,1,1,1,2,2,1,2,1,1,1,1,3,1,2,14,11,2,1,22,2,2
4,3,F,3,2009,3,7,1,2,2,1,1,1,1,1,1,1,5,1,14,6,2,1,49,2,2
4,3,F,6,2009,3,7,1,2,2,1,1,4,1,1,1,1,1,1,8,2,2,7,30,2,2
6,3,F,7,2009,2,1,1,2,2,1,1,1,1,1,1,3,1,2,10,6,1,1, ?,2,2
10,3,F,7,2009,4,7,8,2,2,1,2,4,1,1,1,1,1,2,9,5,1,7, ?,2,2
10,3,F,8,2009,2,7,3,2,2,1,2,4,1,1,1,1,1,2,8,1,1,7, ?,1,2
13,3,F,7,2009,4,7,1,2,2,1,2,1,1,1,1,4,1,2,4,11,1,1, ?,2,2
1,3,G,8,2009,1,7,1,2,2,1,4,1,1,1,1,5,1,2,8,1,1,1, ?,2,1
1,17,F,5,2009,3,2,1,2,2,1,1,1,1,1,1,5,1,1,13,11,1,1, ?,2,2
1,17,F,7,2009,2,7,1,2,2,1,1,1,1,1,1,1,1,1,8,4,1,7, ?,1,2
1,17,F,1,2009,3,1,1,2,2,1,1,1,1,1,1,3,1,2,19,6,2,6,19,2,2
1,17,F,1,2009,2,1,1,2,2,1,1,1,1,1,1,5,1,1,14,8,1,7, ?,1,2
9,17,F,1,2009,2,1,1,2,2,1,1,1,1,1,1,3,1,2,19,6,2,6,25,2,2
9,17,F,2,2009,4,4,1,2,2,1,2,1,1,1,1,3,1,2,8,6,1,1,36,2,2
9,17,F,3,2009,2,1,1,2,2,1,1,1,1,1,1,3,1,2,14,6,1,7, ?,1,2
9,17,F,5,2009,2,1,1,2,2,1,1,1,1,1,1,4,1,1,19,6,1,6,24,2,2
7,17,F,4,2009,2,1,1,2,2,1,4,1,1,1,1,1,1,1,4,6,1,1, ?,1,2
3,17,F,2,2009,2,7,1,2,2,1,1,1,1,1,1,4,1,2,14,6,1,1, ?,2,2
3,17,F,2,2009,2,7,1,2,2,1,1,1,1,1,1,4,1,2,19,6,1,1, ?,2,1
3,17,F,5,2009,3,7,1,2,2,1,4,1,1,1,1,4,1,2,14,6,2,1, ?,2,2
8,17,F,3,2009,2,7,8,2,2,1,1,1,1,1,1,4,1,1,19,11,1,7, ?,2,2
1,2,F,6,2009,3,7,1,2,2,1,1,1,1,1,3,3,1,2,14,6,1,7, ?,1,2
1,2,G,5,2009,3,7,1,2,2,1,1,1,1,1,1,1,1,1,14,6,1,7,25,2,2
1,2,G,5,2009,2,2,1,2,2,1,1,1,1,1,1,1,1,2,9,6,1,7, ?,2,2
4,2,F,4,2009,2,2,1,2,2,1,1,1,1,1,1,2,1,1,8,6,1,1, ?,2,2
4,2,F,3,2009,2,1,1,2,2,1,1,1,1,1,2,3,1,2,14,6,1,1, ?,2,2
5,2,G,3,2009,3,7,1,2,2,1,1,1,1,1,1,3,1,2,8,6,2,3, ?,2,2
1,2,F,3,2009,2,1,1,1,2,1,1,1,1,1,1,4,1,2,14,6,2,1,30,2,2
4,2,F,2,2009,2,1,1,2,2,1,1,1,1,1,1,5,1,2,19,6,1,7,25,2,2
5,2,F,1,2009,3,1,1,2,2,1,1,1,1,3,1,4,4,1,17,6,1,6,18,2,2
5,2,F,8,2009,3,1,1,2,2,1,1,1,1,1,1,4,1,2,19,6,2,7,22,2,2
5,12,F,6,2009,4,5,3,1,2,2,3,1,1,1,1,3,1,2,4,6,1,1,40,2,2
1,12,F,1,2009,2,1,1,2,2,1,1,1,1,1,1,4,1,2,14,6,2,1,40,2,2
1,12,F,3,2009,2,7,8,2,2,1,1,1,1,1,1,2,1,1,8,6,1,7, ?,1,2
1,12,G,4,2009,3,7,8,2,2,1,1,1,1,1,1,4,1,2,8,4,1,7, ?,2,2