Thana,District,Accident_Severity,Month,Year,Time,Junction_Type,Traffic_Control,Movement,Divider,Weather,Light,Road_Geometry,Surface_Condition,Surface_Type,Surface_Quality,Road_Class,Road_Feature,Location_Type,Vehicle_Type,Vehicle_Movement,Vehicle_Loading,Vehicle_Defect,Vehicle_Driver_Age,Vehicle_Alcohol,Vehicle_Seat_Belt
4,34,G,7,2010,4,1,4,2,2,1,4,5,1,2,1,1,2,?,4,6,1,1,30,2,2
3,33,F,7,2010,3,2,1,2,2,1,1,1,1,1,1,2,1,2,9,6,1,1, ?,2,2
1,31,F,7,2010,3,?,?,2,2,1,1,1,1,1,1,5,1,1,4,6,1,1, ?,2,2
2,32,G,7,2010,3,7,4,2,2,1,2,1,1,1,1,4,1,2,4,6,1,1, ?,2,2
1,27,F,7,2010,2,1,1,2,2,1,1,1,1,1,1,4,1,2,4,6,1,1, ?,2,2
4,27,F,7,2010,3,1,1,2,2,1,1,1,1,1,1,3,1,2,9,6,1,1, ?,2,2
6,34,F,9,2010,2,1,1,2,2,1,1,1,1,1,1,1,1,2,9,5,1,1, ?,2,2
1,31,G,9,2010,3,1,1,2,2,1,1,1,1,1,1,4,2,1,4,6,1,1, ?,2,2
2,31,F,9,2010,2,7,8,2,2,1,1,1,1,1,1,3,4,1,9,11,2,7,35,2,2
4,27,F,9,2010,2,1,1,2,2,1,1,1,1,1,1,2,1,2,8,6,1,1, ?,2,2
2,27,G,9,2010,4,7,8,2,2,1,2,2,1,1,1,3,1,2,8,2,1,1,40,2,2
5,27,F,9,2010,3,1,3,2,2,1,1,1,1,1,1,3,1,2,4,6,1,1,25,2,2
1,34,F,2,2010,2,1,8,2,2,1,1,1,1,1,1,5,1,1,9,6,1,1, ?,2,2
1,34,F,2,2010,3,1,8,2,2,1,1,1,1,1,1,5,1,1,14,6,1,1, ?,2,2
1,34,F,3,2010,2,1,8,2,2,1,1,1,1,1,1,5,1,1,9,6,1,1, ?,2,2
1,34,G,3,2010,2,1,8,2,2,1,1,1,1,1,1,5,1,1,9,6,1,1, ?,2,2
1,34,F,3,2010,2,1,8,2,2,1,1,1,1,1,1,1,1,1,14,7,2,3, ?,2,2
1,34,F,4,2010,2,1,1,2,2,1,1,1,1,1,1,5,1,1,8,6,2,3, ?,2,2
1,34,F,5,2010,1,1,1,2,2,1,1,1,1,1,1,3,1,1,19,6,1,1, ?,2,2
1,34,F,6,2010,2,1,1,2,2,1,2,1,1,1,1,1,1,?,9,6,1,1, ?,2,2
1,34,F,7,2010,2,1,1,2,2,1,1,1,1,1,1,2,1,2,4,1,1,1, ?,2,2
1,34,S,7,2010,3,1,1,2,2,1,1,1,1,1,1,1,1,1,5,6,1,1, ?,2,2
1,34,F,8,2010,3,1,1,2,2,1,1,1,1,1,1,1,1,2,9,5,1,1, ?,2,2
1,34,F,8,2010,2,1,1,2,2,1,1,1,1,1,1,4,1,1,4,6,1,1, ?,2,2
1,34,F,8,2010,3,1,1,2,2,1,1,1,1,1,1,1,1,2,9,6,1,1, ?,2,2
1,34,F,8,2009,2,1,1,2,2,1,2,1,1,1,1,5,1,1,4,6,1,1, ?,2,2
3,32,F,10,2010,4,1,1,2,2,1,3,1,1,1,1,1,1,2,19,6,1,1, ?,2,2
2,27,F,10,2010,3,1,1,2,2,1,1,1,1,1,1,3,4,2,19,6,1,1, ?,2,2
4,27,F,10,2010,2,1,1,2,2,1,1,1,1,1,1,2,1,2,8,6,1,7, ?,2,2
1,34,F,10,2010,3,1,1,2,2,1,1,3,1,1,1,2,1,2,6,6,1,6,35,2,2
1,34,F,10,2010,2,1,4,2,2,1,1,1,1,1,1,2,1,2,16,6,1,1, ?,2,2
1,34,F,11,2010,3,1,1,2,2,4,1,2,1,1,2,4,1,2,4,6,1,3, ?,2,2
1,34,G,12,2010,1,1,1,2,2,1,3,1,1,1,1,1,2,?,14,6,1,1, ?,2,2
1,34,F,12,2010,3,1,1,2,2,1,2,1,1,1,1,1,1,2,9,6,1,1, ?,2,2
1,34,F,12,2010,3,1,1,2,2,1,1,1,1,1,1,1,1,2,9,6,1,1, ?,1,1
1,34,F,12,2010,2,1,1,2,2,1,1,1,1,1,1,5,1,2,4,6,1,3, ?,2,2
2,31,G,12,2010,2,1,8,2,2,1,2,2,1,1,1,3,1,2,7,2,1,7, ?,2,2
7,33,F,11,2010,3,1,1,2,2,1,1,1,1,1,1,4,1,2,9,6,1,1, ?,2,2
3,33,F,11,2010,3,1,1,2,2,1,1,1,1,1,1,3,1,2,19,6,1,1, ?,2,2
1,33,F,12,2010,3,1,1,2,2,1,1,1,1,1,1,3,1,2,4,7,1,7, ?,2,2
5,33,G,12,2010,3,1,1,2,2,1,1,1,1,1,1,4,1,2,9,6,1,7, ?,2,2
4,34,F,11,2010,4,1,1,2,2,1,2,3,1,1,2,3,1,2,19,6,1,1,30,2,2
8,34,F,11,2010,3,1,1,2,2,1,1,1,1,1,1,4,4,2,6,6,1,6, ?,2,2
4,31,F,11,2010,2,1,1,2,2,1,1,1,1,1,1,4,1,2,4,6,1,1,22,2,2
1,27,G,11,2010,2,1,8,2,2,1,1,1,1,1,1,4,1,2,8,6,1,1,25,2,2
3,34,G,1,2010,3,1,1,2,2,1,1,1,1,1,1,3,2,2,19,6,1,1, ?,2,1
3,34,F,10,2010,2,1,1,2,2,1,4,1,1,1,1,1,1,2,14,6,1,1, ?,2,2
4,27,F,10,2010,3,1,1,2,2,1,1,1,1,1,1,4,1,2,8,6,1,7, ?,2,2
1,34,G,12,2010,3,1,1,2,2,1,3,1,1,1,1,1,2,?,14,6,1,1, ?,2,2
2,31,F,2,2010,2,1,1,2,2,1,1,1,1,1,1,3,1,2,9,6,1,1,32,2,2
2,30,F,11,2010,3,1,8,2,2,1,1,1,1,1,1,4,1,2,19,6,1,3, ?,2,2
3,32,F,2,2010,2,1,1,2,2,1,1,1,1,1,1,1,1,2,9,6,1,1,40,2,2
6,30,F,2,2010,2,1,1,2,2,1,1,2,1,1,2,2,1,2,4,1,1,1,32,2,2
1,64,G,1,2010,2,3,4,1,1,1,1,1,1,1,1,5,1,1,5,6,2,1, ?,1,2
1,64,F,2,2010,2,1,4,2,1,1,1,1,1,1,1,5,1,1,8,6,1,1, ?,1,2
1,64,G,2,2010,3,5,4,2,1,1,3,2,1,1,1,5,1,1,8,3,1,1, ?,1,2
3,64,F,5,2010,1,1,1,2,1,1,4,1,1,1,1,5,1,1,13,6,2,1, ?,1,2
3,64,F,6,2010,4,2,4,2,2,1,3,2,1,1,1,5,1,1,13,6,1,?, ?,1,2
3,64,F,9,2010,4,5,4,2,1,1,3,5,1,1,1,5,1,1,7,1,1,1,30,1,2
3,64,F,10,2010,2,2,4,2,1,1,1,1,1,1,1,5,1,1,9,6,1,1, ?,1,2
3,64,F,11,2010,3,3,1,2,2,1,1,1,1,1,1,5,1,1,9,6,1,1, ?,1,2
3,64,F,12,2010,2,1,1,2,1,1,1,1,1,1,1,5,1,1,19,6,1,1, ?,1,2
11,64,G,5,2010,4,1,1,2,2,1,3,1,1,1,1,5,1,1,5,6,1,1, ?,1,2
11,64,G,12,2010,2,1,1,2,2,1,1,1,1,1,1,5,1,1,7,6,1,1, ?,1,2
12,64,F,9,2010,4,1,1,2,2,1,4,1,1,1,3,5,1,1,9,6,1,?, ?,1,2
12,64,F,6,2010,4,1,1,2,2,2,3,1,2,1,1,2,1,2,19,6,1,?, ?,1,2
12,64,F,9,2010,1,1,1,2,2,4,2,1,1,1,1,1,3,2,6,6,1,?,25,1,2
9,64,G,2,2010,3,3,1,2,1,1,1,1,1,1,1,5,1,1,14,4,1,7,44,1,2
9,64,F,5,2010,3,3,4,2,1,1,1,1,1,1,1,5,1,1,9,6,1,7,28,1,2
9,64,F,9,2010,4,4,4,2,1,1,3,1,1,1,1,5,1,1,9,6,1,7,30,1,2
9,64,F,9,2010,3,2,1,2,1,2,1,1,2,1,1,5,1,1,13,6,1,7, ?,1,2
9,64,F,10,2010,3,2,3,2,1,1,1,1,1,1,1,5,1,1,8,6,1,7,45,1,2
8,64,F,1,2010,2,1,1,2,2,1,1,1,1,1,1,5,1,1,8,4,1,3, ?,1,2
8,64,F,12,2010,2,1,1,2,2,1,1,1,1,1,1,5,1,1,14,4,1,1, ?,1,2
5,64,F,2,2010,4,1,1,1,2,1,3,1,1,1,1,5,1,1,14,6,1,1,34,1,2
5,64,F,3,2010,3,1,1,2,2,1,1,1,1,1,1,5,1,1, ?,6,1,?, ?,1,2
5,64,F,3,2010,2,1,1,1,2,1,1,1,1,1,1,5,1,1,6,1,1,1, ?,1,2
5,64,F,9,2010,3,1,1,2,1,1,1,1,1,1,1,5,1,1, ?, ?,?,1, ?,1,2
5,64,F,9,2010,3,1,1,2,2,1,1,1,1,1,1,5,1,1,6,6,1,1, ?,1,2
5,64,F,9,2010,4,1,1,2,1,1,4,1,1,1,1,5,1,2,8,6,1,1, ?,1,2
5,64,F,10,2010,2,1,1,2,2,1,1,1,1,1,1,5,1,1,14,6,1,?, ?,1,2
7,64,F,1,2010,3,2,4,2,1,1,1,1,1,1,1,5,1,1,13,6,1,1,62,1,2
7,64,F,2,2010,4,1,1,2,1,1,3,1,1,1,1,5,1,1,19,1,1,1, ?,1,2
3,64,F,6,2010,1,3,1,2,1,1,3,1,1,1,1,5,1,1,9,6,1,1, ?,1,2
6,64,G,2,2010,3,2,4,2,1,1,1,1,1,1,1,5,1,1,14,6,1,1, ?,1,2
6,64,F,3,2010,4,1,1,2,1,1,2,1,1,1,1,5,1,1,8,5,1,1, ?,1,2
6,64,G,3,2010,3,1,1,2,1,1,1,1,1,1,1,5,1,1,10,6,1,1, ?,1,2
6,64,F,3,2010,2,1,1,2,1,1,1,1,1,1,1,5,1,1,8,6,1,1, ?,1,2
6,64,F,3,2010,1,1,1,2,1,1,2,1,1,1,1,5,1,1,8,6,1,1, ?,1,2
6,64,F,7,2010,1,1,1,2,1,1,3,1,1,1,1,5,1,1,7,6,1,1, ?,1,2
6,64,G,10,2010,2,1,4,2,1,1,1,1,1,1,1,5,1,1,9,6,1,1,25,1,2
6,64,F,12,2010,3,1,1,2,1,1,1,1,1,1,1,5,1,1,8,6,1,1,40,1,2
6,64,F,12,2010,2,2,4,2,1,1,1,1,1,1,1,5,1,1,9,6,1,1,30,1,2
7,64,F,7,2010,4,1,4,2,2,1,2,1,1,1,1,5,1,1,10,6,1,1,22,1,2
7,64,F,8,2010,2,1,1,2,1,1,1,1,1,1,1,5,1,1,14,6,1,1, ?,1,2
7,64,F,11,2010,4,1,1,2,1,1,2,1,1,1,1,5,1,1,8,6,1,1, ?,1,2
7,64,F,11,2010,1,1,1,2,1,1,2,1,1,1,1,5,1,1,9,6,1,1, ?,1,2
7,64,F,12,2010,3,1,1,2,1,1,1,1,1,1,1,5,1,1,9,6,1,1,19,1,2
7,64,G,12,2010,1,1,1,1,1,1,2,1,1,1,1,5,1,1,5,10,1,1, ?,1,2
10,64,F,10,2010,4,1,1,2,2,1,3,1,1,1,1,5,1,1,9,6,?,1, ?,1,2
10,64,F,10,2010,4,5,4,2,1,1,3,1,1,1,1,5,1,1,9,6,1,1, ?,1,2
10,64,G,12,2010,1,1,1,2,2,1,3,1,1,1,1,5,1,1,10,6,1,1,23,1,2
10,64,F,10,2010,3,5,6,2,1,1,1,1,1,1,1,5,1,1,9,6,1,1,32,1,2
10,64,F,10,2010,4,1,1,2,2,1,3,1,1,1,1,5,1,1,14,6,1,1,35,1,2
2,64,G,11,2010,2,3,4,2,1,1,1,1,1,1,1,5,1,1,14,6,1,1,27,1,2
2,64,F,11,2010,4,3,4,2,1,1,3,1,1,1,1,5,1,1,14,6,1,1,20,1,2
2,64,F,10,2010,3,3,1,2,1,1,1,1,1,1,1,5,1,1,14,6,1,1, ?,1,2
2,64,F,10,2010,4,1,5,2,2,1,3,2,1,1,1,5,1,1,15,6,1,1, ?,1,2
2,64,G,8,2010,3,1,1,2,1,1,1,4,1,2,1,5,1,2,4,6,2,1,22,1,2
2,64,F,8,2010,1,3,4,2,1,1,2,1,1,1,1,5,1,1,9,6,1,1, ?,1,2
2,64,G,7,2010,3,1,1,2,1,1,1,1,1,1,1,5,1,1,14,6,1,1, ?,1,2
2,64,F,7,2010,3,1,7,2,2,1,1,1,1,1,1,5,1,1,14,6,1,1, ?,1,2
2,64,F,3,2010,4,3,6,2,1,1,2,3,1,1,1,5,1,1,9,6,1,1, ?,1,2
2,64,F,2,2010,4,1,1,2,1,1,3,1,1,1,1,5,1,1,19,6,2,1, ?,1,2
1,64,G,6,2010,4,5,4,2,2,1,2,2,1,1,1,5,1,1,14,6,1,1,35,1,2
1,64,F,7,2010,2,1,1,2,1,1,1,1,1,1,1,5,1,1,19,6,1,1, ?,1,2
1,64,F,7,2010,1,4,1,2,1,2,3,1,2,1,1,5,1,1,14,6,1,1, ?,1,2
1,64,F,9,2010,4,1,1,2,2,1,3,1,1,1,1,5,1,1,4,6,1,1,21,1,2
4,64,F,4,2010,3,1,1,2,1,1,1,1,1,1,1,5,1,1,13,6,1,1, ?,1,2
4,64,F,8,2010,2,1,4,2,1,1,1,1,1,1,1,5,1,1, ?,6,?,1, ?,1,2
4,64,F,9,2010,2,1,1,2,1,1,1,1,1,1,1,5,1,1,14,6,1,1, ?,1,2
4,64,F,10,2010,4,1,1,2,2,1,3,1,1,1,1,5,1,1,14,6,1,1, ?,1,2
4,64,F,11,2010,3,1,1,2,1,1,1,1,1,1,1,5,1,1,8,6,1,1,43,1,2
4,64,F,12,2010,4,1,4,2,1,1,2,1,1,1,1,5,1,1,8,6,1,1, ?,1,2
4,64,F,12,2010,2,1,1,2,1,1,1,1,1,1,1,5,1,1,14,6,1,1, ?,1,2
4,64,F,12,2010,4,1,1,2,2,1,3,1,1,1,1,5,1,1,8,6,1,1, ?,1,2
5,62,F,2,2010,3,1,1,2,2,1,1,1,1,1,1,3,1,2,9,6,1,1,23,2,2
5,62,F,3,2010,3,1,1,2,2,1,1,1,1,1,1,3,1,2,9,5,1,1,35,2,2
4,62,F,4,2010,3,1,1,2,2,1,1,1,1,1,1,2,1,2,16,5,1,1, ?,2,2
4,62,F,4,2010,4,1,1,2,2,1,4,1,1,1,1,1,1,2, ?,6,?,?, ?,2,2
3,62,F,5,2010,3,1,1,2,2,1,1,1,1,1,1,2,1,2,9,6,1,1, ?,2,2
4,62,F,5,2010,2,1,1,2,2,1,1,1,1,1,1,4,1,2,7,6,1,1, ?,2,2
4,62,F,6,2010,3,1,1,2,2,1,1,1,1,1,1,4,1,2, ?,6,?,?, ?,2,2
8,57,F,3,2010,2,1,1,2,2,1,1,1,1,1,1,1,1,2, ?,6,?,?, ?,2,2
7,57,F,4,2010,4,1,1,2,2,1,1,1,1,1,1,2,1,2,17,6,1,?, ?,2,2
6,57,F,5,2010,3,1,1,2,2,1,1,1,1,1,1,3,1,2,17,5,2,1, ?,2,2
4,57,F,2,2010,1,1,1,2,2,1,2,1,1,1,1,4,1,2, ?,6,1,?, ?,2,2
5,57,F,3,2010,3,3,1,2,2,1,1,1,1,1,1,1,1,2,15,6,1,1, ?,2,2
9,57,F,3,2010,2,2,1,2,2,1,2,1,1,1,1,1,1,2,6,6,2,1, ?,2,2
9,57,F,4,2010,2,1,1,2,2,1,1,1,1,1,1,1,1,2,9,6,1,1,40,2,2
1,57,F,1,2010,3,1,1,2,2,1,2,1,1,1,1,1,1,1,14,6,1,1, ?,2,2
1,57,F,1,2010,2,3,1,2,2,4,1,1,1,1,1,3,1,2,4,6,1,1, ?,2,2
9,57,F,1,2010,4,1,1,2,2,1,4,1,1,1,1,2,1,2, ?,6,?,?, ?,2,2
9,57,F,2,2010,4,1,1,2,2,1,1,1,1,1,1,1,1,2, ?,6,?,?, ?,2,2
6,59,F,1,2010,4,1,1,2,2,1,4,1,1,1,1,2,1,2,9,6,1,1, ?,2,2
8,63,M,1,2010,4,1,1,2,2,1,4,1,1,1,1,1,1,2,11,6,1,1, ?,2,2
8,63,F,1,2010,2,1,1,2,2,4,1,1,2,1,1,1,1,2, ?,6,1,1, ?,2,2
7,63,F,1,2010,2,7,1,2,2,4,2,1,1,1,1,1,1,2,7,6,1,1, ?,2,2
1,65,F,2,2010,3,1,1,2,2,1,1,1,1,1,1,1,1,2,13,1,1,?, ?,2,2
2,65,F,1,2010,4,1,1,2,2,1,4,1,1,1,1,1,1,2,9,11,2,7,38,2,2
2,65,F,2,2010,1,2,1,2,2,1,2,2,1,1,1,1,1,2, ?,6,1,1, ?,2,2
2,65,F,5,2010,3,1,1,2,2,1,2,2,1,1,1,2,1,2,11,6,1,1, ?,2,2
1,68,F,1,2010,4,1,1,2,2,1,1,4,1,1,1,1,1,2,9,6,2,7,48,1,2
1,68,F,4,2010,4,1,1,2,2,1,4,5,5,2,2,3,1,2,11,6,2,6,29,2,2
1,68,F,5,2010,2,1,1,2,2,1,1,1,1,1,1,1,1,2,5,6,2,1, ?,1,2
1,68,G,6,2010,4,1,1,2,1,1,4,1,1,1,1,1,1,2,19,6,1,1, ?,2,2
1,68,F,7,2010,3,1,1,2,2,1,1,1,1,1,1,1,1,2,9,4,1,1, ?,2,2
1,68,F,8,2010,3,1,1,2,2,1,1,1,1,1,1,2,1,2,5,6,1,1, ?,2,2
5,68,F,3,2010,2,1,1,2,2,1,1,4,1,1,2,3,1,2,11,6,1,1, ?,2,2
6,68,F,1,2010,3,1,1,2,2,1,1,1,1,1,1,3,1,2,11,6,1,1, ?,2,2
6,68,F,8,2010,3,1,1,2,2,2,1,1,1,1,1,4,1,2,11,6,1,1, ?,2,2
3,68,F,5,2010,3,1,1,2,2,1,1,4,1,1,1,3,1,2,14,3,2,1,38,2,2
1,61,F,2,2010,3,1,1,2,2,1,1,1,1,1,1,1,1,2,14,6,1,1,40,1,2
1,61,F,3,2010,2,1,1,2,2,1,2,1,1,1,1,3,1,1,19,6,1,7, ?,1,2
1,61,F,4,2010,1,1,1,2,2,1,4,1,1,1,1,1,1,2,9,6,1,1, ?,2,2
1,61,F,4,2010,1,1,1,2,2,1,1,1,1,1,1,3,1,2, ?,6,1,1, ?,1,2
1,61,F,5,2010,1,3,1,2,2,1,3,1,1,1,1,1,1,2, ?,6,1,1, ?,1,2
1,61,F,6,2010,1,3,1,2,2,1,3,1,2,1,1,1,1,2, ?,6,1,1, ?,1,2
1,61,F,7,2010,4,1,1,2,2,1,1,1,1,1,1,1,1,2, ?,6,1,1, ?,2,2
1,61,F,7,2010,2,2,1,2,2,1,1,1,1,1,1,1,1,2, ?,6,1,1, ?,2,2
1,61,F,7,2010,3,1,1,2,2,1,1,1,1,1,1,1,1,2, ?,6,?,?, ?,2,2
1,61,F,7,2010,1,1,1,2,2,1,1,3,1,1,1,1,1,2, ?,6,1,1, ?,1,2
1,61,F,7,2010,4,1,1,2,2,1,4,1,1,1,1,1,1,2, ?,6,1,1, ?,2,2
1,61,F,8,2010,3,1,1,2,2,1,1,1,1,1,1,1,1,2, ?,6,1,1, ?,2,2
1,61,F,8,2010,2,1,1,2,2,1,1,1,1,1,1,1,1,2,14,6,1,1, ?,2,2
6,59,F,5,2010,3,1,1,2,2,1,1,1,1,1,1,4,1,2, ?, ?,?,?, ?,?,?
1,59,F,7,2010,4,1,1,2,2,1,1,1,1,1,1,2,1,2,5,6,1,1,45,2,2
4,60,F,4,2010,2,1,1,2,2,1,1,1,1,1,1,3,1,2,5,6,1,1,30,2,2
4,60,G,5,2010,4,1,1,2,2,1,1,1,1,1,1,3,1,2,13,6,1,7,35,2,2
3,60,F,3,2010,3,1,1,2,2,1,1,1,1,1,1,4,1,2,4,6,1,7,35,2,2
3,60,F,5,2010,2,1,1,2,2,1,1,1,1,1,1,4,1,2,17,11,1,1,38,2,2
5,60,F,4,2010,4,4,1,2,2,1,2,1,1,1,1,4,1,2,5,6,1,7, ?,2,2
5,60,F,5,2010,2,1,1,2,2,1,1,1,1,1,1,3,1,2,14,6,1,1, ?,2,2
1,60,F,3,2010,3,1,1,2,2,1,1,1,1,1,1,4,1,2,9,6,1,1,30,2,2
1,60,F,3,2010,3,1,1,2,2,1,1,1,1,1,1,1,1,1,9,6,1,7,35,2,2
1,60,F,4,2010,4,1,1,2,2,1,4,1,1,1,1,1,1,2,14,6,2,1, ?,1,2
1,60,F,6,2010,2,1,1,2,2,1,1,1,1,1,1,4,1,2,4,6,1,7,35,2,2
8,66,F,2,2010,4,1,1,2,2,1,4,1,1,1,1,1,1,2,14,6,1,1, ?,2,2
8,66,F,2,2010,2,1,1,2,2,1,1,1,1,1,1,4,1,2,4,6,1,1,30,2,2
4,66,F,3,2010,4,1,1,2,2,1,4,1,1,1,1,4,1,2,5,6,1,1, ?,2,2
1,66,G,3,2010,3,1,1,2,2,1,1,1,1,1,1,4,1,2,14,6,1,1, ?,2,2
5,66,F,4,2010,3,1,1,2,2,1,1,1,1,1,1,4,1,2,14,6,1,?, ?,2,2
6,66,F,4,2010,2,1,1,2,2,1,1,1,1,1,1,2,1,2,8,6,1,1, ?,2,2
5,66,F,4,2010,2,1,1,2,2,1,1,1,1,1,1,4,1,2, ?, ?,?,?, ?,?,?
7,66,F,6,2010,3,1,1,2,2,1,1,1,1,1,1,4,1,2,14,1,1,6, ?,2,2
10,66,F,8,2010,3,1,1,2,2,1,1,1,1,1,1,2,1,2,6,6,1,1,30,2,2
5,66,G,8,2010,4,1,1,2,2,1,4,1,1,1,1,2,1,2,11,6,1,2,25,2,2
1,57,F,3,2010,3,1,1,2,2,1,1,1,1,1,1,2,1,2,13,6,2,1,38,2,2
1,57,F,6,2010,2,1,1,2,2,1,1,1,1,1,1,1,1,2,14,6,1,1,45,2,2
1,57,F,7,2010,4,1,1,2,2,1,4,1,1,1,1,4,1,2,5,5,1,1, ?,?,?
3,57,F,8,2010,4,1,1,2,2,1,1,1,1,1,1,1,1,2, ?,6,?,?, ?,2,2
3,57,F,8,2010,3,1,1,2,2,1,1,1,1,1,1,1,1,2, ?,6,1,?, ?,2,2
6,57,F,5,2010,3,1,1,2,2,1,1,1,1,1,1,4,1,2,8,6,1,1,55,2,2
2,57,F,3,2010,3,1,1,2,2,1,1,1,1,1,1,3,1,2,12,6,1,1, ?,2,2
8,63,F,7,2010,3,2,1,2,2,1,1,1,1,1,1,1,1,2,4,6,1,1, ?,2,2
9,63,F,9,2010,4,1,1,2,2,1,2,2,1,1,1,1,1,2,9,6,1,2, ?,2,2
7,63,F,4,2010,4,1,1,2,2,1,1,1,1,1,1,1,1,2,7,6,1,1, ?,2,2
9,63,F,4,2010,3,1,1,2,2,1,1,1,1,1,1,1,1,2,8,6,1,1,37,2,2
9,63,F,4,2010,4,1,1,2,2,1,4,1,1,1,1,1,1,2,13,6,1,1, ?,2,2
4,63,F,5,2010,?,1,1,2,2,1,?,1,1,1,1,1,1,2,13,1,1,1, ?,2,2
4,63,F,5,2010,3,1,4,2,2,1,1,1,1,1,1,1,1,2,9,6,1,1, ?,2,2
4,63,F,7,2010,4,1,1,2,2,1,4,1,1,1,1,1,1,2,8,8,1,1,24,2,1
13,63,F,3,2010,4,1,1,2,2,1,1,1,1,1,1,1,1,2, ?,6,1,1, ?,2,2
8,63,F,7,2010,2,1,1,2,2,1,1,1,2,1,1,1,1,2,14,6,1,1,45,2,2
15,63,F,5,2010,4,1,1,2,2,2,4,2,2,1,1,4,1,2,13,6,1,1, ?,2,2
17,58,F,4,2010,3,1,1,2,2,1,1,1,1,1,1,1,1,2,7,11,1,7, ?,2,2
12,58,F,4,2010,3,1,1,2,2,1,1,1,1,1,1,4,1,2,7,11,1,7,30,2,2
13,58,F,6,2010,4,3,1,2,2,1,4,1,1,1,2,2,1,2,9,5,1,3, ?,2,2
11,58,F,8,2010,3,7,1,2,2,1,2,1,5,1,1,2,1,2,9,11,1,7,36,2,2
10,58,F,10,2010,3,1,1,2,1,1,1,1,1,1,1,2,1,2,9,6,1,1, ?,1,2
7,58,F,12,2010,2,7,1,2,2,1,1,1,1,1,1,1,1,2,8,11,1,7, ?,2,2
2,65,F,10,2010,4,1,1,2,2,1,3,1,1,1,1,1,1,2, ?, ?,?,?, ?,?,?
1,67,G,11,2010,2,1,1,2,2,1,1,2,1,1,1,5,2,1,9,11,1,1,45,2,2
4,62,F,11,2010,4,1,1,2,2,1,2,1,1,1,1,4,1,2,5,5,2,1,35,2,2
8,63,F,10,2010,1,1,1,2,1,2,1,1,1,1,1,1,1,2, ?,6,1,1, ?,2,2
13,63,F,11,2010,3,1,1,1,1,1,1,1,1,1,1,1,1,2,9,1,1,1,45,2,2
7,63,F,12,2010,3,1,2,2,1,1,1,1,1,1,1,1,1,2,14,6,1,3,45,2,2
9,63,F,9,2010,4,1,1,2,2,1,4,1,1,1,1,1,1,1,7,5,2,1, ?,2,2
9,63,G,10,2010,3,1,1,2,2,1,1,1,1,1,1,1,2,2,9,6,1,3,35,2,2
6,63,G,9,2010,4,1,1,2,2,1,4,1,1,1,1,1,1,2,8,6,1,1, ?,2,2
10,63,F,1,2010,4,1,1,2,2,1,4,1,1,1,1,2,1,1,14,6,1,1, ?,2,2
1,57,F,12,2010,3,2,1,2,2,1,1,1,1,1,1,1,1,1,9,6,1,1, ?,2,2
10,63,F,2,2010,3,1,1,2,2,1,1,1,1,1,1,1,1,1,7,11,1,1, ?,2,2
13,63,F,8,2010,1,1,1,2,2,1,4,1,1,1,1,1,1,2, ?,6,1,1, ?,2,2
6,63,G,7,2010,1,1,1,2,2,1,4,1,1,1,1,1,1,2,10,6,1,1,28,1,2
11,63,F,3,2010,2,1,1,2,2,1,1,1,1,1,1,1,1,2,9,6,1,1, ?,2,2
3,63,F,2,2010,3,2,1,2,2,1,1,1,1,1,1,3,1,2,14,6,1,1,26,2,2
1,62,F,10,2010,2,1,1,2,2,1,2,1,1,1,1,5,1,1, ?,6,1,1, ?,2,2
10,63,G,4,2010,2,1,1,2,2,1,1,1,1,1,1,4,1,1,4,6,1,1, ?,2,2
8,57,F,12,2010,1,1,1,2,1,1,4,1,1,1,1,1,1,2, ?,6,1,1, ?,1,2
8,57,F,11,2010,3,1,1,2,2,1,1,4,1,2,2,4,1,2,17,6,1,1, ?,2,2
5,57,S,10,2010,3,1,1,2,2,1,1,1,1,2,3,4,1,2,12,6,1,6, ?,2,2
8,57,F,11,2010,4,1,1,2,2,1,1,1,1,1,1,1,1,2, ?,6,1,1, ?,2,2
1,61,F,10,2010,3,3,1,2,2,1,1,1,1,1,1,1,1,?,12,6,1,1, ?,2,2
2,61,F,11,2010,2,3,1,2,2,1,1,1,1,1,1,3,1,2,5,6,1,1, ?,2,2
1,61,F,11,2010,1,1,8,2,2,4,4,1,1,1,1,1,1,?,14,6,1,1, ?,1,2
1,57,F,9,2010,4,1,1,2,2,1,1,1,1,1,2,3,1,2,4,6,1,1, ?,2,2
8,13,F,9,2010,2,1,1,2,2,1,1,1,1,1,1,4,1,2,4,6,1,1, ?,2,2
2,68,G,1,2010,3,1,1,2,2,1,1,3,1,1,1,4,1,2,11,6,2,1,1,2,2
3,57,F,11,2010,1,1,1,2,2,1,2,1,1,1,1,1,1,2,19,6,1,1, ?,1,2
1,60,F,9,2010,2,1,1,2,2,1,1,1,1,1,1,2,1,2,5,8,1,1, ?,2,2
1,61,F,9,2010,4,1,1,2,2,4,4,1,1,1,1,1,1,?,9,6,1,1, ?,2,2
5,61,G,11,2010,3,1,1,2,2,1,1,1,1,1,1,1,1,?,19,6,2,7, ?,2,2
1,61,F,10,2010,1,1,1,2,2,1,3,1,1,1,1,1,1,2,12,6,1,1, ?,2,2
3,57,F,10,2010,4,1,1,2,2,1,2,1,1,1,1,1,1,2,14,6,1,1,30,2,2
3,57,F,10,2010,1,1,1,2,2,1,2,1,1,1,1,1,1,2,19,6,1,1, ?,1,2