Thana,District,Accident_Severity,Month,Year,Time,Junction_Type,Traffic_Control,Movement,Divider,Weather,Light,Road_Geometry,Surface_Condition,Surface_Type,Surface_Quality,Road_Class,Road_Feature,Location_Type,Vehicle_Type,Vehicle_Movement,Vehicle_Loading,Vehicle_Defect,Vehicle_Driver_Age,Vehicle_Alcohol,Vehicle_Seat_Belt
11,58,F,4,2010,3,1,1,2,2,1,1,1,1,1,1,4,1,2,7,6,1,1,30,2,2
1,67,G,11,2010,2,1,1,2,2,1,1,1,1,1,1,5,2,1,9,6,1,1,45,2,2
7,67,F,4,2010,2,1,1,2,2,1,1,1,1,1,1,2,1,2,9,6,1,1, ?,2,2
16,58,F,4,2010,1,1,1,2,2,1,1,1,1,1,1,2,1,2,7,6,1,1, ?,1,1
8,67,F,2,2010,4,1,1,1,2,1,4,2,1,1,1,1,1,2,9,6,1,2,58,2,2
2,65,F,9,2010,4,1,1,2,2,1,3,1,1,1,1,1,1,2,19,6,1,1, ?,2,2
1,65,F,6,2010,1,1,1,2,2,1,4,1,1,1,1,5,1,1,9,6,1,1,35,2,2
2,65,F,10,2010,4,1,1,2,2,1,3,1,1,1,1,1,1,2,1,6,1,1, ?,1,2
2,62,F,10,2010,3,7,1,2,2,1,1,1,1,1,1,2,1,2,5,6,2,1,22,2,2
3,62,F,12,2010,4,1,1,2,2,4,4,1,1,1,1,3,1,2,12,6,1,1,32,2,2
4,62,F,11,2010,4,1,1,2,2,1,1,1,1,1,1,4,1,2,5,6,1,1,35,2,2
10,63,F,10,2010,2,1,1,2,2,1,1,1,1,1,1,2,?,?,9,6,1,1, ?,2,2
4,63,F,9,2010,2,1,1,2,1,1,1,2,1,1,1,1,2,2,12,6,1,3, ?,2,2
6,58,F,11,2010,2,1,1,2,2,1,2,1,1,1,1,1,1,2,19,6,1,1, ?,2,2
2,61,F,7,2010,1,1,1,2,2,2,4,5,2,1,1,1,1,2, ?,6,1,1, ?,2,2
7,57,F,4,2010,1,1,1,2,2,1,4,1,1,1,2,2,1,2,5,6,1,1, ?,2,2
6,66,G,8,2010,2,1,1,2,2,1,1,1,1,1,1,2,1,2,6,6,1,1, ?,2,2
8,66,F,6,2010,3,1,1,2,2,1,1,2,1,1,1,4,1,2,14,6,1,1, ?,2,2
9,66,F,2,2010,4,1,1,2,2,1,4,1,1,1,1,4,1,2,4,6,1,1, ?,2,2
9,66,F,2,2010,2,1,1,2,2,1,1,1,1,1,1,2,1,2,14,6,1,1, ?,2,2
4,66,G,3,2010,3,1,1,2,2,1,1,1,1,1,1,2,1,2, ?, ?,?,?, ?,?,?
2,65,F,1,2010,2,1,1,2,2,1,1,1,1,1,1,1,1,2,9,6,1,1, ?,2,2
6,59,F,1,2010,1,1,5,2,2,1,4,1,1,2,2,2,1,2,9,6,1,1, ?,2,2
8,38,F,1,2010,3,7,8,2,2,1,1,1,1,3,2,4,1,2,16,7,1,1,25,2,2
1,38,F,1,2010,1,1,1,2,2,1,3,1,1,1,1,1,1,2,9,6,1,1,38,2,2
2,36,F,1,2010,2,3,1,2,2,1,1,1,1,1,1,1,1,2,9,1,1,1, ?,2,2
1,45,F,1,2010,2,1,1,2,2,1,1,1,1,1,1,1,1,2,9,6,1,1, ?,2,2
1,47,F,1,2010,3,1,1,2,2,1,2,1,1,1,1,1,1,2,9,6,1,1,35,2,2
10,47,G,11,2010,2,1,1,2,2,1,1,1,1,1,1,2,1,2,4,6,1,1,50,2,2
5,47,F,1,2010,1,3,1,2,2,1,2,1,1,1,1,1,1,2,14,6,1,6,34,2,2
5,47,F,1,2010,3,3,1,2,2,1,1,1,1,1,2,1,1,2,14,6,1,6,40,2,2
12,47,F,1,2010,3,1,1,2,2,1,1,2,1,1,1,1,2,2,9,9,1,1, ?,2,2
12,47,S,1,2010,3,1,1,2,2,1,1,2,1,1,1,1,1,2,9,6,1,1, ?,2,2
12,51,F,1,2010,3,1,1,2,2,1,1,1,1,1,1,3,1,2,17,6,2,6,23,2,2
2,50,F,1,2010,2,1,1,2,2,1,1,1,1,1,1,1,1,2,5,6,1,1, ?,2,2
10,52,F,1,2010,3,4,1,2,2,1,1,2,1,1,1,3,1,2,8,1,1,1,35,2,2
1,49,F,1,2010,2,1,1,2,2,1,1,2,1,1,1,2,1,2,9,1,1,1, ?,2,2
4,44,F,1,2010,4,1,4,2,2,4,3,1,1,1,1,5,1,1,9,6,1,1, ?,2,2
3,44,F,1,2010,3,1,1,2,2,1,1,1,1,1,1,1,1,1,9,6,1,1, ?,2,2
3,44,G,1,2010,2,1,1,2,2,1,1,1,1,1,1,5,1,1,14,6,1,1,40,2,2
7,44,F,1,2010,2,1,1,2,2,1,1,1,1,1,1,4,1,2,5,6,1,3, ?,2,2
5,44,F,1,2010,2,3,3,2,2,1,1,1,1,3,1,1,1,2,13,8,1,1, ?,2,2
2,52,F,1,2010,2,4,1,2,2,1,1,1,1,1,1,3,1,2,6,6,1,1,36,2,2
4,37,F,1,2010,2,1,3,2,2,1,1,3,1,1,1,3,1,2,8,6,1,3,35,2,2
2,37,F,1,2010,1,1,1,2,2,1,4,1,1,1,1,3,1,2,13,1,1,6, ?,2,2
6,40,G,1,2010,3,1,2,2,2,1,1,1,1,1,1,1,1,2,9,6,1,6, ?,2,2
3,40,F,1,2010,3,1,1,2,2,1,1,1,1,1,1,4,1,2,9,6,1,6,40,2,2
1,38,F,2,2010,3,1,1,2,2,1,1,1,1,1,1,1,1,1,9,6,1,6,42,2,2
2,43,F,2,2010,1,5,1,2,2,1,2,1,1,1,1,1,1,2,15,6,1,3, ?,2,2
4,44,F,2,2010,2,1,1,2,2,1,1,1,1,1,1,5,1,1,14,6,1,1,35,2,2
3,44,F,1,2010,2,1,1,2,2,1,1,1,1,1,1,1,1,2,15,6,1,3, ?,2,2
7,44,F,2,2010,4,3,1,2,2,1,3,1,1,1,1,1,1,1,14,6,1,7, ?,2,2
5,44,F,2,2010,3,1,1,2,2,1,1,1,5,2,1,2,1,2,10,6,1,3, ?,2,2
2,49,F,2,2010,3,1,1,2,2,1,1,1,1,1,1,3,1,2,12,6,1,1, ?,2,2
2,41,F,2,2010,2,1,1,2,2,1,1,1,1,1,1,2,1,2,14,6,1,3,30,2,2
6,41,F,1,2010,3,3,1,2,2,1,1,1,1,1,1,3,1,1,19,6,1,1, ?,2,2
4,50,F,2,2010,3,1,1,2,2,1,1,1,1,1,1,4,1,2,17,6,2,6,30,2,2
1,45,F,2,2010,3,1,1,2,2,1,1,1,1,1,1,4,1,2,19,6,1,3, ?,2,2
2,45,G,2,2010,2,1,1,2,2,1,1,1,1,1,1,1,1,2,9,6,1,4, ?,2,2
1,35,F,2,2010,2,1,1,2,2,1,1,1,1,1,1,2,1,2,14,6,1,3, ?,2,2
3,37,F,2,2010,2,1,1,2,2,1,1,1,1,1,1,4,1,2,19,6,2,6, ?,2,2
5,37,F,2,2010,3,1,1,2,2,1,1,1,1,1,1,3,1,2,8,6,1,1, ?,2,2
1,51,F,2,2010,2,1,1,2,2,1,1,1,1,1,1,5,1,1,17,6,1,1, ?,2,2
1,51,F,2,2010,3,3,1,2,2,1,2,3,1,1,1,5,1,1,4,6,1,6,35,2,2
1,51,F,2,2010,3,1,1,2,2,1,1,2,1,1,2,3,1,2,18,6,2,6, ?,2,2
12,47,S,2,2010,4,1,1,2,2,1,2,2,1,1,1,4,1,2,19,6,2,6, ?,2,2
5,47,F,2,2010,3,1,1,2,2,1,1,2,1,1,1,1,1,2,14,6,1,1,40,2,2
1,47,M,2,2010,4,1,1,2,2,1,2,1,1,1,1,5,1,1,15,6,1,4,30,2,2
11,47,F,2,2010,3,1,1,2,2,1,1,1,1,1,1,5,1,1,16,6,1,3,30,2,2
1,40,F,2,2010,4,1,1,2,2,1,2,1,1,1,1,1,1,1,19,6,1,3, ?,2,2
7,40,F,2,2010,4,1,1,2,2,1,2,1,1,1,1,4,1,2,4,6,1,1,25,2,2
7,40,F,2,2010,3,1,1,2,2,1,1,1,1,1,1,2,1,2,9,6,1,1,30,2,2
7,40,F,2,2010,3,1,1,2,2,1,1,1,1,1,1,2,1,2,4,6,1,1, ?,2,2
3,40,F,2,2010,1,1,1,2,2,1,4,1,1,1,1,1,1,2,19,6,1,1, ?,2,2
1,35,F,3,2010,2,2,1,2,2,1,1,1,1,1,1,1,1,1,14,6,1,1,35,2,2
7,38,G,3,2010,3,1,1,2,2,1,1,1,1,1,1,1,1,2,4,6,1,1,25,2,2
2,50,F,3,2010,2,1,1,2,2,1,1,1,1,1,1,1,1,2,9,6,1,1, ?,2,2
5,50,F,3,2010,2,1,1,2,2,1,2,1,1,1,1,2,1,2,14,6,1,6,30,2,2
8,50,F,3,2010,3,1,1,2,2,1,1,1,5,2,2,3,1,2,14,6,1,3, ?,2,2
6,41,F,3,2010,2,2,1,2,2,1,1,1,1,1,1,1,1,1,9,6,1,1,25,2,2
6,41,F,3,2010,2,3,1,2,2,1,1,1,1,1,1,3,1,1,8,6,1,1, ?,2,2
2,45,G,2,2010,3,1,1,2,2,1,1,1,1,1,1,1,1,2,7,6,1,1, ?,2,2
1,49,F,3,2010,2,1,1,2,2,1,1,1,1,1,1,2,1,2,14,6,1,1, ?,2,2
1,49,F,3,2010,3,1,1,2,2,1,1,1,1,1,1,2,1,2,9,6,1,1, ?,2,2
4,49,G,3,2010,2,1,1,2,2,1,1,1,1,1,1,4,1,2,6,1,1,6,24,2,2
6,48,F,3,2010,2,1,3,2,2,1,1,1,1,1,1,4,1,2,19,6,2,6,18,2,2
6,48,F,3,2010,2,1,1,2,2,1,1,4,1,1,1,3,1,2,8,6,1,1, ?,2,2
1,48,F,3,2010,3,1,1,2,2,1,1,2,1,1,1,4,1,2,17,6,2,6, ?,2,2
3,48,F,3,2010,3,3,1,2,2,1,1,1,1,1,1,4,1,2,4,6,1,1, ?,2,2
2,48,F,3,2010,3,4,1,2,2,1,1,1,1,1,1,4,1,2,4,6,1,1, ?,2,2
1,51,F,3,2010,2,1,1,2,2,1,1,1,1,1,1,2,1,2,9,6,1,6, ?,2,2
11,51,G,3,2010,2,1,3,2,2,1,1,1,1,1,1,3,1,2,19,6,2,6,15,2,2
9,51,F,3,2010,3,1,1,2,2,1,1,1,1,1,1,4,1,2,9,6,1,1, ?,2,2
3,43,F,3,2010,2,1,1,2,2,1,1,1,1,1,1,1,1,1,14,6,1,1,26,2,2
4,44,F,3,2010,3,1,1,2,2,1,1,1,1,1,1,5,1,1,8,6,1,1, ?,2,2
7,44,F,3,2010,4,1,1,2,2,1,2,1,1,1,1,1,1,2,8,6,1,6, ?,2,2
1,35,S,2,2010,4,1,1,2,2,1,2,1,1,1,1,3,5,1,10,6,1,1, ?,2,2
1,35,F,4,2010,3,1,1,2,2,1,1,1,1,1,1,3,1,2,19,6,1,1, ?,2,2
8,38,F,4,2010,4,1,1,2,2,1,2,1,1,1,1,3,1,2,4,6,1,1,32,2,2
12,51,F,4,2010,3,1,3,2,2,1,1,1,1,1,1,3,1,2,9,6,1,1,28,2,2
8,51,F,4,2010,4,1,1,2,2,1,2,1,1,1,1,4,1,2,12,6,1,1,25,2,2
3,51,G,3,2010,4,1,1,2,2,1,4,1,1,2,2,4,1,2,4,6,1,1, ?,2,2
2,51,F,4,2010,2,1,1,2,2,1,1,1,1,3,2,4,1,2,17,6,2,6,35,2,2
4,41,F,3,2010,2,1,1,2,2,1,1,1,1,1,1,3,1,2,9,6,1,3, ?,2,2
12,47,F,4,2010,2,1,1,2,2,1,1,1,1,1,1,1,1,2,4,6,1,1,28,2,2
7,47,F,4,2010,2,1,1,2,2,1,2,1,1,1,1,1,1,2,13,6,1,6,30,2,2
5,45,F,4,2010,3,1,1,2,2,1,1,1,1,1,1,1,1,2,9,6,1,1, ?,2,2
1,49,F,4,2010,2,1,1,2,2,1,1,1,1,1,1,2,1,1,14,6,1,1,40,2,2
1,49,F,4,2010,4,1,1,2,2,1,3,1,1,1,1,3,1,2,4,6,1,3,26,2,2
2,48,F,4,2010,3,1,3,2,2,1,1,1,1,1,1,3,1,2,19,6,2,6,25,2,2
3,48,F,4,2010,3,1,1,2,2,1,1,1,1,1,1,4,1,2,4,6,1,3, ?,2,2
1,40,G,3,2010,4,1,1,2,2,1,1,1,1,1,1,1,1,1,9,6,1,1, ?,2,2
1,40,G,3,2010,3,1,1,2,2,1,1,1,1,1,1,1,1,2,9,6,1,4, ?,2,2
7,40,G,3,2010,4,4,1,2,2,1,2,1,1,1,1,2,1,2,8,6,1,6,35,2,2
6,40,F,3,2010,4,1,1,2,2,1,1,1,1,1,1,1,1,2,9,6,1,3, ?,2,2
1,40,G,4,2010,3,1,1,2,2,1,1,1,1,1,1,1,1,2,9,6,1,3, ?,2,2
1,40,G,4,2010,4,1,1,2,2,1,3,1,1,1,1,1,1,1,4,6,1,1, ?,2,2
7,40,F,4,2010,2,1,1,2,2,1,1,2,1,1,1,2,1,2,8,6,1,1, ?,2,2
1,40,F,4,2010,3,1,1,2,2,1,1,1,2,1,1,1,1,2,5,6,1,1, ?,2,2
1,40,F,5,2010,1,1,1,2,2,1,4,1,1,1,1,1,1,1,13,6,1,3, ?,2,2
6,40,F,5,2010,3,1,1,2,2,1,1,1,1,1,3,4,1,2,8,6,1,1,28,2,2
1,38,F,5,2010,2,1,1,2,2,1,1,1,1,1,1,1,1,2,7,6,1,1,27,2,2
1,38,G,4,2010,4,1,1,2,2,1,2,2,1,1,1,1,1,1,7,6,1,1,24,2,2
3,38,F,5,2010,4,1,1,2,2,1,4,1,1,1,1,1,1,2,14,6,1,1, ?,2,2
4,44,G,5,2010,4,1,1,2,2,1,3,1,1,1,1,2,1,2,15,6,1,1,40,2,2
4,44,F,5,2010,2,1,1,2,2,1,1,1,1,1,1,3,1,2,9,6,1,1, ?,2,2
1,50,F,5,2010,4,1,1,2,2,1,2,1,1,1,1,5,1,1,14,6,1,1,38,2,2
13,50,F,5,2010,1,1,1,2,2,1,4,1,1,1,1,3,1,2,14,6,1,1, ?,2,2
7,51,F,5,2010,2,3,1,2,2,1,1,1,1,1,1,3,1,2,6,6,1,1, ?,2,2
7,51,F,5,2010,3,1,1,2,2,1,1,1,1,1,1,3,1,2,6,9,1,1,38,2,2
12,51,F,5,2010,4,1,1,2,2,1,3,1,1,1,1,5,1,1,6,6,2,6, ?,2,2
12,47,F,5,2010,1,1,1,2,2,1,1,1,1,1,1,1,1,2,9,6,1,1, ?,2,2
12,47,F,5,2010,1,1,1,2,2,1,4,1,1,1,1,1,1,2,19,6,1,1, ?,2,2
1,49,F,5,2010,3,1,1,2,2,1,1,1,1,1,1,4,1,2,17,6,2,6,28,2,2
3,49,G,5,2010,3,1,1,2,2,1,1,1,1,1,1,3,1,1,4,6,1,1, ?,2,2
10,52,F,4,2010,3,1,1,2,2,1,3,1,1,1,1,3,1,2,19,6,1,1, ?,2,2
1,43,G,4,2010,3,1,1,2,2,1,1,1,1,1,1,5,1,1,4,6,1,1,23,2,2
1,43,F,5,2010,2,1,1,2,2,1,1,1,1,1,1,4,1,2,14,6,1,1,26,2,2
4,43,F,4,2010,4,1,1,2,2,1,4,1,1,1,1,4,1,2,19,6,1,1, ?,2,2
4,45,F,5,2010,2,1,1,2,2,1,1,1,1,1,1,3,1,1,17,6,2,6,50,2,2
3,39,F,1,2010,4,1,1,2,2,1,1,1,1,1,1,1,1,1,9,6,1,1, ?,2,2
1,39,F,1,2010,3,1,1,2,2,1,1,1,1,1,1,1,1,1,8,6,1,1, ?,2,2
3,39,F,4,2010,2,2,1,2,2,1,1,2,1,1,1,1,1,2,9,6,1,1, ?,2,2
4,39,F,5,2010,3,2,1,2,2,1,1,1,1,1,1,2,1,1,14,8,1,1, ?,2,2
3,39,F,2,2010,2,1,4,2,2,1,1,2,1,1,1,1,1,2,14,6,1,1, ?,2,2
3,39,F,5,2010,3,1,1,2,2,1,1,1,1,1,1,1,1,2,9,6,1,1,22,2,2
3,39,F,5,2010,1,1,1,2,2,1,4,1,2,1,1,1,1,2,9,6,1,1, ?,2,2
1,39,F,3,2010,3,1,1,2,2,1,1,2,1,1,1,1,1,2,9,6,1,1, ?,2,2
1,40,F,6,2010,2,1,1,2,2,1,1,1,1,1,1,1,1,1,14,6,1,1, ?,2,2
5,40,F,6,2010,4,1,1,2,2,1,4,1,1,1,1,1,1,2,9,6,1,1,40,2,2
12,47,F,6,2010,4,1,1,2,2,1,4,1,1,1,1,1,1,2,10,6,1,1, ?,2,2
12,47,F,6,2010,3,1,1,2,2,1,1,1,1,1,1,1,1,2,9,6,1,1, ?,2,2
4,47,S,6,2010,3,1,1,2,2,1,1,1,1,1,1,1,1,2,9,5,1,1, ?,2,2
4,43,F,6,2010,3,1,1,2,2,1,1,1,1,1,1,1,1,2,9,6,1,1,25,2,2
3,48,G,6,2010,4,2,1,2,2,1,4,1,1,1,1,4,1,2,12,6,2,3, ?,2,2
1,36,G,6,2010,2,1,1,2,2,1,1,1,1,1,1,1,1,2,7,6,1,1, ?,2,2
2,35,F,6,2010,2,1,1,2,2,1,1,1,1,1,1,4,1,2,4,6,1,1,28,2,2
4,35,F,6,2010,3,1,1,2,2,1,1,1,1,1,3,4,1,2,8,6,1,1,25,2,2
5,38,G,6,2010,2,1,1,2,2,1,1,1,1,1,1,4,1,2,4,6,1,1,27,2,2
6,38,F,6,2010,3,1,1,2,2,1,1,1,1,1,1,1,1,2,14,6,1,1, ?,2,2
12,50,F,7,2010,1,1,1,2,2,1,2,1,1,1,1,1,1,2,14,6,1,1, ?,2,2
2,50,F,7,2010,3,1,1,2,2,1,1,1,1,1,1,2,1,2,9,6,1,1, ?,2,2
5,50,G,6,2010,4,1,1,2,2,1,4,1,1,1,1,4,1,2,19,6,2,6,30,2,2
7,44,F,6,2010,2,1,1,2,2,1,1,1,1,1,1,1,1,2,14,6,1,1, ?,2,2
8,47,F,7,2010,4,1,1,2,2,2,4,1,2,1,1,1,1,2,19,6,1,1, ?,2,2
4,43,F,7,2010,2,1,1,2,2,1,1,1,1,1,1,3,1,2,8,6,1,1, ?,2,2
4,45,G,7,2010,2,1,1,2,2,1,1,1,1,1,1,3,1,2,5,6,1,1,42,2,2
2,45,F,6,2010,2,1,1,2,2,1,4,1,1,1,1,1,3,2,19,6,1,1, ?,2,2
4,38,F,7,2010,4,1,1,2,2,1,4,1,1,1,1,4,1,2,13,6,1,1, ?,2,2
6,38,F,7,2010,1,1,1,2,2,1,4,1,1,1,1,1,1,2,19,6,1,1, ?,2,2
3,37,F,7,2010,2,1,1,2,2,1,1,1,2,1,1,4,1,2,19,6,1,1,30,2,2
2,44,F,7,2010,4,1,1,2,2,1,4,1,1,1,1,2,1,2,9,6,1,1, ?,2,2
5,40,F,7,2010,3,1,1,2,2,1,1,1,1,1,1,1,1,2,9,6,1,1, ?,2,2
5,40,F,7,2010,3,1,1,2,2,1,1,1,1,2,1,4,1,2,4,6,1,1,20,2,2
6,40,F,7,2010,2,1,1,2,2,1,1,1,1,1,1,1,1,2,19,6,1,1, ?,2,2
2,40,F,7,2010,2,1,1,2,2,1,1,1,1,1,1,3,1,2,14,9,1,1, ?,2,2
7,38,G,8,2010,2,1,1,2,2,1,1,1,1,1,1,3,1,1,19,6,2,6,22,2,2
1,35,F,8,2010,3,1,1,2,2,1,1,1,1,1,1,2,1,2,12,6,1,1,29,2,2
2,36,F,8,2010,4,1,1,2,2,1,4,1,2,1,1,5,1,1,19,6,1,1, ?,2,2
1,45,F,8,2010,2,1,1,2,2,1,3,1,1,1,1,1,1,1,14,6,1,1, ?,2,2
1,49,F,8,2010,3,1,1,2,2,1,1,1,1,1,1,2,1,2,5,6,1,1,40,2,2
5,41,F,10,2010,2,1,1,2,2,1,1,1,1,1,1,1,2,1,9,6,1,6, ?,2,2
5,41,G,8,2010,4,1,1,2,2,1,4,1,1,1,1,1,1,1,10,6,1,3, ?,2,2
5,41,F,9,2010,3,1,1,2,2,1,1,1,1,1,1,4,1,2,12,6,1,3, ?,2,2
5,41,F,8,2010,3,1,2,2,2,1,1,1,1,1,1,1,1,1,19,6,1,3, ?,2,2
5,41,F,9,2010,1,1,1,2,2,1,2,1,1,1,1,1,1,1,19,6,1,3, ?,2,2
4,41,F,5,2010,4,1,1,2,2,1,2,1,1,1,2,3,1,2,13,2,2,6,27,2,2
7,41,F,5,2010,1,1,1,2,2,1,2,1,1,1,1,3,1,2,9,1,1,3, ?,2,2
7,41,F,5,2010,4,1,1,2,2,1,2,1,1,1,1,2,1,2,8,6,1,3, ?,2,2
7,41,F,5,2010,2,1,1,2,2,1,1,1,1,1,1,2,1,2,9,6,1,1, ?,2,2
7,41,G,6,2010,4,3,1,2,2,1,3,1,1,1,1,2,1,2,8,6,1,1,26,2,2
7,41,F,6,2010,2,1,1,2,2,1,2,1,1,1,1,2,1,1,9,4,1,1,22,2,2
7,41,G,7,2010,3,3,3,2,2,1,1,1,1,1,1,2,1,1,8,6,1,1,38,2,2
7,41,F,7,2010,2,1,1,2,2,1,1,1,1,1,1,2,1,2,8,6,1,3,40,2,2
7,41,F,5,2010,3,1,1,2,2,1,1,1,1,1,2,2,1,2,14,6,1,1, ?,2,2
7,41,F,5,2010,2,3,1,2,2,1,1,1,1,1,1,3,1,2,14,6,1,3,35,2,2
7,41,F,8,2010,2,1,1,2,2,1,1,1,1,1,1,1,1,1,6,8,1,1, ?,2,2
7,41,G,8,2010,3,1,1,2,2,1,1,1,1,1,1,1,1,1,14,6,1,1,28,2,2
7,41,F,8,2010,4,3,4,2,2,1,4,1,1,1,1,1,1,1,19,6,1,1, ?,2,2
7,41,F,8,2010,3,1,1,2,2,1,1,1,1,1,1,2,1,2,13,6,1,1,30,2,2
7,41,F,9,2010,3,3,1,2,2,1,1,1,1,1,1,1,1,1,14,6,1,3,50,2,2
7,41,G,9,2010,2,1,1,2,2,1,1,1,1,1,1,2,1,2,19,6,1,3,28,2,2
5,46,F,8,2010,3,1,1,2,2,1,1,1,1,1,1,2,1,2,4,6,1,1,27,2,2
5,46,F,8,2010,3,1,1,2,2,1,1,1,1,1,1,1,1,2,9,6,1,3, ?,2,2
5,46,F,8,2010,1,1,1,2,2,1,4,1,1,1,1,1,1,2,19,6,1,1, ?,2,2
5,46,F,9,2010,3,1,1,2,2,1,1,1,1,1,1,1,1,2,9,6,1,6, ?,2,2
6,46,F,1,2010,4,1,1,2,2,1,3,1,1,1,1,1,1,1,19,6,1,3, ?,2,2
6,46,F,3,2010,1,1,1,2,2,1,3,1,1,1,1,1,1,1,14,6,1,1, ?,2,2
6,46,F,2,2010,1,1,1,2,2,1,1,1,1,1,1,1,1,1,14,6,1,1,30,2,2
6,46,F,4,2010,4,1,1,2,2,1,3,1,1,1,1,1,1,1,9,6,1,1, ?,2,2
6,46,F,4,2010,1,2,1,2,2,1,3,1,1,1,1,1,1,1,14,6,1,1, ?,2,2
6,46,F,9,2010,3,2,1,2,2,1,1,1,1,1,1,1,1,1,19,6,1,1, ?,2,2
2,46,F,2,2010,1,1,1,2,2,1,4,1,1,1,1,2,1,2,19,6,1,1, ?,2,2
2,46,F,5,2010,1,5,4,2,2,1,3,1,1,1,1,1,1,1,14,6,1,3, ?,2,2
2,46,F,5,2010,3,1,1,2,2,1,1,1,1,1,1,1,1,2,19,6,1,3, ?,2,2
2,46,F,7,2010,2,5,1,2,2,1,3,1,1,1,1,1,1,2,9,6,1,3, ?,2,2
2,46,F,5,2010,3,1,1,2,2,1,1,1,1,1,1,1,1,1,19,6,1,3, ?,2,2
1,46,F,1,2010,2,1,1,2,2,1,1,1,1,1,1,1,1,1,9,6,1,1, ?,2,2
1,46,F,2,2010,3,2,1,2,2,1,1,1,1,1,1,1,1,2,9,6,1,3, ?,2,2
1,46,F,3,2010,3,1,1,2,2,1,1,1,1,1,1,1,1,2,9,6,1,3, ?,2,2
1,46,F,3,2010,2,2,3,2,2,1,1,1,1,1,1,1,1,2,9,6,1,1, ?,2,2
1,46,F,4,2010,1,2,1,2,2,1,4,1,1,1,1,1,1,2,9,6,1,6, ?,2,2
1,46,F,4,2010,3,2,1,2,2,1,1,1,1,1,1,1,1,1,9,6,1,6, ?,2,2
1,46,F,4,2010,2,1,1,2,2,1,1,1,1,1,1,1,1,1,14,6,1,3, ?,2,2
1,46,F,6,2010,2,3,1,2,2,1,1,1,1,1,1,1,1,2,9,6,1,1, ?,2,2
1,46,F,4,2010,3,1,1,2,2,1,1,1,1,1,1,2,1,1,9,6,1,1, ?,2,2
1,46,F,9,2010,2,1,1,2,2,1,1,1,1,1,1,1,1,1,9,6,1,1, ?,2,2
1,46,F,9,2010,3,1,1,2,2,1,1,1,1,1,1,1,1,1,9,6,1,1, ?,2,2
1,46,F,8,2010,2,1,1,2,2,1,1,1,1,1,1,1,1,1,9,6,1,1, ?,2,2
1,50,G,8,2010,3,1,1,2,2,1,1,4,1,1,1,3,1,2,12,6,1,6, ?,2,2
11,50,F,8,2010,3,1,1,2,2,1,1,1,1,1,1,2,1,1,9,6,1,1, ?,2,2
7,44,F,8,2010,1,1,3,2,2,1,4,1,1,1,1,1,1,2,14,6,1,3, ?,2,2
1,51,F,7,2010,4,1,1,2,2,1,4,2,2,3,2,4,2,2,19,6,2,6,28,2,2
7,51,G,7,2010,2,1,1,2,2,1,1,1,1,1,1,3,1,2,19,6,1,6,25,2,2
7,51,F,7,2010,2,1,1,2,2,1,1,1,1,1,1,4,1,2,19,6,2,6,27,2,2
3,51,F,7,2010,3,1,4,2,2,1,1,1,1,2,1,3,1,2,14,6,1,1, ?,2,2
3,51,F,8,2010,2,1,1,2,2,1,1,1,1,1,1,4,1,2,9,6,1,1, ?,2,2
4,51,F,8,2010,4,1,1,2,2,2,4,1,2,1,1,1,1,2,9,6,1,1, ?,2,2
9,51,F,9,2010,4,1,1,2,2,1,4,1,1,1,1,2,1,2,19,6,1,3, ?,2,2
7,47,F,8,2010,4,1,1,2,2,1,3,1,1,1,1,1,2,1,19,6,1,3, ?,2,2
12,47,F,9,2010,2,1,1,2,2,1,1,1,1,1,1,1,1,2,14,6,1,1, ?,2,2
5,47,F,9,2010,3,2,1,2,2,1,1,1,1,1,1,1,1,1,9,6,1,3,43,2,2
9,47,F,9,2010,1,1,1,2,2,1,2,1,1,1,1,1,1,1,9,6,2,1, ?,2,2
6,38,F,9,2010,3,1,1,2,2,1,1,1,1,1,1,4,1,2,4,6,1,1,45,2,2
4,35,F,9,2010,2,1,1,2,2,1,2,1,1,1,1,2,1,2,9,6,1,6, ?,2,2
1,40,F,8,2010,4,2,1,2,2,1,4,1,1,1,1,1,1,2,9,6,1,1, ?,2,2
1,40,F,8,2010,1,2,1,2,2,1,4,1,1,1,1,1,2,2,9,6,1,1, ?,2,2
3,40,F,8,2010,2,1,1,2,2,2,2,1,2,1,1,1,1,1,14,6,1,1, ?,2,2
1,40,F,9,2010,2,2,1,2,2,1,1,3,1,1,1,1,1,2,9,6,1,3,35,2,2
1,40,F,9,2010,2,2,1,2,2,1,1,2,1,1,1,1,1,2,9,6,1,6, ?,2,2
1,40,F,9,2010,1,2,3,2,2,1,3,1,1,1,1,1,2,2,19,6,1,1, ?,2,2
1,40,F,9,2010,2,2,1,2,2,2,1,2,1,1,1,1,1,2,9,6,1,1, ?,2,2
1,48,F,9,2010,4,1,1,2,2,1,4,1,1,1,1,5,1,1,19,6,1,3, ?,2,2
3,48,F,8,2010,4,1,1,2,2,1,2,1,1,1,1,4,2,2,4,6,1,1, ?,2,2
1,49,F,9,2010,4,1,1,2,2,1,4,1,1,1,1,3,1,2,14,6,1,6, ?,2,2
3,49,F,9,2010,1,1,1,2,2,1,4,1,1,1,1,3,1,2,4,6,1,1, ?,2,2
3,49,F,2,2010,2,1,1,2,2,1,4,1,1,1,1,3,1,2,14,6,1,1, ?,2,2
6,51,F,1,2010,4,1,1,2,2,1,2,1,1,1,1,3,1,2,7,6,1,1, ?,2,2