Thana,District,Accident_Severity,Month,Year,Time,Junction_Type,Traffic_Control,Movement,Divider,Weather,Light,Road_Geometry,Surface_Condition,Surface_Type,Surface_Quality,Road_Class,Road_Feature,Location_Type,Vehicle_Type,Vehicle_Movement,Vehicle_Loading,Vehicle_Defect,Vehicle_Driver_Age,Vehicle_Alcohol,Vehicle_Seat_Belt
10,7,F,11,2010,3,1,8,2,2,1,2,1,1,1,1,3,1,2,4,6,1,1,28,2,2
2,7,F,12,2010,1,1,8,2,1,4,4,1,5,1,1,3,1,2,13,11,2,5,60,1,2
11,16,F,12,2010,2,3,8,2,2,1,1,4,1,3,2,4,4,2,13,4,1,1,27,2,2
5,15,F,10,2010,4,1,8,2,2,1,4,1,1,1,1,3,1,2,10,6,1,3,38,2,2
4,15,F,10,2010,4,7,1,2,2,1,4,1,1,1,1,3,1,2,19,6,1,1, ?,2,2
5,15,F,12,2010,4,1,1,2,2,1,2,3,1,1,1,3,1,2,19,11,2,1,35,2,2
2,10,F,10,2010,4,1,1,2,2,1,2,1,1,1,3,1,2,?,14,6,1,1,59,2,2
3,10,G,11,2010,3,7,8,2,2,1,1,1,1,1,1,2,1,2,9,11,1,7,34,2,2
5,10,F,12,2010,3,1,1,2,2,1,1,1,1,1,1,3,1,2,14,6,1,2,22,2,2
5,10,F,12,2010,4,7,8,2,2,1,4,2,1,1,1,3,1,2,14,6,1,1,45,2,2
2,6,F,12,2010,3,7,1,2,2,1,1,1,1,1,1,1,1,2,17,6,1,2,28,2,2
3,6,F,12,2010,3,1,1,2,1,1,1,1,1,1,1,2,1,2,8,6,1,1, ?,2,2
2,3,F,12,2010,3,7,7,2,2,1,1,1,1,1,1,3,1,2,4,6,1,1,55,2,2
1,3,F,12,2010,2,7,1,2,2,1,1,1,1,1,1,5,1,1,14,11,1,1, ?,1,2
7,13,F,11,2010,2,1,1,1,2,1,1,1,1,1,1,2,1,2,9,6,1,1, ?,2,2
5,13,F,11,2010,2,2,8,1,1,1,1,2,1,1,1,2,1,2,8,11,2,1, ?,2,2
3,4,F,12,2010,4,7,1,2,2,1,2,1,1,1,1,3,1,1,14,6,1,1,40,2,2
1,4,F,11,2010,3,7,8,2,2,1,1,3,5,1,1,3,1,2,9,6,1,1,28,2,2
6,4,F,10,2010,3,1,3,2,2,1,4,1,1,1,1,1,1,2,19,11,1,1, ?,2,2
1,4,F,9,2010,2,7,8,2,2,1,1,1,1,1,1,2,1,2,12,6,1,1,35,2,2
2,4,F,8,2010,3,7,8,2,2,2,1,1,2,2,1,4,1,2,4,6,1,1, ?,2,2
1,17,F,4,2010,3,1,1,2,2,1,3,1,1,1,1,5,1,2,19,6,2,1, ?,1,2
7,17,F,6,2010,3,7,8,2,2,2,1,1,2,1,1,3,1,2,19,6,2,3, ?,2,2
8,17,G,7,2010,3,7,1,2,2,1,1,1,1,1,1,4,1,2,13,6,2,7,25,1,2
1,17,F,7,2010,4,3,6,2,2,1,3,3,1,1,1,4,1,2,19,11,1,1, ?,1,2
1,17,F,9,2010,3,7,1,2,2,1,1,1,1,1,1,5,1,2,8,5,1,1,31,2,2
9,17,F,10,2010,4,1,1,1,1,2,1,1,1,2,3,1,2,?,7,11,2,1,30,1,2
1,17,F,10,2010,2,3,7,2,2,1,1,1,1,1,1,3,1,2,6,6,1,1,45,2,2
7,17,F,11,2010,2,7,8,2,2,1,1,1,1,1,1,1,1,2,4,6,1,1,40,2,2
7,17,S,12,2010,3,7,8,2,2,1,2,1,1,1,1,1,1,2,12,6,1,1,30,2,2
8,17,F,12,2010,2,1,1,1,2,1,1,1,1,1,1,3,1,2,9,6,1,7,23,1,2
10,17,F,12,2010,2,1,8,2,2,1,1,1,5,1,1,1,1,2,9,6,1,7, ?,2,2
4,6,F,12,2010,3,1,1,1,2,1,1,1,1,1,1,2,1,2,9,6,1,3, ?,2,2
10,16,F,5,2010,1,7,1,2,2,4,1,1,1,1,3,1,2,?,19,11,1,1, ?,2,2
5,11,F,12,2010,3,1,1,2,2,1,1,1,1,1,1,2,1,2,9,2,1,1, ?,2,2
1,14,F,3,2010,2,7,1,2,2,1,1,1,1,1,1,5,1,1,19,5,1,7,35,2,2
4,14,G,3,2010,3,7,1,2,2,1,1,1,1,1,1,1,1,1,19,4,1,7,45,2,2
1,14,F,4,2010,3,7,1,1,1,1,1,1,1,1,1,5,1,1,9,5,1,7, ?,2,2
3,14,F,5,2010,2,3,1,1,2,1,1,1,1,1,1,3,1,1,14,2,1,1,24,2,2
1,14,F,6,2010,3,3,4,2,1,1,1,1,1,1,1,5,1,1,9,6,1,3,38,2,2
1,14,F,7,2010,2,3,8,1,1,1,1,1,1,1,1,5,1,1,5,5,1,4, ?,2,2
2,14,F,9,2010,3,1,1,2,2,2,1,1,1,1,1,5,1,1,13,6,1,5, ?,2,2
1,56,S,8,2010,2,3,1,1,1,1,1,1,1,1,1,5,1,1,19,6,1,1, ?,2,2
1,56,F,7,2010,2,1,1,2,2,1,1,1,1,1,1,5,1,1,12,6,1,1, ?,2,2
9,56,G,7,2010,2,1,1,2,2,1,1,1,1,1,1,5,1,1,18,6,1,1, ?,2,2
7,56,F,6,2010,3,1,1,2,2,1,4,1,1,1,1,1,1,2,9,6,1,1,24,2,2
7,56,F,6,2010,1,1,1,2,2,1,3,1,1,1,1,1,1,2,19,6,1,1, ?,2,2
3,56,G,6,2010,3,1,1,2,2,1,1,1,1,1,1,1,1,2,9,6,1,1,40,2,2
3,56,F,5,2010,2,2,1,2,2,1,1,1,2,1,1,1,1,2,19,6,1,1, ?,2,2
7,56,F,4,2010,3,1,1,2,2,1,1,4,1,1,1,1,1,2,10,6,1,1,40,2,2
3,56,F,2,2010,4,1,1,2,2,1,1,1,1,1,1,1,1,2,19,6,1,1, ?,2,2
3,56,F,2,2010,3,1,1,2,1,2,1,1,1,1,1,1,1,2,1,6,1,1, ?,2,2
3,56,F,1,2010,3,2,1,2,2,1,1,1,1,1,1,1,1,2,9,11,1,7,38,2,2
7,56,F,1,2010,3,2,3,2,2,1,1,1,1,1,1,1,1,2,14,2,1,1,30,2,2
7,56,F,1,2010,3,7,1,2,2,1,1,1,1,1,1,1,1,2,17,11,2,3,24,2,2
8,56,G,1,2010,1,1,2,2,2,1,1,1,1,1,1,2,1,2,5,9,1,1, ?,2,2
1,53,F,8,2010,2,1,1,2,2,1,1,1,1,1,1,2,1,2,19,5,1,1, ?,1,1
1,53,F,8,2010,2,1,1,2,2,1,1,1,1,1,1,2,1,2,8,6,1,1, ?,2,2
12,53,F,8,2010,1,1,1,2,2,1,1,2,1,1,1,2,1,2,7,2,1,1,27,2,2
11,53,F,8,2010,2,1,1,2,2,1,1,1,1,1,1,3,1,1,2,6,1,1, ?,2,2
6,53,F,5,2010,2,1,1,2,2,1,1,1,1,1,1,4,1,2,9,6,1,1, ?,2,2
2,53,F,4,2010,3,1,2,2,2,1,1,1,1,1,1,4,1,2,4,6,1,1, ?,2,2
7,53,F,4,2010,3,1,1,2,2,1,1,1,5,2,2,4,1,2,8,6,1,1, ?,2,2
3,53,F,2,2010,1,1,1,2,2,1,1,1,1,1,2,4,1,2,17,6,1,1, ?,2,2
6,53,F,3,2010,1,1,1,2,2,1,1,1,5,1,1,4,1,2,4,6,1,1, ?,2,2
1,53,F,3,2010,1,1,1,2,2,1,1,1,5,2,3,4,1,2,6,6,1,1, ?,2,2
3,53,F,3,2010,2,1,1,2,2,1,1,1,1,1,1,1,1,2,19,6,1,1, ?,2,2
6,53,F,2,2010,3,1,1,2,2,1,1,1,1,1,1,3,2,2,5,5,1,1,19,1,2
4,53,F,2,2010,2,1,1,2,2,1,1,1,1,1,1,4,1,2,4,6,1,1,22,2,2
5,53,F,2,2010,3,1,1,2,2,1,1,2,1,1,1,4,1,2,5,1,1,1, ?,1,2
11,53,F,1,2010,2,1,1,1,2,4,4,4,1,3,2,4,1,2,17,6,1,1,25,2,2
3,53,F,1,2010,4,1,1,2,2,4,4,1,1,1,1,1,1,2,5,6,1,1, ?,1,2
3,55,F,7,2010,3,1,1,2,2,1,1,1,2,1,1,3,1,2,14,11,1,1,32,2,2
1,55,F,7,2010,3,1,1,2,1,1,1,1,1,1,1,1,1,1,14,6,1,1,30,2,2
1,55,G,2,2010,3,1,1,2,2,1,1,1,1,1,1,2,1,1,7,7,1,1, ?,2,2
1,55,F,5,2010,2,1,1,1,2,1,1,1,1,1,1,1,1,2,12,6,1,1,38,2,2
1,55,F,5,2010,3,1,1,2,2,1,1,1,1,1,1,1,1,2,9,6,1,1, ?,1,2
2,55,F,2,2010,2,1,1,2,2,1,1,1,1,3,2,1,1,2,17,9,1,7, ?,2,2
1,55,F,1,2010,1,1,1,2,2,4,4,1,2,1,1,1,1,2,11,8,1,6,32,2,2
3,55,F,1,2010,2,1,1,2,2,1,1,4,1,1,1,3,4,2,14,2,1,1,36,2,2
1,55,F,4,2010,3,1,1,2,2,1,1,1,1,1,1,3,1,2,13,6,1,1, ?,2,2
1,55,G,4,2010,3,1,1,2,2,1,1,2,1,1,1,1,5,1,9,1,1,1,65,2,2
7,55,F,3,2010,3,1,1,2,2,1,1,1,1,1,1,3,1,2,4,6,1,1, ?,2,2
1,54,F,1,2010,2,1,3,2,2,1,1,1,1,1,1,2,1,1,10,6,1,1, ?,2,2
10,54,F,1,2010,2,3,1,2,2,1,3,4,1,1,1,3,1,1,17,2,1,1,25,2,2
10,54,F,1,2010,3,1,1,2,2,1,1,1,1,1,1,4,1,2,8,8,1,1,30,2,2
6,54,F,1,2010,3,1,1,2,2,1,1,1,1,1,1,1,1,1,8,6,1,1, ?,2,2
3,53,F,12,2010,2,1,1,2,2,1,1,1,1,1,1,4,1,1,5,6,1,6, ?,2,2
8,53,F,11,2010,1,1,1,2,2,1,1,1,1,1,1,2,1,1,19,6,1,1, ?,2,2
6,53,F,11,2010,1,1,6,2,2,1,1,1,1,1,2,4,1,1,8,6,1,6, ?,2,2
1,53,F,10,2010,3,7,1,2,2,1,1,2,1,1,1,4,1,2,19,11,1,1,22,2,2
1,53,F,9,2010,3,3,1,2,2,1,1,1,1,1,1,2,1,1,6,2,1,6,30,2,2
1,56,G,12,2010,1,1,1,2,2,4,4,1,1,1,1,2,1,1,10,6,1,1,25,2,2
5,56,F,12,2010,2,1,1,2,2,1,1,1,1,1,1,4,1,1,12,6,1,1, ?,2,2
4,56,F,10,2010,2,1,1,2,2,1,1,1,1,1,1,2,1,2,19,6,1,1,24,2,2
7,56,F,9,2010,3,1,1,2,2,1,1,1,1,1,1,1,1,2,7,6,1,1,27,2,2
3,56,F,9,2010,3,2,1,2,2,1,1,1,1,1,1,1,1,2,9,6,1,1,40,2,2
1,55,F,12,2010,3,1,1,2,2,1,1,1,1,1,1,1,1,2,10,6,1,1,28,2,2
1,55,F,12,2010,2,1,1,2,2,1,1,1,1,1,1,4,1,2,5,6,1,1, ?,2,2
2,55,F,10,2010,1,1,1,2,2,1,1,1,1,1,1,4,1,1,4,6,1,1,40,2,2
6,55,F,10,2010,1,2,1,2,2,1,1,1,1,1,1,4,1,2,10,6,1,1,35,2,2
6,55,F,10,2010,2,1,1,2,2,1,1,1,1,1,1,4,1,1,4,6,1,1,28,2,2
6,55,F,10,2010,2,1,1,2,2,1,1,1,1,1,1,4,1,2,14,6,1,1,35,2,2
6,55,F,9,2010,2,1,1,2,2,1,1,1,1,1,1,3,1,2,12,6,1,1, ?,2,2
8,54,F,10,2010,3,1,1,2,2,1,1,1,1,1,1,2,1,2,8,6,1,1, ?,2,2
10,54,F,10,2010,3,1,1,2,2,1,1,1,1,1,1,4,1,2,9,6,1,1, ?,2,2
7,54,F,7,2010,3,1,1,2,2,1,1,1,1,1,1,2,1,1,14,6,1,1,35,2,2
3,54,F,2,2010,3,1,1,2,2,1,1,1,1,1,1,2,1,2,7,7,1,1,35,2,2
3,54,F,4,2010,3,1,1,2,2,1,1,1,1,1,1,2,1,1,14,5,2,1, ?,2,2
3,54,F,5,2010,3,1,1,2,2,1,1,1,1,1,1,2,1,2,7,6,1,1,25,2,2
3,54,F,9,2010,3,3,3,2,2,1,1,1,1,1,1,2,1,2,12,6,1,1,25,2,2
8,54,F,10,2010,4,1,1,2,2,1,4,1,1,1,1,1,1,2,9,6,1,1, ?,2,2
13,54,F,7,2010,3,1,1,2,2,1,4,1,1,1,1,1,1,2,19,6,1,1, ?,2,2
13,54,F,8,2010,3,1,1,2,2,1,1,1,1,1,1,1,1,1,7,6,1,1, ?,2,2
13,54,F,11,2010,3,1,1,2,2,1,1,1,1,1,1,1,1,2,9,6,1,1, ?,2,2
10,54,F,11,2010,2,1,1,2,2,1,1,1,1,1,1,4,1,2,12,6,1,1,30,1,2
6,54,F,3,2010,2,1,1,2,2,1,1,1,1,1,1,2,1,2,10,6,1,1, ?,2,2
6,54,F,3,2010,3,1,1,2,2,1,1,1,1,1,1,4,1,2,8,6,1,1, ?,2,2
5,54,G,1,2010,3,1,1,2,2,1,1,4,5,3,2,3,4,2,17,6,1,1, ?,2,2
5,54,F,2,2010,3,3,1,2,2,1,1,1,1,1,1,4,1,2,12,6,1,1,28,2,2
5,54,F,3,2010,3,1,1,2,2,1,1,1,2,3,2,4,4,2,17,6,1,1, ?,2,2
5,54,F,5,2010,3,1,1,2,2,1,1,1,1,1,1,4,1,2,6,6,1,1,26,2,2
11,54,F,11,2010,4,1,1,2,2,1,4,1,1,1,1,2,1,2,14,6,1,1, ?,2,2
11,54,F,12,2010,4,1,1,2,2,1,4,1,1,1,1,3,1,2,12,11,1,1,28,2,2
1,54,F,7,2010,2,2,1,2,2,1,1,1,1,1,1,1,1,1,8,4,1,1,25,2,2
1,54,F,3,2010,4,3,1,2,2,1,2,1,1,1,1,2,1,1,19,6,1,1, ?,2,2
1,54,F,8,2010,2,1,8,2,2,1,1,3,1,1,1,5,2,1,14,6,1,1, ?,2,2
1,54,F,5,2010,4,3,1,2,2,2,4,1,2,1,1,3,1,2,19,6,1,1, ?,2,2
1,54,F,5,2010,4,7,1,2,2,1,2,1,1,1,1,5,1,1,8,6,1,1,50,2,2
1,54,F,9,2010,2,1,1,2,2,1,1,1,1,1,1,2,1,1,5,6,1,1, ?,2,2
1,54,F,9,2010,?,1,1,2,2,1,1,1,1,1,1,3,1,1,7,5,1,1, ?,2,2
12,54,F,5,2010,?,1,3,2,2,1,1,1,1,1,1,1,1,1,19,6,1,1, ?,2,2
12,54,F,6,2010,4,2,1,2,2,1,2,1,1,1,1,1,1,1,5,6,1,1,30,2,2
1,54,G,10,2010,3,1,1,1,1,1,1,1,1,1,1,1,1,1,12,6,1,1,32,2,2
1,54,F,11,2010,3,1,3,2,2,1,1,1,1,1,1,3,1,1,7,6,1,1, ?,2,2
12,54,G,6,2010,3,1,1,2,2,1,1,1,1,1,1,1,1,2,7,6,1,1, ?,2,2
12,54,G,8,2010,2,7,1,2,2,1,1,1,1,1,1,1,5,1,14,6,1,1, ?,2,2
8,54,F,2,2010,2,1,1,2,2,1,1,1,1,1,1,1,1,1,14,11,1,1, ?,2,2
8,54,F,2,2010,2,7,1,2,2,1,1,1,1,1,1,3,1,2,5,7,1,7, ?,2,2
8,54,F,2,2010,1,1,1,2,1,1,1,1,1,1,1,2,2,2,14,6,1,7, ?,2,2
8,54,F,2,2010,2,7,1,2,2,1,1,1,1,1,1,4,1,2,17,7,1,1, ?,2,2
8,54,F,4,2010,1,1,1,1,2,4,2,1,1,1,1,2,1,2,14,6,1,1, ?,2,2
8,54,F,5,2010,2,1,1,2,2,1,1,1,1,1,1,3,1,2,5,6,1,1,24,2,2
8,54,F,11,2010,2,1,1,2,2,1,1,1,1,1,1,?,1,2,17,11,1,1,19,2,2
9,54,F,2,2010,3,1,1,2,2,1,1,1,1,3,2,?,4,2,19,6,1,1, ?,2,2
10,54,F,3,2010,3,1,1,2,2,1,1,1,1,1,1,4,1,2,12,6,1,1, ?,2,2
10,54,F,4,2010,3,1,1,2,2,1,2,1,2,1,1,4,1,2,9,6,1,1, ?,2,2
10,54,F,4,2010,3,1,1,2,2,1,1,1,1,1,1,4,1,2,13,6,1,1, ?,2,2
7,54,M,3,2010,1,7,1,1,2,4,3,1,1,1,1,2,1,2,14,11,1,7,40,2,2
11,54,F,6,2010,3,1,1,2,2,1,1,1,1,1,1,2,1,1,4,11,1,1, ?,2,2
4,5,F,5,2010,3,1,1,2,2,1,1,1,1,1,1,2,1,2,14,6,1,1, ?,2,2
9,54,F,9,2010,3,1,1,2,2,1,1,1,1,1,1,1,1,2,7,6,1,1,27,2,2
3,53,F,11,2010,3,1,1,2,2,1,1,1,1,1,1,1,1,2,12,6,1,1, ?,2,2
1,54,F,8,2010,1,1,1,2,2,1,1,1,1,1,1,1,1,1,12,6,1,1,26,1,2
1,54,F,9,2010,4,1,4,1,1,1,1,1,1,1,1,5,1,1,8,6,1,2,35,1,2
12,53,F,3,2010,3,1,1,2,2,1,1,1,1,1,1,1,1,2,19,6,1,1, ?,2,2
1,28,S,1,2011,3,1,1,2,2,1,1,1,1,1,1,1,1,1,9,4,1,7,40,2,2
2,28,F,5,2011,3,7,2,1,2,1,1,1,1,1,1,1,1,1,14,7,1,7,23,2,2
4,28,F,1,2011,3,7,3,2,1,1,3,1,1,1,1,1,1,1,9,6,1,1, ?,2,2
4,28,F,1,2011,2,1,1,2,2,1,2,1,1,1,1,1,1,1,14,6,1,4, ?,2,2
4,28,F,2,2011,2,7,8,1,2,1,3,1,1,1,1,5,1,1,9,4,1,1, ?,1,2
4,28,F,7,2011,4,1,1,2,2,1,3,1,1,1,1,5,1,1,14,5,1,7, ?,2,2
5,28,S,2,2011,3,3,1,2,2,1,1,1,1,1,1,5,1,1,9,4,1,1, ?,2,2
5,28,F,2,2011,4,7,8,2,2,1,2,1,5,1,1,1,1,1,9,11,1,1, ?,1,2
5,28,F,3,2011,2,7,8,2,2,1,2,1,1,1,1,1,1,1,9,11,1,1, ?,1,2
1,28,F,4,2011,3,7,1,1,2,1,1,1,1,1,1,1,1,2,19,11,2,7, ?,1,2
5,28,F,6,2011,4,7,6,2,2,1,1,1,1,1,1,1,1,2,7,4,1,1, ?,1,1
1,28,F,3,2011,3,7,1,2,2,1,1,1,1,1,1,5,1,1,9,1,1,7, ?,2,2
1,28,F,7,2011,3,3,6,2,2,1,1,1,1,1,1,1,1,1,14,6,2,7,30,2,2
2,28,F,5,2011,2,7,8,2,2,1,1,1,1,1,1,2,1,1,9,11,1,7, ?,1,2
1,28,F,7,2011,3,1,1,1,2,1,1,1,1,1,1,5,1,1,14,11,1,1, ?,2,2
1,28,F,10,2011,3,3,8,1,2,1,1,1,1,1,1,5,1,1,14,6,1,7,27,2,2
2,28,F,2,2011,2,7,1,2,2,1,1,1,1,1,1,5,1,1,14,6,2,6, ?,1,2
2,28,F,3,2011,3,7,1,2,2,1,1,1,1,1,1,5,1,1,5,6,1,7, ?,1,2
2,28,F,10,2011,4,7,8,2,1,1,2,1,1,1,1,5,1,1,14,6,1,7,48,1,2
3,28,F,1,2011,2,7,1,2,2,1,1,1,1,1,1,1,1,1,19,11,1,7, ?,1,2
3,28,F,5,2011,4,1,8,1,2,1,2,1,1,1,1,5,1,1,5,11,1,6, ?,1,2
3,28,F,5,2011,4,7,1,2,2,1,2,2,2,1,1,5,1,1,5,2,1,7, ?,1,2
4,28,F,10,2011,3,7,8,1,1,1,1,1,1,1,1,1,1,1,9,5,2,7, ?,1,2
1,28,F,10,2011,2,4,4,2,2,1,1,1,1,1,1,5,1,1,9,11,1,1, ?,2,2
1,28,F,11,2011,2,1,1,1,1,1,1,1,1,1,1,5,1,1,9,6,1,7,36,1,2
1,28,S,12,2011,3,1,8,2,2,1,3,1,1,1,1,5,1,1,12,5,2,7,31,2,2
5,28,F,10,2011,3,7,1,2,2,1,1,1,1,1,1,1,1,1,14,6,1,1,22,2,2
5,28,F,12,2011,3,7,3,2,2,1,1,1,1,1,1,5,1,1,9,7,1,1, ?,2,2
6,21,F,7,2011,3,1,1,2,2,1,1,1,1,1,1,1,2,?,14,6,1,1, ?,2,2
8,26,F,7,2011,1,1,1,2,2,1,1,1,1,1,1,5,4,1,4,6,1,1,35,2,2
4,26,F,4,2011,2,1,1,2,2,1,1,1,1,1,1,4,2,2,8,6,1,4, ?,2,2
8,26,G,10,2011,2,1,1,2,2,1,1,1,1,1,1,4,1,2,4,8,1,1, ?,2,2
8,26,F,9,2011,1,3,1,1,2,1,1,1,1,1,1,4,1,2,4,1,1,1, ?,2,2
1,26,F,7,2011,4,1,1,2,2,1,4,1,1,1,1,1,1,2,19,6,?,?, ?,2,2
3,26,F,10,2011,4,1,1,2,2,1,3,1,1,1,2,1,2,2,5,5,1,1,22,2,2
1,26,F,2,2011,2,1,2,1,1,1,1,1,1,1,1,1,3,2,9,6,2,7, ?,1,1
4,26,F,10,2011,2,1,1,2,2,1,1,1,1,1,1,2,2,2,13,7,1,1,30,2,2
1,26,F,11,2011,2,1,1,2,2,4,1,1,2,1,1,2,1,1, ?, ?,1,1,45,2,2
1,26,F,12,2011,3,1,1,2,2,1,1,1,1,1,1,2,1,2,9,3,1,1,47,2,2
5,26,G,9,2011,4,2,1,2,2,1,4,1,1,1,1,1,1,2,1,6,1,1, ?,2,2
3,24,F,2,2011,1,1,1,2,2,3,1,1,1,1,1,4,1,1,13,3,1,1,38,2,2
1,24,F,3,2011,3,3,1,2,2,1,1,1,1,1,1,2,4,2,14,6,1,7, ?,2,2
1,24,F,3,2011,1,1,1,2,2,1,1,1,1,1,1,1,2,2,14,6,1,1, ?,1,2
1,24,G,6,2011,4,1,1,2,2,1,4,1,1,1,1,2,5,2,13,1,1,3,42,2,2
4,24,G,6,2011,3,1,1,2,2,1,1,2,1,1,1,5,1,2,1,6,1,1, ?,2,2
5,24,S,2,2011,3,1,1,2,2,1,1,1,1,1,1,3,1,2,4,5,1,1, ?,2,2
6,24,F,2,2011,1,1,4,2,2,1,2,2,1,1,1,3,1,2,13,6,1,1, ?,2,2
3,24,F,7,2011,1,1,1,2,2,1,2,1,1,1,1,1,1,2,9,6,1,1,45,2,2
3,24,F,2,2011,1,1,1,2,1,1,1,1,1,1,1,2,1,2,4,11,1,1, ?,2,2
5,26,F,12,2011,2,2,1,2,2,1,1,1,1,1,1,1,1,1,1,6,1,1, ?,2,2
4,26,S,6,2011,2,3,1,2,2,1,1,1,1,1,1,2,1,2,13,6,1,1,40,2,2
6,21,F,7,2011,3,1,1,2,2,1,1,1,1,1,2,1,2,?,14,2,1,7, ?,1,2
3,21,F,6,2011,4,1,1,2,2,1,2,1,2,1,1,1,1,2,19,6,1,7, ?,2,2
1,21,F,4,2011,2,1,1,2,2,1,1,1,1,1,1,1,1,?,14,6,1,1, ?,2,2
3,21,F,2,2011,2,1,1,2,2,1,1,1,1,1,1,1,1,1,9,6,1,1,49,2,2
6,21,F,1,2011,3,7,1,2,2,1,1,1,1,1,1,1,1,2,9,6,2,5, ?,2,2
3,21,F,12,2011,3,1,1,2,2,1,1,1,1,1,1,1,1,2,4,6,1,7, ?,2,2
5,21,F,12,2011,2,1,1,2,2,1,1,1,1,1,1,1,1,2,9,8,1,1,54,2,2
6,21,F,11,2011,3,1,1,2,2,1,1,1,1,1,1,4,1,2,19,6,1,7, ?,2,2
5,21,F,9,2011,4,1,1,2,2,1,2,2,1,2,2,1,2,?,5,6,2,7, ?,2,2
1,23,F,11,2011,3,2,8,2,2,1,1,1,1,1,1,2,1,2,19,3,?,?,22,2,2
1,19,F,6,2011,3,3,8,2,2,1,1,1,1,1,1,2,1,1,9,11,1,7,40,2,2
3,19,F,4,2011,1,1,8,2,2,1,1,2,1,1,2,3,1,2,4,6,1,7, ?,2,2
4,19,F,10,2011,2,1,1,2,2,1,1,1,1,1,1,1,4,1,14,5,2,7, ?,2,2
4,19,F,10,2011,2,1,1,2,2,1,1,1,1,1,1,4,1,2,8,5,2,7, ?,2,2
1,19,F,12,2011,4,1,1,2,2,4,2,1,1,1,1,5,1,2,14,6,1,7, ?,2,2
1,22,G,1,2011,2,1,8,2,2,1,4,1,1,1,1,1,1,2,10,6,2,1, ?,2,2
3,22,F,3,2011,4,1,1,2,2,1,3,1,1,1,1,4,1,1,14,1,1,1,32,2,2
2,22,F,5,2011,1,1,8,2,2,1,1,1,1,1,2,1,2,?,4,6,1,1,28,2,2
1,22,F,5,2011,4,1,1,2,2,1,4,1,1,1,1,1,2,?,19,11,1,7, ?,1,2
1,22,F,5,2011,3,1,1,2,2,1,4,1,1,1,1,1,2,?,14,11,1,7, ?,2,2
1,22,F,6,2011,3,7,8,2,2,1,1,1,1,1,1,2,1,2,4,2,1,1,40,2,2
2,22,F,7,2011,2,1,1,2,1,1,1,1,1,1,2,5,2,?,19,6,1,7,30,2,2
4,22,F,3,2011,1,1,8,2,2,1,1,2,1,1,1,1,2,2,19,6,1,7, ?,2,2
2,22,F,9,2011,2,1,8,2,2,1,1,1,1,1,1,4,1,2,14,6,1,7, ?,2,2
1,22,F,11,2011,3,1,1,2,2,1,1,1,1,1,1,1,1,2,4,6,1,7,20,2,2
1,20,F,1,2011,2,1,1,2,2,1,1,1,1,1,1,4,1,2,9,6,1,1, ?,2,2
3,20,F,2,2011,3,1,1,2,1,1,1,1,1,1,1,3,1,2,13,6,1,1,38,2,2
1,20,F,3,2011,4,1,1,1,2,1,4,1,1,1,2,5,1,2,17,6,1,1, ?,2,2
1,20,F,4,2011,3,1,1,2,2,1,1,1,1,1,1,4,1,2,8,6,1,1, ?,2,2
2,20,F,4,2011,1,1,1,2,2,1,1,1,1,1,1,4,1,1,4,11,2,7,22,2,2
1,20,G,7,2011,1,1,1,2,2,1,1,1,1,1,1,2,1,2,7,6,1,7,32,2,2
6,18,F,5,2011,2,1,1,2,2,1,1,1,1,1,1,2,2,?,14, ?,1,1,23,2,2
2,18,F,6,2011,3,1,1,2,2,1,1,1,1,2,3,3,1,2,16,6,2,6, ?,2,2
1,18,F,7,2011,3,1,1,2,2,1,1,1,1,1,1,1,1,2,9,6,1,1, ?,2,2
5,18,F,7,2011,3,1,1,2,2,1,1,1,1,1,1,2,1,2,19, ?,2,6, ?,2,2
5,18,F,7,2011,3,1,1,2,2,1,1,1,1,1,1,2,2,2,6,6,1,3, ?,2,2
2,18,F,7,2011,2,1,1,2,2,1,1,1,1,1,1,3,1,2,4,6,1,1, ?,2,2
2,18,F,7,2011,3,3,1,2,2,1,1,1,1,1,1,5,1,1,8,1,1,1, ?,2,2
2,18,F,7,2011,2,1,1,2,2,1,1,1,2,1,1,2,1,2,19,8,1,1, ?,2,2
1,18,F,4,2011,3,1,1,2,2,1,1,1,1,1,1,1,1,1,14,6,1,1,36,2,2
1,18,G,8,2011,4,1,1,2,2,1,4,1,1,1,1,1,1,2,11,6,1,1, ?,1,1
1,18,F,8,2011,3,1,1,2,2,1,1,1,1,1,1,4,1,2,19,6,2,6, ?,2,2
6,18,F,8,2011,3,1,1,2,2,1,1,1,1,1,1,1,2,2,14,6,1,1, ?,1,1
7,18,F,8,2011,3,1,1,2,2,1,1,1,1,1,1,1,1,2,10,6,1,1, ?,2,2
1,18,F,9,2011,3,1,1,2,2,1,1,1,1,1,1,5,1,1,4,1,1,1, ?,2,2
1,18,F,8,2011,?,1,1,2,2,1,1,1,5,2,2,4,1,2,4,7,1,1, ?,2,2
1,18,F,9,2011,1,1,1,2,2,1,1,1,1,1,1,1,?,?,19,6,?,?, ?,2,2
7,18,F,2,2011,1,1,1,2,2,1,1,1,1,1,1,1,1,2,14,8,?,1, ?,1,1
1,18,F,2,2011,3,3,1,2,2,1,1,1,1,1,1,5,1,2,2,6,1,1, ?,2,2