Thana,District,Accident_Severity,Month,Year,Time,Junction_Type,Traffic_Control,Movement,Divider,Weather,Light,Road_Geometry,Surface_Condition,Surface_Type,Surface_Quality,Road_Class,Road_Feature,Location_Type,Vehicle_Type,Vehicle_Movement,Vehicle_Loading,Vehicle_Defect,Vehicle_Driver_Age,Vehicle_Alcohol,Vehicle_Seat_Belt
1,18,F,2,2011,1,1,1,2,2,1,2,2,1,1,1,1,3,2,19,6,1,7, ?,1,1
1,18,F,3,2011,?,3,4,2,2,1,1,1,1,1,1,2,1,1,9,6,1,3,28,2,2
1,18,G,3,2011,2,1,1,2,2,1,1,1,1,1,1,4,1,2,19,6,1,1, ?,2,2
3,18,F,3,2011,3,1,1,2,2,1,1,1,1,1,2,4,1,2,17,6,2,6, ?,2,2
3,18,F,4,2011,2,1,1,2,2,1,1,1,1,1,1,4,1,2,4,6,1,7,27,2,2
1,18,F,5,2011,1,1,1,2,2,1,2,1,1,1,1,1,2,2,12,6,2,1, ?,2,2
5,18,F,5,2011,2,1,1,2,2,1,1,1,1,1,1,1,2,?,19,6,1,6, ?,2,2
5,18,F,5,2011,3,1,1,2,2,1,1,1,1,1,1,2,1,2,19,6,2,6, ?,2,2
3,18,F,5,2011,3,1,1,2,2,1,1,2,1,1,1,4,?,?,19,6,2,6, ?,2,2
1,18,F,11,2011,3,1,1,2,2,1,1,1,1,1,1,1,2,2,19,6,?,?, ?,?,?
1,18,F,11,2011,4,2,1,2,2,1,3,1,1,1,1,1,1,1,19,6,?,7, ?,2,2
1,18,F,11,2011,1,1,1,2,2,1,3,1,1,1,1,1,1,1,16,6,?,?, ?,2,2
5,18,G,11,2011,4,1,1,2,2,4,4,1,1,1,1,2,1,1,3,4,2,6,40,2,2
5,18,F,12,2011,1,1,1,2,2,1,1,1,1,1,1,2,1,1,13,5,1,7, ?,2,2
5,18,F,12,2011,3,1,1,2,2,1,1,1,1,1,1,2,2,2,19,6,1,7,30,2,2
1,18,F,12,2011,1,1,1,2,2,1,1,1,1,1,1,1,1,1,14,6,?,7, ?,2,2
1,18,F,12,2011,?,1,1,2,2,1,1,1,1,1,1,4,1,2,19,6,1,6, ?,1,2
1,29,M,2,2011,4,2,1,2,2,4,4,1,1,1,1,1,1,2,9,6,1,1, ?,2,2
1,29,F,2,2011,3,1,1,2,2,1,1,1,1,1,2,2,2,?,4,6,1,1, ?,2,2
1,29,F,12,2011,2,1,1,2,2,1,1,1,1,1,1,2,3,2,7,6,1,7, ?,2,2
3,29,F,6,2011,2,1,1,2,2,1,1,1,1,1,1,2,1,2,6, ?,?,?, ?,2,2
3,29,F,2,2011,2,1,1,2,2,1,1,2,1,1,1,2,1,2,9,2,1,1,30,2,2
5,29,F,7,2011,1,1,1,2,2,1,1,1,1,1,1,2,2,2,9,4,1,1, ?,2,2
8,29,F,6,2011,3,1,1,2,2,1,4,1,2,1,1,5,1,1,14, ?,?,1, ?,2,2
5,29,F,7,2011,1,1,1,2,2,1,4,1,1,1,1,2,1,1,9,6,1,7, ?,1,2
1,29,F,6,2011,2,1,1,1,1,4,1,2,1,1,1,1,1,2,14,2,2,1, ?,2,2
1,29,F,5,2011,1,1,1,2,2,1,2,2,3,2,2,4,1,2,10,1,1,1, ?,1,1
8,29,F,6,2011,3,1,1,2,2,1,4,2,1,1,1,1,1,2,9,1,1,?, ?,2,2
8,29,F,8,2011,2,1,1,2,2,1,1,1,1,1,1,5,1,2,19,7,2,1,35,2,2
7,29,F,4,2011,2,1,1,2,2,1,1,1,1,1,1,5,1,2,9,6,1,1, ?,2,2
8,29,F,1,2011,3,1,1,2,2,1,1,4,1,1,2,4,1,2,4,6,2,1, ?,2,2
1,29,G,11,2011,3,7,1,2,2,1,1,2,1,1,1,1,1,2,9,1,2,1,45,2,2
1,25,F,3,2011,2,1,1,2,2,1,1,1,1,1,1,2,1,?,14,2,1,1, ?,1,1
1,25,F,6,2011,2,1,8,2,2,1,1,1,1,1,1,4,1,2,14,6,2,1,40,1,1
8,25,F,7,2011,4,1,1,2,2,1,1,1,1,1,1,2,1,2,9,8,2,7, ?,2,2
8,25,F,3,2011,3,1,1,2,2,1,1,1,1,1,1,2,1,2,4,11,2,2, ?,1,2
1,25,G,1,2011,2,1,1,2,2,1,1,1,1,1,1,5,2,1,14,6,1,2, ?,2,2
1,25,F,1,2011,3,1,1,2,2,1,1,1,1,1,1,5,1,2,14,6,1,2, ?,1,1
1,25,F,1,2011,3,1,1,2,2,1,1,1,1,1,1,5,1,2,9,6,1,1, ?,2,2
1,25,F,3,2011,2,1,1,2,2,1,1,1,1,1,1,5,1,2,10,6,1,2, ?,2,2
1,25,F,3,2011,4,1,1,2,2,1,4,1,1,1,2,5,1,2,9,6,1,1, ?,2,2
1,25,F,3,2011,2,1,1,2,2,1,1,1,1,1,1,5,2,1,4,6,1,1, ?,1,1
1,25,F,5,2011,2,1,1,2,2,1,1,1,1,1,1,5,1,2,18,9,2,1, ?,2,2
1,25,F,6,2011,2,1,1,2,2,1,1,1,1,1,1,5,1,2,18,6,2,5,32,2,2
1,20,F,11,2011,2,1,1,2,2,1,1,1,1,1,1,2,2,2,14,6,1,1, ?,1,1
1,20,M,12,2011,2,1,1,2,2,1,2,1,1,1,1,4,1,2,14,6,2,1,42,1,2
1,20,F,12,2011,1,1,1,2,2,1,1,1,1,1,1,2,1,2,9,6,1,1, ?,2,2
2,20,F,11,2011,2,1,1,2,2,1,1,1,1,1,1,4,1,2,18,1,1,1, ?,1,2
4,20,F,10,2011,1,3,1,2,2,1,1,1,2,1,1,4,1,2,14,6,1,1, ?,2,2
8,25,F,12,2011,3,3,1,2,2,1,1,1,1,1,1,2,2,1,4,1,1,2,28,1,1
1,25,G,10,2011,4,1,1,2,2,1,1,1,1,1,1,2,1,2,6,5,1,1,40,2,2
1,25,F,8,2011,3,1,1,2,2,1,1,1,1,1,1,3,1,1,9,6,1,2,32,2,2
1,25,F,8,2011,3,1,1,2,2,1,1,1,1,1,1,3,1,2,9,6,1,1,32,2,2
1,25,G,9,2011,3,1,1,2,2,1,1,1,1,1,1,4,1,2,13,6,1,1,32,2,2
1,29,F,3,2011,2,1,1,2,2,1,1,1,1,1,1,2,1,2,7,6,1,7, ?,2,2
4,29,F,9,2011,1,1,1,2,2,1,1,1,1,1,1,2,1,2,9,6,1,1,34,2,2
5,29,F,11,2011,2,1,1,2,2,1,1,1,1,1,1,2,1,2,8,6,1,1, ?,2,2
8,29,F,8,2011,2,1,1,2,2,1,1,1,1,1,1,3,1,1,6,1,1,7,35,2,2
8,29,G,9,2011,3,1,1,2,2,1,1,1,1,1,1,1,1,2,7,6,1,1,30,1,1
7,24,F,11,2011,2,1,1,2,2,1,1,1,1,3,1,4,1,1,14,6,1,?, ?,1,2
5,11,F,3,2011,3,3,1,2,2,1,1,1,1,1,1,1,1,2,9,6,1,1, ?,2,2
11,11,F,4,2011,3,7,1,1,2,1,1,1,1,1,1,4,1,2,14,11,1,1, ?,2,2
1,11,F,5,2011,2,7,1,2,2,1,2,1,1,1,1,1,1,1,4,4,1,7, ?,2,1
5,11,F,5,2011,3,4,1,2,2,1,1,1,1,1,1,1,1,2,14,6,1,1,30,2,2
10,11,F,6,2011,2,7,1,2,2,2,4,2,2,2,3,4,1,2,8,5,1,1, ?,2,2
10,11,F,6,2011,2,7,1,2,2,1,1,1,1,1,1,3,1,2,19,6,1,1,28,2,2
8,11,F,1,2011,3,3,3,2,2,1,1,1,1,1,1,2,1,2,8,7,1,1, ?,2,2
5,11,F,2,2011,3,7,1,2,2,1,1,1,1,1,1,2,1,2,9,11,1,1, ?,2,2
1,11,F,2,2011,2,4,1,2,2,1,1,4,1,3,2,4,1,2,17,11,2,7, ?,1,2
4,12,F,3,2011,2,1,1,1,2,1,1,1,1,1,1,2,1,2,14,11,1,1,25,2,2
1,12,F,3,2011,2,1,1,1,2,1,1,1,1,1,1,1,1,1,9,6,1,1, ?,1,2
2,12,F,3,2011,3,1,8,1,2,1,2,1,1,1,1,4,1,2,8,6,1,1, ?,2,2
5,12,F,7,2011,2,7,1,1,2,1,1,5,1,1,1,2,1,2,14,8,1,7,35,1,2
2,12,G,2,2011,2,1,8,1,2,1,1,1,1,1,1,4,1,2,8,11,2,1, ?,2,2
3,13,F,5,2011,2,7,1,1,2,1,1,1,1,1,1,4,1,2,14,6,1,7,25,2,2
5,13,F,5,2011,3,1,1,2,1,1,1,1,1,1,1,1,1,2,14,6,1,1,30,2,2
5,13,F,5,2011,2,7,1,2,2,1,1,1,1,1,1,2,1,2,14,6,1,1,33,2,2
2,13,F,9,2011,3,1,3,1,2,1,1,1,1,1,1,4,1,2,14,11,1,1,36,2,2
8,13,F,9,2011,4,1,8,1,2,1,4,1,1,1,1,1,1,2,19,6,2,7, ?,2,2
5,13,F,1,2011,2,7,1,2,2,1,1,1,1,1,3,4,1,2,8,4,2,1,27,2,2
9,13,F,2,2011,3,1,8,1,2,1,1,1,1,1,1,2,1,2,7,6,1,1,27,2,2
10,16,G,2,2011,2,2,1,2,2,1,1,1,1,1,1,1,1,2,10,6,1,1, ?,2,2
2,16,F,2,2011,4,7,8,2,2,1,4,5,5,1,1,2,1,2,13,11,1,7,25,2,2
10,16,F,7,2011,2,3,1,2,2,1,1,1,5,1,1,1,1,2,19,6,1,1, ?,2,2
8,16,F,1,2011,3,1,1,2,2,1,1,1,1,1,1,4,1,2,4,5,1,1,38,2,2
8,16,F,5,2011,4,1,1,2,2,1,4,1,1,1,2,1,1,2, ?,6,1,1, ?,2,2
3,1,F,3,2011,2,7,8,2,2,1,1,2,1,1,1,2,1,2,14,2,?,?, ?,?,2
1,1,F,3,2011,4,1,3,2,2,1,2,1,1,1,1,1,1,1,14,6,2,7,30,1,2
3,1,F,6,2011,2,7,1,2,2,1,3,1,1,1,1,5,1,2,13,11,?,?, ?,?,?
5,1,F,4,2011,3,7,1,2,?,1,1,1,1,1,1,1,1,2,8,6,2,7, ?,1,2
5,1,F,5,2011,1,7,1,2,2,1,1,1,1,1,1,1,1,2,14,7,1,6, ?,1,2
1,6,F,2,2011,4,1,3,2,2,4,2,1,1,1,1,2,1,2,19, ?,?,?, ?,?,?
5,6,F,1,2011,4,1,1,2,2,1,2,2,1,1,1,4,1,2,17,5,1,3, ?,1,2
4,6,M,2,2011,2,1,8,1,2,1,1,3,1,1,1,2,1,2,8, ?,1,1,42,2,2
5,6,F,2,2011,3,1,1,2,2,1,1,2,1,1,1,1,1,2,14,11,1,7, ?,?,?
4,6,F,3,2011,3,1,1,2,2,1,1,1,1,1,1,2,1,2,14, ?,?,1,40,2,2
3,6,F,3,2011,4,2,2,2,2,1,2,1,1,1,1,1,1,2,8,6,?,1,45,1,2
1,6,G,4,2011,3,7,?,2,?,1,1,2,1,1,1,1,1,2,8, ?,2,1, ?,1,?
4,6,F,4,2011,2,1,1,1,2,1,1,1,1,1,1,2,1,1,9, ?,?,?, ?,?,?
3,6,F,4,2011,2,6,2,2,2,1,1,2,1,1,1,1,1,2,8,6,?,1,35,?,?
3,6,F,4,2011,3,4,8,2,2,1,1,2,1,1,1,1,1,1,17,2,1,1,35,?,2
1,6,F,7,2011,3,2,1,2,2,1,1,1,1,1,1,1,1,2,14,11,1,1,40,2,2
1,4,F,1,2011,3,4,8,2,2,1,1,1,1,1,1,1,1,2,13,11,1,3,28,2,2
1,4,F,1,2011,2,7,1,1,2,1,1,1,1,1,1,2,1,2,9,1,1,1, ?,1,2
3,4,F,3,2011,3,1,1,2,2,1,1,1,1,1,1,2,1,2,17,6,1,1,32,1,2
3,4,F,4,2011,2,1,1,2,2,1,1,1,1,2,1,2,1,2,17,6,1,1,22,2,2
5,4,F,4,2011,2,1,1,2,2,1,1,1,1,1,1,2,1,2,14,2,1,1, ?,1,2
6,4,F,4,2011,3,1,1,2,1,1,1,2,1,1,1,1,1,2,9,11,1,1, ?,2,2
1,4,F,5,2011,3,7,8,2,2,1,1,1,1,2,2,1,2,?,8,1,1,3,45,?,2
4,4,F,6,2011,4,1,8,2,2,1,2,1,1,1,1,1,1,2, ?, ?,?,?, ?,?,?
1,4,F,7,2011,4,4,1,2,2,2,1,2,2,1,1,2,1,2,8,4,1,3,40,1,2
3,4,F,7,2011,4,1,1,2,2,1,4,1,1,1,2,2,1,2,14,11,1,1,26,1,2
11,7,M,1,2011,3,1,1,2,2,1,1,1,1,1,1,4,1,2,8,11,1,1, ?,2,2
1,7,G,1,2011,4,7,1,2,2,1,4,1,1,1,1,1,1,1,5,1,1,7, ?,1,2
11,7,S,6,2011,3,1,1,2,2,1,1,1,1,1,1,4,1,2,19,6,1,1, ?,2,2
5,2,F,2,2011,2,7,1,2,2,1,1,1,1,1,1,2,1,2,9,6,1,1, ?,1,2
1,2,F,3,2011,3,1,3,2,2,1,1,1,1,1,1,1,1,2,8,7,1,1, ?,1,2
1,2,F,12,2011,3,3,1,1,2,1,1,1,1,1,1,1,1,2,14,8,2,7,25,1,2
1,2,F,12,2011,4,1,7,2,2,1,2,1,1,1,1,2,1,2,19,6,1,1, ?,2,2
3,2,F,12,2011,3,2,1,2,2,1,1,1,1,3,1,5,1,2,14,7,1,1,28,2,2
2,2,F,11,2011,3,7,8,2,2,4,1,1,1,1,2,4,1,2, ?, ?,?,?, ?,?,?
5,2,F,12,2011,1,7,8,2,2,4,2,1,1,1,2,2,1,2,14,11,1,7, ?,1,2
1,2,F,11,2011,2,1,1,2,2,2,1,1,1,1,1,4,1,2,19,6,1,1, ?,2,2
3,2,F,11,2011,2,7,8,1,1,1,1,1,1,1,1,4,1,2,19,6,1,7, ?,2,2
4,2,F,11,2011,3,7,3,1,2,1,1,1,1,1,1,1,1,2,17,6,1,7, ?,2,2
1,2,F,10,2011,3,1,1,2,2,1,1,1,1,1,1,4,1,2,17,6,1,1, ?,2,2
3,2,F,10,2011,2,1,1,2,2,1,1,1,1,1,1,2,1,2,19,11,1,7,28,2,2
1,2,G,1,2011,3,7,8,2,2,1,1,1,1,1,1,1,1,2,14,6,1,1,40,2,2
2,2,F,1,2011,2,1,1,2,2,1,1,3,1,3,2,4,1,2,19,6,1,1, ?,2,2
5,2,F,4,2011,3,7,3,2,2,1,1,1,1,1,1,1,1,2,4,5,1,1,30,2,1
2,2,F,5,2011,2,7,8,1,2,1,1,1,1,3,2,4,1,2,19,6,1,7, ?,2,2
5,2,F,5,2011,3,1,8,2,2,1,1,1,2,1,1,4,1,2,19,6,2,7,20,2,2
1,2,F,5,2011,4,1,1,1,2,1,2,1,1,1,1,1,1,2,9,6,1,1, ?,2,2
1,2,F,5,2011,2,1,1,2,2,1,1,1,1,1,1,4,1,2,17,6,1,1,25,2,2
1,2,F,5,2011,3,7,8,1,2,1,1,1,1,1,1,4,1,2,17,6,1,7,35,2,2
1,2,F,6,2011,2,7,1,2,2,1,1,1,2,1,1,4,1,2,19,6,2,1,30,2,2
3,2,S,6,2011,2,1,4,2,2,1,1,1,1,1,1,2,1,2,13,6,1,1, ?,2,2
2,2,F,7,2011,3,1,2,2,2,1,1,1,5,1,2,4,1,2,19,6,1,1, ?,2,2
11,3,F,2,2011,3,7,8,2,2,1,1,1,1,1,1,3,1,2,19,5,1,7,24,2,2
11,3,F,2,2011,3,1,1,1,2,2,2,3,1,1,1,2,1,2,14,6,1,3,22,2,2
12,3,F,3,2011,1,1,8,2,2,4,4,1,2,1,1,3,1,2,9,6,1,1, ?,2,2
7,3,F,6,2011,4,1,8,1,2,1,1,1,1,1,1,1,1,2,9,6,1,1, ?,2,2
1,8,F,1,2011,3,2,3,2,2,2,1,1,1,1,1,3,1,2,13,6,1,1, ?,2,2
5,8,F,4,2011,3,1,1,2,2,1,1,1,1,1,1,1,1,2,19,2,2,1, ?,2,2
1,8,F,5,2011,4,2,1,2,2,1,2,2,2,1,2,5,1,1,17,1,1,7, ?,2,2
1,8,F,6,2011,2,1,8,2,2,1,1,1,1,1,1,3,1,2,9,6,1,1,50,2,2
4,8,S,6,2011,1,1,1,2,2,1,2,1,1,1,1,1,1,2,14,6,1,1,31,2,2
7,8,F,7,2011,3,7,8,2,2,1,1,1,1,1,1,1,1,2,4,11,1,7, ?,2,2
8,13,G,12,2011,1,1,1,2,2,1,3,2,1,1,1,1,1,2,14,7,1,?, ?,2,2
8,13,F,12,2011,3,1,1,2,2,1,1,1,1,1,1,1,1,2,17,1,1,1, ?,1,2
5,12,F,12,2011,3,7,8,1,2,1,1,1,1,1,1,1,1,2,14,6,1,1, ?,2,2
5,11,F,7,2011,1,1,1,2,2,1,4,1,1,1,1,1,1,2, ?, ?,?,?, ?,2,2
5,11,F,7,2011,3,1,1,2,1,1,1,1,1,1,1,1,1,2,8,6,1,7,40,2,2
7,11,M,7,2011,2,7,8,2,2,1,1,1,1,1,2,2,1,2,9,11,1,1,30,2,2
3,11,F,9,2011,2,1,8,2,2,1,1,4,5,1,1,4,1,2,8,1,1,7, ?,2,2
1,15,F,1,2011,2,1,1,2,2,1,1,1,1,1,1,1,2,?, ?,6,1,1, ?,2,2
1,15,F,1,2011,1,1,4,2,2,1,4,1,1,1,1,1,1,2, ?, ?,?,?, ?,2,2
1,15,F,8,2011,2,3,8,2,2,1,2,2,1,1,1,1,1,1,7,1,1,1, ?,2,2
1,15,F,10,2011,1,1,1,2,2,1,4,1,1,1,1,1,1,2, ?,6,1,1, ?,2,2
2,16,F,8,2011,4,1,1,2,2,1,2,1,1,1,1,2,1,2,19,6,1,1, ?,2,2
6,16,M,8,2011,3,1,2,2,2,1,1,1,1,1,1,1,1,2,7,9,1,1, ?,2,1
10,16,F,8,2011,3,1,4,1,2,1,1,1,1,1,1,1,1,2,14,5,1,1, ?,2,2
10,16,F,8,2011,1,3,8,1,2,1,1,1,1,1,1,1,1,2, ?, ?,?,?, ?,2,2
4,16,F,9,2011,3,4,8,2,2,1,1,1,5,2,1,5,1,2,4,7,1,7, ?,2,2
10,16,G,9,2011,1,1,4,1,1,1,2,1,1,1,1,1,1,1,9,10,1,1,35,1,2
10,16,S,9,2011,4,5,1,1,1,1,3,1,1,1,1,1,1,2,14,8,1,1,42,2,2
7,16,F,10,2011,2,3,8,2,1,1,1,1,1,1,1,1,1,1,14,6,1,1,31,2,2
10,16,F,10,2011,1,1,1,1,2,1,4,1,1,1,1,1,1,2, ?, ?,?,?, ?,2,2
10,16,F,10,2011,2,3,1,2,2,1,2,1,1,1,1,1,2,?, ?, ?,?,?, ?,2,2
3,16,F,12,2011,1,3,1,2,2,4,4,1,1,3,2,4,1,2,14,6,2,1, ?,2,2
10,16,M,5,2011,2,7,1,2,2,1,2,1,1,1,1,1,1,2,14,5,1,7,40,2,2
5,16,F,5,2011,3,1,1,2,2,2,1,1,2,1,1,4,1,2,4,6,1,1,25,2,2
10,16,F,1,2011,3,3,3,2,2,1,1,1,1,1,1,1,1,2,9,6,1,1,45,2,1
10,16,F,1,2011,1,7,8,2,2,1,4,1,1,1,1,1,1,2,9,6,1,1,34,1,2
10,16,G,1,2011,1,7,8,2,2,1,4,1,1,1,1,1,1,2, ?,6,?,?, ?,1,2
1,9,G,1,2011,3,1,1,1,2,1,1,1,1,1,1,2,1,2,13,6,1,1,25,2,2
2,9,G,12,2010,3,1,1,2,2,1,1,1,1,1,1,1,1,1,14,6,1,1,40,1,2
10,9,F,3,2011,3,1,1,2,2,1,1,1,1,1,1,1,1,2,9,6,1,1, ?,2,2
10,9,F,3,2011,3,1,1,1,2,1,1,1,1,1,1,1,1,2,7,6,1,1, ?,2,2
4,9,F,3,2011,4,1,8,2,2,1,2,4,1,1,2,2,3,2,19,6,1,1, ?,2,2
6,9,F,4,2011,2,1,1,2,2,1,2,1,1,1,1,1,1,2,13,6,1,1, ?,2,2
4,9,F,4,2011,2,1,1,2,2,1,1,1,1,1,1,2,1,2,9,6,2,4,28,2,2
4,9,F,4,2011,4,7,1,2,2,1,1,1,1,1,1,1,1,2,14,11,1,1,35,2,2
10,9,F,4,2011,3,7,8,1,2,1,1,3,1,3,1,2,1,2,13,11,2,7,40,2,2
1,9,S,5,2011,3,2,1,2,2,1,3,2,1,1,1,1,1,1,14,1,2,5, ?,1,2
11,9,F,5,2011,3,1,1,2,2,1,1,1,1,1,1,1,3,1,9,6,1,4,45,2,2
12,9,F,5,2011,2,1,1,2,2,1,4,1,1,1,1,1,1,1,6,6,2,6, ?,2,2
10,9,F,5,2011,4,1,1,1,2,1,2,1,1,1,1,1,1,2,14,6,1,1, ?,2,2
10,9,F,5,2011,4,1,1,2,2,1,4,1,1,1,1,1,1,2, ?, ?,?,?, ?,?,?
3,9,F,4,2011,3,1,1,1,1,1,1,1,1,1,1,3,1,2,5,6,1,1, ?,2,2
2,9,G,1,2011,1,1,1,2,2,1,1,1,1,1,1,1,1,1,14,6,1,1,40,1,2
10,9,F,2,2011,2,1,1,2,2,1,1,1,1,1,1,1,1,2,4,11,1,1, ?,2,2
4,9,F,2,2011,4,1,1,2,2,1,1,1,1,1,1,3,1,2,14,6,1,1, ?,2,2
12,9,F,2,2011,1,1,8,2,2,1,4,1,1,1,1,1,1,1,9,6,1,1, ?,2,2
5,13,F,4,2011,2,1,1,2,2,1,1,1,1,1,1,2,1,1,19,6,2,7,22,2,2
10,9,F,10,2011,3,1,3,2,2,1,3,1,1,1,1,1,1,1,9,6,1,7, ?,1,2
2,4,F,3,2011,3,1,8,1,1,1,2,1,1,1,1,4,1,2,9,6,1,1, ?,2,2
1,9,F,7,2011,4,1,8,2,1,1,2,1,1,1,1,1,3,1,6,1,1,1, ?,2,2
1,9,F,7,2011,2,1,1,2,2,1,1,1,1,1,1,1,1,1,14,6,1,1, ?,2,2
1,9,F,7,2011,3,1,1,2,2,1,1,1,1,1,1,1,1,2,9,6,1,7, ?,2,2
10,9,F,7,2011,1,1,1,2,2,1,3,1,1,1,1,1,1,?,14,6,1,1, ?,1,1
11,9,F,8,2011,2,1,8,2,1,1,3,1,1,1,1,4,1,1,4,6,1,7, ?,2,2
10,9,F,8,2011,2,1,8,2,2,1,1,1,1,1,1,3,1,1,14,6,1,1, ?,1,1
2,9,F,8,2011,2,1,1,2,2,1,1,1,1,1,1,1,1,1,1,4,1,4,30,2,2
4,9,F,12,2011,4,1,3,2,2,1,3,1,1,1,1,2,1,1,14, ?,?,?, ?,?,?
4,9,F,12,2011,3,1,1,2,2,1,1,1,1,1,1,2,1,2,14,6,1,1, ?,2,2
10,9,F,12,2011,1,1,1,2,2,4,4,1,2,1,1,1,1,2,14,6,1,7,45,1,2
10,9,F,12,2011,4,1,4,2,2,1,1,2,1,1,1,1,1,1,14,6,1,7, ?,2,2
1,9,G,12,2011,2,1,1,2,2,1,1,1,1,1,1,5,1,1,13,6,1,7,32,2,2
1,14,F,1,2011,3,1,8,2,2,1,1,1,1,1,1,5,1,1,10,11,2,7,32,?,2
1,14,F,6,2011,2,7,1,2,2,1,1,1,1,1,1,1,1,1,14,11,1,?, ?,1,2
1,14,F,7,2011,4,2,1,2,2,1,1,1,1,2,1,1,1,1,19,5,1,1,29,2,2
4,14,F,2,2011,1,1,1,2,2,1,4,1,1,1,1,1,1,2,19,6,1,7, ?,1,2
4,14,F,4,2011,4,7,8,2,2,1,4,1,1,1,1,5,1,1,4,11,1,1, ?,2,2
4,14,F,4,2011,3,5,3,2,2,1,1,2,1,1,1,5,1,1, ?, ?,1,1,48,2,2
4,14,G,9,2011,3,7,3,2,2,1,1,1,1,1,1,5,1,1,12,1,1,7, ?,1,2
4,14,F,4,2011,2,4,1,2,1,2,1,1,2,1,1,5,1,1,9,5,1,7, ?,2,2
3,14,S,1,2011,2,1,1,1,2,1,1,1,1,1,1,5,1,1,14,11,1,1,35,2,2
3,14,F,7,2011,2,1,1,2,2,1,1,1,1,1,1,1,1,1,14,4,?,?, ?,2,2
3,14,F,10,2011,3,1,1,1,2,1,1,1,1,1,1,1,1,1,9,5,1,6,40,2,2
4,14,F,11,2011,2,7,3,2,2,1,1,1,1,1,1,3,1,1, ?, ?,?,?, ?,?,?
3,53,F,1,2011,3,1,1,2,2,1,1,1,1,1,1,1,1,2,7,6,1,1,20,2,2
1,53,S,2,2011,3,1,8,1,2,1,1,1,1,1,1,1,1,1,5,6,1,1,22,2,2
11,53,F,2,2011,3,5,8,1,2,1,4,4,1,3,2,4,1,2,17,6,1,3, ?,2,2
3,53,G,2,2011,3,7,1,2,2,1,1,1,1,1,1,2,1,2,12,6,1,1, ?,?,?
12,53,F,1,2011,3,1,1,2,2,1,1,1,1,1,1,1,1,2,4,6,1,1,30,2,2
5,53,F,2,2011,2,1,1,2,1,1,1,2,1,1,2,4,1,2,4,6,1,1, ?,1,2
7,53,S,2,2011,4,7,1,1,2,1,2,1,1,1,1,5,1,2,6,4,2,4, ?,2,2
2,2,G,3,2011,2,1,1,2,2,1,2,2,1,1,2,1,1,2,8,2,1,1,27,2,2
8,54,F,1,2011,1,3,2,2,2,1,1,1,1,1,1,4,1,2,4,2,1,3, ?,2,2
10,54,F,1,2011,3,7,8,2,2,1,2,1,1,1,1,4,5,2,5,8,1,1,25,2,2
7,56,F,7,2011,2,2,1,2,2,1,1,1,1,1,1,1,1,2,7,5,1,1,40,1,2
7,56,F,7,2011,2,2,3,2,2,1,1,1,1,1,1,1,1,2,19,11,1,1, ?,?,?
3,56,G,7,2011,1,2,1,2,2,1,1,1,1,1,1,1,1,2,1,1,1,1,27,2,2
8,56,G,7,2011,1,1,1,2,2,2,4,1,2,1,1,1,1,2,12,5,1,1,55,2,2
6,56,F,7,2011,2,7,3,1,2,1,1,1,1,1,1,4,1,2,9,11,1,1,35,2,2
6,55,F,1,2011,2,7,1,1,2,1,1,1,1,1,1,2,1,1, ?, ?,?,?, ?,?,?
7,56,M,4,2011,4,2,1,2,2,1,3,1,1,1,1,1,1,2,14,1,1,7,30,2,2
8,56,F,5,2011,1,2,1,2,2,1,3,1,1,1,1,1,1,2,14,2,1,7,28,2,2
8,54,F,6,2011,3,1,1,1,2,1,1,5,1,1,1,4,2,2,12,11,1,7, ?,2,2
11,54,F,6,2011,2,1,1,2,2,1,1,1,1,1,1,4,1,2,13,6,1,1,35,2,2
2,53,F,5,2011,3,1,1,2,2,2,1,4,2,1,2,4,5,2,4,11,1,1, ?,2,2
1,53,F,5,2011,4,7,8,2,2,1,2,1,1,1,1,4,1,1,17,11,1,7,25,1,2
6,53,F,6,2011,3,7,8,2,2,1,1,1,1,1,1,4,1,2,6,6,2,7,19,2,2
6,53,G,6,2011,2,7,8,2,2,1,1,1,1,1,1,4,1,2,19,6,2,7,25,2,2
1,53,F,4,2011,3,7,1,1,1,1,1,2,1,1,1,1,1,2,19,11,1,1, ?,2,2
3,53,F,4,2011,3,7,1,2,1,1,1,1,1,1,1,2,1,2,5,5,1,1, ?,2,2
9,56,G,3,2011,2,2,1,2,2,1,1,1,1,1,1,1,1,2,9,11,1,1,30,2,2
1,56,F,2,2011,1,1,1,2,2,1,4,1,1,1,1,2,1,2,14,6,1,1,30,1,2
9,56,M,4,2011,3,2,1,1,2,1,1,1,1,1,1,1,1,2,14,1,1,1,30,1,2
9,56,F,2,2011,2,2,1,2,2,1,1,1,1,1,1,1,1,2,19,11,2,7, ?,2,2
2,55,F,2,2011,2,3,8,2,2,1,1,1,1,1,1,2,1,2,17,6,1,6,22,2,2
7,53,F,3,2011,4,1,2,1,2,1,2,1,1,1,1,1,1,2,5,4,1,1,26,2,2
1,53,S,3,2011,1,3,1,1,2,1,1,1,1,1,1,1,1,2,8,1,2,7,30,1,2
3,53,F,3,2011,?,1,1,1,2,1,1,1,1,1,1,2,1,2,4,6,1,1, ?,2,2
12,53,F,3,2011,3,1,1,2,2,1,1,2,1,1,1,1,1,1,8,1,1,7, ?,2,2
12,53,F,3,2011,3,1,1,2,1,1,1,1,1,1,1,2,1,2,13,9,1,1,35,2,1