Thana,District,Accident_Severity,Month,Year,Time,Junction_Type,Traffic_Control,Movement,Divider,Weather,Light,Road_Geometry,Surface_Condition,Surface_Type,Surface_Quality,Road_Class,Road_Feature,Location_Type,Vehicle_Type,Vehicle_Movement,Vehicle_Loading,Vehicle_Defect,Vehicle_Driver_Age,Vehicle_Alcohol,Vehicle_Seat_Belt
6,4,F,8,2011,3,1,3,2,2,1,1,1,1,1,1,1,1,2,9,6,1,1, ?,2,2
7,47,F,8,2011,1,1,1,2,2,1,4,1,1,1,1,1,1,2,19,6,1,1, ?,2,2
1,47,F,8,2011,4,1,1,2,2,1,2,1,1,1,1,1,1,2,19,6,1,1, ?,2,2
12,47,F,8,2011,1,1,1,2,2,1,2,1,1,1,1,1,1,1,19,6,1,6, ?,2,2
8,38,F,8,2011,4,1,1,2,2,1,4,1,1,1,1,3,1,2,4,6,1,1, ?,2,2
1,38,S,8,2011,1,2,1,2,2,1,2,1,1,1,1,5,1,1,14,6,1,1, ?,2,2
3,35,F,8,2011,4,3,1,2,2,1,4,1,1,1,1,2,1,2,12,6,1,1, ?,2,2
3,35,F,7,2011,4,1,1,2,2,1,2,1,1,1,1,2,1,2,19,6,1,1, ?,2,2
4,39,F,8,2011,2,1,1,2,2,1,1,1,1,1,1,1,1,2,19,6,1,1,35,2,2
1,39,F,8,2011,1,1,1,2,2,1,2,2,1,1,1,2,1,2,19,6,1,1, ?,2,2
4,44,M,10,2011,3,1,1,2,2,1,1,1,1,1,1,5,1,1,14,6,1,1,35,2,2
5,44,F,9,2011,4,2,1,2,2,1,4,1,1,1,1,1,1,2,14,6,1,1, ?,2,2
7,44,F,9,2011,4,1,1,2,2,1,2,1,1,1,1,1,3,2,19,3,1,1, ?,2,2
2,48,G,9,2011,2,1,1,2,2,1,1,1,1,1,1,4,1,2,19,6,2,6,35,2,2
4,39,G,9,2011,2,1,1,2,2,1,1,1,1,1,1,4,1,2,4,6,1,3,18,2,2
3,39,S,9,2011,1,1,1,2,2,1,2,1,1,1,1,1,1,2,7,6,1,1, ?,2,2
5,44,F,9,2011,3,1,1,2,2,1,2,1,1,1,1,1,2,1,19,6,1,6, ?,2,2
5,45,F,10,2011,4,1,1,2,2,1,3,1,1,1,1,1,1,2,19,6,1,2, ?,2,2
1,39,F,10,2011,3,3,1,2,2,1,1,1,1,1,1,2,1,1,13,6,1,1,32,2,2
2,39,F,10,2011,3,2,1,2,2,1,1,1,1,1,1,4,1,2,19,6,2,6, ?,2,2
1,39,F,10,2011,4,1,1,2,2,1,4,1,1,1,1,2,1,2,19,6,1,1, ?,2,2
7,48,F,10,2011,1,1,1,2,2,1,2,1,1,1,1,3,1,2,14,6,1,1, ?,2,2
6,38,F,9,2011,4,1,1,2,2,1,4,1,1,1,1,1,1,2,19,6,1,1, ?,2,2
4,38,G,10,2011,2,1,1,2,2,1,1,1,1,1,1,2,1,2,4,2,1,1,25,2,2
6,44,F,9,2011,2,2,1,2,2,1,1,1,1,1,1,2,1,2,14,6,1,1, ?,2,2
1,36,F,10,2011,3,3,1,2,2,1,1,1,1,1,1,4,1,2,4,6,1,1,40,2,2
7,47,F,10,2011,4,1,1,2,2,1,1,1,1,1,1,1,1,1,19,6,1,1, ?,2,2
12,47,F,10,2011,1,1,1,2,2,1,2,1,1,1,1,1,1,2,9,6,1,1, ?,2,2
7,41,F,10,2011,4,1,1,2,2,1,4,1,1,1,1,1,1,1,9,6,1,1, ?,2,2
7,41,F,10,2011,2,1,3,2,2,1,1,1,1,1,1,1,1,2,14,6,1,1,30,2,2
7,41,F,10,2011,2,1,1,2,2,1,1,1,1,1,1,2,1,1,6,6,1,3, ?,2,2
7,41,F,10,2011,1,1,1,2,2,1,4,1,1,1,1,2,1,2,19,6,1,1, ?,2,2
7,41,F,9,2011,3,1,1,2,2,1,1,1,1,1,1,1,1,2,19,6,1,1, ?,2,2
5,41,F,9,2011,2,1,1,2,2,2,2,1,2,1,1,1,1,2,8,6,1,3, ?,2,2
7,41,F,9,2011,2,3,1,2,2,1,1,1,1,1,1,1,1,2,6,6,1,6, ?,2,2
7,41,F,9,2011,1,1,1,2,2,1,4,1,1,1,1,2,1,1,14,5,1,1, ?,2,2
7,41,F,9,2011,2,1,1,2,2,1,1,1,1,1,1,2,1,1,9,6,2,6, ?,2,2
12,47,F,12,2011,3,1,1,2,2,4,2,1,1,1,1,1,1,2,19,6,1,1, ?,2,2
12,47,F,12,2011,3,1,1,2,2,1,1,1,1,1,1,1,1,2,9,6,1,3,22,2,2
11,47,F,12,2011,2,1,1,2,2,1,1,2,1,1,2,4,1,2,13,6,1,1, ?,2,2
2,35,F,12,2011,4,1,1,2,2,4,4,2,1,1,1,1,1,2,9,1,1,6,31,2,2
4,37,F,12,2011,2,1,1,2,2,1,1,1,1,1,1,4,1,2,9,6,1,1, ?,2,2
5,52,G,8,2011,3,3,1,2,2,1,1,1,1,1,1,3,1,2,1,6,1,1, ?,2,2
1,39,F,11,2011,2,1,1,2,2,1,1,1,1,1,1,4,1,2,9,6,2,6,18,2,2
1,39,F,11,2011,4,1,1,2,2,1,2,1,1,1,1,4,1,2,4,6,1,1, ?,2,2
2,37,G,11,2011,3,1,1,2,2,1,1,1,1,1,1,3,1,2,12,6,1,6, ?,2,2
5,48,F,11,2011,4,1,1,2,2,1,1,1,1,1,1,4,1,2,4,6,1,3,38,2,2
7,45,F,11,2011,4,1,1,2,2,1,4,1,1,1,1,1,1,2,19,6,1,1, ?,2,2
6,47,G,11,2011,4,1,1,2,2,1,4,1,1,1,1,4,1,2,14,6,1,1,34,2,2
11,47,F,11,2011,3,1,1,2,2,1,1,2,1,1,1,4,1,2,4,6,1,1, ?,2,2
1,47,F,11,2011,1,3,1,2,2,1,4,1,1,1,1,1,1,2,9,5,2,1, ?,2,2
3,49,F,10,2011,3,3,1,2,2,1,1,1,1,1,1,2,1,2,8,6,1,6, ?,2,2
3,49,F,11,2011,2,1,1,2,2,1,1,1,1,1,1,2,1,2,19,6,2,6, ?,2,2
5,41,F,11,2011,1,3,1,2,2,1,2,1,1,1,1,1,1,1,19,6,1,1, ?,2,2
5,41,F,11,2011,1,1,1,2,2,1,3,1,1,1,1,1,1,1,9,6,1,1, ?,2,2
5,41,F,12,2011,1,1,1,2,2,1,3,1,1,1,1,1,1,1,19,6,1,1, ?,2,2
1,41,G,11,2011,2,2,1,2,2,1,2,1,1,1,1,1,1,1,9,6,1,1, ?,2,2
7,41,F,12,2011,4,1,1,2,2,1,3,1,1,1,1,1,1,1,9,6,1,1, ?,2,2
7,41,F,12,2011,4,1,1,2,2,1,2,1,1,1,1,1,1,2,5,6,1,1, ?,2,2
7,41,F,11,2011,3,1,1,2,2,1,1,1,1,1,1,2,1,1,14,6,1,1, ?,2,2
7,41,F,11,2011,2,2,3,2,2,1,1,1,1,1,1,2,1,1,19,6,1,1, ?,2,2
7,41,F,11,2011,4,1,1,2,2,1,2,1,1,1,1,1,1,1,9,6,1,1, ?,2,2
7,41,F,12,2011,2,1,1,2,2,1,1,1,1,1,1,2,1,1,19,6,1,1, ?,2,2
7,41,F,12,2011,3,2,4,2,2,1,2,1,1,1,1,1,1,1,9,6,1,1, ?,2,2
6,41,G,11,2011,4,1,1,2,2,1,2,1,1,1,1,2,1,2,4,6,1,1,23,2,2
6,14,F,11,2011,2,1,1,2,2,1,1,1,1,1,1,4,1,2,4,6,1,1, ?,2,2
7,44,F,11,2011,3,1,2,2,2,1,1,1,1,1,1,1,1,2,19,6,1,1, ?,2,2
5,44,F,11,2011,1,1,1,2,2,1,4,1,1,1,1,1,1,1,19,6,1,1, ?,2,2
6,44,F,11,2011,2,1,1,2,2,1,2,1,1,1,1,1,1,1,19,6,1,1, ?,2,2
6,44,F,11,2011,3,1,1,2,2,1,1,1,1,1,1,1,1,1,9,6,1,3,28,2,2
5,44,F,12,2011,3,1,1,2,2,1,2,1,1,1,1,1,1,2,8,6,1,1,40,2,2
6,44,F,12,2011,3,1,1,2,2,1,1,1,1,1,1,5,1,1,7,6,1,1,19,2,2
6,44,F,12,2011,1,1,1,2,2,1,1,1,1,1,1,1,1,1,19,6,1,1, ?,2,2
6,44,F,12,2011,4,1,1,2,2,1,3,1,1,1,1,1,1,1,19,6,1,1, ?,2,2
6,44,F,11,2011,3,1,1,2,2,1,1,1,1,1,1,1,1,1,19,6,1,1, ?,2,2
3,49,F,12,2011,4,1,1,2,2,4,2,1,1,1,1,2,1,2,12,5,1,6, ?,2,2
5,52,F,12,2011,2,1,1,2,2,1,1,1,1,1,1,3,1,2,4,6,1,1, ?,2,2
10,52,F,12,2011,2,1,1,2,2,1,1,1,1,1,1,3,1,2,9,6,1,1, ?,2,2
12,51,F,10,2011,2,1,1,2,2,1,1,1,1,1,1,5,1,2,19,6,2,7, ?,1,2
2,51,F,10,2011,3,1,1,2,2,1,2,1,1,1,1,3,1,2,4,6,1,1, ?,2,2
1,51,G,11,2011,2,1,1,2,2,1,1,2,1,1,1,4,1,2,17,6,1,1, ?,2,2
8,51,F,11,2011,3,1,1,2,2,1,1,1,1,1,1,3,1,2,7,6,1,1, ?,2,2
3,51,F,11,2011,3,2,1,2,2,1,1,1,1,1,1,4,1,2,19,6,2,6, ?,2,2
1,51,F,12,2011,4,1,1,2,2,1,2,1,1,1,1,2,1,2,14,6,1,1, ?,2,2
7,51,F,11,2011,3,2,1,2,2,1,1,2,1,1,1,3,1,2,19,6,2,6, ?,2,2
3,51,F,12,2011,3,3,1,2,2,4,1,1,1,1,1,4,1,2,17,6,1,1, ?,2,2
4,43,F,11,2011,3,1,3,2,2,1,1,1,2,1,1,1,1,2,9,7,2,2, ?,2,2
1,43,F,12,2011,2,2,1,2,2,1,1,1,1,1,1,2,1,2,17,2,2,4,18,2,2
4,43,F,11,2011,4,7,3,2,2,1,1,1,1,1,1,1,1,2, ?,11,1,7, ?,2,2
5,40,M,5,2011,2,1,1,2,2,1,1,1,1,1,1,2,1,2,13,11,1,7,25,2,2
6,40,S,5,2011,1,2,8,1,2,4,2,2,2,1,1,4,1,1,2,11,1,7, ?,2,2
1,40,G,7,2011,3,7,8,1,1,1,1,2,1,1,1,1,1,1,9,10,1,7,41,2,2
1,40,G,8,2011,4,7,8,1,2,1,1,1,1,1,1,1,1,1,14,11,1,7, ?,2,2
3,40,F,8,2011,2,3,8,2,2,1,1,1,1,1,1,1,1,2,5,1,1,1,30,2,2
4,40,F,8,2011,3,1,8,2,2,1,1,1,1,1,1,1,1,?,7,8,1,1, ?,2,2
1,40,G,9,2011,3,3,8,2,2,1,1,2,1,1,1,1,1,1,9,1,1,1, ?,2,2
7,40,F,9,2011,3,2,8,2,2,1,1,1,1,1,1,1,1,?,9,4,1,6, ?,2,2
1,40,G,10,2011,4,1,8,2,2,4,4,1,1,1,1,1,1,2,7,11,1,7, ?,2,2
1,40,F,10,2011,1,1,8,2,2,4,4,1,1,1,1,1,1,2,14,4,1,7, ?,2,2
1,40,F,11,2011,2,1,8,2,2,1,1,1,1,1,1,1,1,2,9,4,1,7, ?,2,2
5,46,F,10,2011,3,1,1,2,2,1,1,1,1,1,1,1,1,1,13,7,1,7, ?,1,2
3,35,F,12,2011,3,1,1,2,2,1,1,1,1,1,1,3,1,1,14,6,1,7, ?,1,2
6,47,F,12,2011,3,1,2,2,2,1,1,1,1,1,1,2,1,2,4,7,1,7, ?,2,2
8,50,F,12,2011,4,2,1,2,2,1,1,1,5,3,2,4,1,2,14,1,1,1, ?,1,2
1,50,S,12,2011,1,1,1,2,2,1,3,1,1,1,1,1,1,1,4,6,2,1, ?,2,2
5,50,F,10,2011,2,1,1,2,2,1,1,1,1,1,1,1,1,?,9,2,1,1, ?,2,2
5,50,F,12,2011,4,3,8,2,2,1,1,1,1,1,1,1,1,2,12,6,1,1, ?,2,2
6,41,F,11,2011,1,1,1,2,2,1,1,2,1,1,1,4,1,1,4,6,1,1, ?,2,2
3,38,G,7,2011,4,1,1,2,2,2,4,1,2,1,1,1,1,2,7,6,1,1, ?,2,2
4,36,F,10,2011,4,1,7,2,2,1,4,1,1,1,1,2,1,2,14,6,1,1, ?,2,2
6,41,F,8,2011,3,1,3,2,1,1,1,1,1,1,1,1,2,?,9,6,1,1, ?,2,2
6,44,G,9,2011,4,1,1,2,2,1,3,1,1,1,1,3,1,1,4,6,1,1, ?,2,2
4,44,F,7,2011,4,1,1,2,2,1,3,1,1,1,1,2,1,1,14,8,1,1,36,2,2
5,44,F,8,2011,3,1,1,2,2,1,1,1,1,1,1,1,1,2,10,5,1,1,32,2,1
3,39,F,7,2011,2,1,1,2,2,1,1,2,2,1,1,1,1,2,14,6,1,1,2,2,2
4,35,F,9,2011,4,1,1,2,2,1,4,1,1,1,1,2,1,2,9,4,1,1, ?,1,2
7,41,F,2,2011,4,1,1,2,2,1,3,1,1,1,1,1,1,1,9,6,1,1,36,2,2
1,37,F,9,2011,1,1,8,2,2,1,4,2,1,1,1,4,?,?,8,6,2,7,34,1,2
4,37,F,3,2011,2,1,1,2,2,1,2,1,2,1,2,?,?,?, ?,6,1,2, ?,2,2
5,37,F,6,2011,3,1,1,2,2,2,1,3,2,1,3,2,1,2,4,6,1,1, ?,2,2
1,37,G,11,2011,3,1,1,2,2,1,1,1,1,1,1,4,1,2,9,6,1,6,26,2,2
11,51,F,10,2011,4,1,1,2,2,1,2,2,1,1,1,3,1,2,19,5,2,6, ?,2,2
4,36,F,1,2011,3,1,1,2,2,1,1,1,1,1,1,1,1,2,9,6,1,7,60,2,2
1,46,F,5,2011,3,1,1,2,2,1,1,1,1,1,1,1,1,2,9,6,1,7, ?,2,2
5,46,F,12,2011,3,1,1,2,2,1,1,1,1,1,1,1,1,2,9,6,1,1, ?,2,2
11,51,F,5,2011,3,1,1,2,2,1,1,3,3,3,2,4,1,2,17,6,1,6, ?,2,2
3,51,F,6,2011,2,1,1,2,2,1,1,1,1,1,1,5,1,1,17,5,1,1, ?,2,2
5,46,F,6,2011,4,1,1,2,1,1,1,1,1,1,1,1,1,2,9,6,1,1, ?,2,2
12,47,F,8,2011,4,1,1,2,2,1,4,?,1,1,1,1,1,2,9,6,1,7, ?,2,2
4,38,F,8,2011,4,1,1,2,2,1,4,1,1,1,1,3,1,1,4,6,1,1, ?,2,2
6,41,G,7,2011,2,1,1,2,2,1,1,1,1,1,1,4,4,2,7,6,1,1, ?,2,2
4,37,F,12,2011,2,1,4,2,2,1,1,1,1,1,1,4,1,2,9,6,?,?,1,2,2
4,44,F,1,2011,3,1,1,2,2,1,1,1,1,1,2,1,1,?,15,6,1,1, ?,2,2
1,36,F,9,2011,2,1,1,2,2,1,1,3,1,2,1,3,1,1, ?, ?,1,1, ?,2,2
6,41,F,6,2011,4,3,1,2,2,1,4,1,1,1,1,3,1,2,19,6,1,1, ?,2,2
4,40,F,9,2011,2,1,1,2,2,1,2,1,1,1,2,4,1,2,9,11,1,1,40,2,2
2,37,G,11,2011,3,1,1,2,2,1,1,1,1,1,1,2,?,2,12,6,1,?, ?,2,2
1,45,F,12,2011,3,1,1,2,2,1,1,1,1,1,1,1,1,1,9,6,1,7, ?,2,2
2,48,F,2,2011,2,1,1,2,2,1,1,1,1,1,1,2,1,2,4,6,1,1, ?,2,2
3,45,F,2,2011,4,1,1,2,2,1,2,1,1,1,1,2,1,2,7,6,1,1, ?,2,2
1,42,M,1,2011,4,5,4,1,1,1,3,1,1,1,1,5,1,1,10,6,1,1,22,2,2
1,42,F,4,2011,2,1,2,1,1,1,1,1,1,1,1,5,1,1,8,6,1,1,27,2,2
1,42,F,4,2011,1,3,1,1,1,1,3,1,1,1,1,5,1,1,4,6,1,1,25,2,1
1,42,M,5,2011,4,1,4,1,1,1,3,1,1,1,1,5,1,1,12,6,1,1,30,2,2
1,42,F,5,2011,1,1,3,1,1,1,1,1,1,1,1,5,1,1, ?,6,?,?, ?,?,?
1,42,F,5,2011,4,1,4,1,1,1,3,1,1,1,1,5,1,1, ?,6,?,?, ?,?,?
1,42,F,5,2011,3,3,4,1,1,1,1,1,1,1,1,5,1,1,8,6,1,1,45,2,2
1,42,G,5,2011,4,2,4,1,1,1,3,1,1,1,1,5,1,1,12,6,1,1,20,2,2
2,42,F,3,2011,4,1,1,1,1,1,3,1,1,1,1,5,1,1,14,6,?,?, ?,?,?
2,42,F,3,2011,2,1,2,1,1,1,1,1,1,1,1,5,1,1,9,6,1,1,45,1,2
2,42,F,4,2011,1,1,4,1,1,1,3,1,1,1,1,5,1,1, ?,6,?,?, ?,?,?
3,42,F,3,2011,4,1,1,1,1,1,3,1,1,1,1,5,1,1,9,6,1,1,38,1,2
3,42,F,5,2011,4,1,1,2,2,1,3,1,1,1,1,5,1,1,10,6,1,1,35,2,2
4,42,F,3,2011,1,3,4,1,1,1,2,1,1,1,1,5,1,1,6,6,1,1,40,2,2
8,42,F,2,2011,2,1,4,1,1,1,1,1,1,1,1,5,1,1,8,6,1,1,25,1,2
8,42,F,5,2011,3,2,4,2,2,1,1,1,1,1,1,5,1,1,10,6,1,7,38,1,2
9,42,M,1,2011,2,1,4,1,1,1,1,1,1,1,1,5,1,1,9,6,1,1,35,2,2
9,42,G,1,2011,2,1,1,1,1,1,1,1,1,1,1,5,1,1,9,6,1,1,37,2,2
9,42,F,1,2011,2,3,4,1,1,1,1,1,1,1,1,5,1,1,9,6,1,1,40,2,2
9,42,G,1,2011,1,1,1,1,1,1,3,1,1,1,1,5,1,1,14,6,1,1,42,2,2
9,42,S,2,2011,4,3,4,1,1,1,3,1,1,1,1,5,1,1,12,6,1,1,40,2,2
9,42,G,2,2011,3,1,1,1,1,1,1,1,1,1,1,5,1,1,10,6,1,1,38,2,2
9,42,F,3,2011,3,7,4,1,1,1,1,1,1,1,1,5,1,1,9,6,1,1,30,2,2
9,42,F,3,2011,3,2,4,1,1,1,1,1,1,1,1,5,1,1,9,6,1,1,38,2,2
9,42,F,4,2011,4,1,1,1,1,1,3,1,1,1,1,5,1,1, ?,6,?,?, ?,?,?
9,42,F,4,2011,2,1,1,1,1,1,1,1,1,1,1,5,1,1,9,6,1,1,24,2,2
10,42,F,3,2011,4,1,4,1,1,1,3,1,1,1,1,5,1,1,5,6,1,1,32,1,2
10,42,F,3,2011,2,1,1,2,2,1,2,1,1,1,1,5,1,1,14,6,1,1,42,1,2
10,42,F,4,2011,4,1,1,2,2,1,2,1,1,1,1,5,1,1, ?,6,?,?, ?,?,?
10,42,F,4,2011,1,1,1,2,2,1,4,2,1,1,1,5,1,1,14,6,1,1,42,1,2
10,42,F,4,2011,4,1,1,2,2,1,3,1,1,1,1,5,1,1,6,6,1,1,30,2,2
10,42,F,4,2011,3,1,1,2,2,1,1,1,1,1,1,5,1,1, ?,6,?,?, ?,?,?
11,42,G,1,2011,2,1,4,1,1,1,1,1,1,1,1,5,1,1,8,6,1,1,38,2,2
11,42,F,1,2011,4,1,1,1,1,1,3,1,1,1,1,5,1,1,8,6,1,1,24,2,2
11,42,S,2,2011,3,1,1,1,1,1,1,1,1,1,1,5,1,1,8,6,1,1,38,2,2
11,42,S,3,2011,4,1,4,1,1,1,3,1,1,1,1,5,1,1,8,6,1,1,38,2,2
11,42,S,4,2011,2,1,4,1,1,1,1,1,1,1,1,1,1,1,10,6,1,1,23,2,2
12,42,G,1,2011,3,2,5,1,1,1,1,1,1,1,1,5,1,1,9,6,1,1,40,2,2
12,42,G,1,2011,2,2,4,1,1,1,1,1,1,1,1,5,1,1,10,6,1,1,32,2,2
12,42,S,1,2011,1,4,3,1,1,1,3,1,1,1,1,5,1,1,10,6,1,1,30,1,2
12,42,M,2,2011,3,2,5,1,1,1,1,1,1,1,1,5,1,1,5,6,1,1,48,2,2
12,42,M,2,2011,1,1,4,1,1,1,1,1,1,1,1,1,1,1,9,6,1,1,40,2,2
12,42,F,3,2011,3,1,1,1,1,1,1,1,1,1,1,5,1,1,9,6,1,1,42,2,2
12,42,G,3,2011,3,3,4,1,1,1,1,1,1,1,1,5,1,1,9,6,1,1,40,2,2
12,42,F,4,2011,4,1,1,1,1,1,1,1,1,1,1,5,1,1,9,6,1,1,40,2,2
12,42,F,4,2011,2,1,2,1,1,1,1,1,1,1,1,5,1,1,9,6,1,1,42,2,2
12,42,F,4,2011,1,3,4,1,1,1,3,1,1,1,1,5,1,1,10,6,1,1,38,2,2
12,42,F,5,2011,3,1,1,1,1,1,1,1,1,1,1,1,1,1, ?,6,?,?, ?,?,?
12,42,F,5,2011,1,1,4,1,1,1,3,1,1,1,1,1,1,1,14,6,1,1,45,1,2
12,42,F,5,2011,2,1,1,1,1,1,2,1,1,1,1,5,1,1, ?,6,?,?, ?,?,?
13,42,F,1,2011,2,1,1,1,1,1,1,1,1,1,1,1,1,1,14,6,1,1,25,2,2
13,42,G,5,2011,3,3,1,2,2,1,1,1,1,1,1,5,1,1,10,6,1,1,32,2,2
14,42,F,1,2011,2,3,4,1,1,1,2,1,1,1,1,1,1,1,19,6,1,1, ?,1,2
14,42,M,1,2011,4,3,8,1,1,1,2,1,1,1,1,1,1,1,8,6,1,1,22,2,2
14,42,F,1,2011,1,1,1,1,1,4,3,1,1,1,1,1,1,1, ?,6,?,?, ?,?,?
14,42,F,1,2011,1,1,3,1,1,1,3,1,1,1,1,1,1,1,14,6,?,?, ?,?,?
14,42,F,1,2011,2,1,4,2,2,1,1,1,1,1,1,1,1,1, ?,6,?,?, ?,?,?
14,42,F,1,2011,3,1,1,1,1,1,1,1,1,1,1,1,1,1,8,6,1,1,38,2,2
14,42,F,1,2011,3,1,1,2,2,1,1,1,1,1,1,1,1,1, ?,6,?,?, ?,?,?
14,42,M,2,2011,4,3,4,1,1,1,3,1,1,1,1,1,1,1,13,6,1,1,35,2,2
14,42,F,2,2011,3,1,1,2,2,1,1,1,1,1,1,1,1,1,7,6,1,1,32,2,2
14,42,G,2,2011,2,1,4,2,2,1,2,1,1,1,1,5,1,1,2,6,1,1,30,2,2
14,42,G,2,2011,3,2,4,2,2,1,1,1,1,1,1,1,1,1,14,6,1,1,40,2,2
14,42,M,3,2011,2,2,4,1,1,1,1,1,1,1,1,1,1,1,6,6,1,1,32,2,2
14,42,F,3,2011,2,1,4,1,1,1,1,1,1,1,1,1,1,1, ?,6,?,?, ?,?,?
14,42,F,3,2011,4,1,1,1,1,1,3,1,1,1,1,1,1,1, ?,6,?,?, ?,?,?
14,42,G,3,2011,2,3,1,1,1,1,1,1,1,1,1,1,1,1,10,6,1,1,29,2,2
14,42,S,4,2011,4,2,4,2,2,1,4,1,1,1,1,1,1,1,14,6,1,1,50,2,2
14,42,M,5,2011,4,1,1,1,1,1,3,1,1,1,1,1,1,1,9,6,1,1,32,1,2
14,42,F,5,2011,4,1,1,1,1,1,3,1,1,1,1,1,1,1,7,6,1,1,35,2,2
14,42,G,5,2011,3,1,1,1,1,1,1,1,1,1,1,1,1,1,12,6,1,1,25,2,2
14,42,G,5,2011,2,1,1,1,1,1,1,1,1,1,1,1,1,1,8,6,1,1,50,1,2
14,42,F,5,2011,4,1,1,2,2,1,2,1,1,1,1,1,1,1,10,6,1,1,42,2,2
15,42,F,1,2011,?,1,1,2,2,1,4,2,1,1,1,5,1,1, ?,6,?,?, ?,?,?
15,42,F,2,2011,1,1,1,2,2,1,2,2,1,1,2,5,1,1,12,6,1,1,23,2,2
16,42,F,2,2011,2,2,4,1,1,1,1,1,1,1,1,1,1,1,9,6,1,1,38,2,2
16,42,F,2,2011,1,1,1,2,2,1,1,1,1,1,1,5,1,1, ?,6,?,?, ?,?,?
16,42,F,3,2011,4,1,1,1,1,1,3,1,1,1,1,1,1,1,9,6,1,1,40,2,2
16,42,F,3,2011,2,1,4,1,1,1,2,1,1,1,1,1,1,1, ?,6,?,?, ?,?,?
17,42,F,2,2011,2,1,1,1,1,1,2,1,1,1,1,5,1,1,8,6,?,?, ?,?,?
17,42,G,2,2011,3,1,1,1,1,1,1,1,1,1,1,5,1,1,10,6,1,1,40,2,2
17,42,G,3,2011,2,1,4,1,1,1,1,1,1,1,1,5,1,1,5,6,1,1,22,2,2
17,42,S,4,2011,3,1,1,1,1,1,1,1,1,1,1,5,1,1,9,6,1,1,25,2,2
18,42,F,1,2011,3,1,1,1,1,1,1,1,1,1,1,1,1,1,4,6,1,1,35,2,1
21,42,F,2,2011,3,6,4,1,1,1,1,1,1,1,1,1,1,1,10,6,1,1,33,2,2
22,42,F,1,2011,4,2,4,1,1,1,3,1,1,1,1,1,1,1,14,6,1,1,42,2,2
22,42,S,1,2011,1,2,4,1,1,1,3,1,1,1,1,1,1,1,9,6,1,1,23,2,2
22,42,F,2,2011,3,1,1,1,1,1,1,1,1,1,1,1,1,1,8,6,1,1,40,2,2
22,42,M,2,2011,3,1,4,1,1,1,1,1,1,1,1,1,1,1,8,6,1,1,42,2,2
22,42,F,2,2011,4,2,4,1,1,1,3,1,1,1,1,1,1,1, ?,6,?,?, ?,?,?
22,42,G,2,2011,3,1,1,2,2,1,1,1,1,1,1,1,1,1,4,6,1,1,20,2,1
22,42,F,2,2011,4,1,4,1,1,1,2,1,1,1,1,1,1,1, ?,6,?,?, ?,?,?
22,42,F,2,2011,3,1,1,2,2,1,1,1,1,1,1,5,1,1,14,6,1,1,45,2,2
22,42,F,3,2011,1,1,1,1,1,1,2,1,1,1,1,1,1,1, ?,6,?,?, ?,?,?
22,42,G,3,2011,1,2,4,1,1,1,3,1,1,1,1,1,1,1,14,6,1,1,45,1,2
22,42,G,3,2011,2,2,4,1,1,1,3,1,1,1,1,1,1,1,9,6,1,1,38,2,2
22,42,F,4,2011,4,1,1,1,1,1,3,1,1,1,1,1,1,1, ?,6,?,?, ?,?,?
22,42,F,4,2011,1,1,4,1,1,1,3,1,1,1,1,1,1,1, ?,6,?,?, ?,?,?
22,42,S,4,2011,4,1,1,1,1,1,3,1,1,1,1,1,1,1,9,6,1,1,35,2,2
22,42,G,4,2011,3,2,4,1,1,1,1,1,1,1,1,1,1,1,9,6,1,1,40,2,2
22,42,F,4,2011,4,1,1,1,1,1,3,1,1,1,1,1,1,1,10,6,1,1,38,2,2
22,42,F,4,2011,4,1,1,1,1,1,3,1,1,1,1,1,1,1,12,6,1,1,37,2,2
22,42,F,5,2011,4,1,4,1,1,1,3,1,1,1,1,1,1,1,9,6,1,1,42,2,2
23,42,F,1,2011,4,1,1,1,1,1,3,1,1,1,1,1,1,1,19,6,?,7, ?,?,?
23,42,F,1,2011,4,1,4,1,1,1,3,1,1,1,1,1,1,1, ?,6,?,?, ?,?,?
23,42,F,2,2011,4,3,1,1,1,1,3,1,1,1,1,1,1,1, ?,6,?,?, ?,?,?
23,42,F,3,2011,4,1,1,1,1,1,3,1,1,1,1,1,1,1, ?,6,?,?, ?,?,?
23,42,M,3,2011,2,1,1,1,1,1,1,1,1,1,1,1,1,1,9,6,1,1,45,2,2
23,42,F,4,2011,4,1,1,1,1,1,2,1,1,1,1,1,1,1, ?,6,?,?, ?,?,?
23,42,F,4,2011,1,1,1,1,1,1,3,1,1,1,1,1,1,1,9,6,1,1,42,1,2
23,42,F,4,2011,2,1,4,1,1,1,1,1,1,1,1,1,1,1,9,6,1,1,28,2,2
23,42,F,5,2011,3,1,1,1,1,1,1,1,1,1,1,1,1,1,9,6,?,?, ?,?,?
24,42,F,2,2011,3,1,2,2,2,1,1,1,2,1,1,1,1,1,10,6,1,1,30,2,2
25,42,F,4,2011,4,1,1,2,2,1,4,1,1,1,1,5,1,1,14,6,1,1,32,1,2
25,42,F,3,2011,2,3,1,1,1,1,1,1,1,1,1,5,1,1, ?,6,?,?, ?,?,?