Thana,District,Accident_Severity,Month,Year,Time,Junction_Type,Traffic_Control,Movement,Divider,Weather,Light,Road_Geometry,Surface_Condition,Surface_Type,Surface_Quality,Road_Class,Road_Feature,Location_Type,Vehicle_Type,Vehicle_Movement,Vehicle_Loading,Vehicle_Defect,Vehicle_Driver_Age,Vehicle_Alcohol,Vehicle_Seat_Belt
2,5,G,1,2012,2,4,1,2,2,4,1,2,1,1,1,2,1,2,17,6,2,7, ?,2,2
5,5,F,3,2012,3,1,1,2,2,1,2,1,1,1,1,1,1,2,9,6,1,1, ?,2,2
5,5,F,3,2012,2,1,1,2,2,1,1,1,1,1,1,1,1,2,14,6,1,1, ?,2,2
6,5,F,3,2012,4,1,1,2,2,1,4,1,1,1,1,1,1,2,19,6,1,1, ?,2,2
8,5,F,4,2012,3,1,1,2,2,1,1,1,1,1,1,1,1,1,14,6,2,1, ?,2,2
5,5,F,6,2012,3,1,1,2,2,1,1,1,1,1,1,1,1,2,14,6,1,1, ?,2,2
5,5,F,7,2012,3,1,1,2,2,1,1,1,1,1,1,1,1,2,6,1,1,1, ?,2,2
5,5,F,7,2012,4,1,1,2,2,1,2,1,1,1,1,1,1,2,9,6,1,1, ?,2,2
6,5,F,7,2012,3,1,1,2,2,1,1,1,1,1,1,1,1,2,9,6,1,1, ?,2,2
1,5,F,7,2012,4,1,1,2,2,1,4,1,1,1,1,1,1,2,9,6,1,1, ?,2,2
5,5,F,7,2012,4,1,1,2,2,1,4,1,1,1,1,1,1,2,9,6,1,1, ?,2,2
6,5,F,9,2012,1,1,1,2,2,1,4,1,1,1,1,1,1,2,14,6,1,1, ?,2,2
8,5,F,10,2012,2,1,1,2,2,1,4,1,1,1,1,1,1,2,14,6,1,1, ?,2,2
5,5,F,10,2012,4,1,1,2,2,1,4,1,1,1,1,1,1,2,9,6,1,1,45,2,2
2,5,G,11,2012,4,1,1,2,2,1,2,1,1,1,2,4,1,2,9,6,1,1,33,1,2
5,5,F,12,2012,4,1,1,2,2,1,4,1,1,1,1,1,1,2,9,6,1,1, ?,2,2
2,5,F,12,2012,3,1,1,2,2,1,1,1,1,1,1,4,1,2,13,1,1,1, ?,2,2
4,3,F,6,2012,1,1,1,2,2,2,4,1,2,1,1,1,1,2,14,6,1,1, ?,2,2
2,3,F,6,2012,1,1,1,2,2,2,4,1,2,1,1,4,1,2,4,6,1,1, ?,2,2
12,3,F,11,2012,3,1,1,2,2,1,1,1,1,1,1,2,1,2,4,6,1,1,45,2,2
13,3,F,1,2012,2,1,1,2,2,1,1,1,1,1,1,4,1,2,6,7,1,1,25,2,2
13,3,F,2,2012,2,1,1,2,2,1,1,1,1,1,1,5,1,2,8,6,1,1, ?,1,2
13,3,F,6,2012,2,1,1,2,2,1,1,1,1,1,1,3,1,2,4,6,1,1,32,2,2
13,3,G,11,2012,4,1,1,2,2,1,4,1,1,1,1,4,1,2,14,6,1,1, ?,1,2
1,2,F,2,2012,3,1,1,2,2,1,1,2,1,1,1,2,1,1,4,5,2,1, ?,2,2
3,70,F,1,2012,1,7,1,2,2,4,4,1,1,1,1,1,1,2,9,11,1,7,35,2,2
3,70,F,2,2012,1,7,1,2,2,1,2,1,1,1,1,1,1,2,9,11,1,7,35,2,2
1,70,G,3,2012,2,1,1,2,2,1,3,1,1,1,1,5,1,1,14,6,1,7,35,2,2
2,70,F,10,2012,3,7,1,1,2,1,1,1,1,1,1,1,1,1,13,6,1,7,45,2,2
2,70,F,12,2012,4,7,4,2,1,1,3,1,1,1,1,5,1,1,14,6,1,7,25,2,1
3,70,G,11,2012,4,7,8,1,2,1,1,1,1,1,1,5,1,1,5,6,1,7,20,1,2
6,70,F,3,2012,4,7,1,2,2,1,4,1,1,1,1,1,1,2,16,6,1,7,45,2,2
6,70,F,4,2012,4,2,1,2,2,2,4,1,2,1,1,3,1,2,19,1,1,7,35,2,2
6,70,F,4,2012,1,1,1,2,2,2,4,1,2,2,1,1,1,2,9,6,1,7,30,1,2
6,70,F,5,2012,3,3,1,2,2,1,1,1,1,1,1,1,1,2,14,6,1,7, ?,1,2
6,70,G,8,2012,2,7,8,2,1,1,4,1,1,1,1,1,1,2,9,6,1,7,35,2,2
4,70,S,2,2012,2,1,1,2,2,1,1,1,1,1,1,4,2,2,19,6,1,7,35,2,2
6,70,F,10,2012,2,3,8,1,2,1,2,1,1,1,1,5,5,1,10,6,1,3,28,2,2
2,70,F,11,2012,4,7,6,2,1,3,1,1,1,1,1,5,1,1,14,6,1,7, ?,2,2
1,70,G,12,2012,2,4,1,2,1,3,1,1,1,1,1,5,1,1,5,5,1,7,35,2,2
1,56,F,1,2012,3,3,8,2,2,1,1,2,5,1,2,4,1,2,6,6,1,3,30,2,2
6,56,F,1,2012,3,1,1,2,2,1,1,1,1,3,1,4,1,2,12,11,1,1,25,2,2
1,56,F,2,2012,2,7,8,2,2,1,1,1,1,1,1,2,1,1,14,6,1,1,18,2,2
3,56,F,1,2012,2,1,1,2,2,1,1,1,1,1,1,1,1,2,9,5,1,1,25,1,2
1,56,F,3,2012,3,1,1,2,2,1,1,1,1,1,1,2,1,1,6,6,1,7,25,2,2
7,56,F,3,2012,2,4,1,2,2,1,1,1,1,1,1,3,1,2,17,11,1,1, ?,1,2
2,56,F,3,2012,3,1,1,2,2,1,1,1,1,1,1,4,1,2,19,6,1,7, ?,1,2
6,56,F,4,2012,2,1,2,1,2,1,1,1,1,1,1,2,1,2,8,11,1,1, ?,2,2
3,53,F,1,2012,3,1,1,2,2,1,1,1,1,3,1,4,1,2,17,11,1,7,25,2,2
5,53,F,1,2012,2,1,1,1,2,1,1,1,1,1,1,2,1,1,6,8,1,1,26,2,2
11,53,F,1,2012,1,1,2,2,2,1,1,1,1,1,1,4,1,2,4,5,2,1,40,1,2
6,53,F,1,2012,2,1,1,1,2,1,1,1,1,1,1,4,1,2,5,8,1,7,25,2,2
12,53,G,2,2012,3,3,1,2,2,1,1,1,1,1,1,1,1,1,8,6,1,1,40,2,2
6,53,S,2,2012,3,1,1,1,2,1,2,1,1,1,1,4,1,2,8,11,1,1,40,2,2
12,53,F,3,2012,4,7,1,2,2,1,2,1,1,1,1,3,1,2,4,6,1,1, ?,2,2
8,53,F,3,2012,2,1,1,2,2,1,1,1,1,1,1,4,1,2,4,6,2,6,35,2,2
12,53,F,3,2012,2,7,1,2,2,1,1,1,1,1,1,4,1,2,6,6,2,1,25,2,2
4,53,G,3,2012,2,1,1,2,2,1,1,1,1,1,1,4,1,2,6,6,2,7,45,2,2
3,53,F,3,2012,3,7,1,2,2,1,1,1,1,1,1,2,1,2,12,6,1,1, ?,2,2
1,53,S,3,2012,3,1,1,1,2,1,1,1,1,1,1,2,4,2,4,7,2,7, ?,2,2
4,53,F,5,2012,3,1,1,2,2,1,1,1,1,1,1,2,1,2,19,11,2,7,30,2,2
11,54,F,1,2012,2,7,8,2,2,1,1,1,1,1,1,4,1,2,12,11,2,7,28,2,2
5,54,F,1,2012,3,7,1,2,2,1,1,1,1,1,1,2,1,2,13,6,1,1,25,2,2
6,55,F,1,2012,3,1,1,2,2,1,1,1,1,1,1,2,1,1,13,6,2,7,23,2,2
4,55,G,1,2012,3,2,1,2,1,1,1,1,1,1,1,1,1,2,10,4,1,7, ?,2,2
6,55,F,2,2012,4,1,1,2,2,1,4,1,1,1,1,2,1,2,19,11,2,7, ?,1,2
4,55,F,7,2012,1,1,1,2,2,1,1,1,1,1,1,2,1,2,17,11,2,7,28,2,2
4,55,F,7,2012,2,4,1,1,2,1,1,3,5,1,1,4,1,2,8,11,2,7,35,2,2
3,56,F,5,2012,2,1,1,2,2,1,2,1,1,1,1,1,1,2,14,6,1,1,0,2,2
7,56,F,3,2012,3,7,1,2,2,4,4,1,1,1,1,1,1,2,19,11,2,7, ?,1,2
3,53,F,6,2012,4,1,1,1,2,2,2,1,2,1,2,4,1,2,4,6,1,7,19,2,2
4,53,F,6,2012,3,7,8,2,2,1,1,1,1,1,1,4,1,2,19,6,2,1,24,2,2
1,53,S,8,2012,2,7,8,1,2,1,1,1,1,1,1,4,1,2,4,11,2,7,27,2,2
7,53,F,9,2012,2,1,1,2,2,1,1,1,1,1,1,4,1,2,13,6,1,1, ?,2,2
1,53,S,10,2012,3,7,1,2,2,1,1,1,1,1,1,4,1,2,12,11,1,1,26,2,2
3,53,F,10,2012,2,7,1,2,2,1,1,1,5,1,1,2,1,2,4,11,1,7,19,2,2
12,53,F,11,2012,4,3,1,2,2,1,4,1,1,1,1,1,1,2,19,11,2,7, ?,1,2
6,55,F,8,2012,4,7,8,1,2,1,2,1,2,1,1,2,4,1,13,6,1,1,50,2,2
5,55,F,8,2012,4,7,1,2,2,1,1,1,1,1,1,1,1,2,7,6,1,7, ?,?,?
1,55,F,9,2012,4,1,1,2,2,2,2,1,2,1,1,2,1,2,7,6,2,7, ?,2,2
6,55,G,9,2012,4,7,1,2,2,1,1,1,1,1,1,1,1,2,19,11,2,1,35,2,2
9,56,F,11,2012,2,7,1,1,2,1,1,1,1,1,1,1,1,2,13,6,1,1, ?,1,2
2,56,G,11,2012,4,1,1,2,2,1,1,1,1,1,1,2,1,2,4,11,1,1,20,2,2
7,56,F,10,2012,1,7,1,2,2,1,3,1,1,1,1,1,1,2, ?, ?,1,7, ?,2,2
9,56,F,10,2012,4,7,1,2,2,1,1,1,1,1,1,1,1,2, ?, ?,?,?, ?,?,?
7,56,F,9,2012,4,7,1,2,2,1,2,1,1,1,1,1,1,2, ?, ?,1,7, ?,2,2
6,56,F,7,2012,3,7,8,1,2,2,1,1,2,1,1,4,1,2,8,11,1,1, ?,2,2
13,54,F,5,2012,4,7,1,1,2,1,3,1,1,1,1,1,1,2,14,6,2,1, ?,1,2
1,55,G,11,2012,4,2,1,2,2,1,4,1,1,1,1,1,1,2,13,6,2,7,39,2,2
4,55,F,11,2012,1,3,8,2,2,2,1,1,2,1,1,1,1,2, ?, ?,?,?, ?,?,?
1,55,F,10,2012,1,7,1,2,2,1,4,1,1,1,1,1,1,2,19,11,2,7,25,2,2
6,55,F,10,2012,4,1,1,2,2,1,2,1,1,1,1,4,1,2,15,11,1,7,22,1,1
8,54,F,12,2012,3,7,1,2,2,1,1,1,1,1,1,1,2,?,14,11,1,1,48,2,2
5,54,F,9,2012,2,1,1,2,2,1,1,3,1,3,2,3,4,2,14,6,1,1,35,2,2
4,54,F,10,2012,3,1,1,2,2,1,1,1,1,1,1,4,?,?,5,11,1,1,24,2,2
4,54,F,11,2012,2,7,1,2,2,1,1,1,1,1,1,4,1,2,12,6,1,1, ?,2,2
3,54,F,5,2012,2,2,1,2,2,1,1,1,1,1,1,4,1,1,4,6,2,1,19,2,2
3,54,S,9,2012,4,2,1,2,2,1,3,1,1,1,1,2,1,1,4,6,2,1, ?,2,2
3,54,G,7,2012,2,1,1,2,2,1,1,1,1,1,1,4,1,2,8,5,1,1, ?,2,2
13,54,F,1,2012,3,7,8,2,2,1,1,1,1,3,2,4,1,2,17,11,1,7,21,2,2
13,54,F,11,2012,2,1,1,2,2,1,1,1,1,1,1,1,1,2,9,6,1,7,44,2,2
8,56,F,10,2012,1,1,1,2,2,1,4,1,1,1,1,1,1,2,9,6,1,1, ?,2,2
8,56,F,10,2012,1,2,1,2,2,1,1,1,1,1,1,1,1,2,9,6,1,1,45,2,2
8,56,F,11,2012,2,1,1,1,2,1,1,1,1,1,1,1,1,2,9,6,1,1, ?,2,2
6,55,F,5,2012,2,1,3,2,2,1,1,1,1,1,1,1,1,1,9,6,1,1, ?,2,2
8,53,F,8,2012,3,1,1,2,2,1,1,1,1,2,2,4,4,2,19,6,2,1, ?,2,2
9,54,F,3,2012,3,1,8,2,2,1,2,4,1,1,2,4,1,2,18,11,1,7, ?,2,2
3,54,F,10,2012,2,3,1,1,2,1,1,1,1,1,1,1,1,2,7,6,1,1,30,2,2
8,54,F,7,2012,2,7,1,2,2,1,4,1,1,1,1,4,1,2,19,6,2,7, ?,1,2
8,54,F,9,2012,4,7,1,2,2,1,4,1,1,1,2,1,1,2,13,6,1,1, ?,2,2
8,54,F,10,2012,3,7,1,2,2,1,1,1,1,1,1,4,1,2,5,6,2,1, ?,2,2
3,53,F,6,2012,3,1,8,1,2,1,1,1,1,1,1,4,1,2,5,5,1,1,20,2,2
8,54,F,10,2012,1,6,8,1,2,1,1,1,1,1,2,2,1,2,19,1,2,7, ?,1,2
8,54,F,11,2012,2,7,8,1,2,1,1,1,1,1,1,2,1,2,13,1,2,7, ?,1,2
5,54,F,1,2012,1,7,1,2,2,1,4,3,2,1,2,3,1,2,2,1,2,7,35,1,2
10,54,G,7,2012,3,1,1,2,2,1,1,1,1,1,1,4,1,2,5,11,2,1, ?,2,2
8,54,F,12,2012,3,7,1,2,2,1,1,1,1,1,1,1,1,2,13,6,1,7,35,2,2
9,54,F,3,2012,1,1,7,1,1,1,4,1,1,1,2,4,1,2,17,6,?,4, ?,2,2
13,54,F,5,2012,1,2,1,2,1,2,2,1,1,1,2,2,1,1,14,2,2,7,52,2,2
2,56,F,4,2012,2,1,1,2,2,1,1,3,2,3,2,4,1,1,6,6,1,1, ?,2,2
12,53,F,10,2012,3,7,1,2,2,1,1,1,1,1,1,2,1,2,9,6,1,7, ?,2,2
1,69,G,8,2013,3,1,1,2,2,1,1,2,2,1,1,1,1,1,6,6,1,1,28,2,2
3,69,F,8,2013,3,1,3,2,2,1,1,1,1,1,1,5,1,1,6,6,1,1,27,2,2
2,69,F,1,2013,3,3,1,2,2,1,1,1,1,1,1,1,1,1,12,6,1,1, ?,1,2
2,69,F,2,2013,2,1,1,2,2,1,1,1,1,1,1,5,1,2,8,6,1,3, ?,2,2
4,69,F,5,2013,2,1,1,2,2,2,1,1,2,1,1,4,1,2,14,6,1,1, ?,2,2
4,69,S,5,2013,2,1,1,2,2,3,2,2,2,1,2,1,1,2,9,2,1,1, ?,2,2
1,69,F,11,2013,3,1,1,2,2,1,1,1,1,1,1,5,1,1,4,6,1,1,22,2,2
10,34,S,1,2013,2,3,1,2,2,1,1,1,1,1,1,1,1,2,19,6,1,1,20,2,2
10,34,G,4,2013,3,7,1,2,2,1,1,1,1,1,1,1,1,2,10,6,1,5, ?,2,2
4,34,F,4,2013,3,7,8,2,2,1,1,4,1,2,2,4,1,2,9,11,1,3,35,2,2
6,34,F,3,2013,4,1,1,2,2,1,2,1,1,1,1,1,1,2,4,6,1,1, ?,2,2
8,34,F,1,2013,3,1,1,2,2,1,1,1,1,1,1,2,1,2,4,6,2,7,27,2,2
4,30,F,2,2013,2,1,1,2,2,1,1,1,1,1,1,4,1,2,19,6,1,1, ?,2,2
5,30,F,2,2013,4,3,3,2,2,1,2,1,1,1,1,1,1,2,9,6,1,1, ?,2,2
5,30,F,4,2013,2,4,8,2,2,1,1,4,1,3,2,3,4,2,17,6,1,1, ?,2,2
3,30,G,2,2013,2,1,1,2,2,1,2,1,1,1,1,3,1,2,6,9,2,3,60,2,2
7,30,F,3,2013,2,1,1,2,2,1,1,1,1,1,1,1,1,2,9,6,1,1,30,2,2
2,30,F,4,2013,2,1,1,2,2,1,1,2,1,1,1,4,1,2,4,6,1,1, ?,2,2
4,32,F,3,2013,1,1,1,2,2,1,4,1,1,1,1,1,1,2,14,6,1,1, ?,2,2
1,31,F,2,2013,2,1,1,2,2,1,2,2,1,1,1,2,1,2,6,1,1,7,35,2,2
1,31,G,3,2013,4,1,1,2,2,1,2,1,1,1,1,2,1,2,19,6,1,1,40,2,2
2,31,F,4,2013,3,3,1,2,2,1,1,1,1,1,1,5,1,1,19,6,1,1,25,2,2
6,34,F,6,2013,2,1,1,2,2,1,2,1,1,1,1,1,1,2,4,6,1,1,32,2,2
2,30,F,5,2013,1,1,1,2,2,1,1,1,1,1,1,4,1,2,6,1,1,7, ?,2,2
1,33,F,5,2013,1,1,8,2,2,1,4,1,1,1,1,3,1,2,4,6,1,1, ?,2,2
6,34,F,6,2013,3,1,1,2,2,1,2,1,1,1,1,1,1,2,14,6,1,1, ?,2,2
4,32,S,6,2013,4,1,1,2,2,1,4,1,1,1,1,1,1,2,9,6,1,1, ?,2,2
5,34,F,6,2013,2,1,1,2,2,1,1,2,1,1,1,1,1,2,9,6,1,1, ?,2,2
10,34,F,8,2013,2,1,1,2,2,1,1,1,1,1,1,1,1,2,7,1,1,1, ?,2,2
7,34,F,8,2013,2,2,8,2,2,1,1,2,1,1,2,3,1,2,19,1,2,7, ?,2,2
2,31,F,7,2013,4,7,1,2,2,1,1,1,1,1,1,4,1,2,12,6,1,1, ?,2,2
6,34,F,9,2013,3,1,1,2,2,1,1,1,1,1,1,1,1,2,14,6,1,1,42,2,2
4,34,F,10,2013,4,7,3,2,2,1,2,1,1,1,2,3,1,2,4,11,1,1, ?,2,2
10,34,F,10,2013,3,1,1,2,2,1,1,1,1,1,1,2,3,?,19,6,1,3, ?,2,2
8,34,G,10,2013,2,7,8,2,2,1,1,1,1,2,3,4,1,2,4,2,1,7,26,2,2
1,33,F,10,2013,2,1,1,2,2,1,2,1,1,1,1,2,1,2,19,6,1,1, ?,1,1
1,33,F,9,2013,3,1,1,2,2,1,1,5,1,1,2,2,1,2,19,6,2,7, ?,2,2
5,33,F,9,2013,2,7,8,2,2,1,2,4,1,1,1,4,1,1,12,1,2,7, ?,2,2
4,32,F,10,2013,2,1,1,2,2,1,1,1,1,1,1,3,1,2,9,6,1,1, ?,2,2
2,32,F,10,2013,2,1,8,2,2,1,1,1,1,1,1,1,1,2,19,6,1,6, ?,2,2
5,31,F,1,2013,2,7,1,1,2,1,1,1,1,1,1,4,1,2,19,6,2,7,20,2,2
2,31,F,1,2013,4,7,1,2,2,1,4,2,1,1,1,4,4,2,19,11,2,7,32,2,2
2,31,F,3,2013,2,1,1,2,2,1,2,1,1,1,1,4,1,2,19,6,1,1, ?,2,2
2,31,G,10,2013,4,3,1,2,2,1,1,1,1,1,1,4,1,2,4,4,1,1, ?,2,2
2,33,F,12,2013,3,7,8,2,2,1,3,1,1,1,1,1,1,2,19,6,1,7, ?,2,2
5,33,F,12,2013,3,7,8,1,1,4,2,1,1,1,1,2,1,2,4,6,1,4, ?,2,2
9,33,F,12,2013,2,7,8,1,2,4,2,1,1,1,1,3,1,2,13,6,2,7, ?,2,2
1,30,F,7,2013,2,2,1,2,2,1,1,1,1,1,1,1,1,2,9,5,1,7,45,2,2
2,30,F,8,2013,4,7,8,2,2,1,1,1,1,1,1,4,1,2,9,6,1,1, ?,2,2
2,30,F,9,2013,2,7,8,2,2,1,1,1,1,1,1,1,1,2,19,11,1,7, ?,2,2
5,30,F,9,2013,4,1,8,2,2,2,1,1,2,1,1,4,4,2,4,6,1,1, ?,2,2
3,30,G,10,2013,2,1,1,2,2,2,1,1,2,1,3,4,1,2,4,4,1,1,28,2,2
3,32,F,12,2013,2,7,1,2,2,1,3,1,1,1,1,1,1,2,4,6,1,7,43,2,2
1,32,F,12,2013,3,3,1,2,2,4,1,1,2,1,1,2,1,2,19,11,1,7, ?,2,2
4,34,F,12,2013,3,1,1,2,2,1,1,1,1,1,1,4,1,2,4,6,1,1,28,2,2
2,30,F,11,2013,2,7,1,2,2,1,1,1,1,1,1,4,1,2,4,11,1,1, ?,2,2
2,30,F,11,2013,2,7,8,2,2,1,1,1,1,1,1,4,1,2,19,1,1,7, ?,2,2
2,30,F,12,2013,3,1,1,2,2,1,1,1,1,1,2,4,1,2,19,9,1,7, ?,2,2
5,30,F,12,2013,3,7,1,2,2,1,1,1,1,1,1,4,1,2,4,6,1,1, ?,2,2
2,27,F,1,2013,2,1,1,2,2,1,1,1,1,1,1,3,1,2,9,11,1,1, ?,2,2
2,27,F,4,2013,4,1,1,2,2,1,1,1,1,1,1,3,1,2,9,6,1,1, ?,2,2
2,27,G,7,2013,4,7,1,2,2,1,1,1,1,1,1,2,1,2,12,8,1,7, ?,2,2
2,27,F,8,2013,4,1,1,2,2,1,1,1,1,1,1,2,1,2,4,6,2,6,15,2,2
2,27,F,8,2013,?,1,8,2,2,1,1,1,1,1,1,4,1,2,4,6,1,1, ?,2,2
2,27,F,9,2013,4,1,1,2,2,1,1,2,1,1,1,4,?,?,4,1,1,1,25,2,2
2,27,F,12,2013,2,3,1,2,2,1,1,2,1,1,1,2,1,2,4,6,2,1, ?,2,2
2,27,G,11,2013,4,2,1,2,2,1,2,1,1,1,1,1,1,2,12,6,1,7,36,2,2
5,27,F,6,2013,2,7,8,2,2,1,4,1,1,1,1,3,1,2,4,6,1,7, ?,2,2
5,27,G,7,2013,4,7,1,2,2,1,1,1,1,1,2,3,1,2,12,6,2,7, ?,2,2
5,27,F,10,2013,2,7,1,2,2,1,1,1,1,1,1,3,1,2,6,6,1,2,28,2,2
5,27,G,11,2013,4,7,1,2,2,1,2,1,1,1,1,3,1,2,4,6,2,7, ?,2,2
4,27,F,8,2013,4,1,8,2,2,2,1,1,5,1,3,2,1,2,4,6,1,1,22,2,2
4,32,F,2,2013,?,1,1,1,1,1,1,1,1,1,1,2,?,?,13,6,1,1, ?,2,2
13,64,F,6,2013,2,1,1,1,1,2,1,1,1,1,3,5,4,1,9,6,1,7, ?,1,2
5,64,F,4,2013,3,1,1,2,2,1,2,1,1,1,1,5,1,1,14,6,1,1, ?,1,2
5,64,F,7,2013,2,3,1,2,2,1,1,1,1,1,1,5,1,1,9,6,1,1, ?,1,2
7,64,G,2,2013,1,3,1,2,2,1,4,1,1,1,1,5,1,1,13,6,1,3, ?,1,2
7,64,F,5,2013,2,5,6,1,1,1,1,1,1,1,1,5,1,1,6,6,2,6,28,1,2
7,64,F,8,2013,3,1,4,2,2,1,1,1,1,1,1,5,1,1,5,6,1,3,35,1,2
1,64,F,1,2013,1,2,6,2,2,1,2,1,1,1,1,5,1,1,14,6,2,1,41,2,2
1,64,G,2,2013,2,2,4,2,1,1,2,1,1,1,1,5,1,1,9,6,1,1,35,1,2
1,64,G,3,2013,4,1,4,2,1,1,3,1,1,1,3,5,1,1,13,6,2,1,27,2,2
1,64,F,3,2013,2,5,4,2,1,1,1,2,1,1,1,5,1,1,6,6,1,7,23,2,2
1,64,G,5,2013,4,5,4,2,2,1,3,1,1,1,1,5,1,1,14,2,1,1, ?,2,2
1,64,G,5,2013,2,2,6,2,2,2,1,2,2,1,1,5,1,1,14,2,1,7,32,2,2
1,64,F,7,2013,4,1,1,2,1,1,3,2,1,1,1,5,1,1,5,6,1,7, ?,1,2
1,64,F,8,2013,3,3,2,1,1,1,1,1,1,1,1,5,3,1,8,6,1,1,26,2,2
1,64,F,10,2013,1,1,8,2,1,1,3,1,1,1,1,5,1,1,9,6,1,1, ?,1,2
1,64,G,11,2013,2,1,4,2,1,1,1,1,1,1,1,5,1,1,9,6,1,7,22,2,2
2,64,F,1,2013,1,3,1,1,2,1,3,1,1,1,1,5,1,1,14,6,1,1, ?,1,2
2,64,F,4,2013,3,1,1,1,1,1,1,1,1,1,1,5,1,1,14,6,2,1, ?,1,2
2,64,F,4,2013,4,5,4,2,2,1,3,1,1,1,1,5,1,1,14,6,1,1, ?,1,2
2,64,F,5,2013,2,3,4,2,2,1,1,1,1,1,1,5,1,1,19,6,1,1, ?,1,2
2,64,F,7,2013,1,3,1,2,2,1,3,1,1,1,1,5,1,1,14,6,1,1, ?,1,2
6,64,F,12,2013,3,1,1,1,1,1,1,1,1,1,1,5,1,1,8,4,1,1, ?,1,2
16,64,F,7,2013,4,1,1,1,1,1,4,1,1,1,1,5,1,1,8,6,1,1,25,2,2
10,64,F,5,2013,2,7,1,2,2,1,1,1,1,3,1,5,1,1,11,6,1,7,25,1,2
10,64,F,5,2013,2,5,6,1,1,1,1,1,1,1,1,1,1,1,5,6,1,1, ?,2,2
10,64,G,6,2013,3,7,1,2,2,1,2,1,1,1,1,1,1,1,14,6,1,7,35,1,2
10,64,F,7,2013,3,1,1,2,2,1,1,1,1,1,1,1,1,1,9,6,1,7,35,1,2
3,64,F,4,2013,3,7,1,2,2,1,1,1,1,2,1,5,3,1,13,2,1,1,40,2,2
3,64,F,5,2013,4,5,5,2,2,1,1,1,1,1,1,5,1,1,14,6,1,1,28,1,2
3,64,F,7,2013,3,3,1,1,2,1,1,1,1,1,1,5,1,1,9,6,1,7, ?,2,2
3,64,F,9,2013,4,1,1,2,1,1,3,1,1,1,1,5,1,1,4,6,1,1,24,1,2
3,64,F,11,2013,2,1,1,1,1,1,1,1,1,1,1,5,1,1,19,6,1,3, ?,2,2
4,64,F,2,2013,4,1,4,1,1,1,2,1,1,1,1,5,1,1,8,5,1,1, ?,1,2
4,64,F,4,2013,2,3,6,2,2,1,1,1,1,2,2,5,1,1,14,6,1,1, ?,1,2
4,64,F,6,2013,1,1,4,2,1,1,2,1,1,1,1,5,1,1,14,6,1,1, ?,1,2
4,64,F,6,2013,4,1,4,2,1,1,3,1,1,1,1,5,1,1,9,6,1,1, ?,1,2
4,64,F,8,2013,3,2,5,2,2,1,1,1,1,1,1,5,1,1,9,6,1,1,25,2,2
4,64,G,9,2013,4,5,5,2,1,1,3,1,1,1,1,5,1,1,9,6,1,1,25,2,2
4,64,F,9,2013,2,1,3,2,2,1,1,1,1,1,1,5,1,1,9,6,1,1, ?,1,2
4,64,F,12,2013,4,1,1,2,1,1,2,1,1,1,1,5,1,1,2,6,1,1, ?,1,2
4,64,G,12,2013,3,1,2,2,1,1,1,1,1,1,1,5,1,1,6,5,1,1,27,2,2
4,64,F,9,2013,2,1,3,2,2,1,1,1,1,1,1,5,1,1,9,6,1,1, ?,1,2
11,64,F,2,2013,2,6,1,2,2,1,1,3,1,1,1,5,1,1,10,6,1,3,27,1,2
4,64,F,12,2013,4,1,1,2,1,1,2,1,1,1,1,5,1,1,2,6,1,1, ?,1,2
11,64,F,3,2013,2,2,1,2,1,1,1,1,1,1,1,5,1,1,9,6,1,1,30,1,2
11,64,G,4,2013,4,1,1,2,1,1,2,1,1,1,1,5,1,1,9,6,1,1, ?,1,2
11,64,F,7,2013,1,1,1,2,1,2,3,1,2,1,1,5,1,1,10,6,?,?, ?,1,1
11,64,F,8,2013,4,1,1,2,1,2,3,1,3,1,2,5,1,1,14,6,1,1,22,1,2
8,64,F,7,2013,3,1,3,2,2,1,1,1,1,1,1,5,1,1,7,6,1,1,22,1,2
8,64,F,8,2013,2,2,1,2,1,1,1,1,1,1,3,5,1,1,5,6,1,1, ?,1,2
8,64,F,9,2013,2,1,1,2,2,1,1,1,1,1,1,5,1,1,9,6,1,1,28,2,2
8,64,F,10,2013,2,1,1,2,1,1,2,1,1,1,1,5,1,2,9,6,2,1, ?,1,2
4,57,S,1,2013,2,7,8,2,2,1,1,1,1,1,1,4,1,2,12,6,?,7, ?,?,?
1,68,G,1,2013,2,7,1,2,2,1,1,2,1,1,1,1,1,1,9,1,2,1, ?,?,?
8,59,F,1,2013,2,3,1,2,2,1,1,1,1,3,1,4,1,2,10,6,1,1,26,2,2
1,59,G,1,2013,2,7,8,2,2,1,1,1,1,1,1,3,1,2,12,6,1,1, ?,2,1
2,59,F,1,2013,2,7,8,?,?,1,1,1,1,1,1,4,1,2,17, ?,?,1, ?,?,?
7,59,F,1,2013,2,7,3,?,?,1,1,1,1,1,1,4,1,2,14,6,1,1, ?,2,2
1,68,F,5,2013,4,7,1,2,2,2,4,4,2,1,1,2,1,1,14,6,2,1, ?,2,2
1,68,F,4,2013,2,7,1,2,2,1,1,4,1,1,1,2,1,2,12,1,2,?, ?,?,?
2,59,F,3,2013,2,7,8,?,2,1,1,3,1,1,1,4,2,2,17,5,2,7,35,1,2
2,59,G,2,2013,2,1,3,?,?,1,1,1,1,1,1,3,2,2,13,11,1,1, ?,2,?