Thana,District,Accident_Severity,Month,Year,Time,Junction_Type,Traffic_Control,Movement,Divider,Weather,Light,Road_Geometry,Surface_Condition,Surface_Type,Surface_Quality,Road_Class,Road_Feature,Location_Type,Vehicle_Type,Vehicle_Movement,Vehicle_Loading,Vehicle_Defect,Vehicle_Driver_Age,Vehicle_Alcohol,Vehicle_Seat_Belt
1,68,G,2,2013,2,1,1,2,2,1,1,4,1,1,1,1,1,1,13,1,2,1,28,?,?
6,68,F,1,2013,3,1,8,2,2,1,1,4,1,3,2,4,4,2,14,6,1,?,40,2,2
1,68,F,4,2013,3,7,1,2,2,1,1,4,1,1,1,1,1,2,11, ?,2,?, ?,?,?
1,68,F,3,2013,3,7,1,2,2,1,1,5,1,1,1,1,1,1,9,1,2,1, ?,?,?
3,57,G,2,2013,3,7,1,2,2,1,1,1,1,1,1,1,1,2,10,6,1,1,25,2,1
8,57,S,1,2013,2,7,8,2,2,1,1,1,1,1,1,4,1,2,12,6,1,1, ?,?,?
7,57,F,1,2013,3,7,1,?,?,1,1,1,1,1,1,4,1,2,17,2,2,7, ?,?,2
2,57,S,5,2013,3,7,8,2,2,1,1,2,1,1,1,4,1,2,4,6,2,1, ?,1,2
1,57,G,3,2013,2,7,8,2,?,1,3,2,1,1,1,1,1,2,14,2,2,1, ?,?,?
1,57,F,3,2013,2,2,1,2,?,1,1,1,1,1,1,1,2,?,9,11,?,?,32,2,2
1,68,F,4,2013,3,1,1,2,2,1,1,2,1,1,1,4,4,2,14,6,2,1, ?,2,2
1,57,F,4,2013,1,2,1,1,2,1,1,1,1,1,1,3,1,2,9,1,1,1, ?,2,2
1,57,F,2,2013,4,7,1,2,2,1,1,1,1,3,1,3,1,2,17,6,?,1, ?,1,2
3,57,F,6,2013,1,7,1,2,2,1,3,1,1,1,1,1,1,2,9,6,1,1,48,2,2
8,57,F,6,2013,2,1,1,2,2,1,2,1,1,1,1,1,1,2, ?,6,?,?, ?,1,2
1,68,F,9,2013,2,1,1,1,2,1,2,4,1,1,1,4,3,2,11,6,1,3, ?,1,?
1,68,F,10,2013,2,1,1,1,2,1,1,4,1,1,1,2,1,2,11,6,1,3, ?,1,?
1,57,S,5,2013,4,3,8,1,2,1,2,1,1,1,1,1,1,1,4,11,2,?, ?,1,?
1,57,F,7,2013,2,7,1,2,2,1,2,1,1,1,1,1,1,2,14,11,1,7,35,2,2
1,57,F,7,2013,2,7,1,2,2,1,2,1,1,1,1,1,1,1,19,6,?,?, ?,?,?
1,57,F,8,2013,3,3,3,2,2,1,1,1,1,1,1,4,1,1,14,6,1,1, ?,2,2
3,57,F,8,2013,1,7,3,2,2,1,2,1,1,1,1,1,1,2,19,11,?,?, ?,1,?
3,57,G,9,2013,3,7,3,2,2,1,1,1,1,1,1,4,1,2,5,5,?,?, ?,1,2
8,57,F,6,2013,2,7,1,2,2,1,4,1,1,1,1,4,1,2,19, ?,2,?, ?,1,?
7,57,F,8,2013,3,2,4,2,2,1,1,1,1,1,1,4,1,2,5,6,?,1, ?,?,2
6,57,G,8,2013,4,1,3,1,1,1,1,1,1,1,1,3,1,2,2,6,1,1,25,2,2
4,57,F,9,2013,2,3,8,1,2,1,1,1,1,1,1,3,1,2,2,6,?,?, ?,1,2
5,57,F,6,2013,2,1,6,1,2,1,1,1,1,1,1,1,1,2,14,6,1,1, ?,1,2
5,57,F,8,2013,2,1,6,1,2,1,1,1,1,1,1,1,1,2,9,6,?,1, ?,1,2
2,57,F,5,2013,3,1,3,2,2,1,1,1,1,1,1,3,1,2,19, ?,?,?, ?,1,2
1,61,F,8,2013,4,7,3,2,2,1,4,1,1,1,1,1,1,2, ?,6,?,?, ?,1,?
1,61,M,8,2013,2,7,8,2,2,1,1,1,1,1,1,1,1,2,19,6,1,7,42,?,?
1,61,F,10,2013,1,7,3,2,2,1,4,1,1,1,1,1,1,2,19, ?,?,?, ?,1,?
1,61,F,11,2013,3,7,3,2,2,1,1,1,1,1,1,1,1,2,13,11,1,7, ?,1,2
1,61,F,10,2013,1,1,3,2,2,1,4,1,1,1,1,4,1,2, ?,5,2,?, ?,1,2
1,61,F,10,2013,?,7,8,2,2,1,1,1,1,1,1,2,1,1, ?,11,2,7, ?,1,?
1,61,F,5,2013,4,1,8,1,1,1,1,1,1,1,1,2,1,1,10,6,1,7, ?,?,2
1,61,F,7,2013,1,7,1,2,2,1,2,1,1,1,1,1,1,2, ?, ?,?,?, ?,1,?
1,61,F,5,2013,2,7,1,2,2,1,1,1,1,1,1,1,1,2,19, ?,?,?, ?,1,?
1,61,F,5,2013,2,7,1,2,1,1,1,1,1,1,1,1,1,2,9,6,1,?, ?,2,2
1,61,F,4,2013,3,7,8,2,2,1,1,1,1,1,1,4,1,1, ?, ?,?,?, ?,1,?
3,61,F,6,2013,3,1,8,2,2,3,1,1,5,1,2,4,1,2,14,8,1,7,40,2,2
3,61,F,5,2013,2,2,1,2,2,3,1,1,2,1,2,2,1,2,12,6,?,?, ?,1,2
6,61,F,4,2013,1,4,1,2,2,1,1,1,1,1,2,2,1,2,4,6,?,7,25,1,2
6,61,G,7,2013,2,7,1,2,2,1,1,1,1,1,1,3,1,2,5,6,1,7,22,1,2
6,61,G,9,2013,3,7,1,2,2,1,1,4,1,1,2,3,1,2,6,11,1,7,27,1,2
2,61,F,9,2013,2,7,1,2,2,1,1,1,1,1,1,1,1,2, ?, ?,?,?, ?,1,?
2,61,F,3,2013,4,1,1,1,2,1,4,3,1,1,1,1,1,1,9,11,?,7, ?,1,2
1,65,F,5,2013,2,3,1,2,2,1,1,1,1,1,1,5,1,2,13,6,1,1, ?,1,2
5,65,F,7,2013,3,3,1,2,2,1,1,2,1,1,1,1,1,2,8,6,?,1, ?,1,2
5,65,G,7,2013,3,3,1,2,2,1,1,1,1,1,1,1,1,2,12,6,?,3,38,1,2
2,65,G,10,2013,2,1,1,2,2,1,1,1,1,1,1,1,1,2,9,6,1,7, ?,2,2
1,65,F,6,2013,1,1,1,2,2,1,1,1,1,1,1,1,1,2,9,6,?,?, ?,1,?
2,65,G,8,2013,4,1,8,1,1,1,1,2,1,1,1,3,1,2,8,6,?,?, ?,1,?
6,65,S,3,2013,2,7,1,2,2,1,1,1,1,1,1,3,1,1,14,6,?,7,40,1,2
2,59,F,4,2013,1,1,1,2,2,2,4,1,1,1,1,3,1,2,13,6,1,1,22,2,2
8,59,M,9,2013,1,7,8,2,2,1,1,1,1,1,1,3,1,1,10,10,?,3, ?,1,2
1,59,F,9,2013,2,4,8,2,1,1,2,1,1,1,1,2,1,1,19,6,?,?, ?,1,?
1,59,F,9,2013,3,7,1,2,2,1,1,1,1,1,1,4,1,2,4,6,1,1, ?,2,2
2,59,F,7,2013,?,1,1,2,2,2,4,1,2,1,1,2,3,2, ?,6,?,?, ?,1,?
1,59,F,10,2013,2,3,1,2,2,1,1,1,1,1,1,4,1,2,5,6,1,1, ?,2,2
6,59,F,10,2013,1,1,1,2,2,2,4,1,2,1,1,4,1,2,4,6,2,1,42,2,2
6,59,F,12,2013,3,7,8,1,?,1,1,2,1,1,1,4,1,2, ?,6,?,7,22,1,2
7,67,G,2,2013,3,7,8,1,2,1,1,2,1,1,1,3,2,2,5,1,?,6, ?,2,2
7,67,S,9,2013,4,7,8,1,2,1,1,2,1,1,1,5,1,2,5,6,?,6,19,2,2
7,67,M,9,2013,2,7,8,1,2,1,2,2,1,1,1,3,1,2,10,6,?,6, ?,?,2
5,68,F,3,2013,3,7,1,2,2,1,1,4,1,1,1,4,1,2,11,11,?,3, ?,1,2
5,68,F,4,2013,3,7,8,2,2,1,1,3,5,3,2,4,1,2,13,11,?,?, ?,?,2
5,68,F,5,2013,3,?,1,2,2,1,1,4,1,1,1,4,1,2,9,11,?,?, ?,?,2
1,66,F,6,2013,4,3,1,1,2,1,2,3,1,1,1,5,1,1,12,6,1,1,25,2,1
1,66,F,9,2013,2,7,1,2,2,1,2,1,1,1,1,3,1,1,9,11,1,7, ?,1,2
2,66,F,2,2013,3,7,8,2,2,1,1,4,5,1,1,3,1,2,19,6,1,7,45,2,2
9,66,F,3,2013,1,1,1,2,2,1,4,2,1,1,1,3,1,2,4,3,?,?,28,1,2
9,66,G,11,2013,3,1,1,2,2,1,1,4,1,1,3,3,1,1,9,2,1,?,55,2,2
9,66,F,12,2013,3,7,1,2,2,1,1,4,1,1,3,3,2,2,11,1,1,?, ?,2,2
4,66,F,5,2013,3,1,1,2,2,1,1,4,1,1,1,3,1,2,14,6,?,?, ?,2,2
4,66,F,5,2013,4,1,1,2,2,1,1,4,1,1,1,3,1,2,14,6,?,?, ?,2,2
8,66,F,6,2013,2,1,2,2,2,1,3,1,1,1,1,4,1,2,9,6,1,7, ?,2,2
8,66,G,7,2013,4,1,?,2,2,1,2,4,1,1,1,4,3,2,12,2,1,7,25,2,2
1,58,F,10,2013,4,1,3,2,2,1,2,1,1,1,1,1,1,2, ?, ?,?,?, ?,1,?
13,58,F,6,2013,4,1,4,2,2,1,4,1,1,1,1,1,1,1, ?,6,?,?, ?,1,?
13,58,F,5,2013,4,1,1,1,2,1,4,1,1,1,1,1,1,2, ?, ?,?,?, ?,1,?
13,58,F,9,2013,3,3,1,2,1,1,1,1,1,1,1,1,1,1,19,6,?,?, ?,1,?
13,58,F,7,2013,1,1,?,2,2,1,2,1,1,1,1,1,1,2, ?, ?,?,?, ?,1,?
13,58,F,4,2013,2,1,4,2,2,1,1,1,1,1,1,1,1,2, ?, ?,?,?, ?,1,?
13,58,F,4,2013,1,7,3,2,2,1,3,1,1,1,1,2,1,1, ?, ?,?,?, ?,1,?
13,58,F,6,2013,2,?,1,2,2,1,1,1,1,1,1,2,1,2,9,6,1,6, ?,2,2
7,58,F,3,2013,3,1,1,2,2,1,1,1,1,1,1,1,1,2,12,6,1,?, ?,1,?
7,58,F,9,2013,2,3,1,2,2,1,2,1,1,1,1,1,1,2, ?, ?,?,?, ?,1,?
7,58,F,10,2013,1,1,1,2,2,1,2,1,1,1,3,1,1,2,9,6,1,1,35,2,2
6,58,F,2,2013,4,7,8,1,2,1,1,1,1,1,1,1,1,2,4,1,?,7,25,1,2
6,58,F,9,2013,2,7,8,1,2,1,1,1,1,1,1,1,1,2,19,1,?,?, ?,1,2
6,58,F,2,2013,2,7,8,1,2,1,1,1,1,1,1,1,1,2,9,2,?,?,25,1,2
6,58,F,2,2013,1,7,8,1,2,1,1,1,1,1,1,1,1,2,19,1,?,?, ?,1,2
6,58,G,2,2013,2,7,8,1,2,1,1,1,1,1,1,3,1,2,19,2,?,?, ?,1,2
6,58,F,7,2013,2,7,8,2,2,1,2,1,1,1,1,1,1,2,19,2,?,7, ?,1,2
6,58,F,7,2013,3,7,8,2,2,1,1,1,1,1,1,1,1,2,1,1,?,?, ?,1,2
6,58,F,6,2013,4,7,3,1,2,1,1,1,1,1,1,1,1,2,19,2,?,?, ?,1,2
6,58,G,3,2013,2,7,8,1,2,1,1,1,1,1,1,1,1,2,7,1,?,?,30,1,2
6,58,F,8,2013,1,7,8,1,?,1,2,1,1,1,1,1,1,2,19,1,?,?, ?,1,2
6,58,F,1,2013,3,7,8,1,2,1,1,1,1,1,1,3,1,2,17,1,?,?,26,1,2
6,58,F,1,2013,1,7,8,1,2,1,1,1,1,1,1,1,1,2,14,1,?,?, ?,1,2
6,58,F,10,2013,1,7,?,1,2,1,1,1,1,1,1,1,1,2,9,1,?,?, ?,1,2
14,58,F,8,2013,1,?,3,2,2,1,2,1,1,1,1,3,1,2,13,6,1,3, ?,1,2
15,63,F,4,2013,3,1,1,2,2,1,1,1,1,1,1,3,1,2,11,6,1,7, ?,1,2
8,63,F,8,2013,2,2,2,2,2,1,1,1,1,1,1,1,1,2,14,6,?,?,37,1,2
8,63,F,2,2013,2,2,1,2,2,1,1,1,1,1,1,1,1,2,14,1,?,?,35,1,2
8,63,F,4,2013,2,2,?,2,2,1,1,1,1,1,1,1,1,2,14,6,?,?,24,1,2
13,63,F,3,2013,1,1,3,2,2,1,3,1,1,1,1,1,1,2,14,11,?,?, ?,1,2
5,63,F,8,2013,4,1,?,2,2,1,1,1,1,1,1,3,1,2,9,2,1,3, ?,2,2
16,63,F,11,2013,4,7,3,2,2,1,4,1,1,1,1,1,1,2,14,11,1,7, ?,1,2
7,63,F,6,2013,1,1,3,2,2,1,3,1,1,1,1,1,1,2, ?,6,?,?, ?,1,?
14,63,F,3,2013,4,7,1,2,2,1,2,1,1,1,1,1,1,2,14,6,1,1,35,2,2
14,63,F,4,2013,2,7,1,2,2,1,1,1,1,1,1,1,1,2,19,6,1,1,18,2,2
14,63,F,5,2013,1,7,1,2,2,1,1,1,1,1,1,1,1,2,13,6,1,1, ?,2,2
14,63,F,5,2013,2,7,1,2,2,1,1,1,1,1,1,1,1,2,14,6,1,1, ?,2,2
14,63,F,1,2013,1,1,3,2,2,1,1,1,1,1,1,1,1,1, ?,6,?,?, ?,2,2
14,63,F,2,2013,2,7,1,2,2,1,1,1,1,1,1,1,1,2, ?,6,?,?, ?,2,2
14,63,F,8,2013,2,7,1,2,2,1,1,1,1,1,1,1,1,2,14,6,1,1, ?,2,2
14,63,F,10,2013,4,6,1,2,1,1,4,1,1,1,1,1,1,2,14,11,1,?, ?,?,2
14,63,F,9,2013,3,2,1,2,2,1,1,3,1,1,1,1,1,1,14,5,?,?, ?,1,2
14,63,F,10,2013,1,1,?,2,2,1,1,1,1,1,1,1,1,2, ?,6,?,?, ?,1,?
14,63,F,8,2013,1,1,1,2,2,1,2,1,1,1,1,1,1,2, ?,6,?,?, ?,1,?
14,63,F,8,2013,3,1,3,2,1,1,1,1,1,1,1,1,1,2,14,6,1,?, ?,1,2
9,63,G,11,2013,4,1,1,2,2,1,2,2,1,1,1,1,1,2,5,1,?,1,35,2,2
4,63,F,5,2013,1,1,8,2,2,1,3,1,1,1,1,1,1,2,13,11,1,?, ?,1,2
15,63,F,4,2013,1,7,3,2,2,1,1,1,1,1,1,4,1,2,11,6,?,?, ?,2,2
11,63,F,5,2013,3,1,2,2,2,1,1,1,1,1,1,3,1,2,14,5,?,?, ?,2,2
14,63,F,1,2013,4,1,1,2,2,1,2,1,1,1,1,1,1,2,14,6,?,1, ?,1,2
14,63,F,4,2013,1,1,1,2,2,1,3,1,1,1,1,3,1,2,5,6,?,?, ?,1,2
14,63,F,10,2013,3,7,1,2,2,1,1,1,1,1,1,1,1,2, ?,6,?,?, ?,1,?
14,63,G,7,2013,3,1,3,1,2,1,1,1,1,1,1,1,2,1,13,6,?,?,35,1,1
14,63,F,7,2013,2,1,3,2,2,1,3,1,1,1,1,1,1,2, ?,6,?,?, ?,1,?
14,63,F,10,2013,1,3,1,2,2,1,4,1,1,1,1,1,1,2, ?,6,?,?, ?,1,?
14,63,F,4,2013,2,1,2,2,2,1,3,1,1,1,1,1,1,2,9,5,?,?, ?,2,2
14,63,F,10,2013,1,1,3,2,2,1,3,1,1,1,1,1,1,2,13,6,?,?, ?,?,?
1,63,F,11,2013,2,2,?,2,2,1,1,1,1,1,1,1,1,2,9,5,1,3,35,2,2
6,60,G,7,2013,3,1,1,2,2,1,1,1,1,1,1,3,1,1,12,11,?,?,35,1,2
6,60,F,7,2013,4,1,1,2,2,1,4,1,1,1,1,3,1,1,19,6,?,?, ?,?,2
6,60,F,6,2013,4,7,1,2,2,1,2,1,1,1,1,3,1,2,14,11,?,?,42,1,2
2,60,F,4,2013,2,1,1,2,2,1,1,1,1,1,1,3,1,2,9,11,?,3,38,?,?
1,60,F,2,2013,2,7,8,2,2,1,1,2,1,1,1,4,1,2,8,6,?,?, ?,1,2
1,60,M,4,2013,1,1,?,2,2,1,1,1,1,1,1,4,1,2,14,6,?,?, ?,1,2
1,60,F,12,2013,1,1,?,2,2,1,1,1,1,1,1,4,1,2, ?, ?,?,?, ?,1,?
1,60,F,3,2013,2,1,1,2,2,1,1,1,1,1,1,4,1,2, ?, ?,?,?, ?,1,?
1,65,F,2,2013,4,1,1,2,2,1,4,1,1,1,1,5,1,1,4,6,2,1, ?,2,2
1,65,G,8,2013,4,1,1,2,2,1,4,1,1,1,2,5,1,2,11,6,?,1, ?,1,2
1,65,F,12,2013,3,1,?,2,2,1,1,1,1,1,1,5,1,1,4,6,1,7, ?,1,?
3,57,F,11,2013,1,7,1,1,2,1,1,1,1,1,1,3,1,2,17,11,2,?,27,2,2
9,57,F,12,2013,4,1,1,2,2,1,2,1,1,1,1,1,1,2, ?,6,?,?, ?,1,?
14,63,G,2,2013,3,3,1,2,2,1,1,1,1,1,1,1,1,2,9,6,1,?,38,2,2
1,39,F,3,2013,3,7,1,2,2,1,1,1,1,1,1,2,1,2,6,3,1,7, ?,2,2
1,49,F,3,2013,3,7,3,2,2,1,1,1,1,1,1,1,1,2,9,11,1,7, ?,2,2
5,37,F,3,2013,2,1,1,2,2,1,1,1,1,1,1,1,1,2,2,5,1,7, ?,2,2
3,45,F,3,2013,3,1,1,2,2,1,1,1,1,1,1,4,1,2,19,11,1,7, ?,2,2
6,45,F,3,2013,4,1,1,2,2,1,1,1,1,1,1,1,1,2,19,11,1,7, ?,2,2
4,45,F,3,2013,2,1,1,2,2,1,1,1,1,1,1,1,1,2,14,11,1,7, ?,2,2
1,47,F,3,2013,3,7,1,2,2,1,1,1,1,1,1,2,1,2,4,6,1,7, ?,2,2
4,47,F,4,2013,1,1,1,2,2,1,1,1,1,1,1,1,1,2,9,11,1,7, ?,2,2
12,47,F,4,2013,2,1,1,2,2,1,4,1,1,1,1,1,1,2,9,11,1,7, ?,2,2
1,38,F,4,2013,1,1,3,2,2,1,1,1,1,1,1,1,1,2,19,11,1,7, ?,2,2
3,38,F,5,2013,4,1,1,2,2,1,1,1,1,1,1,1,1,2,7,6,1,7,30,2,2
7,37,F,4,2013,3,1,1,2,2,1,1,1,1,1,1,1,1,2,13,11,1,7,36,2,2
5,39,F,5,2013,4,1,1,2,2,1,1,1,1,1,1,1,1,2,14,10,1,7,25,2,2
1,39,F,4,2013,4,7,1,2,2,1,1,1,1,1,1,1,1,2,14,11,1,7, ?,2,2
1,39,F,4,2013,4,7,1,2,2,1,1,1,1,1,1,1,1,2,14,11,1,7, ?,2,2
2,43,F,4,2013,4,7,3,2,2,1,1,1,1,1,1,1,1,2,9,6,1,7, ?,2,2
9,47,F,9,2013,3,1,1,2,2,1,1,1,1,1,1,1,1,2,14,11,1,7, ?,2,2
9,47,F,6,2013,2,1,3,2,2,1,1,1,1,1,1,1,1,2,14,6,1,7, ?,2,2
2,47,F,9,2013,4,3,8,2,2,1,1,1,1,1,1,1,1,2,11,9,1,7, ?,2,2
4,47,F,9,2013,4,1,8,2,2,1,1,1,1,1,1,1,1,2,19,11,1,7, ?,2,2
9,47,F,9,2013,4,1,3,2,2,1,1,1,1,1,1,1,1,2,11,7,1,7, ?,2,2
2,43,F,9,2013,2,7,1,2,2,1,1,1,1,1,1,1,1,2,14,6,1,7, ?,2,2
2,43,F,10,2013,3,7,1,2,2,1,1,1,1,1,1,1,1,2,14,6,1,7,28,2,2
1,45,F,9,2013,4,1,1,2,2,1,1,1,1,1,1,1,1,2,19,11,1,7, ?,2,2
5,45,F,10,2013,4,1,1,2,2,1,1,1,1,1,1,1,1,2,19,11,1,7, ?,2,2
6,45,F,10,2013,4,1,1,2,2,1,1,1,1,1,1,1,1,2,19,11,1,7, ?,2,2
3,38,F,10,2013,2,7,8,2,2,1,1,1,1,1,1,1,1,2,19,11,1,7, ?,2,2
9,38,F,10,2013,4,7,8,2,2,1,1,1,1,1,1,1,1,2,14,2,1,7, ?,2,2
3,39,F,10,2013,3,7,1,2,2,1,1,1,1,1,1,1,1,2,12,11,1,7, ?,2,2
5,39,F,10,2013,2,7,1,2,2,1,1,1,1,1,1,1,1,2,9,11,1,7, ?,2,2
3,39,F,10,2013,4,7,1,2,2,1,1,1,1,1,1,1,1,2,9,6,1,7,28,2,2
3,39,F,10,2013,3,1,3,2,2,1,1,1,1,1,1,1,1,2,19,11,1,7, ?,2,2
3,39,F,10,2013,2,7,3,2,2,1,1,1,1,1,1,1,1,2,13,4,1,7, ?,2,2
1,39,F,10,2013,4,7,1,2,2,1,1,1,1,1,1,1,1,2,19,11,1,7, ?,2,2
10,47,F,10,2013,4,1,1,2,2,2,1,2,1,1,2,1,1,2,13,11,1,7, ?,2,2
1,39,F,5,2013,3,7,1,2,2,1,1,1,1,1,1,1,1,2,19,11,1,7, ?,2,2
1,49,F,5,2013,4,2,3,2,2,1,1,1,1,1,1,1,1,2,14,6,1,7, ?,2,2
4,49,F,5,2013,3,7,8,2,2,1,1,1,1,1,1,1,1,2,6,6,1,7, ?,2,2
5,43,F,6,2013,1,7,1,2,2,1,1,1,1,1,1,1,1,2,19,11,1,7, ?,2,2
3,38,F,6,2013,3,1,6,2,2,1,1,1,1,1,1,1,1,2,19,11,1,7, ?,2,2
3,37,F,6,2013,3,7,8,2,2,1,1,1,1,1,1,1,1,2,19,11,1,7, ?,2,2
7,37,F,6,2013,2,1,8,2,2,1,1,1,1,1,1,1,1,2,4,11,1,7, ?,2,2
2,37,G,6,2013,3,7,1,2,2,1,1,1,1,1,1,1,1,2,9,11,1,7, ?,2,2
1,49,F,6,2013,3,1,1,2,2,1,1,1,1,1,1,1,1,2,13,11,1,7, ?,2,2
1,49,F,6,2013,3,3,3,2,2,1,1,1,1,1,1,1,1,2,19,11,1,7, ?,2,2
1,45,F,6,2013,1,1,1,2,2,1,1,1,1,1,1,1,1,2,9,11,1,7, ?,2,2
2,45,F,6,2013,4,1,1,2,2,1,1,1,1,1,1,1,1,2,19,11,1,7, ?,2,2
6,45,F,4,2013,1,1,1,2,2,1,1,1,1,1,1,1,1,2,19,11,1,7, ?,2,2
2,45,F,6,2013,4,1,1,2,2,1,1,1,1,1,1,1,1,2,9,11,1,7, ?,2,2
1,48,F,6,2013,2,7,1,2,2,1,1,1,1,1,1,1,1,2,14,2,1,7, ?,2,2
4,48,F,5,2013,1,7,1,2,2,1,1,1,1,1,1,1,1,2,19,1,1,7, ?,2,2
1,47,F,5,2013,4,7,1,2,2,1,1,1,1,1,1,1,1,2,14,11,1,7,32,2,2
1,47,F,6,2013,1,7,1,2,2,1,1,1,1,1,1,1,1,2,19,11,1,7, ?,2,2
2,47,F,6,2013,4,1,8,2,2,1,1,1,1,1,1,1,1,2,19,11,1,7, ?,2,2
1,47,F,6,2013,3,7,1,2,2,1,1,1,1,1,1,1,1,2,14,11,1,7, ?,2,2
9,47,F,6,2013,4,1,8,2,2,1,1,1,1,1,1,1,1,2,19,11,1,7, ?,2,2
10,52,S,12,2013,3,7,8,2,2,1,1,1,1,1,1,1,1,2,14,6,1,7, ?,2,2
9,52,F,12,2013,3,1,1,2,2,1,1,1,1,1,1,1,1,2,4,6,1,7,20,2,2
5,45,F,12,2013,2,1,1,2,2,1,1,1,1,1,1,1,1,2,9,11,1,7, ?,2,2
6,45,F,12,2013,4,1,1,2,2,1,1,1,1,1,1,1,1,2,14,11,1,7, ?,2,2
6,45,G,12,2013,4,1,1,2,2,1,1,1,1,1,1,1,1,2,19,11,1,7, ?,2,2
6,45,F,12,2013,4,1,1,2,2,1,1,1,1,1,1,1,1,?,14,11,1,7, ?,2,2
5,45,F,11,2013,2,1,1,2,2,1,1,1,1,1,1,1,1,2,8,11,1,7, ?,2,2
6,45,F,10,2013,4,1,1,2,2,1,1,1,1,1,1,1,1,2,7,11,1,7, ?,2,2
6,45,F,11,2013,4,1,1,2,2,1,1,1,1,1,1,1,1,2,13,11,1,7,45,2,2
1,48,F,7,2013,2,1,1,2,2,1,1,1,1,1,1,1,1,2,10,5,1,7,23,2,2
7,38,F,2,2013,4,1,1,2,2,1,1,1,1,1,1,1,1,2,19,6,1,7, ?,2,2
1,47,F,1,2013,4,1,1,2,2,1,1,1,1,1,1,1,1,2,9,11,1,7, ?,2,2
9,47,F,1,2013,4,1,1,2,2,1,1,1,1,1,1,1,1,2,8,11,1,7,33,2,2
13,47,F,1,2013,3,1,1,2,2,1,1,1,1,1,1,1,1,2,9,1,1,7, ?,2,2
1,35,F,1,2013,4,1,8,2,2,1,1,1,1,1,1,1,1,2,8,11,1,7, ?,2,2
1,35,F,1,2013,3,1,8,2,2,1,1,1,1,1,1,1,1,2,14,11,1,7, ?,2,2
9,47,F,2,2013,3,7,1,2,2,1,1,1,1,1,1,1,1,2,9,4,1,7,40,2,2
12,47,F,2,2013,1,7,1,2,2,1,1,1,1,1,1,1,1,2,19,11,1,7, ?,2,2
10,47,F,2,2013,1,3,1,2,2,1,1,1,1,1,1,1,1,2,4,6,1,7, ?,2,2
5,47,F,2,2013,4,7,8,2,2,1,1,1,1,1,1,1,1,2,19,11,1,7, ?,2,2
7,47,F,2,2013,4,7,3,2,2,1,1,1,1,1,1,1,1,2,12,11,1,7, ?,2,2
6,46,F,5,2013,1,3,1,2,2,1,1,1,1,1,1,1,1,2,19,11,1,7, ?,2,2
6,46,F,3,2013,3,7,1,2,2,1,1,1,1,1,1,1,1,2,19,11,1,7, ?,2,2
6,46,F,2,2013,2,7,1,2,2,1,1,1,1,1,1,1,1,2,19,11,1,7, ?,2,2
4,46,F,12,2013,3,1,1,2,2,1,1,1,1,1,1,1,1,2,19,11,1,7, ?,2,2
3,49,F,1,2013,3,7,3,2,2,1,1,1,1,1,1,1,1,2,19,6,1,7, ?,2,2
1,52,F,12,2013,2,3,4,2,2,1,1,1,1,1,1,1,1,2,9,11,1,7, ?,2,2
3,45,F,2,2013,1,1,1,2,2,1,1,1,1,1,1,1,1,2,4,11,1,7, ?,2,2
4,45,F,2,2013,4,1,1,2,2,1,1,1,1,1,1,1,1,2,19,11,1,7, ?,2,2
2,45,F,2,2013,1,1,1,2,2,1,1,1,1,1,1,1,1,2,19,11,1,7, ?,2,2
4,49,F,2,2013,4,7,1,2,2,1,1,1,1,1,1,1,1,2,12,11,1,7, ?,2,2
1,43,F,12,2013,2,1,1,2,2,1,1,1,1,1,1,1,1,2,13,6,1,7, ?,2,2
5,43,F,6,2013,1,7,1,2,2,1,1,1,1,1,1,1,1,2,19,11,1,7, ?,2,2
5,43,F,6,2013,3,7,1,2,2,1,1,1,1,1,1,1,1,2,19,11,1,7, ?,2,2
5,43,F,7,2013,3,7,1,2,2,1,1,1,1,1,1,1,1,2,19,11,1,7, ?,2,2
5,43,F,7,2013,4,2,2,2,2,1,1,1,1,1,1,1,1,2,19,11,1,7, ?,2,2
5,43,F,8,2013,4,7,1,2,2,1,1,1,1,1,1,1,1,2,19,11,1,7, ?,2,2
5,43,F,8,2013,4,7,1,2,2,1,1,1,1,1,1,1,1,2,19,11,1,7, ?,2,2
5,43,F,8,2013,4,7,1,2,2,1,1,1,1,1,1,1,1,2,19,11,1,7,38,2,2
5,43,F,8,2013,1,1,1,2,2,1,1,1,1,1,1,1,1,2,19,11,1,7, ?,2,2
5,43,F,8,2013,4,7,1,2,2,1,1,1,1,1,1,1,1,2,19,11,1,7, ?,2,2
5,43,F,10,2013,4,7,1,2,2,1,1,1,1,1,1,1,1,2,19,11,1,7, ?,2,2
3,39,F,1,2013,4,7,1,2,2,1,1,1,1,1,1,1,1,2,9,11,1,7, ?,2,2
1,39,F,2,2013,3,1,1,2,2,1,1,1,1,1,1,1,1,2,14,1,1,7, ?,2,2
4,46,F,7,2013,1,7,1,2,2,1,1,1,1,1,1,1,1,2,9,11,1,7,29,2,2
1,46,F,1,2013,3,7,1,2,2,1,1,1,1,1,1,1,1,2,18,11,1,7, ?,2,2
1,46,F,1,2013,1,1,1,2,2,1,1,1,1,1,1,1,2,?,19,11,1,7,1,2,2