Thana,District,Accident_Severity,Month,Year,Time,Junction_Type,Traffic_Control,Movement,Divider,Weather,Light,Road_Geometry,Surface_Condition,Surface_Type,Surface_Quality,Road_Class,Road_Feature,Location_Type,Vehicle_Type,Vehicle_Movement,Vehicle_Loading,Vehicle_Defect,Vehicle_Driver_Age,Vehicle_Alcohol,Vehicle_Seat_Belt
1,42,S,2,2013,3,3,4,2,1,1,1,1,1,1,1,5,1,1,10,6,1,1,35,2,2
1,42,F,4,2013,3,1,1,2,1,1,1,1,1,1,1,5,1,1,9,6,1,1,23,2,2
1,42,G,5,2013,2,2,4,2,1,1,1,1,1,1,1,5,1,1,4,2,1,1,45,1,1
1,42,F,7,2013,2,1,1,1,1,1,1,1,1,1,1,5,1,1,10,6,1,1,30,2,2
1,42,F,8,2013,2,7,3,1,1,1,1,1,2,1,1,5,1,1,9,6,1,1,21,2,2
22,42,F,9,2013,3,5,2,2,1,1,1,1,1,1,1,1,1,1,9,6,1,1,40,2,2
22,42,F,9,2013,4,1,2,2,2,1,3,1,1,1,1,1,1,1,9,6,1,1,35,2,2
1,42,F,9,2013,3,1,1,2,1,1,1,1,1,1,1,5,1,1,9,6,1,1,42,2,2
1,42,F,9,2013,1,2,4,2,1,1,3,1,1,1,1,5,1,1,14,6,1,1,42,2,2
33,42,F,9,2013,3,1,1,2,1,1,1,1,1,1,3,5,1,1,9,6,1,1,30,2,2
11,42,S,9,2013,4,1,4,2,1,1,3,1,1,1,1,2,1,1,8,2,1,1,30,2,2
34,42,F,8,2013,3,7,6,1,2,1,1,1,1,1,1,5,1,1,9,6,1,1,30,2,2
46,42,F,9,2013,2,1,3,2,1,1,1,2,1,1,1,5,1,1,12,2,1,1,28,2,2
26,42,F,9,2013,2,2,6,2,1,1,1,1,1,1,1,5,1,1,8,6,1,1,30,2,2
45,42,F,9,2013,3,2,6,2,2,1,1,1,1,1,1,5,1,1,8,6,1,1,30,2,2
28,42,F,10,2013,2,2,4,2,1,1,1,1,1,1,1,5,1,1,8,2,1,1,30,2,2
28,42,F,10,2013,4,1,1,2,1,1,3,1,1,1,1,5,1,1,9,6,1,1,28,2,2
36,42,F,10,2013,2,1,4,1,2,1,1,1,1,1,1,5,1,1,7,6,1,1,30,2,2
49,42,F,10,2013,3,2,3,2,1,1,1,1,1,1,1,3,1,1,9,6,1,1,34,2,2
9,42,F,8,2013,3,1,1,2,1,1,1,1,1,1,1,5,1,1,9,6,1,1,25,2,2
9,42,F,8,2013,2,1,4,2,1,1,2,1,1,1,1,5,1,1,8,6,1,1,30,2,2
9,42,G,8,2013,1,3,4,1,1,1,3,1,1,1,1,5,1,1,10,6,1,1,35,2,1
9,42,F,9,2013,2,1,1,2,1,1,1,1,1,1,1,5,1,1,9,6,1,1,30,2,2
9,42,F,9,2013,4,1,1,2,1,1,3,1,1,1,1,5,1,1,9,6,2,1,30,2,2
44,42,F,10,2013,4,1,4,2,2,1,2,1,2,1,1,1,1,1,9,6,1,7,30,1,2
44,42,F,10,2013,1,1,4,2,2,1,2,1,1,1,1,3,1,1,13,6,1,7,28,2,2
44,42,F,10,2013,1,3,4,1,2,1,3,1,1,1,1,3,1,1,9,6,1,7,40,1,2
44,42,F,10,2013,1,2,4,2,2,1,3,1,1,1,1,5,1,1,9,6,1,1,35,1,2
44,42,F,10,2013,1,1,4,2,1,1,3,1,1,1,1,3,1,1,9,6,1,1,35,1,2
11,42,G,9,2013,2,1,4,2,1,1,1,1,1,1,1,5,1,1,6,6,1,1,30,2,2
34,42,F,11,2013,2,1,1,1,1,1,1,1,1,1,1,1,1,1,9,6,1,1,40,2,2
15,42,F,11,2013,4,3,1,1,2,1,3,1,1,1,1,5,1,1,4,6,1,1,1,2,1
22,42,F,10,2013,4,1,2,2,1,1,2,1,1,1,1,1,1,1,11,6,1,1,40,2,2
22,42,F,10,2013,1,1,4,2,1,1,2,1,1,1,1,1,1,1,9,6,1,1,35,2,2
22,42,M,10,2013,1,1,1,2,1,1,3,1,1,1,1,3,1,1,1,2,1,1,40,1,2
22,42,F,10,2013,3,5,4,2,1,1,1,1,1,1,1,1,1,1,8,6,1,1,35,2,2
22,42,F,10,2013,1,5,2,2,2,1,2,1,1,1,1,1,1,1,9,6,1,1,38,2,2
13,42,F,11,2013,2,1,4,1,2,1,2,1,1,1,1,1,1,1,9,6,1,1,30,2,2
29,42,F,10,2013,4,1,4,2,1,1,1,1,1,1,1,5,1,1,6,6,1,1,20,2,2
29,42,S,10,2013,2,1,4,2,1,1,1,1,1,1,1,5,1,1,9,6,1,1,30,2,2
29,42,F,10,2013,3,1,4,2,1,1,1,1,1,1,1,5,1,1,9,1,1,1,30,2,2
36,42,F,10,2013,4,3,1,1,2,1,3,1,1,1,1,5,1,1,7,1,1,1,30,2,2
30,42,F,3,2013,2,1,4,2,1,1,1,1,1,1,1,5,1,1,13,6,1,1,40,2,2
30,42,G,8,2013,3,1,4,1,1,1,1,1,1,1,1,1,1,1,8,6,1,1,38,2,2
43,42,F,9,2013,2,3,4,2,1,1,2,1,1,1,1,5,1,1,9,6,1,1,40,2,2
27,42,G,4,2013,2,1,4,2,1,1,1,1,1,1,1,5,1,1,4,6,1,1,28,2,1
27,42,G,6,2013,4,2,6,2,1,1,2,1,1,1,1,5,1,1,4,6,1,1,30,2,1
27,42,F,8,2013,1,2,5,1,1,1,2,1,1,1,1,5,1,1,9,6,1,1,30,2,2
18,42,F,10,2013,2,7,1,2,2,1,1,1,1,2,2,5,1,1,19,6,1,7,25,2,2
14,42,F,11,2013,4,1,1,1,1,1,3,1,1,1,1,1,1,1,14,6,1,1,32,2,2
44,42,G,11,2013,3,1,1,2,2,1,1,1,1,1,1,5,1,1,7,6,1,1,30,2,2
44,42,F,11,2013,4,2,1,2,2,1,3,1,1,1,1,5,1,1,13,2,1,1,37,2,2
22,42,F,11,2013,2,7,4,2,1,1,2,1,1,1,1,1,1,1,9,6,1,1,40,2,2
6,42,F,11,2013,1,1,4,2,1,1,2,1,1,1,1,5,1,1,14,6,1,1,40,1,2
35,42,F,11,2013,1,3,1,2,2,1,3,2,1,1,1,5,1,1,13,6,1,1,23,2,2
23,42,F,10,2013,1,1,1,2,1,1,2,1,1,1,1,5,1,1,9,6,1,1,30,2,2
23,42,G,10,2013,4,1,1,2,1,1,3,1,1,1,1,5,1,1,8,6,1,1,35,2,2
40,42,F,10,2013,4,1,1,2,1,1,2,1,1,1,1,5,1,1,9,6,1,1,30,2,2
44,42,F,9,2013,1,7,8,2,1,1,4,1,1,1,1,1,1,1,9,6,1,1,50,1,2
44,42,F,9,2013,1,3,8,2,1,1,1,1,1,1,1,1,1,1,14,7,1,7,40,1,2
21,42,G,6,2013,2,3,1,1,1,1,1,1,1,1,2,5,1,1,13,5,1,1,65,2,2
1,42,F,11,2013,3,2,1,1,1,1,2,1,1,1,1,5,1,1,10,6,1,7,25,1,1
32,42,F,10,2013,3,3,4,1,1,1,1,1,1,1,1,5,1,1,9,6,1,1,40,2,2
9,42,G,11,2013,4,1,4,1,2,1,3,1,1,1,1,5,1,1,9,6,1,1,30,1,2
33,42,F,11,2013,3,3,1,2,1,1,1,3,1,1,3,5,1,1,9,6,1,1,32,2,2
29,42,F,12,2013,2,1,4,2,1,1,1,1,1,1,1,5,1,1,9,6,1,1,30,2,2
29,42,F,12,2013,4,1,4,2,1,1,3,1,1,1,1,5,1,1,9,6,1,1,40,2,2
28,42,F,12,2013,2,7,8,1,1,1,1,1,1,1,1,5,1,1,8,6,1,1,42,2,2
20,42,F,12,2013,3,1,1,2,1,1,1,1,1,1,1,5,1,1,19,6,2,1,30,2,2
7,42,F,10,2013,4,1,1,2,2,1,2,1,1,1,1,2,1,1,14,6,1,1,35,1,2
36,42,F,12,2013,2,1,4,2,2,1,1,1,1,1,1,5,1,1,9,6,1,1,35,2,2
24,42,F,12,2013,1,7,1,2,2,4,2,2,1,1,1,5,1,1,9,6,1,1,30,2,2
44,42,F,12,2013,1,1,4,2,2,1,3,1,1,1,1,5,1,1,9,6,1,6,40,1,2
22,42,F,12,2013,4,1,2,2,1,1,3,1,1,1,1,1,1,1,9,6,1,1,40,2,2
22,42,F,12,2013,1,7,3,2,1,1,2,1,1,1,1,5,1,1,10,6,1,1,38,2,2
22,42,G,12,2013,4,5,2,2,1,1,3,1,1,1,1,5,1,1,9,6,1,1,30,2,2
14,42,F,12,2013,2,4,4,2,1,1,2,1,1,1,1,1,1,1,19,11,1,1,30,1,2
14,42,F,12,2013,1,1,3,1,1,1,2,1,1,1,1,1,1,1,9,6,1,1,40,2,2
17,42,F,8,2013,2,7,4,2,1,1,1,1,1,1,1,5,1,1,9,6,1,1,30,2,2
16,42,F,12,2013,4,1,1,2,1,1,3,1,1,1,1,5,1,1,9,4,1,1,28,1,2
33,42,F,12,2013,4,1,1,2,1,1,3,1,1,1,1,5,1,1,13,6,1,1,50,1,2
33,42,F,12,2013,3,1,4,1,2,1,1,4,1,2,3,5,1,1,9,6,1,1,35,2,2
33,42,F,12,2013,1,1,8,2,1,1,4,1,1,1,1,5,1,1,9,6,1,1,40,2,2
10,42,F,12,2013,2,7,8,1,1,1,1,1,1,1,1,5,1,1,6,11,1,1,30,1,2
29,42,G,11,2013,1,1,4,2,1,1,1,1,1,1,1,1,5,1,8,6,1,1,30,2,2
32,42,F,12,2013,4,1,3,2,1,1,3,1,1,1,1,5,1,1,4,6,1,7,28,2,2
32,42,F,12,2013,2,1,4,2,1,1,1,1,1,1,1,1,5,1,19,6,1,7,35,2,2
32,42,F,12,2013,2,3,1,1,1,1,2,1,1,1,1,5,1,1,19,6,1,7,50,2,2
39,42,F,10,2013,4,1,1,2,1,1,2,1,1,1,1,5,1,1,9, ?,1,1,30,2,2
23,42,F,2,2013,1,4,1,2,1,1,4,1,1,1,1,5,1,1,14,6,2,6,32,1,2
18,42,G,5,2013,4,1,8,2,1,1,2,1,1,1,1,5,1,1,7,5,1,1,28,1,2
4,25,F,1,2013,2,1,8,2,2,1,1,2,2,1,1,2,1,2,9,6,2,7, ?,1,2
2,22,G,1,2013,2,1,1,2,2,1,1,1,1,1,1,4,1,2,14,6,1,7, ?,1,2
6,29,F,3,2013,2,1,1,2,2,1,4,2,1,1,1,3,1,2,4,6,1,7, ?,1,2
1,26,F,2,2013,2,2,1,2,2,1,1,1,1,1,1,1,1,2,14,6,2,7, ?,1,2
6,26,F,1,2013,2,1,1,2,2,1,1,1,1,1,1,3,1,2,19,9,2,7,26,1,2
3,21,F,1,2013,4,1,1,2,2,2,4,1,2,1,1,1,1,2,19,6,1,7, ?,1,2
1,23,F,2,2013,2,1,1,2,2,1,1,2,1,1,2,2,1,2,9,6,1,7,23,1,2
1,20,G,4,2013,4,1,1,2,2,1,1,1,1,1,2,3,1,2,14,6,1,7,35,1,2
2,20,F,2,2013,3,1,1,2,2,1,1,1,1,1,1,3,1,2,8,6,1,7, ?,1,2
3,19,F,3,2013,2,1,1,2,2,1,1,2,1,1,1,4,1,2,17,3,2,1,32,1,2
3,19,F,3,2013,3,1,1,2,2,1,1,1,1,1,1,1,1,2,7,6,2,1, ?,1,2
1,19,G,5,2013,1,3,1,2,2,1,1,1,1,1,1,5,1,1,4,6,1,7,24,1,2
1,18,F,3,2013,2,7,1,2,2,1,2,1,1,1,1,3,1,2,9,6,2,3,35,1,2
2,18,F,2,2013,3,1,1,2,2,1,1,3,1,3,1,4,1,2,19,6,2,7,25,1,2
2,18,F,3,2013,2,1,1,2,2,1,1,3,5,2,1,5,1,2,14,6,1,7, ?,1,2
3,18,G,2,2013,2,1,1,2,2,1,1,1,1,2,1,3,1,2,19,6,1,7,28,1,2
3,18,F,4,2013,3,1,1,2,2,1,1,1,1,1,1,3,1,2,4,6,2,7, ?,1,2
5,18,F,2,2013,2,7,1,2,2,1,1,1,1,1,1,1,1,2,9,6,2,3, ?,1,2
6,18,F,1,2013,4,1,1,2,2,1,4,1,1,1,1,4,1,2,4,6,1,7,25,1,2
7,18,F,3,2013,1,1,1,2,2,1,1,1,1,1,1,1,1,2,12,6,2,7, ?,1,2
1,26,F,9,2013,3,1,1,2,2,1,1,1,1,1,1,2,1,2,8,6,2,3,42,1,2
4,26,F,8,2013,3,1,1,2,2,1,1,1,1,1,1,2,1,2,4,6,2,1,21,1,2
5,26,G,8,2013,2,1,1,2,2,2,1,2,2,1,1,1,1,1,4,6,2,7,40,1,2
6,26,G,8,2013,2,1,1,2,2,1,4,1,1,1,1,4,1,2,19,6,2,3,28,1,2
1,29,S,1,2013,3,1,1,2,2,1,1,1,1,1,1,2,1,1,13,6,2,7,40,1,2
1,29,F,5,2013,2,1,1,2,2,1,1,2,1,1,2,3,1,2,6,6,1,6,32,1,2
1,29,G,6,2013,3,1,1,2,2,1,1,1,1,1,1,1,1,1,19,2,2,7,26,1,2
1,29,F,9,2013,2,1,1,2,2,1,2,1,1,1,1,2,1,2,11,6,1,1, ?,1,2
1,19,F,7,2013,2,1,1,1,2,1,2,1,1,1,1,4,1,2,19,11,?,?, ?,?,?
3,19,F,7,2013,2,1,1,2,2,1,1,1,1,1,1,4,1,2,17,6,2,1,35,1,2
1,29,G,9,2013,2,7,1,2,2,1,1,1,1,1,1,5,1,1,19,11,2,7, ?,1,2
2,29,F,9,2013,2,1,1,2,2,1,1,1,1,1,1,3,1,2,9,6,1,1,37,2,2
2,29,F,11,2013,3,1,1,2,2,1,1,1,1,1,1,3,2,1,9,1,1,1, ?,2,2
3,29,F,8,2013,3,1,1,2,2,1,1,1,1,1,1,2,1,1, ?,4,2,7, ?,1,2
3,29,F,8,2013,1,1,8,2,1,1,1,1,1,1,1,1,1,1,8,6,1,1, ?,1,2
6,29,F,7,2013,2,1,1,2,2,1,1,1,1,1,1,1,1,1,13,6,1,1, ?,1,2
8,29,S,3,2013,3,1,1,2,2,1,1,1,1,1,1,4,1,2,19,6,2,7,35,2,2
8,29,F,9,2013,1,1,1,2,2,1,1,1,1,1,1,4,1,2,4,6,1,1, ?,1,2
5,24,G,6,2013,3,1,3,2,2,1,1,1,1,1,1,1,1,2,9,6,1,1, ?,1,2
5,24,F,6,2013,1,1,1,2,2,1,2,1,1,1,1,1,1,1,19,6,1,3, ?,1,2
1,22,F,5,2013,3,1,1,2,2,1,1,1,1,1,1,3,1,2,9,6,1,1, ?,1,2
1,22,F,7,2013,1,1,1,2,2,1,2,1,1,1,1,3,1,2,11,6,1,7, ?,1,2
4,22,G,11,2013,1,1,1,2,2,1,1,2,1,1,1,4,1,2,19,6,1,3, ?,1,2
1,25,G,1,2013,4,1,3,2,2,1,3,3,1,1,1,3,1,2,14,6,1,3, ?,1,2
1,25,F,7,2013,1,1,3,2,2,1,1,1,1,1,1,4,1,2,14,6,1,3, ?,1,2
2,25,F,5,2013,1,1,1,2,2,1,2,1,1,1,1,3,1,2,4,6,2,3, ?,1,2
4,25,G,3,2013,1,1,3,2,2,1,1,1,1,1,1,2,1,2,14,6,2,3, ?,1,2
1,18,F,7,2013,1,7,1,1,2,1,4,2,1,1,1,1,1,1,14,6,1,1, ?,1,2
2,18,F,6,2013,1,7,2,2,2,1,1,1,1,1,1,1,1,2,14,10,2,7,40,1,2
2,18,G,9,2013,4,1,4,2,2,1,4,1,1,1,1,3,1,2,4,9,1,3,22,1,2
2,18,F,12,2013,2,2,1,2,2,2,4,1,1,1,1,4,1,2,4,6,1,1,30,2,2
3,18,F,8,2013,2,7,1,2,2,1,1,1,1,1,2,2,3,2,4,6,1,1,25,1,2
4,18,F,6,2013,4,1,1,2,2,1,4,1,1,1,1,2,1,2,5,6,1,3, ?,1,2
4,18,F,10,2013,2,1,1,2,2,1,1,1,1,1,1,4,1,2,19,6,2,3, ?,1,2
4,18,F,12,2013,3,1,3,2,2,1,1,1,1,1,1,4,1,2,14,6,2,3, ?,1,2
5,18,F,10,2013,1,1,1,2,1,1,1,1,1,1,1,1,1,1,4,6,1,1, ?,1,2
7,18,F,9,2013,1,1,1,2,2,1,4,1,1,1,1,1,1,1,14,6,2,1,22,1,2
6,18,F,10,2013,3,1,1,2,2,1,1,1,1,1,1,1,1,1,14,6,1,1,35,2,2
6,18,F,11,2013,2,1,1,2,2,1,4,5,1,1,1,3,2,1,13,6,1,7, ?,1,2
7,18,F,9,2013,4,1,1,2,2,1,3,1,1,1,1,1,1,1,9,9,1,7, ?,2,2
3,25,G,6,2013,2,1,1,2,2,1,1,1,1,1,1,3,1,2,19,1,2,7, ?,1,2
1,21,G,3,2013,3,1,1,2,2,1,1,1,1,1,1,1,1,2,9,6,1,1,49,1,2
3,21,F,8,2013,2,1,1,2,2,1,1,1,1,1,1,1,1,2,9,6,1,1, ?,2,2
6,21,F,8,2013,2,1,1,2,2,1,1,1,1,1,1,3,1,2,7,6,1,1,35,2,2
1,24,M,7,2013,1,1,1,2,2,1,3,1,1,1,1,5,1,1,14,6,1,1, ?,2,2
6,25,F,10,2013,4,?,1,2,1,1,2,1,1,1,1,3,1,2,4,5,1,1, ?,1,2
3,29,G,5,2013,2,1,1,2,2,2,1,1,2,1,2,1,1,2,6,6,1,1, ?,2,2
1,26,F,8,2013,2,1,1,2,2,1,?,1,1,1,1,1,1,2,8,5,1,1, ?,2,2
4,26,F,1,2013,3,1,1,2,?,?,?,?,?,?,?,2,?,?,4,6,1,1, ?,2,2
6,26,F,8,2013,4,1,1,1,2,1,1,1,1,1,1,3,1,2,18,6,1,1, ?,2,2
9,26,F,4,2013,2,1,1,2,2,1,1,2,1,1,1,3,1,2,9,2,1,1,35,1,2
6,18,F,10,2013,3,1,1,2,2,1,1,1,1,1,1,3,1,2,19,6,1,1, ?,2,2
7,18,S,7,2013,3,7,1,2,2,1,1,1,1,1,1,1,1,1,9,6,1,1, ?,2,2
1,28,F,5,2013,4,4,8,2,2,1,3,1,1,1,1,5,1,1,4,6,1,7,16,2,2
4,28,F,5,2013,3,7,8,2,2,1,3,1,1,1,1,5,1,1,5,11,1,7, ?,1,2
5,28,F,5,2013,2,6,8,1,1,1,1,1,1,1,1,1,1,1,14,11,1,7,20,1,2
1,28,F,1,2013,3,7,8,1,2,1,1,1,1,1,1,5,1,1,19,11,1,7, ?,1,2
2,28,F,8,2013,3,7,8,1,1,1,1,1,2,1,1,1,1,1,9,2,1,1,47,1,2
5,28,F,8,2013,4,1,1,2,2,1,1,1,1,1,1,5,1,1,19,11,1,1, ?,1,2
2,28,G,10,2013,2,1,8,2,2,1,1,1,1,1,1,5,1,1,10,5,1,1, ?,1,2
8,28,F,10,2013,2,1,1,2,2,1,1,1,1,1,1,5,1,1,14,6,1,7, ?,1,2
8,28,F,10,2013,3,2,1,1,2,1,2,1,1,1,1,1,1,2,13,11,1,7, ?,1,2
7,28,F,11,2013,3,1,1,2,2,1,1,1,1,1,1,5,1,1,14,6,2,7,30,1,2
2,28,S,1,2013,4,1,8,2,2,1,1,1,1,1,1,5,1,1,4,6,1,7,28,2,1
8,13,F,2,2013,2,1,1,1,2,1,1,1,1,1,1,1,1,1,14,7,1,1, ?,2,2
4,13,F,3,2013,4,1,1,1,2,1,4,1,1,1,2,3,1,2,17,6,1,1,22,2,2
5,13,F,4,2013,4,1,1,2,2,1,4,1,1,1,1,3,1,2, ?, ?,?,?, ?,?,?
5,13,F,6,2013,4,1,1,2,2,1,4,1,1,1,1,1,1,2,19,11,1,1, ?,1,2
3,12,F,9,2013,3,7,3,1,2,1,1,1,1,1,1,4,1,1,12,11,1,1,24,2,2
5,12,G,2,2013,2,3,8,2,2,1,1,1,1,1,1,4,1,2,4,6,1,7,35,2,2
3,15,F,9,2013,4,1,1,2,2,1,1,1,1,1,1,1,2,?,19,6,1,1, ?,2,2
1,15,F,10,2013,1,1,8,2,2,1,4,1,1,1,1,1,1,2,14,5,2,7, ?,2,2
3,15,F,11,2013,4,1,1,2,2,4,4,1,1,1,1,1,1,1,19,6,1,1, ?,2,2
3,15,F,11,2013,1,1,1,1,2,1,2,2,1,1,2,1,1,2,14,6,1,1, ?,2,2
3,15,F,4,2013,4,1,1,2,2,3,4,2,2,1,1,1,1,2,19,6,1,1, ?,1,2
3,15,F,5,2013,1,1,1,2,2,2,4,3,2,1,1,1,1,2,9,6,1,1, ?,1,2
5,17,S,6,2013,2,1,1,2,2,1,1,2,1,1,1,2,1,2,9,1,1,4, ?,2,2
7,17,F,7,2013,1,1,4,2,1,1,2,1,1,1,1,1,1,2,19,6,1,1, ?,1,2
3,17,F,10,2013,2,3,1,2,2,1,1,2,1,1,1,3,1,2,13,1,2,7, ?,2,2
9,17,F,10,2013,2,1,1,2,2,1,1,1,1,1,1,3,1,2,4,6,1,7,25,1,2
8,17,F,10,2013,2,1,1,2,2,1,1,1,1,1,1,1,1,2,19,6,1,1, ?,2,2
11,9,F,8,2013,4,7,8,2,2,1,2,1,1,1,1,1,1,2,14,11,1,1, ?,2,2
10,9,F,3,2013,4,1,1,2,2,1,2,1,1,1,1,1,1,2,9,6,1,1, ?,1,2
1,9,F,6,2013,4,1,1,2,1,1,2,1,1,1,1,5,1,1,19,6,1,7,42,2,2
8,16,F,9,2013,2,1,1,2,2,1,1,1,1,1,1,1,1,2,11,6,1,1, ?,2,2
10,16,F,9,2013,3,3,3,2,2,1,1,1,1,1,1,1,1,1,9,7,1,1,32,2,2
11,16,F,9,2013,3,1,1,2,1,1,1,1,1,1,1,1,1,1,9,6,1,1, ?,1,2
10,16,F,9,2013,2,2,3,2,2,1,1,1,1,1,1,1,1,2,9,5,1,1,40,2,2
6,16,F,9,2013,3,1,1,2,1,1,1,1,1,1,1,1,1,1,9,6,1,1, ?,2,2
8,16,F,11,2013,1,1,1,2,2,1,4,1,1,1,1,1,1,2,19,6,1,1, ?,2,2
8,16,F,11,2013,1,1,3,2,2,1,2,1,1,1,1,1,1,2,19,6,1,1, ?,2,2
7,16,F,12,2013,3,1,1,2,2,1,1,1,1,1,1,1,1,2,9,6,1,1,45,1,2
10,16,F,3,2013,2,2,1,2,2,1,1,1,1,1,1,1,1,2,19,11,1,7, ?,2,2
8,16,F,3,2013,2,1,1,2,2,1,1,1,1,1,1,1,1,2,19,6,1,1, ?,2,2
6,16,F,4,2013,4,1,1,2,2,1,4,1,1,1,1,1,1,2,14,11,1,1, ?,2,2
9,11,F,3,2013,2,3,1,2,2,1,1,1,1,1,1,3,1,2,1,1,1,1,30,2,2
9,16,F,7,2013,4,1,1,2,2,1,1,1,1,1,1,1,1,1,12,6,1,1, ?,2,2
9,16,F,11,2013,2,1,1,1,2,1,1,1,1,1,2,2,1,2,19,6,1,1,40,2,2
11,16,F,3,2013,3,1,1,2,2,1,1,1,1,1,1,1,1,2,9,6,1,1, ?,2,2
7,16,F,7,2013,4,1,1,2,2,1,1,1,1,1,1,1,1,1,12, ?,1,1, ?,2,2
10,11,G,5,2013,2,3,1,2,2,1,1,1,1,1,1,3,1,2,6,6,1,1, ?,2,2
11,11,G,8,2013,3,1,3,1,2,1,1,1,1,1,1,3,1,2,4,6,1,1,24,1,2
2,12,F,12,2013,3,1,1,2,2,1,1,1,1,1,1,4,1,2,19,6,2,1,32,2,2
1,9,F,7,2013,4,1,1,1,2,1,4,1,1,1,1,1,1,2,14,6,2,1, ?,2,2
1,2,F,5,2013,2,1,1,2,2,1,1,1,1,1,1,1,1,2,9,6,1,1, ?,2,2
5,6,F,1,2013,3,1,1,2,2,1,1,1,1,1,1,2,1,2,14,6,1,1, ?,2,2
4,6,F,3,2013,1,1,1,2,2,1,1,1,1,1,1,1,1,1,8,6,1,1,35,2,2
1,6,F,5,2013,4,1,1,2,2,1,4,2,1,1,1,1,1,2,14,1,1,1, ?,2,2
3,8,F,1,2013,3,1,1,2,2,1,1,1,1,1,1,1,1,2,9,6,1,1, ?,2,2
3,8,F,1,2013,3,1,1,2,2,1,1,1,1,1,1,4,1,2,4,6,1,1, ?,2,2
1,8,F,3,2013,2,1,1,2,2,1,1,1,1,1,1,2,1,2,4,6,1,1, ?,2,2
7,3,F,4,2013,2,1,1,2,2,1,1,1,1,1,1,3,1,2,14,6,1,1,65,2,2
2,3,F,6,2013,1,1,1,2,2,2,4,1,2,1,1,3,1,2,4,6,1,1,35,1,2
7,7,F,6,2013,4,1,1,2,2,1,1,1,1,1,1,3,1,1,13,6,1,1, ?,2,2
1,7,F,9,2013,3,1,1,2,2,1,1,1,1,1,1,2,1,2,8,6,1,1,38,2,2
1,7,F,10,2013,1,1,1,2,2,1,4,1,1,1,3,5,1,1,7,6,1,1, ?,2,2
3,3,F,2,2013,4,1,1,2,2,1,2,1,1,1,2,2,1,1,14,6,1,1, ?,2,2
2,3,G,5,2013,1,1,1,2,2,1,1,1,2,1,2,4,4,2,14,6,1,1,52,2,2
7,3,F,5,2013,2,1,1,2,2,1,1,1,1,1,1,3,1,2,14,6,1,1, ?,2,2
5,3,F,6,2013,3,1,1,2,2,1,1,1,1,1,1,3,2,2,14,6,1,1,35,1,2
5,3,G,7,2013,2,1,1,2,2,1,1,2,1,1,1,3,5,1,9,2,1,1,40,1,2
3,3,F,7,2013,3,1,1,2,2,1,1,1,1,1,1,1,5,1,14,6,1,1,38,2,2
4,8,F,6,2013,3,1,1,2,2,1,1,1,1,1,1,4,1,2,4,6,1,1, ?,2,2
3,8,F,6,2013,1,1,1,2,2,1,2,1,1,1,1,1,1,2,14,6,1,1, ?,2,2
4,8,F,6,2013,2,1,5,2,2,2,2,1,2,1,1,1,1,1,14,6,1,1, ?,1,2
3,8,F,8,2013,3,1,1,2,2,1,1,1,1,1,1,1,1,2,9,6,1,1, ?,2,2
3,8,F,8,2013,1,1,1,2,2,1,2,1,1,1,1,1,1,2,8,6,1,1, ?,2,2
3,8,G,8,2013,2,1,1,2,2,1,1,1,1,1,1,1,1,2,9,6,1,1,41,2,2
3,8,G,10,2013,3,1,1,2,2,1,1,1,1,1,1,1,1,1,4,6,1,1, ?,2,2
3,8,M,10,2013,2,1,1,2,2,1,1,1,1,1,1,1,1,2,9,6,1,1, ?,2,2
3,8,M,10,2013,2,1,1,2,2,1,1,1,1,1,1,1,1,2,9,6,1,1, ?,2,2
1,5,F,6,2013,1,1,1,2,2,1,2,1,1,1,1,1,2,2,14,6,1,1, ?,2,2
1,5,S,12,2013,1,1,1,2,2,1,2,1,1,1,1,1,1,2,17,6,1,1, ?,2,2
8,5,F,6,2013,3,1,1,2,2,1,1,1,1,1,1,1,1,2,7,6,1,1, ?,2,2
8,5,F,10,2013,2,1,1,2,2,1,1,1,1,1,1,1,1,2,14,6,1,1, ?,2,2
2,8,F,9,2013,2,1,1,2,2,2,1,2,2,1,2,3,5,1,17,6,1,1,25,2,2
5,5,F,11,2013,3,1,1,2,2,1,1,1,1,1,1,1,1,1,14,6,1,1,35,2,2
5,5,F,7,2013,4,1,1,2,2,1,2,1,1,1,1,1,1,2,12,6,1,1,28,2,2
5,4,F,8,2013,3,1,1,2,2,1,1,1,1,3,1,4,1,2,19,6,1,1, ?,2,2
3,5,F,1,2013,2,1,1,2,2,1,1,1,1,1,1,3,1,2,17,6,1,1,42,2,2
8,5,F,12,2013,4,1,1,2,2,4,4,1,1,1,1,1,1,2,14,6,1,1, ?,2,2
2,5,F,9,2013,2,1,1,2,2,1,1,1,2,1,2,3,5,1,17,6,1,1,25,2,2
5,6,F,1,2013,2,1,1,2,1,1,1,1,1,1,1,4,1,2,4,6,1,1, ?,1,2
7,3,F,6,2013,2,1,1,2,2,1,1,1,1,1,1,3,1,1,4,6,1,1, ?,2,2
3,14,F,3,2013,3,7,1,2,2,1,1,2,1,1,2,5,1,1,14,11,1,7, ?,2,2