Thana,District,Accident_Severity,Month,Year,Time,Junction_Type,Traffic_Control,Movement,Divider,Weather,Light,Road_Geometry,Surface_Condition,Surface_Type,Surface_Quality,Road_Class,Road_Feature,Location_Type,Vehicle_Type,Vehicle_Movement,Vehicle_Loading,Vehicle_Defect,Vehicle_Driver_Age,Vehicle_Alcohol,Vehicle_Seat_Belt
3,14,F,5,2013,3,2,7,2,2,1,1,1,1,1,1,1,5,1,9,6,1,7, ?,?,2
4,14,F,5,2013,2,7,1,1,1,1,1,2,1,3,2,4,1,2,17,2,1,1, ?,2,2
3,14,G,8,2013,3,7,8,2,2,1,1,2,3,1,1,5,1,1,19,11,?,7,30,2,2
3,14,F,9,2013,3,1,1,1,2,1,1,1,1,1,1,5,1,1,19,6,?,7, ?,?,2
3,14,S,10,2013,3,7,8,1,2,1,1,1,1,1,1,5,1,1,4,7,?,7,22,2,2
3,14,F,12,2013,2,7,8,2,2,1,1,1,1,1,1,5,1,1,14,6,?,7,40,2,2
2,14,F,5,2013,3,3,1,2,2,1,1,1,1,1,1,1,1,2,9,6,1,3, ?,2,1
2,14,F,12,2013,2,7,1,2,2,1,2,1,1,1,1,1,1,1,19,11,?,7, ?,2,?
4,14,F,10,2013,4,2,8,2,2,1,1,1,1,1,1,1,1,1,4,11,?,7,30,2,2
4,14,F,11,2013,3,1,1,2,1,1,1,1,1,1,1,1,1,2,9,6,?,7, ?,2,2
4,14,F,11,2013,3,1,1,2,1,1,1,1,1,1,1,1,1,2,14,6,?,7, ?,?,?
2,14,F,2,2013,2,1,1,2,2,1,1,2,1,1,1,1,1,1,9,4,1,1,36,1,2
1,14,F,10,2013,2,2,1,2,2,1,1,1,1,1,1,1,1,1,9,2,?,?, ?,2,2
3,14,S,12,2013,3,1,8,1,2,1,1,1,1,1,1,5,1,1,4,11,1,7,21,2,2
6,70,F,6,2013,1,1,1,2,2,1,4,1,1,1,1,5,1,2,14,6,1,1,42,2,2
1,70,G,6,2013,2,1,1,2,2,1,1,1,1,1,1,5,1,1,10,6,1,1,24,2,2
4,70,G,12,2013,4,1,1,2,2,1,2,1,1,1,1,5,2,2,5,6,2,1,27,1,2
4,70,F,5,2013,4,1,1,2,2,1,3,1,1,1,1,5,1,2,13,6,1,1,45,1,2
4,70,F,7,2013,2,1,1,2,2,1,1,1,1,1,1,5,1,2,5,11,1,1,21,2,2
4,70,F,10,2013,4,1,1,2,2,1,3,1,1,1,1,5,2,2,10,8,2,1,35,1,2
3,70,F,3,2013,2,7,1,1,2,1,1,1,1,1,1,5,1,1,10,6,1,7,40,2,2
3,70,F,3,2013,4,7,2,1,1,1,3,1,1,1,1,5,1,1,4,6,1,1,22,1,2
3,56,F,3,2013,4,7,8,2,2,1,3,1,1,1,1,4,1,2,4,6,1,1,24,2,2
3,70,F,6,2013,3,7,1,1,2,1,1,1,1,1,1,5,1,2,9,6,1,7,32,2,2
3,70,F,8,2013,3,7,1,2,2,1,1,1,1,1,1,5,1,2,4,6,1,7,23,2,2
5,70,G,2,2013,2,7,1,2,1,1,1,1,1,1,1,5,?,?,2,6,1,1,32,2,2
5,70,F,5,2013,3,3,2,2,1,1,1,1,1,1,1,5,5,1,13,9,1,1,30,2,2
12,53,F,1,2013,3,7,1,2,2,1,1,1,1,1,1,2,?,?,12,6,1,7, ?,2,2
6,53,F,1,2013,2,7,1,2,2,1,1,3,1,1,1,3,3,2,4,11,1,7,22,2,2
3,53,F,1,2013,4,7,3,2,2,1,4,1,1,1,1,5,1,2,14,11,1,1, ?,1,2
3,53,F,1,2013,2,7,1,2,2,1,1,1,1,1,1,2,1,1,19,6,1,7, ?,2,2
3,53,F,2,2013,2,7,1,2,2,1,1,2,1,1,1,2,1,2,13,1,1,7, ?,2,2
12,53,F,2,2013,3,7,1,2,2,1,1,1,1,1,1,2,1,2,8,6,1,7, ?,1,2
3,53,G,3,2013,3,7,4,2,2,1,2,1,1,1,1,1,2,2,19,6,1,7,25,1,2
8,53,F,12,2013,2,1,8,1,2,1,1,1,1,1,1,4,1,2,19,6,?,7,21,2,2
3,53,F,12,2013,4,7,8,2,2,1,1,1,1,1,1,5,1,1,19,2,2,7,28,1,2
1,53,G,6,2013,4,7,8,2,2,1,1,1,1,1,1,2,1,2,19,11,1,7, ?,2,2
3,53,G,9,2013,3,7,1,2,2,1,1,1,1,1,1,2,1,2,10,6,1,7, ?,2,2
11,53,F,9,2013,3,7,8,1,2,1,1,1,1,1,1,4,1,2,4,6,1,1, ?,2,2
1,53,F,11,2013,2,7,1,2,2,1,1,1,1,1,1,1,1,2,4,6,1,7,28,1,2
7,53,F,9,2013,4,1,8,2,2,1,3,1,1,2,1,4,1,2,19,11,1,7,42,1,2
12,53,F,10,2013,2,1,1,2,2,1,2,1,1,1,1,2,1,2,9,6,1,7, ?,2,2
8,53,F,7,2013,3,1,1,1,2,1,1,1,1,1,1,4,1,2,4,6,1,1, ?,2,2
1,53,F,5,2013,2,7,8,2,2,1,1,2,1,1,1,2,1,2,4,6,1,7, ?,2,2
1,53,F,7,2013,2,7,8,1,2,3,1,1,1,1,1,3,1,1, ?, ?,?,?, ?,1,2
12,53,F,5,2013,4,3,1,1,2,1,1,2,1,1,1,1,2,1,8,1,1,7, ?,1,2
12,53,F,4,2013,2,1,1,1,2,1,2,1,1,1,1,3,1,2,12,8,1,7, ?,2,2
1,53,F,3,2013,3,7,1,2,2,1,1,2,1,1,1,2,1,2, ?, ?,?,?, ?,1,2
1,55,F,1,2013,3,1,8,2,2,1,1,1,1,1,1,1,1,2,13,11,1,7, ?,2,2
2,55,F,1,2013,2,1,1,2,2,1,1,1,1,3,2,4,?,2,17,3,1,7,55,2,2
4,55,F,2,2013,3,7,8,2,2,1,1,1,1,1,1,4,1,2,4,6,1,7,25,2,2
1,55,F,4,2013,3,7,1,2,2,1,1,3,2,1,3,4,1,2,13,8,1,7,45,2,2
4,55,F,6,2013,3,7,1,2,2,1,1,5,5,1,1,4,1,2,19,11,1,7,22,2,2
3,55,F,8,2013,3,1,1,2,2,1,1,1,2,1,1,2,?,?,10,11,1,1, ?,2,2
1,55,F,8,2013,3,7,1,2,2,1,1,1,5,1,1,1,1,2,8,11,2,7, ?,2,2
6,55,F,8,2013,3,4,1,2,2,1,1,1,1,1,1,4,1,2,11,1,1,1, ?,2,2
4,55,F,10,2013,3,1,3,1,2,1,1,1,1,1,1,1,1,1,14,11,1,7,19,2,2
2,55,G,10,2013,4,1,1,2,2,1,1,1,1,1,1,4,1,2,4,11,1,7,20,2,2
4,55,F,11,2013,3,1,1,2,2,1,1,1,1,1,1,1,1,2,12,6,1,7, ?,2,2
4,55,G,11,2013,4,7,8,2,2,1,2,1,1,1,1,5,1,1,4,6,1,7,22,2,2
1,55,F,11,2013,3,7,1,2,2,4,4,2,1,1,1,3,1,1,19,11,?,?, ?,1,2
3,55,F,11,2013,4,7,8,2,2,1,1,4,1,1,1,4,1,2,12,6,1,7,25,2,2
4,55,F,12,2013,4,7,1,2,2,1,1,1,1,1,1,4,1,1,19,11,?,7, ?,1,2
3,54,G,4,2013,2,7,1,2,2,1,1,1,1,1,1,1,1,2,5,2,1,1,21,2,2
11,54,G,4,2013,4,1,3,2,2,1,2,1,1,1,1,1,1,2,14,5,1,1,27,2,2
11,54,F,3,2013,1,1,3,2,2,1,1,1,1,1,1,1,1,2, ?, ?,?,?, ?,1,2
8,54,F,3,2013,4,1,3,2,2,1,2,1,1,1,1,1,1,2, ?, ?,?,?, ?,1,2
11,54,F,1,2013,1,3,6,1,2,1,2,1,1,1,1,1,1,1,14,6,1,1, ?,2,2
8,54,F,7,2013,3,1,1,2,2,1,4,1,1,1,1,1,1,2,8,6,1,1, ?,2,2
11,54,F,7,2013,4,7,1,2,1,4,1,1,1,1,1,1,2,?,19,11,1,7, ?,2,2
11,54,F,6,2013,3,7,3,2,1,1,1,1,1,1,1,1,1,2,4,11,1,7,25,2,2
8,54,F,6,2013,1,3,1,2,2,1,1,1,1,1,1,1,1,2,4,6,1,7,24,1,2
4,54,F,5,2013,4,1,4,2,2,2,2,1,2,1,1,3,1,2,19,11,1,7, ?,1,2
11,54,F,9,2013,1,1,1,2,2,1,1,1,1,1,1,1,1,2,9,6,1,7, ?,1,2
9,54,F,8,2013,4,1,1,2,2,1,1,1,1,1,1,4,1,2,8,6,1,1, ?,2,2
3,56,G,1,2013,2,7,1,2,2,1,1,1,1,1,1,1,1,2,9,6,1,7,42,2,2
7,56,F,2,2013,1,7,1,2,2,1,4,1,1,1,1,1,1,2,9,2,1,7, ?,2,2
1,56,F,3,2013,2,7,1,2,2,1,1,3,1,1,1,4,1,2,19,6,1,3, ?,2,2
7,56,F,3,2013,4,1,1,2,2,1,2,1,1,1,1,1,1,2, ?, ?,?,?, ?,1,2
7,56,F,3,2013,4,1,1,2,2,1,2,1,1,1,1,2,1,2,19,6,1,7,20,2,2
1,56,F,4,2013,4,3,8,1,2,1,2,2,1,1,1,3,4,2,13,7,2,?,20,2,2
7,56,F,4,2013,3,7,1,2,2,1,1,1,1,1,1,1,1,2,19,11,?,?, ?,2,2
7,56,F,5,2013,2,7,1,2,2,1,2,1,1,1,1,1,1,2,10,6,1,7,52,2,2
3,56,F,5,2013,1,7,1,2,2,1,1,1,1,1,1,1,1,2,9,6,1,1,31,2,2
8,56,F,5,2013,2,3,1,2,2,1,1,1,1,1,1,1,1,2,10,6,2,1, ?,2,2
8,56,F,5,2013,3,3,1,2,2,1,1,1,1,1,1,1,1,2,10,6,2,1, ?,2,2
8,56,F,5,2013,3,3,1,2,2,1,1,1,1,1,1,1,1,2,19,6,2,1, ?,2,2
7,56,F,6,2013,3,7,1,2,2,1,4,1,1,1,1,1,1,2,19,11,1,7, ?,1,2
9,56,F,6,2013,4,3,1,2,2,1,1,1,1,1,1,1,1,2,9,8,1,7,39,2,2
2,56,F,3,2013,3,1,1,2,2,1,1,3,5,3,2,4,1,2,19,6,1,7, ?,2,2
7,56,F,7,2013,4,7,1,2,2,1,4,1,1,1,1,1,2,?,19,11,?,?, ?,2,2
7,56,F,7,2013,4,7,1,2,2,1,3,1,1,1,1,1,1,1,19,11,1,1, ?,2,2
7,56,F,7,2013,2,7,1,2,2,1,1,1,1,1,1,1,1,2, ?,6,1,1, ?,2,2
8,56,F,8,2013,1,1,2,2,1,4,1,1,1,1,1,1,2,2,19,6,2,1, ?,2,2
7,56,F,8,2013,2,7,1,2,2,1,2,1,1,1,1,1,1,2,19, ?,2,7, ?,?,?
3,56,F,8,2013,3,7,1,2,2,2,1,1,2,1,1,1,1,2,7,6,1,7,25,2,2
7,56,G,9,2013,4,7,1,2,2,2,1,1,1,1,1,1,1,2,7,11,1,7,40,2,2
3,56,F,9,2013,2,1,5,2,1,1,1,1,1,1,1,1,1,2,14,6,1,1,25,2,2
3,56,F,9,2013,3,7,1,2,2,1,1,1,1,1,1,1,1,2,9,6,1,1, ?,2,2
9,56,F,9,2013,4,7,1,2,2,1,1,1,1,1,1,1,1,2,19,11,1,7, ?,2,2
7,56,F,10,2013,4,7,1,2,2,1,2,1,1,1,1,1,1,2,7,6,1,7,27,2,2
7,56,F,10,2013,4,7,1,2,2,1,3,1,1,1,1,1,1,2,19,11,1,7, ?,1,2
7,56,F,10,2013,4,7,1,2,2,1,4,1,1,1,1,1,1,2,19,11,1,7, ?,2,2
3,56,F,11,2013,1,7,1,2,2,1,2,1,1,1,1,1,1,2,9,11,1,7,35,2,2
9,56,F,12,2013,2,7,1,2,2,1,1,1,1,1,1,1,1,2,10,2,1,7,28,2,2
3,56,F,5,2013,4,7,1,2,2,1,1,1,1,1,1,1,1,2,14,6,1,1,30,2,2
1,69,F,1,2014,3,1,1,2,2,1,1,1,1,1,1,1,1,1,5,2,1,1,45,2,2
1,69,F,1,2014,3,1,1,2,2,1,1,1,1,1,1,1,1,1,9,1,1,1,35,1,2
4,69,G,7,2014,3,3,4,2,2,1,1,1,1,1,2,5,1,1,7,1,1,1, ?,1,2
9,13,F,1,2014,3,1,1,1,2,1,1,1,1,1,1,3,1,2,1,5,1,1,38,1,2
5,13,F,6,2014,1,1,1,2,2,1,4,2,1,1,1,1,1,2,19,6,1,1, ?,?,?
5,13,G,6,2014,1,1,1,2,2,2,4,1,1,1,1,1,1,2,1,7,1,1, ?,?,?
1,13,F,6,2014,3,3,1,2,2,1,1,1,1,1,1,4,1,2,17,1,1,1, ?,?,?
8,13,G,11,2014,2,1,1,2,2,1,1,1,2,1,1,1,1,1,19,11,1,1,25,1,2
1,12,F,1,2014,3,1,1,2,2,1,1,1,1,1,1,2,1,2,14,6,1,1,30,2,2
1,12,F,3,2014,2,1,1,2,2,1,1,1,1,1,1,1,1,2,14,6,1,7,32,2,2
1,12,F,3,2014,2,1,1,1,2,1,1,1,1,1,1,4,1,2,13,6,1,1,30,2,2
1,12,F,3,2014,2,1,1,1,1,1,1,1,1,1,1,1,2,2,14,1,1,1,30,2,2
6,11,F,5,2014,1,1,1,2,1,2,2,1,1,1,1,1,1,2,12,6,1,1, ?,2,2
4,11,F,12,2014,3,1,1,2,2,1,1,1,1,1,1,2,1,2,17,6,1,7, ?,2,2
9,11,F,12,2014,2,1,1,2,2,1,1,1,1,1,1,2,1,2,8,6,1,1,35,1,2
1,15,F,3,2014,3,1,1,2,2,1,4,1,1,1,1,1,1,1,9,6,1,1,45,2,2
1,15,F,5,2014,2,1,1,2,2,1,1,1,1,1,1,1,1,1,13,1,1,1,50,2,2
1,15,F,5,2014,4,1,1,2,2,1,1,1,1,1,1,1,1,1,13,1,1,1,30,2,2
1,15,F,5,2014,1,1,1,2,2,1,1,1,1,1,1,1,1,1,14,6,1,1, ?,2,2
1,15,F,6,2014,2,1,4,2,2,1,1,1,1,1,1,1,2,2,19,1,1,1, ?,?,?
6,15,F,1,2014,2,1,3,2,2,1,1,1,1,1,1,1,1,1,19,6,1,1, ?,2,2
6,15,F,4,2014,2,1,1,2,2,1,1,1,1,1,1,1,2,?,9,11,1,1,45,2,2
6,15,F,5,2014,2,1,1,2,2,1,1,1,1,1,1,1,1,1,4,6,1,1,20,2,2
6,15,F,7,2014,4,1,1,2,2,1,1,1,1,1,1,1,2,2,4,6,1,1,25,2,2
4,15,F,5,2014,3,2,1,2,2,1,1,1,1,1,1,1,1,1,16,4,1,1,24,2,2
4,15,F,6,2014,4,7,1,2,2,1,1,1,1,1,1,1,1,2,9,6,1,1,25,2,2
3,15,F,3,2014,4,1,1,1,1,1,1,1,1,1,1,1,1,1,14,6,1,1, ?,2,2
3,15,G,8,2014,3,1,1,2,2,1,1,1,1,1,1,1,1,2,14,1,1,1,30,2,2
5,15,F,3,2014,2,1,1,1,1,1,1,1,1,1,1,1,1,1,14,6,1,1,26,2,2
5,15,F,6,2014,4,1,1,2,2,1,4,1,1,1,1,1,1,1,14,6,1,1, ?,?,?
6,15,F,12,2014,1,1,1,1,2,1,1,1,1,1,1,1,1,2,9,6,1,1, ?,2,2
1,15,F,12,2014,4,1,1,2,1,1,2,1,1,1,1,1,1,1,13,6,1,1, ?,2,2
7,17,F,1,2014,1,1,1,2,2,1,2,1,1,1,1,1,1,2,13,6,1,1, ?,2,2
8,17,F,3,2014,2,1,1,1,1,1,1,1,1,1,1,1,1,2,14,6,1,1, ?,2,2
11,17,F,6,2014,4,1,1,1,2,1,2,1,1,1,1,1,1,2,14,6,1,1, ?,2,2
1,17,F,7,2014,3,3,1,1,2,1,1,1,1,1,1,1,1,2,14,9,1,1, ?,2,2
10,17,F,7,2014,2,1,1,1,1,1,1,1,1,1,1,1,1,2,14,6,1,1, ?,2,2
10,9,F,6,2014,2,1,1,2,2,1,1,1,1,1,1,1,1,2,9,6,1,1,43,2,2
11,9,G,6,2014,3,1,1,2,2,1,1,1,1,1,1,1,1,1,19,6,1,1, ?,2,2
11,9,F,6,2014,1,1,1,2,2,1,1,1,1,1,1,1,1,1,14,6,1,7,40,1,2
5,9,F,9,2014,1,1,1,2,2,1,1,1,1,1,1,1,1,1,4,6,2,7,20,2,2
10,9,F,10,2014,3,1,1,2,2,1,1,1,1,1,1,1,1,2,7,6,1,1, ?,2,2
1,9,F,10,2014,2,1,1,2,2,1,1,1,1,1,1,1,1,1,19,6,1,1, ?,2,2
11,9,F,11,2014,1,1,1,1,2,1,1,1,1,1,1,1,1,1,19,6,1,1, ?,2,2
11,9,F,11,2014,2,1,1,1,1,1,1,1,1,1,1,1,1,2,9,6,1,1, ?,2,2
2,9,F,1,2014,1,1,1,1,1,1,1,1,1,1,1,1,1,2,19,6,1,1, ?,2,2
7,9,F,7,2014,2,1,1,1,1,1,1,1,1,1,1,1,1,1,10,6,1,1, ?,2,2
12,9,F,5,2014,4,1,1,1,1,1,1,1,1,1,1,1,1,1,13,6,1,1, ?,2,2
11,9,F,3,2014,2,1,1,1,1,1,1,1,1,1,1,1,1,1,9,6,1,1, ?,2,2
11,9,F,3,2014,2,1,1,1,1,1,1,1,1,1,1,1,1,1,9,6,1,1, ?,2,2
11,9,F,3,2014,3,1,1,1,1,1,1,1,1,1,1,1,1,2,9,6,1,1, ?,2,2
6,9,F,3,2014,2,1,1,1,1,1,1,1,1,1,1,1,1,2,19,6,1,1, ?,2,2
11,16,F,1,2014,2,2,1,2,2,1,1,1,1,1,1,1,1,2,14,6,1,1, ?,2,2
11,16,F,2,2014,4,1,1,1,2,1,1,1,1,1,1,1,1,2,14,6,1,1, ?,2,2
11,16,F,2,2014,3,1,1,1,1,1,1,1,1,1,1,1,1,2,19,6,1,1, ?,2,2
11,16,F,2,2014,1,1,1,1,2,1,1,1,1,1,1,1,2,2,19,6,1,1, ?,1,2
2,16,F,2,2014,3,1,1,1,2,1,1,1,1,1,1,1,1,1,8,6,1,1, ?,1,2
10,16,F,1,2014,1,1,1,1,2,1,2,1,1,1,1,1,1,2,9,1,1,1, ?,1,2
7,16,F,3,2014,1,1,1,2,2,1,1,1,1,1,1,1,1,1,19,6,1,1, ?,1,2
2,16,F,4,2014,3,1,1,2,2,1,1,1,1,1,1,1,1,2,19,6,1,1, ?,2,2
6,16,F,4,2014,1,1,1,1,1,1,1,1,1,1,1,1,1,2,19,6,1,1, ?,1,2
7,16,F,5,2014,4,1,1,2,2,1,2,1,1,1,1,1,1,1,13,6,1,1, ?,1,2
11,16,F,5,2014,1,1,1,2,2,1,2,1,1,1,1,1,1,1,19,6,1,1, ?,1,2
2,16,F,6,2014,3,1,1,2,2,1,1,1,1,1,1,1,1,1,19,6,1,1, ?,1,2
9,16,F,6,2014,3,1,1,2,2,1,1,1,1,1,1,1,1,1,9,6,1,1, ?,2,2
1,16,F,7,2014,1,1,1,2,2,1,1,1,1,1,1,1,2,2,19,6,1,1,23,2,2
2,16,F,7,2014,4,1,1,2,1,1,1,1,1,1,1,1,1,1,13,6,1,1, ?,2,2
11,16,F,8,2014,1,1,1,2,2,1,1,1,1,1,1,1,1,2,14,6,1,1, ?,1,2
2,16,F,9,2014,3,1,1,2,2,1,1,1,1,1,1,1,1,1,8,6,1,1, ?,2,2
2,16,F,9,2014,2,1,1,1,2,1,1,1,1,1,1,1,1,1,14,6,1,1, ?,1,2
10,16,F,9,2014,1,1,1,2,2,1,1,1,1,1,1,1,2,2,19,6,1,1, ?,1,2
11,16,F,9,2014,4,1,1,2,2,1,2,1,1,1,1,1,1,2,9,6,1,1, ?,1,2
11,16,G,10,2014,3,1,1,1,2,1,1,1,1,1,1,1,1,2,9,1,1,1, ?,2,2
6,16,F,10,2014,3,1,1,2,2,1,1,1,1,1,1,1,1,2,14,6,1,1,46,1,2
11,16,F,10,2014,3,1,1,2,2,1,1,1,1,1,1,1,1,2,19,6,1,1, ?,1,2
10,16,F,10,2014,1,1,1,2,2,1,2,1,1,1,1,1,1,2,19,6,1,1, ?,1,1
11,16,F,11,2014,1,1,1,2,2,1,2,1,1,1,1,1,1,2,19,6,1,1, ?,2,2
10,17,F,10,2014,1,1,1,2,2,1,1,1,1,1,1,1,2,2,9,6,1,1,38,1,2
8,17,F,10,2014,3,1,1,2,2,1,1,1,1,1,1,1,2,2,14,6,1,1,40,1,2
10,17,F,10,2014,2,1,1,2,2,1,1,1,1,1,1,1,1,1,5,6,1,1, ?,1,2
10,17,F,9,2014,2,1,1,2,2,1,1,1,1,1,1,1,2,2,19,6,1,1,18,2,2
7,17,F,11,2014,3,1,1,1,2,1,1,1,1,1,1,1,1,2,14,6,1,1, ?,1,2
7,17,F,12,2014,3,1,1,2,2,1,1,1,1,1,1,1,1,2,4,6,1,1,16,2,2
11,17,F,12,2014,2,1,1,1,1,1,1,1,1,1,1,1,2,2,4,6,1,1,18,2,2
4,69,F,12,2014,3,1,1,2,2,1,2,2,1,1,1,1,1,2,9,6,1,1,22,1,2
4,69,F,7,2014,2,1,1,2,2,2,1,1,2,1,1,1,1,1,9,8,1,1, ?,1,2
5,34,G,5,2014,1,1,1,2,2,1,1,2,5,1,2,4,1,2,4,6,1,7, ?,2,2
10,34,F,5,2014,3,1,1,2,2,2,1,3,2,1,1,1,1,2,9,6,1,7,30,2,2
4,34,F,4,2014,2,4,1,2,2,1,1,1,1,1,1,3,1,2,9,6,1,6, ?,2,2
4,34,F,3,2014,4,1,1,2,2,1,2,1,1,1,1,1,1,2,19,6,1,7, ?,2,2
7,34,F,3,2014,3,1,1,2,2,1,1,1,1,1,1,3,1,2,19,6,1,1, ?,2,2
8,34,F,4,2014,1,7,1,2,2,1,1,1,1,1,1,4,1,2,4,6,1,1, ?,2,2
8,34,F,3,2014,4,2,1,2,2,1,2,2,1,1,1,4,1,2,6,11,1,7, ?,2,2
6,34,F,5,2014,1,1,1,2,2,1,1,1,1,1,1,2,2,2,19,6,1,7, ?,2,2
6,34,F,4,2014,4,1,1,2,2,1,3,1,1,1,1,2,1,1,13,11,1,1, ?,2,2
6,34,F,2,2014,3,3,1,2,2,1,1,2,1,1,1,2,1,2,4,6,1,7, ?,2,2
6,34,F,1,2014,4,1,1,2,2,1,2,1,1,1,1,1,1,2,13,11,1,7, ?,2,2
6,34,G,1,2014,3,1,1,2,2,1,1,1,1,1,1,1,1,1,9,11,2,7, ?,2,2
3,34,F,1,2014,2,1,1,2,2,1,1,1,1,1,1,1,1,2,4,11,1,7, ?,2,2
1,27,F,1,2014,2,7,1,2,2,1,1,1,1,1,1,3,1,2,9,6,1,1, ?,2,2
2,27,F,1,2014,4,7,8,2,2,1,4,1,1,1,1,1,1,2,9,6,1,1, ?,2,2
2,27,F,2,2014,3,1,1,2,2,1,1,1,1,1,1,1,1,2,8,5,1,1, ?,2,2
2,27,G,3,2014,2,7,1,2,2,1,4,1,1,1,1,1,1,2,9,6,1,3, ?,2,2
2,27,F,5,2014,4,1,8,2,2,1,1,3,1,1,1,1,1,2,9,11,1,1, ?,2,2
2,27,F,5,2014,4,7,1,1,1,1,1,1,1,1,1,1,1,2,11,7,1,1,35,2,2
5,27,F,5,2014,4,7,8,2,2,1,1,3,1,3,3,3,1,2,4,6,1,7, ?,2,2
5,27,G,5,2014,4,7,1,2,2,1,1,4,1,1,1,3,1,2,4,2,1,7, ?,2,2
6,27,G,1,2014,2,1,1,2,2,1,1,1,1,1,2,4,1,2,4,6,1,1, ?,2,2
6,27,F,3,2014,3,7,8,2,2,1,1,1,1,1,2,3,1,2,17,6,1,1,20,2,2
2,27,F,4,2014,3,7,8,2,2,1,2,1,1,1,1,1,1,2,19,4,1,7, ?,2,2
2,27,F,4,2014,3,1,8,2,2,1,1,1,1,1,1,1,1,2,7,6,1,1, ?,2,2
3,30,F,1,2014,4,1,8,2,2,1,1,1,1,1,1,2,1,1,4,6,1,7, ?,2,2
1,30,S,2,2014,3,3,1,2,2,1,1,1,1,1,1,1,1,1,9,6,1,1, ?,2,2
5,30,F,1,2014,1,1,1,2,2,4,4,1,1,1,1,1,1,2,8,6,1,7, ?,2,2
5,30,F,2,2014,4,1,1,2,2,1,2,1,1,1,1,1,1,2,8,6,1,1,35,2,2
7,31,F,5,2014,2,7,8,2,2,1,2,1,1,1,1,3,1,2,4,11,1,1, ?,2,2
1,33,F,5,2014,4,7,8,2,2,2,1,1,2,1,1,4,1,2,11,6,1,1, ?,2,2
5,33,F,5,2014,4,1,8,2,2,1,1,1,1,1,1,4,1,2,4,6,2,7, ?,2,2
5,33,F,4,2014,2,1,1,2,2,1,1,1,1,1,1,1,1,1,4,6,1,1, ?,2,2
1,31,F,7,2014,4,1,1,2,2,1,1,1,1,1,1,2,1,1,19,6,1,1, ?,2,2
5,33,F,6,2014,3,7,8,2,2,2,1,1,2,1,2,4,1,2,19,11,2,6, ?,2,2
3,33,F,7,2014,4,1,1,2,2,2,2,1,2,1,1,2,1,2,9,6,1,7, ?,2,2
2,34,F,7,2014,2,7,8,1,2,1,2,1,1,1,1,3,1,2,4,6,1,7, ?,2,2
6,34,F,7,2014,3,7,8,2,2,1,1,2,5,1,1,1,1,2,7,6,1,7, ?,2,2
6,34,F,7,2014,4,7,8,2,2,1,4,2,1,1,1,1,1,2,9,6,1,7,50,2,2
4,34,G,7,2014,1,7,8,2,2,1,1,1,1,1,1,1,1,1,19,6,1,7, ?,2,2
10,34,F,7,2014,4,7,8,2,2,1,2,1,1,1,1,1,1,2,9,11,1,3,45,2,1
4,30,F,7,2014,2,1,1,2,2,1,1,1,2,1,1,4,1,2,19,6,1,1,40,2,2
6,34,F,12,2014,3,1,1,1,2,1,1,2,1,1,1,1,1,2,9,2,1,1, ?,2,2
4,32,F,11,2014,4,1,1,2,2,4,1,2,1,1,1,2,1,2,4,11,1,1, ?,2,2
2,34,F,12,2014,3,1,1,2,2,1,1,4,1,1,1,3,1,2,4,6,1,1,35,2,2
5,30,F,10,2014,2,1,1,2,2,1,1,2,1,1,1,4,1,2,4,1,1,1, ?,2,2
4,32,F,12,2014,3,1,1,2,2,1,1,4,1,1,1,2,1,2,9,6,1,1, ?,2,2
1,32,F,11,2014,3,1,4,2,2,1,1,1,1,1,1,2,1,1,6,6,1,1,25,2,2
2,31,F,12,2014,2,1,1,2,2,4,1,1,2,1,2,3,2,2,9,6,1,1,43,1,2
1,31,F,12,2014,4,1,3,2,2,1,1,3,1,1,3,4,1,2,9,5,1,1, ?,2,2
2,31,F,11,2014,2,1,1,2,2,1,1,1,1,1,1,3,1,1,9,6,1,1,25,1,2
7,31,F,11,2014,1,1,1,2,2,1,4,1,1,1,1,1,1,2,9,6,1,1, ?,2,2
3,31,F,10,2014,3,1,1,2,2,1,1,1,1,1,1,2,1,2,9,6,1,3,34,2,2
5,33,F,11,2014,3,1,1,2,2,1,1,1,1,1,1,3,1,2,9,6,1,3,35,2,2
5,3,F,10,2014,3,1,1,2,2,1,1,1,1,1,1,2,1,2,17,6,1,1, ?,1,2
6,34,F,11,2014,2,1,1,2,2,1,1,2,1,1,1,4,1,2,2,6,1,1,35,2,2
10,34,F,12,2014,3,1,1,2,2,1,1,1,1,1,1,2,1,2,4,8,1,1,25,1,2
1,64,F,1,2014,2,1,3,2,1,1,1,1,1,1,1,5,1,1,9,6,1,1, ?,1,2
1,64,F,2,2014,3,3,1,2,2,1,1,1,1,1,1,5,1,1,14,6,1,1, ?,2,2
1,64,F,3,2014,4,3,1,2,2,1,4,1,1,1,1,5,1,1,9,6,1,1, ?,1,2
1,64,F,5,2014,2,3,1,2,2,1,2,1,1,1,1,5,1,1,14,6,1,1,48,1,2
1,64,F,7,2014,2,3,1,2,2,1,1,1,1,1,1,5,1,1,14,6,1,1, ?,1,2
1,64,F,7,2014,2,4,1,1,2,2,1,3,3,3,2,5,4,1,14,6,1,1,29,2,2
1,64,F,11,2014,3,1,1,2,2,1,1,1,1,1,1,5,1,1,6,6,1,1, ?,1,2