Thana,District,Accident_Severity,Month,Year,Time,Junction_Type,Traffic_Control,Movement,Divider,Weather,Light,Road_Geometry,Surface_Condition,Surface_Type,Surface_Quality,Road_Class,Road_Feature,Location_Type,Vehicle_Type,Vehicle_Movement,Vehicle_Loading,Vehicle_Defect,Vehicle_Driver_Age,Vehicle_Alcohol,Vehicle_Seat_Belt
2,64,F,2,2014,4,1,1,1,1,1,3,1,1,1,1,5,1,1,19,6,1,1, ?,1,2
2,64,F,3,2014,3,1,1,1,1,1,1,1,1,1,1,1,1,1,14,6,1,1, ?,1,2
2,64,F,5,2014,4,1,1,2,2,1,3,1,1,1,1,1,1,1,19,4,1,1, ?,1,2
2,64,G,5,2014,4,1,4,1,1,1,3,1,1,1,1,1,1,1,8,6,1,1, ?,1,2
3,64,F,1,2014,1,1,1,1,1,1,3,1,1,1,1,5,1,1,6,6,1,7, ?,1,2
3,64,F,3,2014,1,1,1,1,2,1,2,1,1,1,1,5,1,1,14,6,1,1, ?,1,2
3,64,F,3,2014,4,1,1,1,1,1,3,1,1,1,1,5,1,1,6,6,1,3, ?,1,2
3,64,F,5,2014,4,1,1,1,2,1,3,1,1,2,2,5,1,1,8,6,1,1,20,1,2
3,64,F,5,2014,2,1,1,1,1,1,1,1,1,1,1,5,1,1,7,5,1,1,24,1,2
3,64,F,10,2014,2,1,1,2,2,1,1,1,1,1,1,5,1,1,19,6,1,1, ?,1,2
3,64,F,12,2014,4,1,1,2,2,4,4,1,1,2,2,5,1,1,19,6,1,1, ?,1,2
4,64,F,1,2014,4,3,1,2,1,1,3,1,1,1,1,5,1,1,9,6,1,1, ?,1,2
4,64,F,2,2014,2,1,2,2,2,1,1,1,1,1,1,5,1,1,5,6,1,1, ?,1,2
4,64,F,3,2014,4,1,1,2,2,1,3,1,1,1,1,5,1,1,9,6,1,1, ?,1,2
4,64,F,4,2014,3,1,1,2,2,1,1,1,1,1,1,5,1,1,5,6,1,1, ?,1,2
4,64,F,5,2014,4,1,1,2,1,1,2,1,1,1,1,5,1,1,9,6,1,1, ?,1,2
4,64,F,5,2014,2,1,2,2,1,1,1,1,1,1,1,5,1,1,5,6,1,1, ?,1,2
4,64,F,6,2014,4,1,1,2,1,1,3,1,1,1,1,5,1,1,19,6,1,1, ?,1,2
5,64,F,8,2014,2,1,1,2,1,1,2,1,1,1,1,5,1,1,6,6,1,1,22,1,2
6,64,G,8,2014,3,2,6,2,1,1,1,1,1,1,1,5,1,1,8,6,1,1, ?,1,2
7,64,F,4,2014,4,3,4,2,2,1,3,1,1,1,1,5,1,1,14,5,2,3,19,1,2
7,64,F,4,2014,3,5,4,1,1,1,1,1,1,1,1,5,1,1,8,6,1,1, ?,1,2
8,64,G,10,2014,3,2,1,2,1,1,2,1,1,1,1,5,1,1,9,6,1,1, ?,1,2
9,64,F,3,2014,2,1,1,2,1,1,1,1,1,1,1,1,1,1,14,5,1,1, ?,1,2
10,64,F,2,2014,3,1,1,1,2,1,1,1,1,1,1,1,1,1,5,6,1,1, ?,1,2
13,64,G,9,2014,2,1,1,2,2,1,1,1,1,1,1,1,1,1,14,8,1,1,35,1,2
15,64,F,1,2014,3,1,3,1,1,1,1,1,1,1,1,1,1,1,14,6,1,1,28,2,2
15,64,F,4,2014,4,3,1,2,2,1,3,1,1,1,1,1,1,1,14,6,1,1, ?,1,2
15,64,F,9,2014,3,3,1,2,2,1,2,1,1,1,1,5,1,1,5,6,1,1, ?,1,2
15,64,F,9,2014,1,1,1,2,2,2,4,1,2,1,1,1,1,1,14,6,1,1, ?,1,2
16,64,G,1,2014,4,3,8,2,1,1,2,1,1,1,1,5,1,1,8,6,1,1,32,2,2
16,64,F,6,2014,1,1,1,2,1,2,4,1,4,1,1,5,1,1,19,6,1,1, ?,1,2
7,65,F,1,2014,2,1,1,2,2,1,1,1,1,1,1,1,1,2,9,6,?,?,26,1,2
7,65,F,5,2014,2,1,4,2,2,1,1,2,1,1,1,2,1,2,8,6,?,?, ?,1,?
2,59,F,2,2014,2,1,1,2,2,1,1,1,2,1,1,1,1,2,9,11,?,?, ?,2,2
4,59,G,3,2014,3,7,1,2,2,1,1,1,1,1,1,2,1,2,7,6,1,1,39,2,1
2,59,F,3,2014,2,7,1,2,2,1,1,1,1,1,1,4,1,2,14,6,1,?, ?,1,2
4,59,F,7,2014,2,7,3,1,2,2,1,1,2,1,1,2,1,2,12,11,?,1,45,?,2
14,63,F,2,2014,3,7,3,2,1,1,2,1,1,1,1,1,1,2, ?,6,?,?, ?,1,?
14,63,F,4,2014,4,4,8,2,2,1,3,1,1,1,1,1,1,2,14,9,?,?, ?,?,?
14,63,F,4,2014,1,1,3,1,1,2,4,1,1,1,1,1,1,2,19, ?,?,?, ?,?,?
14,63,F,7,2014,4,1,1,2,1,1,1,1,1,1,1,1,1,2,19, ?,?,?, ?,1,?
14,63,F,6,2014,3,7,2,2,1,1,4,1,1,1,1,1,1,2,15,6,?,?, ?,?,?
14,63,F,3,2014,2,1,1,2,2,1,1,1,1,1,2,1,1,2,9,8,2,7,33,1,2
14,63,F,3,2014,1,1,3,1,1,1,1,1,1,1,1,2,1,1, ?,6,?,?, ?,1,?
14,63,F,8,2014,3,7,1,2,2,1,1,1,1,1,1,1,1,2,14,6,1,1, ?,2,2
14,63,F,8,2014,4,7,1,2,2,1,4,1,1,1,1,1,1,2,16,6,1,1, ?,2,2
14,63,F,7,2014,2,7,1,1,1,1,1,1,1,1,1,1,1,2,19,6,?,1, ?,2,2
14,63,F,7,2014,2,7,1,2,2,1,1,1,1,1,1,1,1,2, ?, ?,?,?, ?,1,?
14,63,F,7,2014,4,1,?,2,2,1,1,1,1,1,1,1,1,1,14,6,1,1, ?,2,2
14,63,F,9,2014,2,7,3,2,2,1,1,1,1,1,1,1,1,2,9,6,1,1, ?,2,2
14,63,F,7,2014,2,7,1,2,2,1,1,1,1,1,1,1,1,1,19,6,?,?, ?,1,2
16,63,F,3,2014,2,1,1,2,1,1,2,1,1,1,1,1,1,2,19,11,?,7, ?,?,?
16,63,F,5,2014,3,1,8,2,1,1,1,1,1,1,1,1,1,2, ?,6,1,7,42,2,2
16,63,F,7,2014,1,1,1,?,?,1,2,1,1,1,1,1,1,1,14,6,1,?, ?,2,?
16,63,F,9,2014,2,1,1,2,1,1,2,1,1,1,1,1,1,2,19,11,?,7, ?,?,?
16,63,F,10,2014,1,1,6,2,2,1,2,2,1,1,1,1,1,2,9,6,?,?, ?,1,?
16,63,F,10,2014,2,1,1,2,1,1,1,1,1,1,1,1,1,2,19,11,?,7, ?,1,?
16,63,F,12,2014,3,2,2,2,1,1,1,1,1,1,1,1,1,1,14,6,?,?, ?,1,2
16,63,F,6,2014,3,7,1,?,?,1,1,1,1,1,1,1,1,2,5,6,1,1,26,2,2
9,63,F,3,2014,1,1,1,1,1,1,1,1,1,1,1,1,1,2,7,1,1,3,35,2,2
9,63,F,4,2014,1,1,1,1,1,1,4,1,1,1,1,1,1,2,13,5,1,1, ?,2,2
9,63,F,6,2014,3,1,1,1,1,1,1,1,1,1,1,1,1,2,9,4,1,3,35,2,?
9,63,F,1,2014,2,1,2,2,2,1,2,1,1,1,1,1,1,2,9,9,1,1,40,2,?
11,63,F,2,2014,2,1,1,2,2,1,1,2,1,1,1,1,1,2,14,5,1,?, ?,1,2
15,63,G,11,2014,1,1,7,2,2,4,4,1,1,1,1,1,4,2,16,6,2,7,20,2,2
2,63,G,7,2014,2,7,1,2,2,2,1,1,2,1,3,2,1,2,8,6,1,1,33,2,2
4,63,G,3,2014,2,1,8,2,2,1,1,2,2,1,1,1,1,2,9,2,?,?,28,1,2
4,63,G,12,2014,1,7,1,2,2,1,1,2,1,1,1,1,1,2,19,6,?,?, ?,1,?
13,63,F,5,2014,1,1,1,2,?,2,4,1,2,1,1,2,1,2,19,6,?,?, ?,?,?
7,63,F,11,2014,2,1,1,2,1,1,1,1,1,1,1,1,1,2,9,6,1,1, ?,2,2
5,65,F,3,2014,4,1,8,1,2,1,4,4,1,1,1,1,1,2,14,6,2,7,40,1,2
2,65,F,8,2014,2,7,1,2,2,1,1,1,1,1,1,1,1,2,9,6,?,?, ?,1,?
2,65,F,12,2014,2,?,1,2,2,1,3,1,1,1,1,1,1,2,14, ?,1,?, ?,1,2
9,58,F,3,2014,3,1,3,1,2,1,1,3,1,1,2,2,2,2,12,2,?,?,43,2,2
7,58,F,11,2014,2,1,1,2,2,1,1,1,1,1,2,1,1,2,19,6,?,?, ?,?,?
12,58,G,1,2014,3,1,3,1,2,1,1,1,1,1,1,2,1,2,5,6,?,?, ?,?,2
12,58,F,4,2014,2,1,3,2,2,1,1,3,1,3,1,2,1,2,17,6,?,?,22,?,2
12,58,S,10,2014,2,7,1,1,2,1,1,1,1,1,1,2,2,2,14,11,2,7, ?,1,2
6,58,F,4,2014,4,7,8,2,2,1,3,1,1,1,1,1,1,1,19,6,?,?, ?,?,?
6,58,F,6,2014,1,7,8,2,2,1,4,1,1,1,1,1,1,1,19,6,?,?, ?,?,?
10,58,F,5,2014,2,7,8,2,2,1,1,2,1,1,1,2,1,2, ?,6,?,?, ?,?,?
10,58,F,9,2014,1,1,1,2,2,1,2,1,1,1,1,2,1,2, ?, ?,?,?, ?,?,?
10,58,F,12,2014,1,1,1,2,2,1,2,1,1,1,1,2,1,2, ?, ?,?,?, ?,?,?
16,58,F,12,2014,1,3,1,2,2,1,1,1,1,1,1,2,1,2,4,2,2,?,30,1,2
1,57,F,1,2014,?,1,1,2,2,1,?,1,1,1,1,1,1,1,9,6,1,1, ?,2,2
1,57,F,8,2014,?,1,1,2,2,2,4,1,2,1,1,2,1,2,5,6,?,?, ?,?,?
8,57,G,3,2014,1,3,4,2,2,1,4,1,1,1,1,1,1,2,14,5,2,1, ?,1,?
2,57,F,8,2014,?,7,?,1,2,1,2,2,1,1,2,1,1,2,19,6,?,?, ?,?,?
3,57,F,6,2014,2,?,?,2,2,1,1,1,1,1,1,1,1,2, ?,6,?,?, ?,?,?
9,57,F,6,2014,2,2,?,2,2,1,1,1,1,1,1,1,1,2,14,6,1,?,45,?,2
9,57,F,7,2014,1,2,?,2,2,1,3,1,1,1,1,1,1,2,19,6,?,?, ?,?,?
9,57,F,9,2014,2,2,1,2,2,1,1,1,1,1,1,1,1,2,14,2,?,?,32,?,2
8,57,F,9,2014,1,2,2,2,2,1,1,1,1,1,1,1,1,2,19, ?,?,?, ?,?,?
1,57,F,4,2014,4,1,1,2,2,1,4,1,1,1,1,1,1,2,5,6,1,?, ?,?,?
3,57,G,4,2014,1,1,1,2,2,1,1,1,1,1,1,1,?,2,9,6,?,?, ?,?,?
8,57,G,4,2014,1,?,1,2,2,1,4,1,1,1,1,1,5,2,14,6,1,?, ?,1,2
6,57,F,4,2014,2,1,?,2,2,1,1,1,1,1,1,4,1,2,5,6,?,7, ?,?,?
4,57,F,5,2014,3,3,1,2,2,1,1,2,1,1,1,2,1,2,14,6,?,?,30,?,?
5,57,F,3,2014,2,1,4,2,2,1,1,1,1,1,1,2,1,2,12,6,1,?, ?,?,?
5,57,F,4,2014,2,1,4,2,2,1,1,1,1,1,1,2,1,2,14,6,?,?, ?,?,?
1,57,F,10,2014,1,1,8,2,2,1,2,1,1,1,1,2,2,2,7,11,1,7, ?,?,2
8,57,F,12,2014,2,7,1,2,2,1,2,1,1,1,1,1,1,2,19,6,?,?, ?,?,?
5,57,F,10,2014,3,1,4,2,2,1,1,3,1,1,1,2,1,2,14,6,1,7, ?,?,2
4,59,G,9,2014,2,7,1,2,?,1,2,1,1,1,1,4,1,1,5,6,1,1,20,2,2
1,59,G,9,2014,2,2,3,2,2,4,3,1,1,1,1,5,1,1,4,4,1,?,30,2,2
6,59,F,12,2014,2,1,1,2,2,1,1,1,1,3,2,4,1,2,17,6,1,?, ?,2,2
9,60,G,8,2014,2,7,3,2,2,2,1,1,1,1,1,2,1,2,14,6,2,1,50,2,2
9,60,F,12,2014,2,7,8,2,2,4,1,1,1,1,1,2,1,2,19,6,?,?, ?,?,?
1,60,F,1,2014,4,?,?,1,1,1,4,1,1,1,1,2,1,2,13,6,?,?, ?,?,?
1,60,G,1,2014,3,?,?,1,1,1,1,1,1,1,1,2,1,2,9,6,?,?,30,?,?
1,60,F,1,2014,3,1,?,?,?,1,1,1,1,1,1,2,1,2, ?,6,?,?, ?,?,?
1,60,F,3,2014,3,1,?,?,?,1,1,1,1,1,1,2,1,2, ?,6,?,?, ?,?,?
1,61,F,7,2014,2,7,1,2,2,1,1,1,1,1,2,1,1,1,19,6,?,?, ?,?,?
1,61,F,8,2014,2,7,1,2,2,1,1,2,1,1,1,1,1,2,12,11,1,7,25,2,2
1,61,F,7,2014,1,7,1,2,2,1,4,2,1,1,2,1,?,?,9,5,1,7, ?,2,2
2,61,F,10,2014,3,2,1,2,1,1,1,1,1,1,1,1,1,2,9,6,1,1,46,2,2
1,67,F,5,2014,4,1,1,2,2,1,2,2,1,1,1,1,1,2,19,6,?,?, ?,1,2
1,67,F,5,2014,2,1,?,2,2,1,1,2,1,1,1,1,1,2,19,6,?,?, ?,1,?
8,67,F,8,2014,3,1,1,1,2,1,1,4,1,1,1,1,1,2,14,6,?,?,40,2,2
4,67,S,11,2014,3,1,1,2,2,1,1,2,1,2,1,4,1,2,4,6,1,7,28,1,2
1,66,F,11,2014,?,?,1,?,?,1,?,2,1,1,2,4,1,2,9,6,?,?,35,?,?
1,66,F,7,2014,2,1,?,2,2,3,1,5,2,1,2,5,1,2,19,6,?,?, ?,?,?
9,66,F,6,2014,2,?,8,2,2,1,1,2,1,1,1,1,1,2,9,2,1,1,36,2,2
4,66,G,6,2014,3,7,8,2,2,1,1,1,1,1,2,2,2,2,14,11,2,?, ?,?,?
8,66,G,4,2014,3,7,?,2,2,1,1,4,1,1,1,1,1,2,9, ?,?,1, ?,2,2
9,66,F,2,2014,1,?,?,2,2,1,1,3,1,2,1,4,1,2,11,6,2,7, ?,1,2
1,66,M,1,2014,1,7,8,2,2,1,1,1,1,1,1,2,2,1,14,11,2,7,40,1,2
1,68,F,12,2014,3,1,1,2,2,1,1,2,1,1,1,2,1,2,11,11,?,?, ?,1,2
3,68,F,8,2014,3,7,1,2,2,1,1,1,2,3,2,4,4,2,4,6,2,?, ?,1,?
4,68,G,7,2014,3,7,8,1,2,2,2,2,2,1,1,2,2,2,14,11,1,7,34,2,2
1,61,F,7,2014,1,7,1,2,2,1,4,1,1,1,1,2,1,1,9,11,1,7,38,2,2
2,61,F,10,2014,3,2,1,2,1,1,1,1,1,1,1,1,1,2,9,6,1,1,46,2,2
1,61,F,9,2014,4,?,3,2,1,1,3,2,1,1,1,1,1,2,19,6,?,?, ?,?,?
1,61,F,10,2014,4,7,3,2,2,2,1,2,2,1,1,2,1,2,19,6,?,?, ?,?,?
1,61,F,11,2014,1,7,8,2,2,1,1,1,1,1,1,1,1,1,19,6,?,?, ?,?,?
1,61,M,6,2014,2,2,1,2,2,1,2,1,1,1,1,1,2,2,16,11,1,1, ?,2,2
1,61,F,8,2014,1,2,1,2,2,1,2,1,1,1,1,1,1,2,19,6,?,?, ?,?,?
1,61,F,10,2014,1,2,1,2,2,1,4,1,1,1,1,1,1,2,9,6,1,1,37,2,2
12,58,F,4,2014,2,4,4,2,2,1,1,1,1,1,1,2,1,1,14,11,?,1, ?,1,2
12,58,F,4,2014,3,3,1,2,2,1,1,1,1,1,1,2,1,2,14,11,?,?, ?,1,2
10,58,F,5,2014,2,7,8,2,2,1,1,1,1,1,1,2,1,2,19,6,?,?, ?,1,2
7,58,F,9,2014,4,2,1,1,1,1,2,1,1,1,1,1,1,2,19,6,?,?, ?,1,?
7,58,F,7,2014,4,2,1,1,1,1,1,1,1,1,1,1,1,1,19,6,?,?, ?,1,?
7,58,F,5,2014,3,2,1,2,?,1,1,1,1,1,1,1,1,2,14,6,?,?, ?,?,?
7,58,F,2,2014,1,1,1,2,1,1,1,1,1,1,1,1,1,2,19,6,?,?, ?,?,?
13,58,F,1,2014,3,7,8,2,2,1,1,1,1,1,1,2,1,1,14,11,1,7, ?,?,?
13,58,F,6,2014,2,7,8,2,2,1,1,1,1,1,1,1,1,1,14,6,?,?, ?,?,?
13,58,F,6,2014,4,7,8,2,2,1,4,1,1,1,1,1,1,1,19,6,?,?, ?,?,?
13,58,F,9,2014,2,1,8,2,2,1,1,1,1,1,1,1,1,1,19,6,?,?, ?,?,?
13,58,F,9,2014,1,1,8,2,2,1,3,1,1,1,1,1,1,1,19,6,?,?, ?,?,?
13,58,G,8,2014,3,7,8,2,2,1,1,1,1,1,1,1,1,1,9,6,?,?, ?,?,2
13,58,F,10,2014,1,1,8,2,2,1,2,1,1,1,1,1,1,1,9,6,?,?, ?,?,?
6,58,F,4,2014,4,1,1,2,2,1,3,1,1,1,1,1,1,2,19,11,1,7, ?,1,2
5,58,F,9,2014,1,2,2,2,2,1,1,1,2,1,1,1,1,2,19,6,?,?, ?,?,?
5,58,F,8,2014,2,1,1,2,1,1,1,1,1,1,1,1,1,2,9,7,?,?, ?,?,?
5,58,F,5,2014,4,1,1,2,2,1,2,1,1,1,1,1,1,2,9,6,?,?, ?,?,?
12,47,F,2,2014,3,7,1,2,2,1,1,1,1,1,1,2,1,2,19,11,1,7, ?,2,2
9,47,F,2,2014,3,1,1,2,2,1,1,1,1,1,1,2,1,2,4,6,1,7, ?,2,2
7,48,F,3,2014,4,7,1,2,2,1,1,1,1,1,1,2,1,2,4,11,1,7, ?,2,2
4,48,F,3,2014,3,7,1,2,2,1,1,1,1,1,1,2,1,2,12,11,1,7, ?,2,2
1,39,F,3,2014,3,3,1,2,2,1,1,1,1,1,1,2,1,2,18,11,1,7, ?,2,2
3,37,F,2,2014,3,7,1,2,2,1,1,1,1,1,1,2,1,2,8,2,1,7, ?,2,2
3,39,F,2,2014,4,1,1,2,2,1,1,1,1,1,1,2,1,2,19,11,1,7, ?,2,2
4,39,F,2,2014,4,7,1,2,2,2,1,1,1,1,1,2,1,2,19,11,1,7, ?,2,2
1,52,F,1,2014,3,7,1,2,2,1,1,1,1,1,1,2,1,2,19,11,1,7, ?,2,2
10,52,S,1,2014,2,7,1,2,2,1,1,1,1,1,1,2,1,2,19,11,1,7, ?,2,2
5,38,F,1,2014,3,1,1,2,2,1,1,1,1,1,1,2,1,2,19,11,1,7, ?,2,2
7,47,F,1,2014,4,1,1,2,2,1,1,1,1,1,1,2,1,2,14,11,1,7, ?,2,2
4,47,F,1,2014,4,1,1,2,2,1,1,1,1,1,1,2,1,2,14,5,1,7, ?,2,2
1,47,F,1,2014,4,7,3,2,2,1,1,1,1,1,1,2,1,2,9,11,1,7, ?,2,2
1,45,F,2,2014,1,1,1,2,2,1,1,1,1,1,1,2,1,2,8,11,1,7, ?,2,2
5,45,F,2,2014,4,1,1,2,2,1,1,1,1,1,1,2,1,2,7,11,1,7,28,2,2
2,45,F,2,2014,3,1,1,2,2,1,1,1,1,1,1,2,1,2,14,11,1,7, ?,2,2
1,45,F,1,2014,2,1,1,2,2,1,1,1,1,1,1,2,1,2,7,11,1,7, ?,2,2
1,45,F,1,2014,2,1,1,2,2,1,1,1,1,1,1,2,1,2,6,11,1,7, ?,2,2
5,45,F,1,2014,3,1,1,2,2,1,1,1,1,1,1,2,1,2,9,11,1,7,20,2,2
5,45,F,1,2014,4,1,1,2,2,1,1,1,1,1,1,2,1,2,17,11,1,7,18,2,2
8,47,F,3,2014,2,1,1,2,2,1,1,1,1,1,1,2,1,2,19,11,1,7, ?,2,2
1,47,F,3,2014,3,1,1,2,2,1,1,1,1,1,1,2,1,2,14,11,1,7, ?,2,2
2,47,F,3,2014,4,1,1,2,2,1,1,1,1,1,1,2,1,2,19,11,1,7,54,2,2
10,47,G,3,2014,4,7,1,2,2,1,1,1,1,1,1,2,1,2,14,11,1,7, ?,2,2
3,49,F,4,2014,3,1,1,2,2,1,1,1,1,1,1,2,1,2,9,11,1,7,50,1,2
8,52,F,3,2014,1,7,1,2,2,1,1,1,1,1,1,2,1,2,14,11,1,7,28,2,2
1,45,F,3,2014,4,1,1,2,2,1,1,1,1,1,1,2,1,2,9,11,1,7, ?,2,2
6,45,F,3,2014,4,1,1,2,2,1,1,1,1,1,1,2,1,2,19,11,1,7,30,2,2
5,37,F,1,2014,2,7,1,2,2,1,1,1,1,1,1,2,1,2,19,11,1,7, ?,2,2
4,37,F,1,2014,3,7,1,2,2,1,1,1,1,1,1,2,1,2,19,11,1,7, ?,2,2
1,37,F,1,2014,2,1,1,2,2,1,1,1,1,1,1,2,1,2,19,11,1,7,20,2,2
1,37,F,4,2014,2,7,1,2,2,1,1,1,1,1,1,2,1,2,19,11,1,7, ?,2,2
9,47,F,4,2014,4,1,1,2,2,1,1,1,1,1,1,2,1,2,10,5,1,7, ?,2,2
5,47,F,4,2014,2,1,1,2,2,1,1,1,1,1,1,2,1,2,4,11,1,7, ?,2,2
3,38,F,3,2014,2,7,1,2,2,1,1,1,1,1,1,2,1,2,19,11,1,7, ?,2,2
4,44,F,1,2014,3,7,1,2,2,1,1,1,1,1,1,2,1,2,9,11,1,7, ?,2,2
4,44,G,2,2014,3,7,1,2,2,1,1,1,1,1,1,2,1,2,9,11,1,7,50,2,2
4,44,F,2,2014,4,7,1,2,2,1,1,1,1,1,1,2,1,2,9,11,1,7, ?,2,2
4,44,F,3,2014,4,7,1,2,2,1,1,1,1,1,1,2,1,2,13,11,1,7, ?,2,2
4,44,F,3,2014,2,7,1,2,2,1,1,1,1,1,1,2,1,2,13,11,1,7,26,2,2
4,44,G,4,2014,3,7,1,2,2,1,1,1,1,1,1,2,1,2,4,11,1,7, ?,2,2
4,44,F,4,2014,4,7,1,2,2,1,1,1,1,1,1,2,1,2,13,11,1,7, ?,2,2
4,44,F,4,2014,4,7,1,2,2,1,1,1,1,1,1,2,1,2,13,11,1,7, ?,2,2
5,44,F,3,2014,3,1,1,2,2,1,1,1,1,1,1,2,1,2,9,11,1,7, ?,2,2
5,44,F,1,2014,4,7,1,2,2,1,1,1,1,1,1,2,1,2,9,11,1,7, ?,2,2
5,44,F,4,2014,4,1,1,2,2,1,1,1,1,1,1,2,1,2,19,11,1,7, ?,2,2
3,44,G,4,2014,2,7,1,2,2,1,1,1,1,1,1,2,1,2,19,11,1,7,37,2,2
2,44,G,3,2014,3,7,1,2,2,1,1,1,1,1,1,2,1,2,19,11,1,7,40,2,2
1,44,F,4,2014,3,7,1,2,2,1,1,1,1,1,1,2,1,2,12,11,1,7, ?,2,2
1,44,F,4,2014,3,1,1,2,2,1,1,1,1,1,1,2,1,2,9,11,1,7, ?,2,2
7,44,F,4,2014,1,7,1,2,2,1,1,1,1,1,1,2,1,2,19,11,1,7, ?,2,2
6,51,F,3,2014,2,1,1,2,2,1,1,1,1,1,1,2,1,2,9,11,1,7,40,2,2
9,51,F,3,2014,2,7,1,2,2,1,1,1,1,1,1,2,1,2,4,11,1,7,30,2,2
4,51,F,3,2014,3,1,1,2,2,1,1,1,1,1,1,2,1,2,4,11,1,7,30,2,2
2,51,F,4,2014,3,1,1,2,2,1,1,1,1,1,1,2,1,2,17,11,1,7, ?,2,2
11,51,F,4,2014,1,7,1,2,2,1,1,1,1,1,1,2,1,2,4,11,1,7,40,2,2
5,40,F,2,2014,3,1,1,2,2,1,1,1,1,1,1,2,1,2,13,11,1,7,32,2,2
3,40,G,2,2014,2,7,1,2,2,1,1,1,1,1,1,2,1,2,8,11,1,7, ?,2,2
4,40,G,3,2014,3,1,1,2,2,1,1,1,1,1,1,2,1,2,4,11,1,7,16,2,2
3,40,G,4,2014,3,1,5,2,1,1,1,1,1,1,1,2,1,2,8,11,1,7, ?,2,2
3,40,G,4,2014,4,7,1,2,2,1,1,1,1,1,1,2,1,2,9,11,1,7, ?,2,2
1,40,G,4,2014,3,1,1,2,2,1,1,1,1,1,1,2,1,2,9,11,1,7,40,2,2
6,40,S,4,2014,2,7,1,2,2,1,1,1,1,1,1,2,1,2,14,11,1,7, ?,2,2
2,40,F,4,2014,3,7,1,2,2,1,1,1,1,1,1,2,1,2,19,11,1,7, ?,2,2
4,46,F,3,2014,1,1,1,2,2,1,4,1,1,1,1,2,1,2,4,11,1,7,40,2,2
6,46,F,1,2014,3,7,1,2,2,1,1,1,1,1,1,2,1,2,14,11,1,7, ?,2,2
5,46,F,4,2014,4,1,1,2,2,1,1,1,1,1,1,2,1,2,19,11,1,7, ?,2,2
3,46,F,1,2014,4,7,1,2,2,1,1,1,1,1,1,2,1,2,19,11,1,7, ?,2,2
1,46,F,3,2014,2,7,1,2,2,1,1,1,1,1,1,2,1,2,9,11,1,7, ?,2,2
1,46,F,3,2014,2,7,1,2,2,1,1,1,1,1,1,2,1,2,19,11,1,7, ?,2,2
1,46,F,3,2014,4,7,1,2,2,1,1,1,1,1,1,2,1,2,17,11,1,7, ?,2,2
1,46,F,3,2014,2,7,1,2,2,1,1,1,1,1,1,2,1,2,19,11,1,7, ?,2,2
1,46,F,3,2014,3,7,1,2,2,1,1,1,1,1,1,2,1,2,19,11,1,7, ?,2,2
1,46,F,3,2014,4,7,1,2,2,1,1,1,1,1,1,2,1,2,19,11,1,7, ?,2,2
1,46,F,3,2014,3,7,1,2,2,1,1,1,1,1,1,2,1,2,9,11,1,7, ?,2,2
1,46,F,4,2014,4,7,1,2,2,1,1,1,1,1,1,2,1,2,14,11,1,7, ?,2,2
1,46,F,5,2014,1,1,1,2,2,1,1,1,1,1,1,2,1,2,19,11,1,7, ?,2,2
1,46,F,5,2014,1,7,1,2,2,1,1,1,1,1,1,2,1,2,19,11,1,7, ?,2,2
1,41,F,4,2014,4,1,1,2,2,1,1,1,1,1,1,2,1,2,4,11,1,7,27,2,2
5,41,F,4,2014,2,3,1,2,2,1,1,1,1,1,1,2,1,2,9,11,1,7, ?,2,2
5,41,F,4,2014,2,1,1,2,2,1,1,1,1,1,1,2,1,2,9,11,1,7,32,2,2
5,41,F,4,2014,3,2,1,2,2,1,1,1,1,1,1,2,1,2,8,11,1,7, ?,2,2
2,47,F,5,2014,4,1,1,2,2,1,1,1,1,1,1,2,1,2,18,11,1,7, ?,2,2
9,47,F,5,2014,4,1,1,2,2,1,1,1,1,1,1,2,1,2,19,11,1,7, ?,2,2
9,47,F,5,2014,3,1,1,2,2,1,1,1,1,1,1,2,1,2,19,11,1,7, ?,2,2
2,50,F,3,2014,3,7,1,2,2,1,1,1,1,1,1,2,1,2,10,11,1,7, ?,2,2
2,50,F,5,2014,1,7,1,2,2,2,1,1,1,1,1,2,1,2,9,11,1,7, ?,2,2
11,50,F,3,2014,4,7,1,2,2,1,1,1,1,1,1,2,1,2,19,11,1,7,45,2,2
8,50,F,1,2014,4,1,1,2,2,1,1,1,1,1,1,2,1,2,9,11,1,7,50,2,2
6,50,F,5,2014,4,7,1,2,2,1,1,1,1,1,1,2,1,2,14,11,1,7, ?,2,2
7,38,G,5,2014,2,7,1,2,2,1,1,1,1,1,1,2,1,2,4,11,1,7, ?,2,2
1,52,F,5,2014,4,1,1,2,2,1,1,1,1,1,1,2,1,2,19,11,1,7,14,2,2
2,52,F,5,2014,4,7,1,2,2,1,1,1,1,1,1,2,1,2,8,11,1,7,22,2,2
10,52,F,5,2014,3,7,1,2,2,1,1,1,1,1,1,2,1,2,4,11,1,7,38,2,2
5,52,F,5,2014,4,1,1,2,2,1,1,1,1,1,1,2,1,2,19,11,1,7, ?,2,2
5,40,F,5,2014,3,1,1,2,2,1,1,1,1,1,1,2,1,2,9,11,1,7, ?,2,2