Thana,District,Accident_Severity,Month,Year,Time,Junction_Type,Traffic_Control,Movement,Divider,Weather,Light,Road_Geometry,Surface_Condition,Surface_Type,Surface_Quality,Road_Class,Road_Feature,Location_Type,Vehicle_Type,Vehicle_Movement,Vehicle_Loading,Vehicle_Defect,Vehicle_Driver_Age,Vehicle_Alcohol,Vehicle_Seat_Belt
6,40,F,5,2014,4,3,4,2,2,1,1,1,1,1,1,2,1,2,4,11,1,7, ?,2,2
5,45,F,5,2014,3,1,1,2,2,1,1,1,1,1,1,2,1,2,9,11,1,7, ?,2,2
6,45,F,5,2014,4,1,1,2,2,1,1,1,1,1,1,2,1,2,14,7,1,7,30,2,2
2,49,F,5,2014,1,2,1,2,2,1,1,1,1,1,1,2,1,2,19,11,1,7, ?,2,2
2,49,F,5,2014,2,3,1,2,2,1,1,1,1,1,1,2,1,2,14,11,1,7,28,2,2
3,49,F,5,2014,4,7,1,2,2,1,1,1,1,1,1,2,1,2,19,11,1,7, ?,2,2
5,37,F,5,2014,4,3,1,2,2,1,1,1,1,1,1,2,1,2,5,11,1,7,35,2,2
3,45,F,6,2014,2,1,1,2,2,1,1,1,1,1,1,2,1,2,9,11,1,7, ?,2,2
3,45,F,6,2014,3,1,1,2,2,1,1,1,1,1,1,2,1,2,14,11,1,1, ?,2,2
9,47,F,6,2014,3,1,1,2,2,1,1,1,1,1,1,1,1,2,9,11,1,7, ?,2,2
12,47,S,6,2014,3,7,1,2,2,1,1,1,1,1,1,1,1,2,14,11,1,7, ?,2,2
12,47,F,6,2014,3,7,1,2,2,1,1,1,1,1,1,1,1,2,14,11,1,7, ?,2,2
7,47,F,6,2014,4,7,1,2,2,1,1,3,1,1,2,1,1,2,19,11,1,7, ?,2,2
2,47,F,6,2014,4,1,1,2,2,1,1,1,1,1,1,1,1,2,11,11,1,7, ?,2,2
1,52,F,6,2014,4,2,1,2,2,1,1,1,1,2,2,2,1,2,14,11,1,7,32,2,2
2,39,F,6,2014,3,1,1,2,2,1,1,1,1,1,1,2,1,2,14,11,1,7, ?,2,2
7,44,F,5,2014,4,1,1,2,2,1,1,1,1,1,1,1,1,2,12,11,1,7,29,2,2
4,44,F,5,2014,4,1,1,2,2,1,1,1,1,1,1,1,1,2,14,11,1,7, ?,2,2
5,44,F,5,2014,4,7,1,2,2,1,1,1,1,1,1,1,1,2,8,11,1,7, ?,2,2
6,44,F,6,2014,4,1,1,2,2,1,1,1,1,1,1,1,1,2,14,11,1,7, ?,2,2
6,44,F,6,2014,2,1,1,2,2,1,1,1,1,1,1,1,1,2,14,11,1,7, ?,2,2
6,44,F,7,2014,2,1,1,2,2,1,1,1,1,1,1,1,1,2,14,11,1,7, ?,2,2
6,44,F,7,2014,2,7,1,2,2,1,1,1,1,1,1,1,1,2,14,11,1,7, ?,2,2
6,44,F,7,2014,4,1,1,2,2,1,1,1,1,1,1,1,1,2,14,11,1,7, ?,2,2
6,40,F,7,2014,4,7,1,2,2,1,1,1,1,1,1,1,1,2,19,11,1,7, ?,2,2
7,40,F,6,2014,3,1,1,2,2,1,1,1,1,1,1,1,1,2,13,11,1,7, ?,2,2
3,40,F,7,2014,2,7,1,2,2,1,1,1,1,1,1,1,1,2,14,11,1,7, ?,2,2
1,40,F,6,2014,3,7,1,2,2,1,2,1,1,1,1,2,1,2,14,11,1,7, ?,2,2
1,40,F,6,2014,4,1,1,2,2,1,1,1,1,1,1,1,1,2,11,5,1,7, ?,2,2
6,40,F,6,2014,4,1,1,2,2,1,2,1,1,1,1,1,1,2,14,11,1,7,27,2,2
6,40,G,6,2014,3,7,2,1,2,1,1,1,1,1,1,1,1,2,11,11,1,7, ?,2,2
1,40,F,6,2014,4,1,1,2,2,1,4,1,2,1,1,4,1,2,8,11,1,7, ?,2,2
1,40,G,6,2014,4,7,1,2,2,1,1,1,1,1,1,1,1,2,7,11,1,7, ?,2,2
1,45,F,7,2014,3,1,1,2,2,1,2,1,1,1,1,1,1,2,14,11,1,7, ?,2,2
5,45,F,7,2014,3,1,1,2,2,1,1,1,1,1,1,1,1,2,19,11,1,7,25,2,2
4,45,F,7,2014,2,1,1,2,2,1,2,1,1,1,1,1,1,2,19,11,1,7, ?,2,2
6,45,F,7,2014,3,1,1,2,2,1,4,1,1,1,1,2,1,2,19,11,1,7, ?,2,2
1,52,F,7,2014,3,7,1,2,2,1,1,1,1,1,1,4,1,2,19,11,1,7,25,2,2
5,52,F,7,2014,3,7,1,2,2,1,1,1,1,1,1,2,1,2,19,11,1,7, ?,2,2
4,39,F,7,2014,2,7,1,2,2,1,1,1,1,1,1,2,1,2,9,11,1,7, ?,2,2
2,49,F,7,2014,1,7,1,2,2,1,1,1,1,1,1,2,1,2,13,11,1,7, ?,2,2
3,49,F,7,2014,1,1,1,2,2,1,1,1,1,1,1,2,1,2,7,11,1,7, ?,2,2
3,49,F,7,2014,2,7,1,2,2,1,3,1,1,1,1,2,1,2,14,11,1,7, ?,2,2
2,43,F,7,2014,2,1,1,2,2,1,1,1,1,1,1,1,1,2,14,1,1,7, ?,2,2
1,38,F,3,2014,2,7,1,2,2,1,1,1,1,1,1,1,1,2,4,7,1,7, ?,2,2
1,38,F,7,2014,3,1,1,2,2,1,4,1,1,1,1,1,1,2,19,11,1,7, ?,2,2
1,38,G,6,2014,4,7,1,2,2,1,1,1,1,1,1,2,1,2,19,11,1,7, ?,2,2
1,38,F,7,2014,1,7,1,2,2,1,1,1,1,1,1,1,1,2,19,11,1,7, ?,2,2
2,37,F,9,2014,2,7,1,2,2,1,1,1,1,1,1,4,1,2,19,11,1,7,26,2,2
9,47,F,7,2014,3,1,1,2,2,1,1,1,1,1,1,1,1,2,19,6,1,7,44,2,2
12,47,F,7,2014,4,1,1,2,2,1,1,1,1,1,1,1,1,2,9,6,1,7,32,2,2
4,39,F,8,2014,3,1,1,2,2,1,1,1,1,1,1,2,1,2,14,2,1,7, ?,2,2
9,52,F,8,2014,4,7,1,2,2,1,1,1,1,1,1,4,1,2,19,11,1,7, ?,2,2
1,45,F,8,2014,3,1,1,2,2,1,1,1,1,1,1,1,1,2,19,11,1,7, ?,2,2
6,45,F,8,2014,4,1,1,2,2,1,1,1,1,1,1,2,1,2,19,11,1,7, ?,2,2
5,45,F,8,2014,4,1,1,2,2,1,1,1,1,1,1,1,1,2,19,11,1,7, ?,2,2
6,45,F,8,2014,2,1,1,2,2,1,1,1,1,1,1,1,1,2,19,11,1,7, ?,2,2
2,45,F,8,2014,2,1,1,2,2,1,1,1,1,1,1,1,1,2,14,11,1,7, ?,2,2
1,49,F,8,2014,2,7,1,2,2,1,1,1,1,1,1,2,1,2,19,11,1,7,22,2,2
1,48,F,8,2014,4,7,1,2,2,1,1,1,1,1,1,2,1,2,4,11,1,7, ?,2,2
1,38,F,9,2014,4,7,1,2,2,1,1,1,1,1,1,1,1,2,8,11,1,7, ?,2,2
7,38,F,9,2014,3,1,1,2,2,1,1,1,1,1,1,1,1,2,19,11,1,7, ?,2,2
5,45,F,9,2014,4,1,1,2,2,1,1,1,1,1,1,1,1,2,19,11,1,7, ?,2,2
5,45,F,9,2014,1,1,1,2,2,1,1,1,1,1,1,1,1,2,12,11,1,7, ?,2,2
3,49,S,11,2014,2,1,8,2,2,1,1,1,1,1,1,2,1,2,6,11,1,7, ?,2,2
8,52,F,11,2014,3,7,1,2,2,1,1,1,1,1,1,2,1,2,19,2,1,7,26,2,2
1,45,F,10,2014,4,1,1,2,2,1,1,1,1,1,1,1,1,2,8,11,1,7, ?,2,2
1,39,G,11,2014,3,7,3,2,2,1,1,1,1,1,1,1,1,2,9,11,1,7,35,2,2
9,47,F,8,2014,4,1,1,2,2,1,1,1,1,1,1,1,1,2,9,11,1,7, ?,2,2
3,38,F,10,2014,3,7,1,2,2,1,1,1,1,1,1,1,1,2,19,11,1,7, ?,2,2
1,39,F,10,2014,3,7,1,2,2,1,1,1,1,1,1,1,1,2,4,11,1,7,22,2,2
5,46,G,9,2014,4,1,1,2,2,1,1,1,1,1,1,1,1,2,9,11,1,7, ?,2,2
5,46,F,8,2014,4,7,1,2,2,1,1,1,1,1,1,1,1,2,14,11,1,7, ?,2,2
10,52,F,9,2014,2,7,1,2,2,1,1,1,1,1,1,1,1,2,4,11,1,7, ?,2,2
1,39,F,11,2014,4,2,1,2,2,1,1,1,1,1,1,1,1,2,10,11,1,7, ?,2,2
1,38,F,9,2014,2,1,1,2,2,1,1,1,1,1,1,2,1,2,14,11,1,7, ?,2,2
1,38,F,9,2014,2,1,1,2,2,1,1,1,1,1,1,3,1,2,14,11,1,7,30,2,2
1,38,F,11,2014,2,1,1,2,2,1,1,1,1,1,1,1,1,2,19,11,1,7, ?,2,2
7,38,F,11,2014,4,1,1,2,2,1,1,1,1,1,1,1,1,2,8,11,1,7, ?,2,2
3,39,F,12,2014,2,1,1,2,2,1,1,1,1,1,1,2,1,2,13,5,1,7, ?,2,2
1,45,F,11,2014,4,5,1,2,2,1,1,1,1,1,1,1,1,2,14,11,1,7,28,2,2
6,45,F,11,2014,3,2,1,2,2,1,1,1,1,1,1,2,1,2,9,11,1,7, ?,2,2
2,45,F,11,2014,3,1,1,2,2,1,1,1,1,1,1,1,1,2,4,11,1,7,35,2,2
2,39,F,12,2014,3,1,1,2,2,1,1,1,1,1,1,2,1,2,19,11,1,7,23,2,2
1,39,G,12,2014,2,1,1,2,2,1,1,1,1,1,1,1,1,2,14,11,1,7,43,2,2
2,52,F,12,2014,4,1,1,2,2,1,1,1,1,1,1,2,1,2,8,8,1,7,40,2,2
2,52,G,12,2014,2,3,1,2,2,1,1,1,1,1,1,4,1,2,4,11,1,7,38,2,2
10,52,G,10,2014,4,1,1,2,2,1,1,1,1,1,1,1,1,2,4,6,1,7,44,2,2
10,52,F,10,2014,4,7,1,1,1,1,1,1,1,1,1,2,1,2,8,11,1,7,40,2,2
4,52,G,10,2014,4,7,1,2,2,1,1,1,1,1,1,1,1,2,4,11,1,7,22,2,2
6,37,S,10,2014,4,7,1,2,2,1,1,1,1,1,1,2,1,2,14,1,1,7,45,2,2
5,37,F,11,2014,4,4,1,2,2,1,1,1,1,1,1,1,1,2,4,11,1,7, ?,2,2
1,40,F,10,2014,4,1,1,2,2,1,1,1,1,1,1,1,1,2,13,11,1,7,27,2,2
1,40,F,10,2014,3,1,1,2,2,1,1,1,1,1,1,1,1,2,13,11,1,7,25,2,2
6,40,F,10,2014,1,1,1,2,2,1,1,1,1,1,1,1,1,2,13,11,1,7,34,2,2
6,40,F,9,2014,3,7,1,2,2,1,1,1,1,1,1,1,1,2,19,11,1,7, ?,2,2
6,40,F,9,2014,4,7,1,2,2,1,1,1,1,1,1,1,1,2,9,11,1,7, ?,2,2
6,40,F,8,2014,3,1,1,2,2,1,1,1,1,1,1,1,1,2,9,11,1,7, ?,2,2
1,40,F,8,2014,1,1,1,2,2,1,1,1,1,1,1,1,1,2,14,11,1,7, ?,2,2
1,40,S,10,2014,4,1,1,2,2,1,1,1,1,1,1,1,1,2,9,11,1,7,45,2,2
4,36,F,10,2014,4,1,1,2,2,1,1,1,1,1,1,1,1,2,19,11,1,7, ?,2,2
6,45,F,12,2014,2,1,1,2,2,1,1,1,1,1,1,1,1,2,10,11,1,7,27,2,2
7,40,F,12,2014,2,7,1,2,2,1,1,2,1,1,3,2,1,2,14,11,1,7,50,2,2
3,40,F,12,2014,4,1,1,2,2,1,1,1,1,1,1,1,1,2,4,6,1,7, ?,2,2
6,40,G,11,2014,4,7,1,2,2,1,1,1,1,1,1,1,1,2,8,11,1,7, ?,2,2
1,40,F,11,2014,4,1,1,2,2,1,1,1,1,1,1,1,1,2,14,11,1,7, ?,2,2
1,40,F,11,2014,3,5,1,2,2,1,1,1,1,1,1,1,1,2,9,11,1,7,26,2,2
6,40,S,11,2014,3,7,4,2,2,1,1,1,1,1,1,1,1,2,9,2,1,7, ?,2,2
3,40,F,11,2014,4,1,1,2,2,1,1,1,1,1,1,1,1,2,19,11,1,7, ?,2,2
1,46,F,5,2014,1,6,1,2,2,1,1,1,1,1,1,1,1,2, ?, ?,?,?, ?,?,?
1,46,F,5,2014,2,5,1,2,2,1,1,1,1,1,1,1,1,1, ?, ?,?,?, ?,?,?
2,46,F,5,2014,1,7,1,1,2,1,1,1,1,1,1,1,1,1,19,11,1,7, ?,2,2
2,46,F,3,2014,2,7,1,2,2,1,1,1,1,1,1,1,1,1,19,11,1,7, ?,2,2
1,37,F,1,2014,1,1,1,2,2,1,2,3,1,1,1,4,3,2,19,6,?,?,20,2,2
9,52,F,8,2014,2,7,1,2,2,2,1,2,1,1,1,5,1,2,19,11,1,7, ?,1,2
6,48,G,5,2014,2,1,1,1,2,1,1,1,1,1,1,1,1,1,12,6,1,1,30,1,1
1,45,F,2,2014,2,1,1,2,2,1,1,1,1,1,1,3,1,2,19,11,1,7, ?,2,1
22,42,F,1,2014,3,5,1,2,1,1,1,1,1,1,1,5,1,1,5,6,1,1,40,2,2
22,42,F,1,2014,3,1,4,2,1,1,1,1,1,1,1,5,1,1,16,5,1,1,50,2,2
22,42,F,1,2014,3,5,4,2,1,1,1,1,1,1,1,5,1,1,10,6,1,1,30,2,1
14,42,F,1,2014,4,1,8,2,1,1,2,1,1,1,1,5,1,1,9,7,1,1,28,2,2
16,42,F,1,2014,2,7,4,2,1,1,3,1,1,1,1,5,1,1,14,4,1,1,23,2,2
16,42,F,1,2014,1,3,4,2,1,1,1,1,1,1,1,5,1,1,9,6,1,1,30,2,2
42,42,F,1,2014,1,1,8,2,1,1,3,1,1,1,1,5,1,1,12,6,1,1,30,2,2
42,42,F,1,2014,2,1,4,2,1,4,2,1,1,1,1,5,1,1,12,4,1,1,25,2,2
33,42,F,1,2014,4,1,1,2,1,1,4,1,1,1,1,5,1,1,9,6,1,1,40,2,2
43,42,F,1,2014,3,1,4,2,1,1,3,1,1,1,1,5,1,1,13,6,1,1,35,2,2
43,42,F,1,2014,1,1,4,2,1,1,3,1,1,1,1,5,1,1,13,6,1,1,35,2,2
10,42,F,1,2014,1,7,4,1,2,1,3,1,1,1,1,5,1,1,9,11,1,1,30,1,2
8,42,F,1,2014,2,3,6,2,1,1,2,1,1,1,1,5,1,1,9,6,1,1,40,2,2
29,42,F,1,2014,3,1,4,2,1,1,1,1,1,1,1,5,1,1,9,6,1,1,30,2,2
21,42,F,1,2014,4,2,4,2,1,1,3,1,1,1,2,5,1,1,14,6,1,1,35,1,2
21,42,F,1,2014,1,3,1,2,1,4,3,1,1,1,1,3,1,1,19,6,1,1,35,1,2
12,42,F,1,2014,4,7,4,2,1,1,3,1,1,1,1,5,1,1,12,6,1,1,40,1,2
46,42,F,1,2014,2,7,1,2,1,1,1,2,1,1,1,5,1,2,8,6,1,1,30,2,2
44,42,F,1,2014,4,1,1,2,1,1,3,1,1,1,1,5,1,1,13,6,1,1,50,2,2
22,42,G,1,2014,4,1,8,2,1,1,3,1,1,1,1,5,1,1,8,4,1,1,50,2,2
32,42,F,1,2014,4,3,4,2,1,1,2,1,1,1,1,5,1,1,9,1,1,1,50,2,2
44,42,F,2,2014,4,7,4,2,1,1,3,1,1,1,1,1,1,1,5,6,1,6,35,1,2
44,42,F,2,2014,3,7,8,2,1,1,1,1,1,1,1,5,1,1,12,11,1,1,40,2,2
8,42,F,2,2014,3,7,2,2,1,1,1,1,1,1,1,5,1,1,9,6,1,1,35,2,2
37,42,G,2,2014,4,5,1,2,1,1,2,1,1,1,1,5,1,1,9,1,1,1,28,1,2
12,42,S,2,2014,3,7,4,2,1,1,1,1,1,1,1,5,1,1,10,6,1,1,30,2,2
42,42,G,2,2014,2,2,6,2,1,1,1,1,1,1,1,5,1,1,10,6,1,1,30,2,2
16,42,F,2,2014,3,7,1,2,1,1,1,1,1,1,1,5,1,1,9,5,1,1,45,2,2
28,42,F,2,2014,3,1,4,2,1,1,1,1,1,1,1,5,1,1,14,11,1,1,30,2,2
22,42,F,2,2014,2,3,2,2,1,1,2,1,1,1,1,5,1,1,9,6,1,1,50,2,2
33,42,F,2,2014,3,1,1,2,1,1,1,1,1,1,1,5,1,1,9,6,1,1,50,2,2
33,42,F,2,2014,1,7,1,2,1,1,3,1,1,1,1,5,1,1,19,6,1,1,30,2,2
33,42,F,2,2014,1,2,4,2,1,1,3,1,1,1,3,5,1,1,13,6,1,1,40,2,2
5,42,F,2,2014,4,2,4,2,1,1,3,1,1,1,1,5,1,1,13,6,1,1,40,2,2
5,42,F,2,2014,1,1,1,2,1,1,1,1,1,1,1,5,1,1,13,6,1,1,30,2,2
15,42,F,2,2014,2,1,4,2,1,1,1,1,1,1,1,5,1,1,12,6,1,1,35,2,2
45,42,F,2,2014,2,1,1,1,2,1,2,1,1,1,1,5,1,1,8,6,1,1,40,2,2
24,42,F,2,2014,2,1,1,2,2,1,1,1,1,1,1,5,1,1,9,6,1,1,35,2,2
34,42,F,2,2014,2,2,5,2,1,1,2,1,1,1,1,5,1,1,9,6,1,1,30,2,2
3,42,F,2,2014,4,1,4,2,1,1,3,1,1,1,1,5,1,1,14,6,1,1,40,2,2
3,42,F,2,2014,4,1,2,1,2,1,3,1,1,1,1,5,1,1,9,6,1,1,30,2,2
46,42,F,3,2014,4,1,1,1,2,1,4,2,1,1,1,5,1,1,9,6,1,1,40,2,2
24,42,F,3,2014,2,4,1,2,1,1,2,2,1,1,1,5,1,1,8,5,1,1,40,2,2
34,42,F,3,2014,1,1,1,2,1,1,2,1,1,1,1,5,1,1,9,6,1,1,45,2,2
34,42,F,3,2014,2,3,1,2,1,1,1,1,1,1,1,5,1,1,19,6,1,1,20,2,2
28,42,F,3,2014,1,7,8,2,1,1,4,1,1,1,1,5,1,1,9,6,1,1,45,2,2
36,42,F,3,2014,2,1,4,2,1,1,1,1,1,1,1,5,1,1,4,6,1,1,22,2,1
22,42,F,3,2014,1,7,4,2,1,1,3,1,1,1,1,5,1,1,9,6,1,1,30,2,2
14,42,F,3,2014,1,7,1,1,2,1,3,1,1,1,1,1,1,1,14,6,2,1,40,1,2
27,42,F,3,2014,4,3,4,2,1,1,2,1,1,1,1,3,1,1,9,2,1,1,35,2,2
27,42,G,3,2014,3,1,4,2,1,1,2,1,1,1,1,3,1,1,9,2,1,1,30,2,2
48,42,G,3,2014,3,3,1,1,2,1,1,2,1,1,1,5,2,1,10,4,1,1,22,2,2
33,42,F,3,2014,3,1,4,2,1,1,1,1,1,1,1,5,1,1,9,6,1,1,40,2,2
42,42,S,3,2014,4,1,2,1,2,1,3,1,1,1,1,1,5,1,8,5,1,1,30,1,2
42,42,F,4,2014,2,1,1,2,1,1,1,1,1,1,1,1,1,1,9,6,1,1,35,2,2
42,42,F,4,2014,2,7,2,2,1,1,1,1,1,1,1,1,5,1,9,6,1,1,35,2,2
48,42,F,4,2014,2,7,4,1,1,1,1,3,1,1,1,3,5,1,8,6,1,1,41,1,2
37,42,F,4,2014,3,1,1,2,1,1,1,1,1,1,1,5,1,1,7,6,1,1,30,1,2
37,42,F,4,2014,2,7,1,2,1,1,1,1,1,1,1,5,1,1,9,6,1,1,22,1,2
34,42,F,4,2014,2,1,8,1,2,1,1,1,1,1,1,5,1,1,13,6,1,1,45,1,2
34,42,F,4,2014,3,7,3,2,1,1,1,1,1,1,1,5,1,1,9,5,1,7,30,2,2
34,42,F,4,2014,3,1,4,2,1,1,1,1,1,1,1,5,1,1,9,6,1,1,40,2,2
22,42,F,4,2014,2,5,4,2,1,1,1,1,1,1,1,5,1,1,9,4,1,1,40,2,2
14,42,G,4,2014,4,1,1,2,2,1,3,1,1,1,1,5,1,1,4,6,1,1,30,2,2
30,42,F,4,2014,3,1,4,1,2,1,1,1,1,1,2,2,1,1,19,6,2,1,28,2,2
10,42,F,3,2014,1,1,1,2,1,1,4,1,1,1,1,5,3,1,13,6,1,1,45,2,2
28,42,F,1,2014,2,2,4,1,2,1,1,2,1,1,1,3,1,1,14,6,1,1,30,2,1
43,42,F,4,2014,2,5,4,2,1,1,3,2,1,1,1,5,2,1,8,1,1,1,30,2,2
37,42,F,3,2014,4,1,1,2,1,1,3,1,1,1,1,5,1,1,9,6,1,1,22,2,2
33,42,F,4,2014,2,1,1,2,1,1,1,1,1,1,1,1,1,1,8,6,1,1,40,2,2
33,42,F,4,2014,4,2,4,2,1,1,3,1,1,1,3,5,5,1,9,6,1,1,30,2,2
33,42,F,4,2014,1,1,4,2,1,1,3,1,1,1,1,1,1,1,14,6,1,1,45,2,2
18,42,F,5,2014,1,1,1,2,1,1,4,1,1,1,1,5,1,1,13,2,1,7,32,2,2
42,42,F,5,2014,4,1,4,2,1,1,3,4,1,1,1,5,1,1,9,6,1,1,35,2,2
16,42,G,5,2014,3,3,1,2,1,1,1,1,1,1,1,5,1,1,9,5,1,1,32,2,2
26,42,F,5,2014,3,1,8,2,2,1,1,1,1,1,1,5,1,1,4,6,1,1,30,2,1
36,42,F,5,2014,1,1,4,2,1,1,1,1,1,1,1,5,1,1,6,6,1,1,45,2,2
33,42,F,5,2014,3,1,4,2,1,1,1,1,1,1,1,1,1,1,9,6,1,1,40,2,2
33,42,F,5,2014,1,1,1,2,1,1,1,1,1,1,1,1,1,1,9,6,1,1,45,2,2
33,42,F,5,2014,4,1,1,2,1,1,3,1,1,1,1,1,1,1,14,6,1,1,50,1,2
33,42,F,5,2014,4,1,4,2,2,1,4,2,1,1,1,5,1,1,9,6,1,1,40,2,2
33,42,F,5,2014,4,1,1,2,1,1,3,1,1,1,1,1,1,1,19,6,1,1,40,2,2
22,42,F,5,2014,4,1,2,2,1,1,1,1,1,1,1,5,1,1,9,6,1,1,35,2,2
22,42,F,5,2014,3,5,6,2,1,1,1,1,1,1,1,5,1,1,9,6,1,1,40,2,2
34,42,F,5,2014,1,1,4,2,1,1,4,1,1,1,1,5,1,1,9,6,1,1,40,1,2
34,42,F,5,2014,2,1,4,2,2,1,1,1,1,2,1,3,1,1,8,6,1,1,35,1,2
17,42,F,5,2014,2,6,1,2,1,1,1,1,1,1,1,5,1,1,12,6,1,1,30,1,2
17,42,S,5,2014,4,3,4,2,1,1,4,1,1,1,1,5,1,1,10,5,1,4,35,2,2
43,42,F,5,2014,1,3,1,2,1,1,3,1,1,1,1,3,1,1,14,6,1,1,40,2,2
23,42,F,5,2014,4,3,1,2,1,1,1,1,1,1,1,5,1,1,12,6,1,1,35,2,2
44,42,F,5,2014,2,1,8,2,2,1,1,1,1,1,1,2,1,1,9,6,1,1,40,1,2
44,42,F,5,2014,4,1,2,2,1,1,3,1,1,1,1,1,1,1,10,6,1,1,45,2,2
26,42,F,5,2014,3,3,8,2,2,1,1,1,1,1,1,5,1,1,4,6,1,1,35,2,1
23,42,F,6,2014,2,1,1,1,2,1,2,1,1,1,1,5,1,1,9,6,1,1,35,2,2
47,42,F,6,2014,2,1,1,2,1,1,1,1,1,1,1,5,1,1,19,6,1,1,30,2,2
34,42,F,6,2014,1,1,1,1,1,1,2,1,1,1,1,5,1,1,9,6,1,1,30,2,2
22,42,F,6,2014,3,1,4,1,1,1,1,1,1,1,1,5,1,1,9,6,1,1,30,2,2
22,42,G,6,2014,4,1,4,1,1,1,2,1,1,1,1,5,1,1,9,6,1,1,50,2,2
9,42,F,3,2014,2,1,1,1,1,1,1,1,1,1,1,5,1,1,9,6,1,1,40,2,2
37,42,F,5,2014,2,7,4,2,1,1,2,1,1,1,1,5,1,1,19,11,1,1,40,2,2
37,42,F,5,2014,2,2,5,1,1,1,1,1,1,1,1,5,1,1,8,1,1,7,30,2,2
14,42,F,6,2014,4,3,4,1,1,1,3,1,2,1,1,1,1,1,12,6,1,1,45,1,2
37,42,G,6,2014,4,3,1,1,2,1,4,1,5,1,1,1,5,1,9,11,1,1,30,1,2
36,42,F,6,2014,2,1,4,1,1,1,1,1,1,1,1,5,1,1,6,6,1,1,24,2,2
15,42,F,7,2014,3,1,4,1,1,1,1,1,1,1,1,5,1,1,9,6,1,1,40,2,2
36,42,F,7,2014,3,7,1,2,2,1,1,2,1,1,1,5,2,1,7,6,1,1,30,2,2
49,42,F,7,2014,1,2,2,2,1,1,2,1,1,1,2,5,1,1,14,6,1,7,50,1,2
9,42,F,6,2014,1,3,1,1,1,1,3,1,1,1,1,5,1,1,7,6,1,1,27,2,2
9,42,F,6,2014,2,3,1,1,1,1,1,1,1,1,1,5,1,1,12,6,1,1,20,2,2
37,42,F,7,2014,4,3,1,1,1,1,3,1,1,1,1,5,1,1,13,6,1,7,40,1,2
10,42,F,7,2014,2,1,4,2,2,1,1,1,5,1,1,5,3,1,12,6,1,1,40,2,2
44,42,F,7,2014,2,2,4,2,2,1,2,3,1,1,1,1,1,1,9,6,1,1,40,1,2
7,42,F,7,2014,4,1,1,2,2,1,4,1,1,1,2,2,1,1,19,6,1,1,25,2,2
10,42,S,6,2014,3,1,4,1,1,1,1,1,1,1,1,5,1,1,6,6,1,1,40,1,2
33,42,F,7,2014,4,1,1,2,1,1,3,1,1,1,1,3,2,1,13,6,1,1,50,2,2
33,42,F,7,2014,1,5,4,2,1,1,3,2,1,1,3,5,1,1,13,6,1,1,50,2,2
33,42,F,7,2014,2,3,4,2,1,1,1,4,1,1,1,5,1,1,9,6,1,1,45,2,2
29,42,F,7,2014,1,1,4,1,1,1,1,1,1,1,1,5,1,1,9,6,1,1,30,2,2
37,42,F,7,2014,4,3,1,1,2,1,4,1,1,1,1,5,1,1,9,6,1,1,40,1,2
13,42,F,6,2014,1,7,8,2,2,1,3,3,1,1,1,3,2,1,9,6,1,1,40,2,2
22,42,F,8,2014,1,3,2,1,1,1,3,1,1,1,1,1,1,1,9,6,1,1,30,2,2
11,42,F,8,2014,2,4,1,1,2,1,1,1,1,2,2,5,1,1,9,6,1,1,40,2,2
11,42,G,8,2014,4,3,1,2,1,1,3,1,1,1,1,5,1,1,10,6,1,1,45,2,2
17,42,F,8,2014,4,7,8,1,1,1,2,1,1,1,1,5,1,1,7,6,1,1,40,2,2
34,42,F,8,2014,1,7,8,1,1,1,2,1,1,1,1,2,1,1,14,6,2,1,32,1,2
34,42,F,8,2014,4,7,8,1,1,1,1,1,1,1,1,5,1,1,9,6,1,1,40,2,2
45,42,F,8,2014,2,5,3,1,1,1,2,1,1,1,1,5,1,1,8,6,1,1,40,2,2
42,42,F,8,2014,3,5,4,1,1,1,1,2,1,1,1,5,1,1,9,1,1,1,40,1,2
28,42,F,8,2014,1,1,2,2,1,1,3,1,1,1,1,5,1,1,9,6,1,1,40,2,2
7,42,G,8,2014,4,2,4,2,1,1,3,2,1,1,1,5,1,1,6,2,1,1,35,2,2
43,42,F,8,2014,4,1,4,1,2,1,2,1,1,1,1,5,1,1,9,6,1,1,40,2,2
43,42,F,8,2014,1,1,1,1,1,1,3,1,1,1,1,5,1,1,14,6,1,1,45,2,2
1,42,G,7,2014,2,3,7,1,1,1,1,2,1,1,1,5,1,1,4,2,1,1,22,2,1
1,42,G,3,2014,3,2,4,2,1,1,1,1,1,1,1,5,1,1,8,5,1,1,32,2,2
1,42,G,8,2014,4,2,4,2,1,1,3,1,1,1,1,5,1,1,13,6,1,1,40,2,2
1,42,F,8,2014,3,7,4,2,1,1,1,1,1,1,1,5,1,1,10,6,1,1,40,1,2
10,42,F,8,2014,2,1,8,1,2,1,1,1,1,1,1,5,1,1,7,6,1,1,40,2,2