Thana,District,Accident_Severity,Month,Year,Time,Junction_Type,Traffic_Control,Movement,Divider,Weather,Light,Road_Geometry,Surface_Condition,Surface_Type,Surface_Quality,Road_Class,Road_Feature,Location_Type,Vehicle_Type,Vehicle_Movement,Vehicle_Loading,Vehicle_Defect,Vehicle_Driver_Age,Vehicle_Alcohol,Vehicle_Seat_Belt
10,16,F,7,2015,3,7,8,2,2,2,1,1,2,1,1,1,2,2,9,5,2,1, ?,1,2
11,16,G,7,2015,4,1,1,2,1,2,3,1,1,1,1,1,1,2,5,5,1,?,25,2,2
5,16,F,8,2015,2,7,1,2,?,1,1,1,1,1,1,3,1,2,4,5,1,7,32,2,2
11,16,F,8,2015,1,1,1,2,?,1,2,1,1,1,1,1,1,2,9,5,1,1, ?,2,2
4,15,F,9,2015,1,1,1,2,2,1,4,1,1,1,1,1,1,2,14,6,1,1, ?,2,2
4,15,F,5,2015,2,2,1,2,?,1,1,1,1,1,1,1,1,2,13,6,1,1, ?,2,2
4,15,F,12,2015,4,7,1,2,2,1,2,1,1,1,1,5,1,1,12,6,1,7, ?,2,2
4,15,F,5,2015,2,1,1,?,1,2,1,1,1,1,1,1,1,2,9,6,?,?, ?,2,2
7,13,F,4,2015,2,7,?,?,2,1,2,?,?,?,?,?,1,2, ?,6,1,1, ?,2,2
1,13,G,7,2015,3,7,8,1,2,1,1,2,1,1,1,4,4,2,13,2,1,3,25,2,2
1,16,G,9,2015,1,1,1,2,?,1,3,1,1,1,1,1,1,2,12, ?,1,1, ?,2,2
11,16,S,9,2015,2,1,1,2,?,1,1,1,1,1,1,1,1,2,14,11,1,1, ?,2,2
11,16,F,9,2015,3,1,1,2,?,1,1,1,1,1,1,1,1,2,8,6,1,1, ?,2,2
9,16,F,10,2015,2,1,1,2,?,1,1,1,1,1,1,1,1,2,13,11,1,1, ?,2,2
11,16,G,10,2015,4,1,1,2,?,1,4,1,1,1,1,1,1,2,9,11,2,1, ?,2,2
11,16,F,10,2015,2,1,1,2,?,1,1,1,1,1,1,1,1,2,9,11,1,1, ?,2,2
9,16,F,11,2015,1,1,7,1,1,1,1,1,1,1,2,?,?,?,10,6,1,1, ?,2,2
8,16,F,12,2015,2,1,1,2,?,1,1,1,1,1,1,1,1,2,9,6,1,1, ?,2,2
10,16,F,12,2015,1,1,5,2,1,4,1,1,1,1,1,1,2,?,13,5,2,1, ?,1,2
10,1,G,12,2015,2,3,3,1,1,1,1,1,1,1,1,1,1,2,1,9,1,7,50,2,2
9,16,F,12,2015,2,1,1,2,?,1,1,1,1,1,1,1,1,2,14,6,1,1, ?,2,2
11,16,F,12,2015,1,1,1,2,?,1,2,1,1,1,1,1,1,1,13,6,1,1, ?,2,2
11,16,F,12,2015,1,1,1,2,?,1,1,1,1,1,1,1,1,2,13,6,1,1, ?,2,2
1,12,F,1,2015,1,3,1,2,2,1,4,1,1,1,1,2,?,?,13,6,1,1, ?,2,2
1,9,F,11,2015,3,1,1,2,2,1,1,1,1,1,1,1,?,?,9,1,1,1, ?,2,2
1,9,F,11,2015,2,?,1,2,2,1,2,2,1,1,1,1,1,2,19,11,1,1, ?,2,2
1,9,F,12,2015,3,1,1,2,2,1,1,1,1,1,1,1,1,1,9,6,1,7,35,2,2
1,9,F,11,2015,2,2,4,?,2,1,1,1,1,1,1,1,1,1,12,6,1,7,35,2,2
1,9,F,8,2015,3,1,8,2,2,1,1,1,1,1,1,1,1,1,14,6,1,7,33,1,2
5,15,F,4,2015,2,7,3,2,2,1,1,1,1,1,1,2,1,1,13,5,1,1, ?,2,2
1,15,F,6,2015,1,3,1,?,?,1,4,1,1,1,1,1,?,?,12,6,1,1, ?,2,2
1,15,F,3,2015,3,1,1,2,2,1,1,2,1,2,1,1,1,2,9,6,1,2,45,2,2
3,15,F,12,2015,2,2,1,2,?,1,1,?,?,?,?,?,1,2,9,6,1,1, ?,2,2
3,15,F,11,2015,3,1,1,?,?,2,3,1,1,1,1,1,?,?, ?,11,1,1, ?,2,2
3,15,F,7,2015,1,1,1,2,?,?,1,?,?,1,1,1,1,2,9,6,1,1, ?,1,2
3,15,F,6,2015,2,1,1,2,2,1,1,1,1,1,1,1,1,2,12,11,1,1,32,2,2
3,15,F,4,2015,4,1,1,?,?,1,1,1,1,1,1,1,1,2,10,6,?,?,50,2,1
3,15,F,7,2015,1,1,1,2,2,1,4,1,1,1,1,1,1,2,14,4,1,1, ?,1,2
3,15,F,8,2015,1,1,1,2,?,1,4,1,1,1,1,1,1,2,14,6,1,1, ?,2,2
7,9,F,4,2015,2,1,1,1,1,1,1,1,1,1,1,1,1,2,14,11,1,1, ?,2,2
7,9,F,8,2015,3,1,1,2,2,1,1,1,1,1,1,1,1,2,14,6,1,1, ?,2,2
7,9,F,6,2015,1,1,1,2,2,1,4,1,1,1,1,1,1,2,1,6,1,1, ?,2,2
6,15,F,10,2015,2,1,1,2,2,1,1,1,1,1,1,1,1,2,9,11,1,4, ?,2,2
4,9,F,7,2015,2,1,1,1,2,1,1,1,1,1,1,2,1,2,13,6,1,1, ?,2,2
4,9,F,7,2015,2,1,1,?,2,1,1,1,1,1,1,2,1,2,7,6,1,7,55,2,2
11,9,F,5,2015,1,?,1,2,2,1,4,1,1,1,?,1,?,?,19,6,1,1, ?,2,2
11,9,F,6,2015,1,1,1,2,1,4,1,1,1,1,1,1,1,2,19,6,1,1, ?,2,2
11,9,F,10,2015,1,1,1,2,2,1,3,1,1,1,1,1,1,2,19,6,1,1, ?,2,2
1,9,F,3,2015,2,1,1,2,2,1,1,1,1,1,1,1,?,?,14, ?,2,?,35,2,2
11,9,F,3,2015,1,1,1,?,2,1,4,1,1,1,1,1,1,2,9,6,1,7,30,2,2
1,10,G,5,2015,2,1,1,2,2,1,1,1,1,1,1,2,1,1,4,6,1,7,20,2,2
1,10,F,11,2015,3,1,1,2,2,1,2,1,1,1,1,2,1,1,9,5,1,1, ?,1,2
8,13,F,2,2015,2,1,8,2,1,1,1,1,1,1,1,1,?,?, ?,6,1,1, ?,2,2
2,12,F,2,2015,4,7,8,2,2,1,2,1,1,1,1,2,1,2,12,11,1,1,42,2,2
2,12,F,6,2015,3,1,1,2,2,1,1,1,1,1,1,4,1,2,19,1,1,2, ?,2,2
5,10,F,9,2015,3,1,2,2,2,1,1,1,1,1,1,2,1,2,14,6,1,1, ?,2,2
5,10,S,10,2015,1,1,1,1,2,4,4,1,1,1,2,3,1,2,12,6,1,1, ?,2,2
5,10,F,3,2015,4,1,1,1,?,1,2,1,1,1,1,3,1,2,17,6,1,1, ?,2,2
12,9,F,9,2015,3,1,1,2,?,1,1,1,1,1,1,1,1,2,9,6,1,1, ?,2,2
12,9,F,8,2015,1,1,1,2,2,1,2,1,1,1,1,1,1,2,8,6,1,1, ?,?,?
12,9,F,10,2015,3,1,1,1,2,1,1,1,1,1,1,1,1,1,9,5,1,1, ?,2,2
12,9,F,9,2015,3,1,1,2,2,1,1,1,1,1,1,1,1,2,9,2,1,1, ?,2,2
6,13,F,10,2015,1,1,3,2,2,1,4,2,5,1,2,1,2,?, ?,6,1,1, ?,2,2
2,10,F,9,2015,3,1,1,2,2,1,1,1,1,1,1,4,4,2,19,11,2,1, ?,2,2
2,9,F,11,2015,3,1,1,2,2,1,1,1,1,1,1,2,1,2,19,4,1,1, ?,2,2
3,13,G,12,2015,1,7,1,2,2,1,2,1,1,1,1,2,1,2,9,11,1,5, ?,2,2
6,17,M,9,2015,3,4,?,1,?,1,1,4,3,1,?,4,1,2,19, ?,1,1,25,2,2
8,17,F,9,2015,2,?,?,1,1,1,1,1,1,1,1,1,1,2,8,1,1,7, ?,1,2
7,17,F,2,2015,3,1,?,1,1,1,1,1,1,1,1,1,1,2,19,6,1,1, ?,2,2
1,17,F,5,2015,2,3,4,2,?,1,1,1,1,1,1,2,1,1,14,11,1,7, ?,2,2
7,17,G,7,2015,4,1,1,2,2,1,2,1,1,1,1,1,1,2,10, ?,1,1, ?,2,2
7,17,F,9,2015,1,?,1,2,?,1,1,1,1,1,1,1,1,2,14,6,2,?, ?,2,2
7,17,F,2,2015,1,1,1,2,2,1,4,1,1,1,1,1,1,2,19, ?,1,1, ?,2,2
1,17,F,9,2015,4,1,1,2,1,1,2,1,1,1,1,5,1,1,4,6,1,1,38,2,2
1,17,F,11,2015,3,3,?,2,?,1,1,1,1,1,1,?,1,?,4, ?,1,1, ?,2,2
7,56,F,1,2015,2,7,1,2,1,1,1,1,1,1,1,1,1,1,12, ?,1,1,20,2,2
8,56,F,2,2015,4,7,1,2,2,1,2,1,1,1,1,2,1,2,19,6,2,7, ?,2,2
3,53,F,3,2015,3,1,8,2,2,1,1,2,1,1,1,1,2,2,9,11,1,7, ?,2,2
7,56,F,4,2015,4,1,1,2,2,1,3,1,1,1,1,1,1,2,19,11,2,7,30,2,2
8,56,F,4,2015,2,1,1,2,2,1,1,1,1,1,1,1,1,2,10,11,2,7, ?,2,2
7,56,F,5,2015,4,1,1,2,2,4,1,1,1,1,1,1,1,2,19,11,2,7, ?,1,2
8,56,F,5,2015,4,1,1,2,2,1,4,1,1,1,1,1,1,1,19,11,1,7, ?,2,2
5,11,F,4,2015,3,1,1,2,1,1,1,1,1,1,1,2,1,2,14,5,1,?,24,2,2
2,11,F,2,2015,3,1,1,2,2,1,1,3,1,1,3,2,1,2,13,7,1,?,32,2,2
10,11,F,5,2015,3,1,1,2,2,1,1,1,1,1,1,2,1,2,14,6,?,?, ?,?,?
6,11,F,7,2015,1,1,2,?,2,1,2,1,1,1,1,2,1,2, ?,6,?,?, ?,2,2
4,11,F,4,2015,3,7,1,2,2,1,1,1,1,1,2,5,1,2,19,6,2,?, ?,2,2
4,11,F,7,2015,4,1,8,2,2,1,4,1,1,1,1,2,1,2,14,6,1,1, ?,2,2
4,11,F,11,2015,3,1,1,2,2,1,1,1,1,1,1,2,?,2,8,8,1,1, ?,?,?
2,7,F,8,2015,3,1,1,2,2,1,1,1,1,1,1,2,1,1,14,6,1,1, ?,2,2
4,7,F,10,2015,2,2,1,2,2,1,1,1,1,1,1,2,1,1,17,11,1,1, ?,2,2
11,7,F,11,2015,3,1,1,2,2,1,1,1,1,1,2,2,1,2,14,6,1,1,35,2,2
7,7,F,11,2015,4,1,1,2,2,1,2,1,1,1,1,2,1,1,9,6,1,1, ?,2,2
1,7,F,5,2015,1,1,1,2,2,1,2,2,1,1,1,1,1,2,9,1,1,1,30,2,2
1,7,F,5,2015,4,1,1,2,2,1,2,1,1,1,1,2,1,2,19,6,1,1, ?,2,2
2,7,F,6,2015,3,1,1,2,2,1,1,1,1,1,2,2,1,2,14,6,1,1, ?,2,2
2,2,S,12,2015,3,1,1,2,2,1,2,2,1,1,1,3,1,2,6,5,1,1, ?,2,2
1,3,G,1,2015,2,1,1,2,2,1,1,1,1,1,1,1,1,2,12,6,1,1, ?,2,2
1,3,F,4,2015,2,1,1,2,2,1,1,1,1,1,1,1,1,1,9,11,1,1, ?,2,2
8,3,F,4,2015,3,1,1,2,2,1,4,1,1,1,1,2,3,2,19,6,1,1, ?,2,2
1,3,F,4,2015,3,1,1,2,2,1,1,1,1,1,1,4,1,2,14,6,1,1, ?,2,2
1,3,F,4,2015,4,1,1,2,2,1,2,1,1,1,1,3,1,2,17,6,1,7, ?,2,2
12,3,G,5,2015,3,1,1,2,2,1,1,1,1,1,1,1,1,2,14,1,1,1,35,2,2
4,3,F,7,2015,4,1,3,2,2,1,4,1,1,1,1,3,4,2,19,6,1,1, ?,2,2
4,3,F,7,2015,2,1,1,2,2,2,1,1,2,1,1,1,1,2,9,6,1,1, ?,2,2
1,3,F,10,2015,3,1,1,2,2,1,1,1,1,1,1,5,1,1,5,6,1,1, ?,2,2
8,3,F,11,2015,2,1,1,2,2,1,4,1,1,1,1,3,1,2,19,6,1,7, ?,2,2
12,3,F,11,2015,3,1,1,2,2,1,1,1,1,1,1,3,1,2,14,6,1,7, ?,1,2
1,3,G,12,2015,3,1,1,2,2,1,1,1,1,1,1,3,1,2,19,6,1,1, ?,2,2
1,1,G,4,2015,4,1,1,2,2,1,4,1,1,1,1,1,1,2,6,6,1,1, ?,2,2
5,6,F,7,2015,4,1,1,2,2,1,1,1,1,1,1,1,1,2,9,6,1,1, ?,2,2
2,6,F,5,2015,4,1,1,2,2,1,2,1,1,1,1,1,1,2,14,6,1,1,42,2,2
2,6,F,6,2015,3,3,1,2,2,1,1,1,1,1,1,1,1,1,14,6,1,1,38,2,2
1,6,G,3,2015,3,1,1,2,2,1,1,1,1,1,1,4,1,2,6,6,1,1,15,2,2
1,6,G,9,2015,3,1,4,2,1,1,1,1,1,1,1,1,5,2,9,6,1,3,35,2,2
3,8,F,1,2015,3,1,1,2,2,1,1,1,1,1,1,3,1,2,4,11,1,1,30,1,2
7,8,F,3,2015,3,1,1,2,2,1,1,1,1,1,1,3,1,2,12,6,1,1, ?,2,2
3,8,F,3,2015,2,1,1,2,2,1,1,1,1,1,1,1,1,1,14,6,1,1, ?,2,2
3,8,G,4,2015,4,1,1,2,2,1,2,1,1,1,1,3,1,2,19,6,1,1, ?,2,2
3,8,F,4,2015,1,1,1,2,2,1,2,1,1,1,1,1,1,2,14,6,1,1, ?,2,2
3,8,F,4,2015,4,1,1,2,2,1,2,1,1,1,2,3,1,1,14,6,1,7, ?,2,2
7,8,F,5,2015,2,1,1,2,2,1,1,1,1,1,1,3,1,2,14,6,1,1, ?,2,2
3,8,M,5,2015,1,1,1,2,2,1,2,1,1,1,1,3,1,2,9,6,1,7, ?,2,2
3,8,F,6,2015,2,1,1,2,2,1,1,1,1,1,1,1,1,2,14,6,1,1, ?,2,2
1,8,F,7,2015,4,1,1,2,2,2,2,1,2,2,2,3,1,1,16,10,1,1,45,2,2
8,3,F,7,2015,3,1,1,2,2,1,1,1,1,1,1,1,1,2,8,6,1,7, ?,2,2
3,8,F,8,2015,4,1,1,2,2,1,4,1,1,1,1,3,1,2,9,6,1,1, ?,2,2
3,8,S,9,2015,4,1,1,2,2,1,4,1,1,1,1,4,2,2,6,6,1,7, ?,2,2
7,8,F,9,2015,3,1,1,2,2,1,1,1,1,1,1,3,1,2,14,6,1,1, ?,2,2
3,8,F,9,2015,1,1,1,2,2,1,4,1,1,1,1,1,1,1,19,6,1,7, ?,2,2
3,8,F,10,2015,4,3,1,2,2,1,4,1,1,1,2,4,1,2,19,11,1,7, ?,2,2
3,8,F,10,2015,4,1,1,2,2,1,4,1,1,1,1,3,1,2,14,5,2,7, ?,1,2
3,8,F,10,2015,1,7,1,2,2,4,2,1,1,1,1,1,1,2,9,6,1,7, ?,2,2
3,8,F,11,2015,3,1,1,2,2,1,1,1,1,1,1,3,1,2,9,5,1,7, ?,2,2
5,4,F,6,2015,3,7,1,2,2,1,1,1,1,1,1,4,1,2,19,6,2,7,30,2,2
1,4,G,4,2015,2,2,1,2,2,1,3,1,1,1,1,5,1,2,12,6,1,1, ?,2,2
1,4,F,8,2015,3,3,1,2,2,1,1,1,1,1,3,1,1,?,4,6,1,1, ?,2,2
1,4,F,5,2015,2,7,1,2,2,1,1,1,1,1,1,3,1,2,14,7,1,1, ?,2,2
2,4,F,6,2015,2,1,1,2,2,1,1,1,1,1,1,2,1,2,8,11,1,1, ?,2,2
2,4,F,5,2015,3,1,8,2,2,1,1,1,1,1,1,4,1,2,19,6,1,7, ?,2,2
3,6,F,4,2015,3,1,1,2,2,1,1,1,1,1,1,1,1,2,14,6,1,1,35,2,2
3,6,F,9,2015,2,1,3,2,2,1,1,1,1,1,1,3,1,2,7,6,1,1, ?,2,2
4,6,F,12,2015,4,1,1,2,2,1,2,1,1,1,1,1,1,2,8,6,1,1, ?,2,2
4,6,F,2,2015,4,1,1,2,2,1,2,2,1,1,1,1,1,2,14,6,1,1, ?,2,2
4,6,F,12,2015,4,1,1,2,2,1,4,3,5,1,3,1,3,2,14,11,2,1, ?,2,2
4,6,F,12,2015,3,1,1,2,2,1,1,1,1,1,1,1,2,?,17,6,1,1, ?,2,2
1,5,F,10,2015,2,5,3,2,1,1,1,2,1,1,1,5,1,1,14,6,1,7,45,2,2
1,5,M,10,2015,3,7,8,1,1,1,1,1,1,1,1,5,1,1,14,6,1,7, ?,2,2
2,5,F,5,2015,2,1,2,2,2,1,1,1,1,1,1,4,1,2,14,8,1,1, ?,2,2
2,5,S,6,2015,4,1,2,2,2,1,4,1,1,1,1,3,1,2,19,6,1,1, ?,2,2
5,5,F,3,2015,3,3,4,2,2,1,1,1,1,1,1,1,1,2,9,6,1,1, ?,2,2
5,5,F,7,2015,1,3,4,2,2,2,3,1,2,1,1,1,1,2,9,6,1,1, ?,2,2
5,5,F,5,2015,2,3,4,2,2,1,1,1,1,1,1,1,1,2,14,4,1,1, ?,2,2
5,5,F,9,2015,1,3,4,2,2,1,3,1,1,1,1,1,1,2,14,6,1,1, ?,2,2
6,5,F,9,2015,4,7,1,2,2,4,2,1,1,1,1,2,1,2,9,6,1,1,35,1,2
6,5,F,5,2015,1,3,4,2,2,1,2,1,1,1,1,1,1,1,9,6,1,1, ?,2,2
6,5,F,9,2015,4,3,4,2,2,1,2,1,1,1,1,1,1,2,9,6,1,1, ?,2,2
6,5,F,11,2015,3,7,1,2,2,1,1,1,1,1,1,3,1,2,9,6,1,1, ?,1,2
7,5,F,6,2015,1,1,1,2,2,1,2,1,1,1,1,3,1,2,9,6,1,7, ?,2,2
7,5,F,8,2015,3,1,1,2,2,1,1,1,1,1,1,1,1,2,8,6,1,6,48,2,2
4,5,F,8,2015,4,1,3,2,2,1,2,1,1,1,1,2,1,2,7,6,1,7,30,2,2
4,5,F,9,2015,3,1,1,2,2,1,1,1,1,1,1,2,1,2,4,6,1,7,28,2,2
3,8,F,4,2015,3,?,1,1,2,1,1,1,1,1,1,1,1,2,13,6,?,?, ?,?,?
3,8,F,7,2015,4,3,8,?,?,2,2,?,5,2,?,?,?,1,16,10,?,1,45,?,2
3,14,F,12,2015,2,1,4,2,2,1,1,1,1,1,1,5,1,1,19,6,1,1,19,2,2
3,14,F,1,2015,2,1,3,2,2,1,1,1,1,1,1,5,1,1,19,6,1,7,20,2,2
3,14,F,10,2015,3,1,4,1,1,1,1,1,1,1,1,5,1,1,19,11,?,1,19,2,2
2,14,F,8,2015,?,7,8,1,2,1,1,1,1,1,1,5,1,1,14,1,1,1, ?,2,1
2,14,F,3,2015,4,1,1,2,2,1,2,1,1,1,1,5,1,1,9,6,1,7,31,1,2
2,14,F,6,2015,2,1,1,2,2,2,1,1,2,1,1,1,1,1,14,6,1,7,28,?,2
2,14,F,6,2015,2,7,1,2,2,1,1,1,1,1,1,5,1,2,14,6,1,7, ?,1,2
4,14,F,11,2015,3,1,3,2,2,1,3,1,1,1,1,1,1,1,19,6,1,1, ?,2,2
4,14,F,12,2015,4,5,3,2,2,1,3,2,1,1,1,5,1,1,4,5,1,7,50,1,2
4,14,F,7,2015,3,3,1,2,2,1,1,1,1,1,1,1,1,1,9,6,2,7, ?,1,2
4,14,F,10,2015,2,1,1,2,2,1,1,1,1,1,1,1,1,2, ?, ?,?,?, ?,?,2
4,14,F,6,2015,2,7,4,2,2,1,2,2,1,1,1,5,1,1,14,11,2,7, ?,1,2
4,14,S,1,2015,3,1,1,1,2,1,1,1,1,1,1,5,1,1,5,6,1,?,35,2,?
4,14,F,7,2015,3,3,1,2,2,1,1,1,1,1,1,3,1,2,19,6,2,?, ?,?,?
1,14,F,4,2015,3,1,3,2,2,1,1,1,1,1,1,2,1,1,9,6,1,1,50,2,2
1,14,G,6,2015,2,3,8,1,1,1,2,2,1,1,1,5,1,1, ?,6,2,7, ?,1,2
1,14,F,10,2015,4,7,1,2,2,1,3,2,1,1,1,5,1,1,14,1,1,1, ?,?,2
1,14,G,3,2015,3,2,1,2,2,1,1,1,1,1,1,5,1,1,14,4,1,7, ?,2,2
1,14,F,2,2015,4,7,1,2,2,1,1,1,1,1,3,5,1,1,19,8,1,7,35,2,2
1,14,F,6,2015,2,1,1,1,1,1,1,1,1,1,1,5,1,1,2,6,1,7,45,2,2
1,1,F,9,2016,?,1,1,1,1,1,1,1,1,1,1,1,1,1,1,1,1,1,20,1,1
2,2,G,9,2016,?,1,1,1,1,1,1,1,1,1,1,1,1,1,1,1,1,1,19,1,1
3,70,F,6,2015,2,7,1,1,1,2,1,1,1,1,1,1,3,2,6,11,1,1, ?,2,2
3,70,F,10,2015,2,7,3,1,1,1,4,1,1,1,1,5,1,2,5,11,?,?, ?,?,?
3,70,F,2,2015,3,4,3,2,2,1,1,2,1,1,1,5,3,2,9,6,1,7, ?,2,2
3,70,F,1,2015,4,1,3,2,2,1,4,1,1,1,1,5,1,2, ?,6,?,7, ?,2,2
6,70,G,12,2015,2,1,3,2,2,1,2,1,1,1,1,1,1,2,14,6,2,?, ?,1,2
6,70,S,4,2015,3,7,1,1,1,1,1,2,1,1,1,1,1,1,14,2,1,7, ?,2,2
6,70,G,3,2015,3,7,8,2,1,1,1,1,1,1,1,5,1,2,14,6,1,7,36,2,2
6,70,S,8,2015,3,1,4,2,2,1,1,1,1,1,1,5,1,1,5,6,1,1,25,1,2
2,70,F,11,2015,1,3,8,2,2,1,1,1,1,1,1,1,2,2,4,11,1,1,24,2,2
2,70,G,1,2015,1,7,3,2,2,1,1,2,1,1,1,5,1,1,14,2,?,7, ?,1,2
5,70,F,9,2015,2,7,3,2,1,1,2,1,1,1,1,5,1,1,14,11,1,6,32,2,2
5,70,F,6,2015,4,7,2,2,2,2,1,1,2,1,1,1,1,1,13,6,1,7,29,2,2
5,70,F,11,2015,4,1,1,2,2,1,4,1,1,1,1,5,1,2, ?, ?,?,?, ?,?,?
4,70,G,9,2015,3,1,1,2,2,1,1,3,1,1,2,5,1,1,4,2,1,1,35,2,2
4,70,F,3,2015,2,7,8,1,1,1,2,1,1,1,1,1,1,1,4,2,1,1,65,2,2
6,70,M,12,2015,4,1,3,2,2,1,3,1,1,1,1,5,1,2,14,6,2,1, ?,1,2
7,54,F,10,2015,3,7,1,2,2,1,1,1,1,1,1,2,1,2,13,6,1,7,27,2,2
2,54,F,9,2015,3,4,8,2,2,1,2,1,1,1,1,2,1,2,19,5,1,7,25,2,2
11,54,F,11,2015,4,1,1,2,2,1,2,1,1,1,1,1,1,2,19,11,2,1,32,2,2
11,54,F,10,2015,3,7,3,2,2,1,1,1,1,1,1,1,1,1,9,5,1,7,40,2,2
6,54,F,2,2015,3,1,1,2,2,1,1,2,1,1,1,4,1,2,5,2,2,7,25,2,2
8,54,S,3,2015,4,2,7,1,1,1,1,1,1,1,1,1,1,2,14,6,1,1,35,2,2
1,55,F,3,2015,2,2,1,2,1,1,1,1,1,1,1,2,3,1,6,6,1,1,25,2,2
1,55,F,3,2015,3,1,1,2,2,1,1,1,1,1,1,1,1,1,9,9,1,7,36,2,2
4,55,F,4,2015,4,3,1,2,1,3,1,1,1,1,1,2,2,1,4,2,1,7,40,2,2
5,55,F,6,2015,4,2,1,2,2,1,1,1,1,1,1,1,1,2,12,11,1,1,35,2,2
6,55,F,3,2015,3,1,8,2,1,1,1,1,1,1,1,1,2,1,19,11,1,7,25,2,2
1,55,G,10,2015,4,1,8,2,2,1,1,1,1,1,1,1,1,1,14,11,1,7,23,2,2
1,55,F,11,2015,4,3,1,1,2,1,1,1,1,1,1,4,1,2,19,1,1,7,20,2,2
4,55,F,11,2015,4,1,1,2,2,1,1,1,1,1,1,2,1,2,4,1,1,1,20,2,2
6,55,F,12,2015,3,1,3,2,2,1,1,1,1,1,2,2,1,1,14,1,1,1,25,2,2
4,55,G,12,2015,4,1,1,2,2,1,2,1,1,1,1,2,1,1,12,6,1,1,27,2,2
7,56,F,1,2015,3,7,1,2,2,1,1,1,1,1,1,1,1,1,12,6,1,2,20,2,2
8,56,F,2,2015,4,7,1,2,2,1,2,1,1,1,1,2,1,2,19,9,2,7,35,2,2
3,53,F,3,2015,3,1,8,2,2,1,1,1,1,1,1,1,1,2,9,11,1,7,35,2,2
3,56,F,4,2015,4,1,1,2,2,1,3,1,1,1,1,1,1,2,14,6,1,1,35,2,2
8,56,F,4,2015,3,1,1,2,2,1,2,1,1,1,1,1,1,2,19,9,2,7,35,2,2
7,56,F,5,2015,4,1,1,2,2,1,4,1,1,1,1,1,1,2,19,6,2,7,40,2,2
7,56,F,5,2015,4,1,1,2,2,1,3,1,1,1,1,1,1,2,14,6,1,7,34,2,2
8,56,F,5,2015,4,1,1,2,2,1,4,1,1,1,1,1,1,1,19,6,2,7,39,2,2
3,56,F,9,2015,4,1,3,2,2,1,1,1,1,1,1,1,1,2,7,11,1,7,45,2,2
8,56,F,9,2015,4,3,1,2,2,1,1,1,1,1,1,1,1,1,9,6,1,7,55,2,2
7,56,F,10,2015,3,1,3,2,2,1,1,1,1,1,1,1,1,2,12,6,2,1,23,2,2
8,56,F,10,2015,1,1,1,2,2,1,4,1,1,1,1,1,1,1,9,6,2,1,35,2,2
6,56,F,8,2015,3,1,1,2,2,1,1,1,1,1,1,5,1,2,4,1,2,7,25,2,2
4,56,M,12,2015,2,1,8,2,2,1,1,1,5,1,1,2,2,2,14,6,2,1,45,2,2
6,53,F,12,2015,4,1,1,2,2,1,1,1,1,1,1,4,1,2,4,6,1,7,21,2,2
10,53,F,2,2015,3,3,8,1,2,1,1,1,1,2,1,4,1,2,19,6,2,7,40,2,2
12,53,F,5,2015,1,7,1,2,2,2,2,1,2,1,2,1,1,2,19,11,1,1,40,2,2
6,53,F,6,2015,2,7,8,2,1,1,1,1,1,1,1,2,4,2,2,6,1,5,30,2,2
1,53,F,7,2015,3,3,1,2,2,1,1,1,1,1,1,2,1,2,4,6,1,1,20,2,2
7,53,G,7,2015,3,7,1,2,2,1,1,1,1,1,1,1,1,2,12,11,1,7,30,2,2
6,53,F,8,2015,2,1,1,2,2,1,1,1,1,1,1,4,1,1,4,6,1,7,16,2,2
12,53,G,9,2015,1,7,1,2,2,1,2,1,1,1,1,2,1,2,9,6,1,7,35,2,2
6,53,F,10,2015,2,1,1,2,2,1,1,1,1,1,1,3,1,1,17,1,1,7,38,2,2
11,53,F,10,2015,2,1,1,2,2,1,1,1,1,1,1,2,1,2,19,6,1,1,34,2,2
1,53,F,10,2015,3,7,1,2,2,1,1,1,1,1,1,2,1,2,7,2,1,7,40,2,2
6,55,F,4,2015,3,1,4,2,2,1,1,1,1,1,1,4,1,2,6,1,1,6, ?,1,2
1,55,F,10,2015,3,1,8,2,2,1,1,2,1,1,1,1,1,2,8,6,1,1,27,2,2
7,54,F,7,2015,2,1,1,2,2,1,1,1,1,1,1,1,1,2,12,6,1,1,28,2,2
11,54,F,7,2015,3,1,1,2,2,1,1,1,1,1,1,1,1,2,9,2,1,1,39,2,2
11,54,F,7,2015,3,1,1,2,2,1,1,1,1,1,1,1,1,2,14,1,1,1, ?,2,2
1,53,F,1,2015,3,1,8,2,2,1,1,4,5,1,2,2,1,2,14,4,1,7, ?,2,2
1,53,F,3,2015,3,7,1,2,2,1,1,1,1,1,1,1,1,2,19,6,1,1, ?,2,2
1,53,G,7,2015,3,7,1,2,2,1,1,1,1,1,1,2,1,2,12,6,1,1, ?,2,2
1,53,F,7,2015,2,7,1,2,2,1,1,1,1,1,1,2,1,2,8,6,1,7, ?,2,2
8,53,F,8,2015,2,3,1,1,2,1,1,2,1,1,1,4,1,2,6,2,2,6, ?,2,2
1,53,S,8,2015,3,4,?,1,2,1,1,2,1,1,1,2,1,1,2,5,1,7,22,2,2
3,53,F,10,2015,1,7,8,2,2,1,4,1,1,3,2,3,1,2,12,6,?,7, ?,2,2
15,58,G,5,2015,2,7,8,2,2,1,1,1,1,1,1,2,1,2,5,6,?,?, ?,?,?
4,57,G,4,2015,3,?,1,2,2,1,1,2,1,1,1,3,1,2,15,2,1,?,25,?,2